cell_id,month,count,target_next_count,lag_1,lag_2,lag_3,lag_6,lag_12,roll3_mean,roll6_mean,pred_lag1,pred_ridge,cell_x,cell_y,abs_err_lag1,abs_err_ridge
330712481852,2025-09,1,3.0,1.0,3.0,4.0,3.0,8.0,2.6666666666666665,3.1666666666666665,1.0,3.086977065626108,77,60,2.0,0.08697706562610819
335007449148,2025-09,5,7.0,5.0,7.0,14.0,6.0,8.0,8.666666666666666,7.666666666666667,5.0,6.814482142677042,78,60,2.0,0.18551785732295833
339302416444,2025-09,4,8.0,2.0,3.0,5.0,1.0,7.0,3.3333333333333335,3.3333333333333335,2.0,3.928123857440447,79,60,6.0,4.071876142559553
343597383740,2025-09,1,1.0,1.0,6.0,1.0,1.0,1.0,2.6666666666666665,2.5,1.0,1.919588519379424,80,60,0.0,0.919588519379424
352187318331,2025-09,7,3.0,3.0,4.0,10.0,4.0,7.0,5.666666666666667,6.166666666666667,3.0,6.185501184161144,82,59,0.0,3.1855011841611436
352187318334,2025-09,1,1.0,1.0,2.0,4.0,1.0,4.0,2.3333333333333335,1.6666666666666667,1.0,1.9633791627297423,82,62,0.0,0.9633791627297423
356482285625,2025-09,3,5.0,1.0,6.0,4.0,3.0,4.0,3.6666666666666665,4.833333333333333,1.0,3.8320763225616172,83,57,4.0,1.1679236774383828
356482285626,2025-09,4,6.0,7.0,5.0,4.0,5.0,2.0,5.333333333333333,4.666666666666667,7.0,4.523966106154546,83,58,1.0,1.4760338938454538
360777252915,2025-09,4,5.0,3.0,1.0,6.0,5.0,5.0,3.3333333333333335,3.3333333333333335,3.0,3.9236934285078853,84,51,2.0,1.0763065714921147
360777252916,2025-09,1,1.0,3.0,3.0,4.0,6.0,2.0,3.3333333333333335,4.0,3.0,2.972657144096588,84,52,2.0,1.9726571440965879
360777252917,2025-09,3,1.0,1.0,2.0,2.0,1.0,3.0,1.6666666666666667,1.6666666666666667,1.0,2.334940737681232,84,53,0.0,1.3349407376812321
360777252918,2025-09,1,2.0,2.0,4.0,3.0,2.0,4.0,3.0,2.3333333333333335,2.0,2.3837160139938494,84,54,0.0,0.38371601399384936
360777252919,2025-09,8,5.0,8.0,11.0,5.0,25.0,16.0,8.0,11.166666666666666,8.0,10.832059367186982,84,55,3.0,5.832059367186982
360777252921,2025-09,4,3.0,6.0,10.0,8.0,8.0,9.0,8.0,7.5,6.0,6.7020266408531555,84,57,3.0,3.7020266408531555
360777252922,2025-09,8,2.0,11.0,10.0,10.0,5.0,9.0,10.333333333333334,9.166666666666666,11.0,8.882984215423974,84,58,9.0,6.882984215423974
365072220215,2025-09,6,5.0,3.0,3.0,2.0,3.0,4.0,2.6666666666666665,3.3333333333333335,3.0,4.214431718859441,85,55,2.0,0.7855682811405593
365072220216,2025-09,29,24.0,34.0,33.0,16.0,23.0,26.0,27.666666666666668,23.166666666666668,34.0,26.087590591917404,85,56,10.0,2.0875905919174045
365072220217,2025-09,13,9.0,5.0,10.0,6.0,18.0,10.0,7.0,10.666666666666666,5.0,10.694987117721897,85,57,4.0,1.6949871177218974
369367187512,2025-09,15,17.0,13.0,25.0,16.0,20.0,17.0,18.0,16.166666666666668,13.0,15.89504082732658,86,56,4.0,1.1049591726734196
373662154808,2025-09,3,2.0,1.0,5.0,2.0,2.0,2.0,2.6666666666666665,2.5,1.0,2.652290914129779,87,56,1.0,0.6522909141297788
373662154809,2025-09,4,2.0,8.0,5.0,3.0,4.0,2.0,5.333333333333333,4.333333333333333,8.0,4.44321988101991,87,57,6.0,2.4432198810199104
377957122105,2025-09,2,1.0,1.0,1.0,2.0,3.0,5.0,1.3333333333333333,1.6666666666666667,1.0,2.347890092356539,88,57,0.0,1.347890092356539
403726925886,2025-09,1,2.0,3.0,1.0,4.0,2.0,2.0,2.6666666666666665,2.3333333333333335,3.0,2.161482793987499,94,62,1.0,0.1614827939874992
403726925889,2025-09,23,1.0,2.0,1.0,2.0,1.0,2.0,1.6666666666666667,1.3333333333333333,2.0,7.851498870518993,94,65,1.0,6.851498870518993
408021893182,2025-09,4,4.0,6.0,7.0,6.0,3.0,9.0,6.333333333333333,5.333333333333333,6.0,5.567947903924243,95,62,2.0,1.5679479039242432
408021893183,2025-09,1,2.0,6.0,1.0,1.0,2.0,2.0,2.6666666666666665,2.6666666666666665,6.0,2.495020064191575,95,63,4.0,0.49502006419157496
412316860477,2025-09,6,6.0,6.0,3.0,5.0,2.0,8.0,4.666666666666667,5.333333333333333,6.0,5.770578766081395,96,61,0.0,0.2294212339186048
412316860478,2025-09,19,18.0,20.0,14.0,30.0,21.0,14.0,21.333333333333332,20.666666666666668,20.0,19.03470565542316,96,62,2.0,1.03470565542316
412316860479,2025-09,2,5.0,6.0,7.0,4.0,4.0,2.0,5.666666666666667,5.166666666666667,6.0,4.047282400509543,96,63,1.0,0.9527175994904571
420906795063,2025-09,1,1.0,2.0,1.0,1.0,2.0,2.0,1.3333333333333333,1.3333333333333333,2.0,1.6105405798986538,98,55,1.0,0.6105405798986538
420906795072,2025-09,3,1.0,1.0,1.0,1.0,1.0,2.0,1.0,1.1666666666666667,1.0,1.9684412125451178,98,64,0.0,0.9684412125451178
425201762359,2025-09,1,1.0,1.0,1.0,1.0,1.0,1.0,1.0,1.1666666666666667,1.0,1.2761504600947298,99,55,0.0,0.27615046009472977
425201762361,2025-09,3,3.0,2.0,1.0,1.0,1.0,1.0,1.3333333333333333,1.8333333333333333,2.0,2.176016954221595,99,57,1.0,0.8239830457784052
425201762362,2025-09,1,1.0,1.0,2.0,3.0,5.0,1.0,2.0,2.5,1.0,2.0088722399588406,99,58,0.0,1.0088722399588406
425201762363,2025-09,2,2.0,5.0,1.0,1.0,7.0,3.0,2.3333333333333335,4.166666666666667,5.0,3.5126848533602466,99,59,3.0,1.5126848533602466
425201762364,2025-09,4,1.0,2.0,1.0,3.0,2.0,1.0,2.0,1.8333333333333333,2.0,2.576840198660335,99,60,1.0,1.576840198660335
429496729659,2025-09,5,6.0,4.0,3.0,4.0,4.0,1.0,3.6666666666666665,4.166666666666667,4.0,4.061676305606282,100,59,2.0,1.938323694393718
429496729660,2025-09,5,12.0,11.0,10.0,19.0,13.0,13.0,13.333333333333334,13.333333333333334,11.0,10.59142906248864,100,60,1.0,1.4085709375113602
433791696956,2025-09,1,4.0,1.0,7.0,2.0,3.0,4.0,3.3333333333333335,3.5,1.0,2.789226129583094,101,60,3.0,1.2107738704169062
438086664288,2025-09,3,5.0,2.0,1.0,10.0,10.0,6.0,4.333333333333333,7.0,2.0,5.237130054682335,102,96,3.0,0.23713005468233472
438086664289,2025-09,4,1.0,1.0,1.0,1.0,1.0,1.0,1.0,1.5,1.0,2.238950877153947,102,97,0.0,1.2389508771539468
442381631518,2025-09,1,2.0,2.0,1.0,2.0,3.0,1.0,1.6666666666666667,2.0,2.0,1.7882235116673009,103,30,0.0,0.21177648833269913
442381631547,2025-09,8,1.0,1.0,3.0,7.0,8.0,1.0,3.6666666666666665,3.5,1.0,4.647287789627307,103,59,0.0,3.647287789627307
442381631548,2025-09,1,1.0,1.0,1.0,3.0,2.0,2.0,1.6666666666666667,1.8333333333333333,1.0,1.7383811450520454,103,60,0.0,0.7383811450520454
442381631570,2025-09,3,4.0,2.0,3.0,4.0,5.0,3.0,3.0,3.3333333333333335,2.0,3.2887823886185714,103,82,2.0,0.7112176113814286
442381631573,2025-09,5,3.0,3.0,8.0,2.0,8.0,3.0,4.333333333333333,6.333333333333333,3.0,5.224861003975192,103,85,0.0,2.2248610039751924
442381631574,2025-09,5,1.0,3.0,1.0,1.0,1.0,2.0,1.6666666666666667,2.0,3.0,3.0341080602239776,103,86,2.0,2.0341080602239776
442381631577,2025-09,2,2.0,1.0,2.0,3.0,2.0,2.0,2.0,1.6666666666666667,1.0,2.0072918053593582,103,89,1.0,0.00729180535935825
442381631584,2025-09,5,2.0,5.0,9.0,3.0,1.0,5.0,5.666666666666667,3.8333333333333335,5.0,4.629907837540911,103,96,3.0,2.6299078375409106
442381631585,2025-09,14,14.0,7.0,6.0,14.0,14.0,13.0,9.0,13.5,7.0,12.464103326906777,103,97,7.0,1.535896673093223
446676598827,2025-09,3,3.0,1.0,4.0,1.0,1.0,1.0,2.0,1.5,1.0,2.0754262346172574,104,43,2.0,0.9245737653827426
446676598828,2025-09,1,1.0,2.0,6.0,1.0,3.0,1.0,3.0,2.6666666666666665,2.0,2.1742020765568313,104,44,1.0,1.1742020765568313
446676598829,2025-09,1,1.0,2.0,2.0,2.0,1.0,2.0,2.0,2.0,2.0,1.863769856304076,104,45,1.0,0.8637698563040761
446676598830,2025-09,3,2.0,1.0,1.0,7.0,3.0,3.0,3.0,2.8333333333333335,1.0,2.951721301683447,104,46,1.0,0.9517213016834472
446676598861,2025-09,6,6.0,3.0,2.0,10.0,6.0,3.0,5.0,4.666666666666667,3.0,4.915299510687052,104,77,3.0,1.0847004893129482
446676598862,2025-09,1,2.0,2.0,4.0,1.0,2.0,4.0,2.3333333333333335,3.5,2.0,2.698589788022031,104,78,0.0,0.6985897880220309
446676598865,2025-09,4,3.0,8.0,6.0,7.0,4.0,5.0,7.0,5.833333333333333,8.0,5.498547113092549,104,81,5.0,2.498547113092549
446676598866,2025-09,5,3.0,4.0,4.0,5.0,4.0,7.0,4.333333333333333,3.8333333333333335,4.0,4.772494065332337,104,82,1.0,1.7724940653323369
446676598867,2025-09,3,1.0,2.0,1.0,6.0,4.0,2.0,3.0,3.3333333333333335,2.0,3.1122027033411683,104,83,1.0,2.1122027033411683
446676598874,2025-09,1,2.0,3.0,1.0,1.0,2.0,1.0,1.6666666666666667,1.5,3.0,1.6521577690114295,104,90,1.0,0.3478422309885705
446676598880,2025-09,4,1.0,2.0,6.0,6.0,6.0,3.0,4.666666666666667,4.833333333333333,2.0,4.308010442217309,104,96,1.0,3.3080104422173093
446676598881,2025-09,2,2.0,4.0,4.0,1.0,2.0,2.0,3.0,2.5,4.0,2.6233218200832935,104,97,2.0,0.6233218200832935
446676598884,2025-09,2,1.0,1.0,1.0,2.0,1.0,4.0,1.3333333333333333,1.3333333333333333,1.0,2.024254689249439,104,100,0.0,1.0242546892494389
450971566126,2025-09,1,2.0,4.0,2.0,6.0,3.0,2.0,4.0,3.3333333333333335,4.0,2.7608265694017886,105,46,2.0,0.7608265694017886
450971566127,2025-09,7,6.0,3.0,15.0,6.0,3.0,12.0,8.0,7.333333333333333,3.0,7.446461552004891,105,47,3.0,1.446461552004891
450971566130,2025-09,3,1.0,4.0,2.0,1.0,1.0,2.0,2.3333333333333335,1.6666666666666667,4.0,2.5060186570240726,105,50,3.0,1.5060186570240726
450971566134,2025-09,2,4.0,2.0,3.0,2.0,7.0,3.0,2.3333333333333335,3.0,2.0,2.9105399145754784,105,54,2.0,1.0894600854245216
450971566138,2025-09,3,5.0,2.0,5.0,7.0,7.0,8.0,4.666666666666667,6.166666666666667,2.0,5.127840252877673,105,58,3.0,0.12784025287767342
450971566139,2025-09,1,1.0,4.0,1.0,1.0,1.0,3.0,2.0,2.1666666666666665,4.0,2.1878764021928667,105,59,3.0,1.1878764021928667
450971566161,2025-09,2,2.0,8.0,4.0,6.0,2.0,4.0,6.0,4.333333333333333,8.0,4.1030333073694925,105,81,6.0,2.1030333073694925
450971566162,2025-09,12,12.0,9.0,8.0,11.0,3.0,10.0,9.333333333333334,8.0,9.0,9.402199714214252,105,82,3.0,2.5978002857857483
450971566163,2025-09,4,1.0,1.0,2.0,5.0,3.0,3.0,2.6666666666666665,2.8333333333333335,1.0,3.2035886308915416,105,83,0.0,2.2035886308915416
450971566165,2025-09,4,1.0,4.0,4.0,6.0,4.0,9.0,4.666666666666667,5.666666666666667,4.0,5.3815027172489955,105,85,3.0,4.3815027172489955
450971566166,2025-09,6,2.0,3.0,2.0,1.0,7.0,1.0,2.0,4.166666666666667,3.0,4.219748412265573,105,86,1.0,2.219748412265573
450971566170,2025-09,1,2.0,2.0,1.0,3.0,1.0,3.0,2.0,1.6666666666666667,2.0,1.873319026188092,105,90,0.0,0.1266809738119079
450971566171,2025-09,1,2.0,1.0,1.0,1.0,1.0,1.0,1.0,1.3333333333333333,1.0,1.3314699776159653,105,91,1.0,0.6685300223840347
450971566176,2025-09,5,2.0,1.0,8.0,4.0,3.0,1.0,4.333333333333333,3.1666666666666665,1.0,3.5547920096887093,105,96,1.0,1.5547920096887093
450971566177,2025-09,2,4.0,4.0,1.0,2.0,1.0,1.0,2.3333333333333335,2.0,4.0,2.204425774108998,105,97,0.0,1.7955742258910021
450971566179,2025-09,5,8.0,8.0,2.0,5.0,8.0,3.0,5.0,5.666666666666667,8.0,5.423473084036964,105,99,0.0,2.5765269159630364
450971566180,2025-09,4,5.0,5.0,19.0,14.0,8.0,10.0,12.666666666666666,9.5,5.0,7.958239179784462,105,100,0.0,2.958239179784462
450971566181,2025-09,5,2.0,2.0,3.0,2.0,1.0,7.0,2.3333333333333335,2.1666666666666665,2.0,3.7163967558667137,105,101,0.0,1.7163967558667137
455266533423,2025-09,1,1.0,7.0,4.0,1.0,2.0,2.0,4.0,3.0,7.0,2.8366690867337,106,47,6.0,1.8366690867336999
455266533424,2025-09,1,2.0,2.0,1.0,1.0,1.0,1.0,1.3333333333333333,1.5,2.0,1.497270331167961,106,48,0.0,0.5027296688320391
455266533425,2025-09,3,2.0,1.0,1.0,1.0,4.0,2.0,1.0,1.6666666666666667,1.0,2.267619570546934,106,49,1.0,0.26761957054693397
455266533428,2025-09,1,4.0,5.0,6.0,3.0,3.0,2.0,4.666666666666667,3.6666666666666665,5.0,3.034107702836198,106,52,1.0,0.9658922971638022
455266533429,2025-09,2,3.0,15.0,6.0,3.0,5.0,1.0,8.0,6.5,15.0,5.328031694196571,106,53,12.0,2.3280316941965706
455266533430,2025-09,15,18.0,20.0,14.0,25.0,11.0,10.0,19.666666666666668,15.166666666666666,20.0,14.951240603765044,106,54,2.0,3.0487593962349564
455266533432,2025-09,4,1.0,2.0,2.0,3.0,1.0,3.0,2.3333333333333335,1.8333333333333333,2.0,2.8209763095490388,106,56,1.0,1.8209763095490388
455266533433,2025-09,2,1.0,1.0,1.0,1.0,1.0,2.0,1.0,1.0,1.0,1.6290679010183027,106,57,0.0,0.6290679010183027
455266533435,2025-09,3,3.0,1.0,1.0,6.0,2.0,1.0,2.6666666666666665,2.0,1.0,2.346169359075903,106,59,2.0,0.653830640924097
455266533436,2025-09,3,1.0,1.0,2.0,2.0,1.0,6.0,1.6666666666666667,1.6666666666666667,1.0,2.7074902309988973,106,60,0.0,1.7074902309988973
455266533458,2025-09,3,1.0,1.0,2.0,1.0,2.0,1.0,1.3333333333333333,1.3333333333333333,1.0,1.9841605512628,106,82,0.0,0.9841605512628
455266533462,2025-09,4,10.0,11.0,6.0,6.0,4.0,1.0,7.666666666666667,7.166666666666667,11.0,5.739631679287593,106,86,1.0,4.260368320712407
455266533463,2025-09,1,1.0,7.0,2.0,1.0,1.0,1.0,3.3333333333333335,2.1666666666666665,7.0,2.311128965229674,106,87,6.0,1.311128965229674
455266533464,2025-09,5,4.0,10.0,6.0,3.0,7.0,3.0,6.333333333333333,5.666666666666667,10.0,5.68837084095719,106,88,6.0,1.68837084095719
455266533466,2025-09,7,12.0,10.0,13.0,16.0,9.0,28.0,13.0,11.5,10.0,12.137647059611192,106,90,2.0,0.13764705961119184
455266533467,2025-09,10,6.0,3.0,10.0,9.0,11.0,7.0,7.333333333333333,8.5,3.0,8.327858902791663,106,91,3.0,2.3278589027916627
455266533475,2025-09,4,5.0,13.0,7.0,5.0,8.0,10.0,8.333333333333334,6.666666666666667,13.0,7.093904645501976,106,99,8.0,2.0939046455019756
455266533476,2025-09,10,7.0,9.0,16.0,7.0,9.0,14.0,10.666666666666666,10.333333333333334,9.0,10.54842301347629,106,100,2.0,3.54842301347629
455266533477,2025-09,19,9.0,10.0,13.0,5.0,10.0,16.0,9.333333333333334,9.333333333333334,10.0,12.983351821031695,106,101,1.0,3.983351821031695
459561500701,2025-09,1,2.0,2.0,1.0,1.0,1.0,1.0,1.3333333333333333,1.3333333333333333,2.0,1.4419508136467272,107,29,0.0,0.5580491863532728
459561500703,2025-09,10,5.0,16.0,5.0,7.0,3.0,3.0,9.333333333333334,6.833333333333333,16.0,8.085684355985437,107,31,11.0,3.085684355985437
459561500725,2025-09,2,4.0,1.0,1.0,1.0,1.0,1.0,1.0,1.1666666666666667,1.0,1.560204254100313,107,53,3.0,2.439795745899687
459561500726,2025-09,14,10.0,13.0,3.0,10.0,10.0,10.0,8.666666666666666,11.833333333333334,13.0,11.75836241860073,107,54,3.0,1.7583624186007292
459561500728,2025-09,1,1.0,1.0,2.0,1.0,1.0,2.0,1.3333333333333333,1.1666666666666667,1.0,1.4405100083569167,107,56,0.0,0.44051000835691667
459561500736,2025-09,1,1.0,3.0,3.0,1.0,1.0,2.0,2.3333333333333335,1.6666666666666667,3.0,1.8676066168051086,107,64,2.0,0.8676066168051086
459561500755,2025-09,1,1.0,6.0,8.0,3.0,5.0,5.0,5.666666666666667,5.166666666666667,6.0,4.18417966114707,107,83,5.0,3.18417966114707
459561500758,2025-09,27,22.0,34.0,24.0,31.0,15.0,39.0,29.666666666666668,31.666666666666668,34.0,29.781040630944116,107,86,12.0,7.781040630944116
459561500759,2025-09,2,3.0,3.0,3.0,3.0,2.0,2.0,3.0,2.5,3.0,2.5450274488500195,107,87,0.0,0.4549725511499805
459561500760,2025-09,4,5.0,6.0,7.0,4.0,6.0,7.0,5.666666666666667,6.833333333333333,6.0,5.878314189554565,107,88,1.0,0.8783141895545654
459561500761,2025-09,3,8.0,6.0,10.0,6.0,6.0,8.0,7.333333333333333,8.833333333333334,6.0,6.575169770332356,107,89,2.0,1.424830229667644
459561500762,2025-09,16,14.0,16.0,21.0,15.0,24.0,19.0,17.333333333333332,20.833333333333332,16.0,18.288589396546172,107,90,2.0,4.288589396546172
459561500763,2025-09,19,17.0,27.0,22.0,21.0,27.0,28.0,23.333333333333332,22.666666666666668,27.0,22.472687882710325,107,91,10.0,5.472687882710325
459561500771,2025-09,3,1.0,1.0,2.0,2.0,3.0,4.0,1.6666666666666667,2.6666666666666665,1.0,2.8798542108732663,107,99,0.0,1.8798542108732663
459561500772,2025-09,2,2.0,1.0,1.0,2.0,1.0,3.0,1.3333333333333333,1.5,1.0,1.955391042331451,107,100,1.0,0.04460895766854911
463856467999,2025-09,8,3.0,8.0,6.0,11.0,4.0,2.0,8.333333333333334,8.5,8.0,7.292050773377859,108,31,5.0,4.292050773377859
463856468000,2025-09,2,6.0,1.0,3.0,2.0,2.0,1.0,2.0,1.8333333333333333,1.0,1.9424231179541103,108,32,5.0,4.05757688204589
463856468015,2025-09,1,2.0,1.0,1.0,3.0,2.0,1.0,1.6666666666666667,1.6666666666666667,1.0,1.55887846309159,108,47,1.0,0.44112153690841005
463856468016,2025-09,1,1.0,2.0,2.0,2.0,1.0,1.0,2.0,2.0,2.0,1.7395866918648544,108,48,1.0,0.7395866918648544
463856468021,2025-09,2,1.0,1.0,1.0,3.0,1.0,1.0,1.6666666666666667,1.5,1.0,1.7432061377632344,108,53,0.0,0.7432061377632344
463856468022,2025-09,13,5.0,4.0,11.0,7.0,4.0,5.0,7.333333333333333,5.5,4.0,7.703350799092098,108,54,1.0,2.7033507990920977
463856468023,2025-09,1,2.0,2.0,2.0,2.0,1.0,6.0,2.0,1.8333333333333333,2.0,2.3051829965397292,108,55,0.0,0.30518299653972925
463856468024,2025-09,3,4.0,3.0,5.0,3.0,5.0,1.0,3.6666666666666665,4.833333333333333,3.0,3.692943896797696,108,56,1.0,0.3070561032023038
463856468030,2025-09,3,2.0,1.0,3.0,2.0,1.0,2.0,2.0,1.6666666666666667,1.0,2.2509339570649747,108,62,1.0,0.2509339570649747
463856468032,2025-09,2,10.0,8.0,4.0,1.0,8.0,5.0,4.333333333333333,5.666666666666667,8.0,4.755305101303682,108,64,2.0,5.244694898696318
463856468049,2025-09,1,1.0,1.0,2.0,3.0,2.0,3.0,2.0,1.6666666666666667,1.0,1.8474211757929986,108,81,0.0,0.8474211757929986
463856468053,2025-09,3,1.0,3.0,4.0,1.0,1.0,6.0,2.6666666666666665,2.6666666666666665,3.0,3.304540351523528,108,85,2.0,2.304540351523528
463856468054,2025-09,7,8.0,8.0,3.0,3.0,5.0,8.0,4.666666666666667,6.0,8.0,6.557729259051102,108,86,0.0,1.4422707409488984
463856468055,2025-09,18,22.0,19.0,32.0,14.0,27.0,33.0,21.666666666666668,24.0,19.0,22.516753230882678,108,87,3.0,0.5167532308826779
463856468056,2025-09,11,8.0,7.0,11.0,12.0,12.0,10.0,10.0,11.5,7.0,10.615264108186519,108,88,1.0,2.615264108186519
463856468057,2025-09,15,22.0,25.0,25.0,21.0,36.0,25.0,23.666666666666668,26.5,25.0,22.535499012080418,108,89,3.0,0.5354990120804182
463856468058,2025-09,22,40.0,32.0,48.0,25.0,23.0,27.0,35.0,29.333333333333332,32.0,26.977536250678178,108,90,8.0,13.022463749321822
463856468059,2025-09,14,10.0,10.0,9.0,13.0,11.0,16.0,10.666666666666666,9.833333333333334,10.0,11.902193864570142,108,91,0.0,1.9021938645701422
463856468060,2025-09,1,5.0,1.0,1.0,3.0,1.0,3.0,1.6666666666666667,1.3333333333333333,1.0,1.652199155114861,108,92,4.0,3.347800844885139
463856468061,2025-09,5,10.0,7.0,2.0,8.0,5.0,7.0,5.666666666666667,4.5,7.0,5.397812750607017,108,93,3.0,4.602187249392983
468151435296,2025-09,1,1.0,1.0,1.0,1.0,2.0,1.0,1.0,1.1666666666666667,1.0,1.3205570619074365,109,32,0.0,0.3205570619074365
468151435312,2025-09,1,9.0,1.0,5.0,1.0,1.0,1.0,2.3333333333333335,1.8333333333333333,1.0,1.6581340654715255,109,48,8.0,7.3418659345284745
468151435318,2025-09,7,14.0,11.0,19.0,11.0,15.0,16.0,13.666666666666666,14.666666666666666,11.0,12.135591547537619,109,54,3.0,1.8644084524623814
468151435319,2025-09,22,10.0,20.0,19.0,15.0,11.0,15.0,18.0,15.0,20.0,17.344281142491553,109,55,10.0,7.344281142491553
468151435320,2025-09,8,11.0,19.0,16.0,5.0,11.0,7.0,13.333333333333334,11.5,19.0,10.619528612351793,109,56,8.0,0.38047138764820687
468151435321,2025-09,4,1.0,6.0,5.0,3.0,2.0,2.0,4.666666666666667,3.5,6.0,3.8568474177268044,109,57,5.0,2.8568474177268044
468151435322,2025-09,1,1.0,3.0,2.0,4.0,1.0,1.0,3.0,2.1666666666666665,3.0,1.9777498940373022,109,58,2.0,0.9777498940373022
468151435328,2025-09,31,25.0,16.0,28.0,11.0,19.0,17.0,18.333333333333332,19.5,16.0,21.77294981803792,109,64,9.0,3.227050181962081
468151435329,2025-09,1,12.0,2.0,1.0,1.0,2.0,5.0,1.3333333333333333,2.5,2.0,2.3703266958649563,109,65,10.0,9.629673304135043
468151435350,2025-09,3,5.0,5.0,5.0,4.0,2.0,3.0,4.666666666666667,3.1666666666666665,5.0,3.5120383413974405,109,86,0.0,1.4879616586025595
468151435351,2025-09,4,9.0,9.0,9.0,22.0,5.0,7.0,13.333333333333334,9.666666666666666,9.0,7.83740029892513,109,87,0.0,1.1625997010748703
468151435352,2025-09,22,14.0,20.0,27.0,19.0,17.0,12.0,22.0,21.333333333333332,20.0,19.806449693681625,109,88,6.0,5.806449693681625
468151435353,2025-09,41,20.0,40.0,23.0,31.0,34.0,29.0,31.333333333333332,29.666666666666668,40.0,33.31856195917827,109,89,20.0,13.318561959178268
468151435354,2025-09,37,32.0,30.0,36.0,48.0,39.0,42.0,38.0,35.666666666666664,30.0,36.042832403358524,109,90,2.0,4.042832403358524
468151435355,2025-09,18,16.0,20.0,10.0,24.0,21.0,14.0,18.0,17.166666666666668,20.0,17.211147912318452,109,91,4.0,1.2111479123184523
468151435356,2025-09,17,10.0,3.0,10.0,11.0,11.0,12.0,8.0,9.166666666666666,3.0,11.230792201732239,109,92,7.0,1.230792201732239
468151435357,2025-09,8,4.0,2.0,4.0,6.0,5.0,5.0,4.0,5.333333333333333,2.0,5.73379113022315,109,93,2.0,1.7337911302231497
472446402594,2025-09,1,2.0,3.0,1.0,2.0,2.0,1.0,2.0,1.8333333333333333,3.0,1.798978228364124,110,34,1.0,0.20102177163587598
472446402615,2025-09,15,13.0,16.0,17.0,15.0,24.0,11.0,16.0,16.0,16.0,15.24609874361918,110,55,3.0,2.2460987436191804
472446402616,2025-09,10,6.0,3.0,8.0,4.0,6.0,1.0,5.0,5.666666666666667,3.0,6.159035220034769,110,56,3.0,0.15903522003476933
472446402618,2025-09,2,3.0,2.0,5.0,12.0,3.0,6.0,6.333333333333333,5.333333333333333,2.0,4.3221032566877895,110,58,1.0,1.3221032566877895
472446402619,2025-09,4,3.0,3.0,1.0,3.0,2.0,3.0,2.3333333333333335,2.8333333333333335,3.0,3.2676044686969448,110,59,0.0,0.26760446869694476
472446402620,2025-09,2,18.0,4.0,6.0,4.0,11.0,7.0,4.666666666666667,7.5,4.0,5.492379624807371,110,60,14.0,12.50762037519263
472446402621,2025-09,2,3.0,1.0,1.0,6.0,2.0,3.0,2.6666666666666665,2.8333333333333335,1.0,2.587079481554932,110,61,2.0,0.41292051844506794
472446402622,2025-09,2,2.0,1.0,1.0,2.0,1.0,1.0,1.3333333333333333,1.1666666666666667,1.0,1.5963856784105381,110,62,1.0,0.40361432158946187
472446402623,2025-09,3,2.0,8.0,2.0,2.0,2.0,2.0,4.0,2.8333333333333335,8.0,3.415766649918692,110,63,6.0,1.4157666499186918
472446402624,2025-09,17,13.0,9.0,20.0,13.0,15.0,14.0,14.0,13.166666666666666,9.0,14.121465061405791,110,64,4.0,1.1214650614057913
472446402625,2025-09,2,6.0,5.0,4.0,3.0,4.0,4.0,4.0,3.0,5.0,3.309303589802065,110,65,1.0,2.690696410197935
472446402640,2025-09,1,1.0,1.0,1.0,1.0,1.0,2.0,1.0,1.1666666666666667,1.0,1.4003336245339533,110,80,0.0,0.40033362453395327
472446402647,2025-09,6,3.0,12.0,12.0,7.0,5.0,4.0,10.333333333333334,7.333333333333333,12.0,7.167735443229142,110,87,9.0,4.167735443229142
472446402648,2025-09,12,10.0,14.0,20.0,12.0,15.0,9.0,15.333333333333334,13.833333333333334,14.0,12.817781095110291,110,88,4.0,2.8177810951102913
472446402649,2025-09,27,36.0,30.0,30.0,21.0,33.0,33.0,27.0,31.333333333333332,30.0,29.161942157607484,110,89,6.0,6.838057842392516
472446402650,2025-09,85,92.0,94.0,132.0,96.0,107.0,99.0,107.33333333333333,103.33333333333333,94.0,94.8996426454113,110,90,2.0,2.899642645411305
472446402651,2025-09,27,17.0,35.0,37.0,20.0,19.0,33.0,30.666666666666668,27.666666666666668,35.0,28.12067778936681,110,91,18.0,11.120677789366809
472446402652,2025-09,11,16.0,28.0,18.0,33.0,18.0,16.0,26.333333333333332,20.833333333333332,28.0,18.0858378408087,110,92,12.0,2.0858378408087006
476741369911,2025-09,4,7.0,6.0,12.0,7.0,7.0,4.0,8.333333333333334,7.5,6.0,6.0808755601800435,111,55,1.0,0.9191244398199565
476741369912,2025-09,2,2.0,4.0,5.0,2.0,5.0,1.0,3.6666666666666665,3.8333333333333335,4.0,3.151272409385248,111,56,2.0,1.151272409385248
476741369913,2025-09,5,5.0,3.0,3.0,1.0,3.0,1.0,2.3333333333333335,2.3333333333333335,3.0,3.1897299020985637,111,57,2.0,1.8102700979014363
476741369914,2025-09,22,21.0,19.0,9.0,7.0,15.0,14.0,11.666666666666666,15.5,19.0,16.761986869124634,111,58,2.0,4.238013130875366
476741369915,2025-09,17,20.0,15.0,14.0,20.0,18.0,14.0,16.333333333333332,15.5,15.0,15.704254795559553,111,59,5.0,4.295745204440447
476741369916,2025-09,7,15.0,6.0,10.0,15.0,12.0,16.0,10.333333333333334,11.666666666666666,6.0,10.237354489397706,111,60,9.0,4.762645510602294
476741369917,2025-09,2,2.0,3.0,5.0,3.0,6.0,4.0,3.6666666666666665,4.0,3.0,3.549248610316317,111,61,1.0,1.549248610316317
476741369918,2025-09,2,1.0,2.0,2.0,6.0,7.0,1.0,3.3333333333333335,3.3333333333333335,2.0,2.8773619341574443,111,62,1.0,1.8773619341574443
476741369919,2025-09,21,19.0,28.0,30.0,19.0,9.0,12.0,25.666666666666668,19.166666666666668,28.0,19.452365197113362,111,63,9.0,0.4523651971133624
476741369920,2025-09,12,11.0,13.0,16.0,12.0,15.0,17.0,13.666666666666666,13.833333333333334,13.0,13.540060039301444,111,64,2.0,2.5400600393014443
476741369921,2025-09,3,1.0,7.0,10.0,6.0,6.0,4.0,7.666666666666667,8.666666666666666,7.0,6.133598431084997,111,65,6.0,5.133598431084997
476741369922,2025-09,8,4.0,3.0,7.0,6.0,3.0,3.0,5.333333333333333,6.833333333333333,3.0,6.125497242910056,111,66,1.0,2.125497242910056
476741369923,2025-09,5,1.0,3.0,1.0,1.0,3.0,1.0,1.6666666666666667,1.6666666666666667,3.0,2.8880990643676983,111,67,2.0,1.8880990643676983
476741369924,2025-09,2,2.0,1.0,2.0,2.0,1.0,1.0,1.6666666666666667,1.8333333333333333,1.0,1.8578401323184401,111,68,1.0,0.14215986768155986
476741369925,2025-09,1,1.0,2.0,4.0,4.0,1.0,2.0,3.3333333333333335,2.1666666666666665,2.0,2.0718049900916924,111,69,1.0,1.0718049900916924
476741369928,2025-09,1,3.0,3.0,1.0,3.0,2.0,1.0,2.3333333333333335,2.0,3.0,1.8904791701955848,111,72,0.0,1.1095208298044152
476741369931,2025-09,20,18.0,14.0,18.0,26.0,17.0,18.0,19.333333333333332,19.333333333333332,14.0,18.548404381631315,111,75,4.0,0.5484043816313147
476741369932,2025-09,2,1.0,2.0,4.0,4.0,1.0,6.0,3.3333333333333335,3.8333333333333335,2.0,3.405786617066499,111,76,1.0,2.405786617066499
476741369933,2025-09,2,3.0,1.0,1.0,3.0,1.0,2.0,1.6666666666666667,1.6666666666666667,1.0,1.92270881972369,111,77,2.0,1.07729118027631
476741369936,2025-09,4,3.0,8.0,4.0,2.0,5.0,2.0,4.666666666666667,4.666666666666667,8.0,4.521907709741891,111,80,5.0,1.5219077097418907
476741369937,2025-09,7,12.0,6.0,19.0,10.0,6.0,4.0,11.666666666666666,8.0,6.0,7.44436785263922,111,81,6.0,4.55563214736078
476741369944,2025-09,5,7.0,6.0,6.0,6.0,6.0,3.0,6.0,6.166666666666667,6.0,5.476543720515814,111,88,1.0,1.5234562794841864
476741369945,2025-09,7,4.0,9.0,5.0,6.0,9.0,9.0,6.666666666666667,7.5,9.0,7.65679236503962,111,89,5.0,3.65679236503962
476741369946,2025-09,7,10.0,4.0,5.0,6.0,8.0,13.0,5.0,5.833333333333333,4.0,7.003519065617651,111,90,6.0,2.9964809343823493
476741369947,2025-09,20,21.0,45.0,26.0,18.0,17.0,21.0,29.666666666666668,25.0,45.0,24.258683063726483,111,91,24.0,3.258683063726483
476741369948,2025-09,3,2.0,6.0,3.0,8.0,6.0,3.0,5.666666666666667,4.166666666666667,6.0,4.196435619401404,111,92,4.0,2.196435619401404
481036337186,2025-09,1,1.0,2.0,2.0,3.0,1.0,1.0,2.3333333333333335,2.0,2.0,1.7757681161750796,112,34,1.0,0.7757681161750796
481036337188,2025-09,1,1.0,4.0,1.0,3.0,1.0,2.0,2.6666666666666665,1.8333333333333333,4.0,2.0254170513316296,112,36,3.0,1.0254170513316296
481036337207,2025-09,2,6.0,3.0,1.0,2.0,1.0,2.0,2.0,1.6666666666666667,3.0,2.1074890674749884,112,55,3.0,3.8925109325250116
481036337208,2025-09,7,5.0,7.0,4.0,6.0,4.0,6.0,5.666666666666667,5.5,7.0,6.1372375965191335,112,56,2.0,1.1372375965191335
481036337209,2025-09,21,26.0,13.0,22.0,25.0,22.0,23.0,20.0,19.666666666666668,13.0,19.80008931688987,112,57,13.0,6.199910683110129
481036337210,2025-09,20,14.0,16.0,23.0,15.0,14.0,10.0,18.0,18.833333333333332,16.0,17.279608631879576,112,58,2.0,3.279608631879576
481036337211,2025-09,24,11.0,19.0,15.0,13.0,23.0,17.0,15.666666666666666,17.666666666666668,19.0,19.23519734153029,112,59,8.0,8.235197341530291
481036337212,2025-09,9,7.0,3.0,7.0,8.0,2.0,5.0,6.0,5.0,3.0,6.07735891986826,112,60,4.0,0.92264108013174
481036337213,2025-09,7,5.0,18.0,12.0,9.0,7.0,4.0,13.0,9.5,18.0,8.995004033441205,112,61,13.0,3.995004033441205
481036337214,2025-09,12,9.0,12.0,8.0,6.0,10.0,9.0,8.666666666666666,9.5,12.0,10.237273806696226,112,62,3.0,1.2372738066962263
481036337215,2025-09,16,12.0,15.0,19.0,18.0,11.0,19.0,17.333333333333332,16.333333333333332,15.0,16.135387269161683,112,63,3.0,4.135387269161683
481036337216,2025-09,43,27.0,23.0,25.0,30.0,24.0,38.0,26.0,22.666666666666668,23.0,30.40282940393629,112,64,4.0,3.402829403936291
481036337217,2025-09,15,19.0,22.0,23.0,25.0,31.0,10.0,23.333333333333332,23.0,22.0,19.021939089985345,112,65,3.0,0.021939089985345106
481036337218,2025-09,24,13.0,18.0,18.0,21.0,18.0,16.0,19.0,21.833333333333332,18.0,20.571468815978328,112,66,5.0,7.571468815978328
481036337225,2025-09,1,2.0,1.0,1.0,3.0,3.0,1.0,1.6666666666666667,2.1666666666666665,1.0,1.7692436174679962,112,73,1.0,0.2307563825320038
481036337226,2025-09,1,1.0,3.0,3.0,1.0,1.0,3.0,2.3333333333333335,1.8333333333333333,3.0,2.047109298765566,112,74,2.0,1.047109298765566
481036337227,2025-09,5,6.0,6.0,9.0,13.0,9.0,8.0,9.333333333333334,7.666666666666667,6.0,7.1023541274816235,112,75,0.0,1.1023541274816235
481036337228,2025-09,8,7.0,5.0,5.0,24.0,14.0,1.0,11.333333333333334,12.833333333333334,5.0,9.14898070673546,112,76,2.0,2.1489807067354594
481036337232,2025-09,1,2.0,2.0,1.0,1.0,2.0,1.0,1.3333333333333333,1.6666666666666667,2.0,1.5969964505018996,112,80,0.0,0.40300354949810036
481036337233,2025-09,5,6.0,4.0,2.0,2.0,2.0,2.0,2.6666666666666665,3.5,4.0,3.7632289638917404,112,81,2.0,2.2367710361082596
481036337240,2025-09,3,3.0,2.0,5.0,5.0,5.0,2.0,4.0,4.333333333333333,2.0,3.613050521262908,112,88,1.0,0.6130505212629078
481036337241,2025-09,11,1.0,2.0,6.0,5.0,7.0,1.0,4.333333333333333,4.0,2.0,5.779648261274255,112,89,1.0,4.779648261274255
481036337242,2025-09,8,3.0,1.0,5.0,6.0,3.0,4.0,4.0,4.166666666666667,1.0,5.063253687302084,112,90,2.0,2.063253687302084
481036337243,2025-09,9,12.0,5.0,14.0,3.0,11.0,8.0,7.333333333333333,8.5,5.0,8.332566934717327,112,91,7.0,3.6674330652826725
481036337244,2025-09,6,14.0,12.0,6.0,11.0,10.0,9.0,9.666666666666666,9.5,12.0,8.633505396567934,112,92,2.0,5.366494603432066
481036337245,2025-09,5,2.0,2.0,2.0,1.0,1.0,8.0,1.6666666666666667,1.6666666666666667,2.0,3.598263559609043,112,93,0.0,1.5982635596090429
485331304483,2025-09,3,8.0,8.0,4.0,6.0,11.0,5.0,6.0,6.166666666666667,8.0,5.519444374862216,113,35,0.0,2.480555625137784
485331304484,2025-09,2,1.0,4.0,2.0,5.0,4.0,8.0,3.6666666666666665,3.3333333333333335,4.0,3.798204527545181,113,36,3.0,2.798204527545181
485331304492,2025-09,1,1.0,1.0,2.0,2.0,1.0,4.0,1.6666666666666667,1.5,1.0,1.8356967965880546,113,44,0.0,0.8356967965880546
485331304495,2025-09,1,1.0,1.0,1.0,2.0,2.0,1.0,1.3333333333333333,1.3333333333333333,1.0,1.4120580037388955,113,47,0.0,0.41205800373889545
485331304502,2025-09,1,2.0,1.0,4.0,1.0,1.0,1.0,2.0,3.0,1.0,2.005194304297195,113,54,1.0,0.005194304297194918
485331304504,2025-09,21,18.0,23.0,19.0,11.0,21.0,19.0,17.666666666666668,16.333333333333332,23.0,18.630298975391167,113,56,5.0,0.6302989753911667
485331304505,2025-09,23,19.0,22.0,18.0,21.0,15.0,11.0,20.333333333333332,21.166666666666668,22.0,19.75392466837664,113,57,3.0,0.7539246683766407
485331304506,2025-09,24,42.0,39.0,37.0,25.0,31.0,23.0,33.666666666666664,33.5,39.0,29.118577563627667,113,58,3.0,12.881422436372333
485331304507,2025-09,32,25.0,31.0,15.0,24.0,11.0,18.0,23.333333333333332,19.333333333333332,31.0,23.375892511255696,113,59,6.0,1.624107488744304
485331304508,2025-09,8,2.0,2.0,3.0,1.0,2.0,1.0,2.0,2.5,2.0,3.9423233637930766,113,60,0.0,1.9423233637930766
485331304509,2025-09,21,24.0,29.0,18.0,22.0,28.0,22.0,23.0,25.166666666666668,29.0,23.266333409797262,113,61,5.0,0.7336665902027377
485331304510,2025-09,19,26.0,32.0,32.0,29.0,16.0,39.0,31.0,24.666666666666668,32.0,25.257683694722086,113,62,6.0,0.7423163052779138
485331304511,2025-09,11,12.0,7.0,6.0,12.0,6.0,12.0,8.333333333333334,10.0,7.0,9.898433249382803,113,63,5.0,2.101566750617197
485331304512,2025-09,2,4.0,2.0,5.0,7.0,3.0,4.0,4.666666666666667,3.8333333333333335,2.0,3.394954148567111,113,64,2.0,0.6050458514328891
485331304513,2025-09,6,7.0,7.0,10.0,3.0,9.0,11.0,6.666666666666667,6.0,7.0,6.994605216343997,113,65,0.0,0.005394783656003099
485331304514,2025-09,6,9.0,8.0,14.0,20.0,11.0,8.0,14.0,12.5,8.0,9.754600694576329,113,66,1.0,0.7546006945763288
485331304536,2025-09,1,2.0,2.0,2.0,2.0,5.0,2.0,2.0,2.1666666666666665,2.0,2.0967157810761297,113,88,0.0,0.09671578107612966
485331304538,2025-09,1,1.0,1.0,1.0,1.0,1.0,1.0,1.0,1.6666666666666667,1.0,1.442109012658431,113,90,0.0,0.44210901265843106
485331304540,2025-09,10,4.0,18.0,12.0,8.0,6.0,8.0,12.666666666666666,9.666666666666666,18.0,10.318629564613142,113,92,14.0,6.318629564613142
485331304541,2025-09,5,3.0,5.0,2.0,2.0,3.0,3.0,3.0,3.6666666666666665,5.0,4.097619083695664,113,93,2.0,1.0976190836956636
485331304555,2025-09,2,5.0,2.0,4.0,7.0,6.0,7.0,4.333333333333333,4.166666666666667,2.0,3.971186098542395,113,107,3.0,1.028813901457605
489626271779,2025-09,10,9.0,11.0,6.0,5.0,7.0,9.0,7.333333333333333,7.5,11.0,8.64509717500522,114,35,2.0,0.3549028249947792
489626271780,2025-09,7,3.0,8.0,5.0,5.0,3.0,4.0,6.0,4.5,8.0,5.627023356244083,114,36,5.0,2.6270233562440826
489626271787,2025-09,3,3.0,2.0,3.0,2.0,1.0,2.0,2.3333333333333335,2.0,2.0,2.472053828138206,114,43,1.0,0.5279461718617942
489626271791,2025-09,5,2.0,6.0,2.0,7.0,6.0,4.0,5.0,4.666666666666667,6.0,4.9783271162822995,114,47,4.0,2.9783271162822995
489626271795,2025-09,1,1.0,1.0,3.0,1.0,1.0,3.0,1.6666666666666667,1.5,1.0,1.715508591661571,114,51,0.0,0.7155085916615711
489626271796,2025-09,4,4.0,5.0,3.0,4.0,1.0,1.0,4.0,2.5,5.0,3.20168836698101,114,52,1.0,0.7983116330189901
489626271797,2025-09,4,3.0,2.0,4.0,5.0,3.0,4.0,3.6666666666666665,4.0,2.0,3.905842021656092,114,53,1.0,0.9058420216560918
489626271798,2025-09,3,2.0,2.0,2.0,1.0,6.0,3.0,1.6666666666666667,2.5,2.0,2.907870746071464,114,54,0.0,0.9078707460714641
489626271799,2025-09,1,4.0,5.0,4.0,1.0,1.0,1.0,3.3333333333333335,2.6666666666666665,5.0,2.33647861337778,114,55,1.0,1.6635213866222198
489626271800,2025-09,36,28.0,23.0,27.0,28.0,37.0,33.0,26.0,29.0,23.0,30.480954432098628,114,56,5.0,2.4809544320986276
489626271801,2025-09,21,18.0,19.0,21.0,13.0,14.0,42.0,17.666666666666668,16.333333333333332,19.0,20.88645781694766,114,57,1.0,2.8864578169476616
489626271802,2025-09,19,18.0,22.0,23.0,24.0,22.0,20.0,23.0,22.333333333333332,22.0,20.74286699969038,114,58,4.0,2.7428669996903814
489626271803,2025-09,22,21.0,21.0,15.0,17.0,25.0,15.0,17.666666666666668,19.166666666666668,21.0,19.37109965525963,114,59,0.0,1.6289003447403694
489626271804,2025-09,21,16.0,16.0,17.0,18.0,25.0,22.0,17.0,22.166666666666668,16.0,20.516209339513146,114,60,0.0,4.516209339513146
489626271805,2025-09,15,10.0,7.0,26.0,20.0,13.0,14.0,17.666666666666668,18.666666666666668,7.0,15.563454949017776,114,61,3.0,5.5634549490177765
489626271806,2025-09,8,11.0,9.0,6.0,12.0,6.0,7.0,9.0,7.5,9.0,7.816524954412968,114,62,2.0,3.1834750455870324
489626271807,2025-09,1,2.0,3.0,3.0,2.0,3.0,4.0,2.6666666666666665,2.8333333333333335,3.0,2.628204196267826,114,63,1.0,0.6282041962678262
489626271808,2025-09,7,9.0,14.0,9.0,15.0,12.0,16.0,12.666666666666666,11.0,14.0,10.85974672373591,114,64,5.0,1.8597467237359098
489626271823,2025-09,1,1.0,1.0,2.0,1.0,1.0,3.0,1.3333333333333333,1.1666666666666667,1.0,1.5646931727961402,114,79,0.0,0.5646931727961402
489626271828,2025-09,2,1.0,1.0,4.0,1.0,2.0,1.0,2.0,2.3333333333333335,1.0,2.1123766300305498,114,84,0.0,1.1123766300305498
489626271836,2025-09,1,1.0,4.0,1.0,6.0,4.0,3.0,3.6666666666666665,3.6666666666666665,4.0,2.9998789868732167,114,92,3.0,1.9998789868732167
493921239075,2025-09,2,3.0,3.0,1.0,1.0,3.0,2.0,1.6666666666666667,2.1666666666666665,3.0,2.3260793993538735,115,35,0.0,0.6739206006461265
493921239077,2025-09,2,1.0,1.0,2.0,2.0,1.0,1.0,1.6666666666666667,1.5,1.0,1.7472010972759726,115,37,0.0,0.7472010972759726
493921239080,2025-09,2,1.0,1.0,1.0,1.0,1.0,2.0,1.0,1.1666666666666667,1.0,1.6843874185395364,115,40,0.0,0.6843874185395364
493921239084,2025-09,3,2.0,1.0,1.0,1.0,1.0,3.0,1.0,1.0,1.0,2.037304859463106,115,44,1.0,0.0373048594631058
493921239087,2025-09,1,2.0,11.0,6.0,6.0,2.0,2.0,7.666666666666667,5.833333333333333,11.0,4.480284117914788,115,47,9.0,2.4802841179147883
493921239090,2025-09,6,4.0,3.0,2.0,5.0,2.0,7.0,3.3333333333333335,3.3333333333333335,3.0,4.610942499472117,115,50,1.0,0.6109424994721167
493921239091,2025-09,3,1.0,3.0,2.0,2.0,3.0,1.0,2.3333333333333335,2.1666666666666665,3.0,2.5623078370534262,115,51,2.0,1.5623078370534262
493921239093,2025-09,8,2.0,1.0,3.0,2.0,1.0,2.0,2.0,2.8333333333333335,1.0,4.058439549741523,115,53,1.0,2.0584395497415233
493921239095,2025-09,3,5.0,3.0,2.0,1.0,5.0,1.0,2.0,2.5,3.0,2.7255786514110776,115,55,2.0,2.2744213485889224
493921239096,2025-09,8,10.0,12.0,10.0,4.0,17.0,14.0,8.666666666666666,10.333333333333334,12.0,10.317408172190587,115,56,2.0,0.3174081721905875
493921239097,2025-09,18,19.0,23.0,21.0,19.0,34.0,19.0,21.0,23.166666666666668,23.0,20.99332779743791,115,57,4.0,1.9933277974379102
493921239098,2025-09,37,38.0,28.0,25.0,20.0,45.0,42.0,24.333333333333332,28.0,28.0,32.08859243345752,115,58,10.0,5.911407566542479
493921239099,2025-09,37,40.0,43.0,50.0,47.0,50.0,33.0,46.666666666666664,43.0,43.0,39.810254131890765,115,59,3.0,0.18974586810923455
493921239100,2025-09,20,15.0,19.0,22.0,19.0,14.0,24.0,20.0,18.333333333333332,19.0,19.288206202975214,115,60,4.0,4.288206202975214
493921239101,2025-09,15,6.0,8.0,22.0,11.0,16.0,12.0,13.666666666666666,16.666666666666668,8.0,14.408616697269508,115,61,2.0,8.408616697269508
493921239113,2025-09,2,4.0,4.0,10.0,6.0,4.0,4.0,6.666666666666667,4.833333333333333,4.0,4.156940022373341,115,73,0.0,0.15694002237334104
493921239121,2025-09,2,1.0,2.0,3.0,1.0,2.0,3.0,2.0,2.0,2.0,2.320408376074324,115,81,1.0,1.3204083760743242
493921239123,2025-09,2,1.0,1.0,1.0,2.0,1.0,1.0,1.3333333333333333,1.5,1.0,1.7070247134530074,115,83,0.0,0.7070247134530074
493921239124,2025-09,3,1.0,2.0,2.0,3.0,3.0,2.0,2.3333333333333335,3.1666666666666665,2.0,2.944108694899514,115,84,1.0,1.9441086948995139
493921239131,2025-09,1,1.0,7.0,4.0,3.0,1.0,3.0,4.666666666666667,4.166666666666667,7.0,3.376045120629306,115,91,6.0,2.376045120629306
498216206365,2025-09,1,1.0,2.0,2.0,9.0,1.0,1.0,4.333333333333333,2.8333333333333335,2.0,2.2694542496426084,116,29,1.0,1.2694542496426084
498216206376,2025-09,2,2.0,1.0,2.0,2.0,1.0,3.0,1.6666666666666667,2.0,1.0,2.1615259787181174,116,40,1.0,0.16152597871811736
498216206380,2025-09,1,1.0,1.0,1.0,1.0,1.0,1.0,1.0,1.0,1.0,1.2208309425734978,116,44,0.0,0.22083094257349778
498216206383,2025-09,2,1.0,1.0,2.0,2.0,1.0,3.0,1.6666666666666667,1.5,1.0,1.995567426154416,116,47,0.0,0.9955674261544161
498216206385,2025-09,5,4.0,7.0,5.0,4.0,4.0,5.0,5.333333333333333,5.166666666666667,7.0,5.30212134422879,116,49,3.0,1.30212134422879
498216206386,2025-09,7,3.0,8.0,1.0,6.0,7.0,4.0,5.0,5.333333333333333,8.0,5.95672324011944,116,50,5.0,2.95672324011944
498216206389,2025-09,4,4.0,11.0,9.0,4.0,4.0,13.0,8.0,8.166666666666666,11.0,7.609913060534099,116,53,7.0,3.609913060534099
498216206390,2025-09,8,7.0,8.0,7.0,14.0,9.0,9.0,9.666666666666666,9.166666666666666,8.0,8.753364660354519,116,54,1.0,1.753364660354519
498216206391,2025-09,12,6.0,7.0,6.0,8.0,15.0,7.0,7.0,9.666666666666666,7.0,9.70586590522325,116,55,1.0,3.7058659052232503
498216206392,2025-09,4,4.0,3.0,6.0,8.0,3.0,10.0,5.666666666666667,5.666666666666667,3.0,5.503514060111132,116,56,1.0,1.503514060111132
498216206393,2025-09,32,47.0,59.0,50.0,58.0,53.0,78.0,55.666666666666664,57.5,59.0,51.089934435317986,116,57,12.0,4.089934435317986
498216206394,2025-09,116,109.0,163.0,141.0,137.0,150.0,143.0,147.0,139.83333333333334,163.0,132.66203124725524,116,58,54.0,23.662031247255243
498216206395,2025-09,25,26.0,26.0,20.0,16.0,22.0,22.0,20.666666666666668,20.333333333333332,26.0,22.063664680519864,116,59,0.0,3.9363353194801363
498216206396,2025-09,11,14.0,5.0,8.0,8.0,10.0,10.0,7.0,9.5,5.0,9.376400173534977,116,60,9.0,4.623599826465023
498216206397,2025-09,11,14.0,10.0,6.0,6.0,10.0,5.0,7.333333333333333,10.166666666666666,10.0,9.376450985311234,116,61,4.0,4.623549014688766
498216206398,2025-09,2,1.0,1.0,1.0,1.0,2.0,1.0,1.0,1.1666666666666667,1.0,1.6046108559130179,116,62,0.0,0.6046108559130179
498216206401,2025-09,2,2.0,2.0,3.0,1.0,4.0,1.0,2.0,2.1666666666666665,2.0,2.2161747683425244,116,65,0.0,0.21617476834252436
498216206402,2025-09,2,1.0,1.0,2.0,2.0,1.0,6.0,1.6666666666666667,3.3333333333333335,1.0,2.9766316122056518,116,66,0.0,1.9766316122056518
498216206403,2025-09,7,6.0,2.0,6.0,9.0,1.0,3.0,5.666666666666667,4.833333333333333,2.0,5.0466830881012115,116,67,4.0,0.9533169118987885
498216206409,2025-09,4,5.0,3.0,1.0,4.0,3.0,3.0,2.6666666666666665,2.5,3.0,3.2375534597774083,116,73,2.0,1.7624465402225917
498216206415,2025-09,8,2.0,4.0,3.0,4.0,5.0,5.0,3.6666666666666665,3.0,4.0,5.067740324543987,116,79,2.0,3.067740324543987
498216206416,2025-09,4,5.0,4.0,8.0,4.0,8.0,4.0,5.333333333333333,6.0,4.0,5.137195024017581,116,80,1.0,0.137195024017581
498216206417,2025-09,2,2.0,3.0,1.0,1.0,4.0,4.0,1.6666666666666667,2.6666666666666665,3.0,2.7848108826087232,116,81,1.0,0.7848108826087232
498216206421,2025-09,4,1.0,4.0,1.0,2.0,1.0,1.0,2.3333333333333335,1.8333333333333333,4.0,2.7172138445989296,116,85,3.0,1.7172138445989296
498216206426,2025-09,1,5.0,2.0,2.0,1.0,1.0,1.0,1.6666666666666667,1.5,2.0,1.537446714990926,116,90,3.0,3.462553285009074
502511173660,2025-09,2,3.0,1.0,2.0,1.0,1.0,3.0,1.3333333333333333,1.3333333333333333,1.0,1.9040664843229553,117,28,2.0,1.0959335156770447
502511173661,2025-09,9,7.0,10.0,11.0,9.0,5.0,15.0,10.0,9.166666666666666,10.0,9.805651119546864,117,29,3.0,2.805651119546864
502511173662,2025-09,11,11.0,9.0,14.0,5.0,6.0,14.0,9.333333333333334,11.0,9.0,10.767819455862307,117,30,2.0,0.23218054413769273
502511173667,2025-09,5,1.0,4.0,4.0,1.0,8.0,1.0,3.0,4.5,4.0,4.281573858791855,117,35,3.0,3.2815738587918553
502511173668,2025-09,10,5.0,6.0,18.0,14.0,8.0,6.0,12.666666666666666,8.666666666666666,6.0,8.959536150662698,117,36,1.0,3.9595361506626983
502511173669,2025-09,3,8.0,10.0,9.0,5.0,1.0,4.0,8.0,5.5,10.0,5.115579289077129,117,37,2.0,2.8844207109228712
502511173671,2025-09,6,6.0,4.0,4.0,3.0,9.0,4.0,3.6666666666666665,4.833333333333333,4.0,5.16558563159073,117,39,2.0,0.83441436840927
502511173672,2025-09,8,4.0,1.0,5.0,3.0,1.0,5.0,3.0,2.0,1.0,4.270925647409179,117,40,3.0,0.2709256474091788
502511173675,2025-09,3,1.0,2.0,1.0,1.0,1.0,1.0,1.3333333333333333,1.1666666666666667,2.0,1.954738884136658,117,43,1.0,0.954738884136658
502511173676,2025-09,7,1.0,5.0,1.0,5.0,7.0,4.0,3.6666666666666665,4.166666666666667,5.0,5.2018626850682885,117,44,4.0,4.2018626850682885
502511173681,2025-09,9,2.0,4.0,1.0,3.0,5.0,7.0,2.6666666666666665,4.833333333333333,4.0,6.092140948205428,117,49,2.0,4.092140948205428
502511173682,2025-09,12,16.0,11.0,14.0,11.0,7.0,15.0,12.0,11.666666666666666,11.0,11.879791304127638,117,50,5.0,4.120208695872362
502511173684,2025-09,3,1.0,3.0,4.0,2.0,2.0,5.0,3.0,2.6666666666666665,3.0,3.260945213207238,117,52,2.0,2.260945213207238
502511173685,2025-09,4,7.0,9.0,6.0,7.0,11.0,5.0,7.333333333333333,6.5,9.0,6.141152231897185,117,53,2.0,0.858847768102815
502511173686,2025-09,42,27.0,27.0,37.0,32.0,24.0,24.0,32.0,27.333333333333332,27.0,30.925560596995226,117,54,0.0,3.9255605969952256
502511173687,2025-09,10,9.0,13.0,7.0,15.0,8.0,18.0,11.666666666666666,10.0,13.0,11.259897318576186,117,55,4.0,2.2598973185761864
502511173689,2025-09,4,21.0,8.0,9.0,12.0,6.0,28.0,9.666666666666666,10.166666666666666,8.0,10.183316827392167,117,57,13.0,10.816683172607833
502511173690,2025-09,10,16.0,15.0,16.0,19.0,27.0,19.0,16.666666666666668,18.833333333333332,15.0,15.887015169791308,117,58,1.0,0.11298483020869199
502511173691,2025-09,21,12.0,12.0,31.0,28.0,9.0,13.0,23.666666666666668,20.833333333333332,12.0,18.727859362887717,117,59,0.0,6.727859362887717
502511173692,2025-09,1,3.0,4.0,2.0,2.0,3.0,2.0,2.6666666666666665,2.3333333333333335,4.0,2.284183767033479,117,60,1.0,0.715816232966521
502511173699,2025-09,3,8.0,5.0,8.0,2.0,3.0,3.0,5.0,5.166666666666667,5.0,4.2684454563133905,117,67,3.0,3.7315545436866095
502511173700,2025-09,6,7.0,8.0,6.0,7.0,14.0,11.0,7.0,9.5,8.0,8.472849091333241,117,68,1.0,1.4728490913332415
502511173702,2025-09,1,1.0,2.0,7.0,2.0,1.0,1.0,3.6666666666666665,2.5,2.0,2.1064271635433798,117,70,1.0,1.1064271635433798
502511173705,2025-09,6,14.0,21.0,24.0,30.0,13.0,4.0,25.0,20.0,21.0,14.0358884786322,117,73,7.0,0.03588847863220046
502511173706,2025-09,3,1.0,2.0,3.0,2.0,1.0,2.0,2.3333333333333335,2.1666666666666665,2.0,2.5273733456594396,117,74,1.0,1.5273733456594396
502511173711,2025-09,4,1.0,1.0,4.0,1.0,1.0,2.0,2.0,1.6666666666666667,1.0,2.538982710583296,117,79,0.0,1.538982710583296
502511173712,2025-09,3,2.0,1.0,3.0,2.0,1.0,1.0,2.0,1.6666666666666667,1.0,2.126750792625753,117,80,1.0,0.12675079262575295
502511173722,2025-09,4,11.0,10.0,1.0,10.0,3.0,6.0,7.0,6.0,10.0,5.762267219117682,117,90,1.0,5.237732780882318
502511173723,2025-09,2,1.0,2.0,2.0,2.0,1.0,1.0,2.0,1.6666666666666667,2.0,1.9130014508279682,117,91,1.0,0.9130014508279682
506806140956,2025-09,1,3.0,2.0,2.0,3.0,2.0,1.0,2.3333333333333335,2.8333333333333335,2.0,2.096772305593955,118,28,1.0,0.9032276944060449
506806140957,2025-09,11,10.0,13.0,16.0,2.0,9.0,14.0,10.333333333333334,11.166666666666666,13.0,11.370090617659958,118,29,3.0,1.370090617659958
506806140958,2025-09,3,2.0,3.0,2.0,1.0,1.0,2.0,2.0,2.8333333333333335,3.0,2.7827744436419453,118,30,1.0,0.7827744436419453
506806140963,2025-09,1,2.0,2.0,2.0,1.0,2.0,2.0,1.6666666666666667,1.5,2.0,1.7060364812428528,118,35,0.0,0.2939635187571472
506806140964,2025-09,5,6.0,1.0,3.0,10.0,6.0,13.0,4.666666666666667,7.0,1.0,6.466765318132398,118,36,5.0,0.4667653181323983
506806140965,2025-09,4,1.0,3.0,7.0,3.0,3.0,4.0,4.333333333333333,4.5,3.0,4.230447713098997,118,37,2.0,3.2304477130989966
506806140967,2025-09,2,2.0,3.0,4.0,11.0,1.0,2.0,6.0,4.5,3.0,3.4940828355968945,118,39,1.0,1.4940828355968945
506806140968,2025-09,9,7.0,5.0,8.0,8.0,5.0,9.0,7.0,6.0,5.0,7.300366544075157,118,40,2.0,0.30036654407515684
506806140969,2025-09,7,5.0,12.0,10.0,12.0,3.0,11.0,11.333333333333334,9.333333333333334,12.0,8.996646748843876,118,41,7.0,3.996646748843876
506806140970,2025-09,2,1.0,1.0,2.0,4.0,2.0,1.0,2.3333333333333335,2.6666666666666665,1.0,2.251207170357766,118,42,0.0,1.251207170357766
506806140971,2025-09,4,2.0,6.0,2.0,6.0,6.0,8.0,4.666666666666667,5.5,6.0,5.431422143329547,118,43,4.0,3.431422143329547
506806140972,2025-09,2,4.0,1.0,4.0,1.0,3.0,4.0,2.0,2.3333333333333335,1.0,2.52933272516092,118,44,3.0,1.47066727483908
506806140973,2025-09,4,1.0,2.0,1.0,4.0,2.0,1.0,2.3333333333333335,2.6666666666666665,2.0,2.88961921057673,118,45,1.0,1.88961921057673
506806140976,2025-09,1,1.0,2.0,1.0,2.0,2.0,2.0,1.6666666666666667,1.8333333333333333,2.0,1.812680556772582,118,48,1.0,0.8126805567725821
506806140977,2025-09,4,9.0,4.0,4.0,4.0,5.0,9.0,4.0,5.833333333333333,4.0,5.408865987962481,118,49,5.0,3.591134012037519
506806140981,2025-09,3,3.0,5.0,9.0,3.0,11.0,3.0,5.666666666666667,6.333333333333333,5.0,5.087292701596861,118,53,2.0,2.087292701596861
506806140982,2025-09,2,3.0,4.0,5.0,4.0,10.0,10.0,4.333333333333333,6.0,4.0,5.282470474798263,118,54,1.0,2.282470474798263
506806140983,2025-09,2,3.0,3.0,1.0,1.0,1.0,1.0,1.6666666666666667,1.8333333333333333,3.0,2.0024439962467753,118,55,0.0,0.9975560037532247
506806140984,2025-09,1,5.0,1.0,3.0,2.0,4.0,7.0,2.0,2.6666666666666665,1.0,2.768879101815438,118,56,4.0,2.231120898184562
506806140985,2025-09,1,1.0,1.0,3.0,2.0,2.0,1.0,2.0,1.6666666666666667,1.0,1.6030498064272933,118,57,0.0,0.6030498064272933
506806140995,2025-09,3,13.0,5.0,5.0,8.0,13.0,4.0,6.0,6.333333333333333,5.0,5.320490655920767,118,67,8.0,7.679509344079233
506806140996,2025-09,19,24.0,20.0,18.0,20.0,13.0,19.0,19.333333333333332,19.666666666666668,20.0,18.767342850179816,118,68,4.0,5.232657149820184
506806140997,2025-09,1,4.0,1.0,6.0,4.0,1.0,1.0,3.6666666666666665,2.6666666666666665,1.0,2.083452309831337,118,69,3.0,1.916547690168663
506806141001,2025-09,18,5.0,21.0,14.0,9.0,17.0,7.0,14.666666666666666,13.5,21.0,14.675674975195157,118,73,16.0,9.675674975195157
506806141015,2025-09,5,2.0,11.0,8.0,4.0,15.0,1.0,7.666666666666667,8.166666666666666,11.0,6.852065117385814,118,87,9.0,4.852065117385814
506806141016,2025-09,6,3.0,2.0,2.0,6.0,5.0,7.0,3.3333333333333335,5.0,2.0,5.2230580684020325,118,88,1.0,2.2230580684020325
506806141017,2025-09,2,5.0,5.0,12.0,2.0,7.0,7.0,6.333333333333333,6.333333333333333,5.0,5.206692885256012,118,89,0.0,0.20669288525601193
511101108243,2025-09,1,1.0,1.0,1.0,1.0,1.0,4.0,1.0,1.0,1.0,1.593380435891163,119,19,0.0,0.593380435891163
511101108253,2025-09,2,4.0,2.0,1.0,2.0,1.0,3.0,1.6666666666666667,1.3333333333333333,2.0,2.010552360840979,119,29,2.0,1.989447639159021
511101108261,2025-09,4,5.0,6.0,3.0,2.0,3.0,2.0,3.6666666666666665,3.0,6.0,3.6187612750196525,119,37,1.0,1.3812387249803475
511101108262,2025-09,9,13.0,10.0,12.0,6.0,10.0,6.0,9.333333333333334,8.833333333333334,10.0,8.731028724507212,119,38,3.0,4.268971275492788
511101108263,2025-09,7,5.0,6.0,8.0,3.0,6.0,8.0,5.666666666666667,5.0,6.0,6.250139002789703,119,39,1.0,1.2501390027897026
511101108264,2025-09,20,18.0,12.0,16.0,17.0,24.0,13.0,15.0,21.0,12.0,18.164582688836983,119,40,6.0,0.16458268883698324
511101108265,2025-09,1,3.0,4.0,4.0,12.0,8.0,9.0,6.666666666666667,7.666666666666667,4.0,5.587890498599233,119,41,1.0,2.587890498599233
511101108267,2025-09,7,10.0,7.0,3.0,8.0,3.0,8.0,6.0,5.5,7.0,6.37338378838236,119,43,3.0,3.62661621161764
511101108268,2025-09,5,7.0,5.0,3.0,3.0,1.0,4.0,3.6666666666666665,4.0,5.0,4.319985887685133,119,44,2.0,2.6800141123148666
511101108269,2025-09,1,6.0,2.0,1.0,1.0,2.0,4.0,1.3333333333333333,1.6666666666666667,2.0,1.9695459438195648,119,45,4.0,4.030454056180435
511101108272,2025-09,5,3.0,2.0,1.0,3.0,5.0,1.0,2.0,2.6666666666666665,2.0,3.270711385710202,119,48,1.0,0.2707113857102019
511101108273,2025-09,46,50.0,45.0,49.0,45.0,65.0,36.0,46.333333333333336,49.166666666666664,45.0,45.56063138635301,119,49,5.0,4.439368613646991
511101108274,2025-09,25,23.0,25.0,26.0,38.0,31.0,37.0,29.666666666666668,28.666666666666668,25.0,28.018616241216236,119,50,2.0,5.018616241216236
511101108275,2025-09,3,4.0,5.0,2.0,2.0,1.0,4.0,3.0,2.3333333333333335,5.0,3.122325316328441,119,51,1.0,0.8776746836715592
511101108280,2025-09,3,1.0,6.0,1.0,2.0,2.0,1.0,3.0,2.8333333333333335,6.0,3.0304454295949803,119,56,5.0,2.0304454295949803
511101108281,2025-09,4,1.0,2.0,2.0,3.0,2.0,4.0,2.3333333333333335,2.5,2.0,3.2108441458859005,119,57,1.0,2.2108441458859005
511101108284,2025-09,6,5.0,6.0,3.0,6.0,3.0,2.0,5.0,5.0,6.0,4.995428770526528,119,60,1.0,0.004571229473471661
511101108291,2025-09,4,4.0,12.0,5.0,7.0,10.0,12.0,8.0,7.833333333333333,12.0,7.699850045598227,119,67,8.0,3.699850045598227
511101108292,2025-09,10,14.0,4.0,14.0,15.0,4.0,4.0,11.0,8.833333333333334,4.0,8.24337714901151,119,68,10.0,5.7566228509884905
511101108297,2025-09,7,8.0,3.0,8.0,8.0,6.0,7.0,6.333333333333333,6.0,3.0,6.307337556936727,119,73,5.0,1.6926624430632726
511101108300,2025-09,2,2.0,1.0,3.0,5.0,1.0,7.0,3.0,2.0,1.0,2.8069792932286495,119,76,1.0,0.8069792932286495
511101108301,2025-09,2,1.0,1.0,1.0,2.0,5.0,3.0,1.3333333333333333,2.3333333333333335,1.0,2.4096150371884413,119,77,0.0,1.4096150371884413
511101108306,2025-09,6,3.0,4.0,2.0,2.0,3.0,1.0,2.6666666666666665,3.0,4.0,3.8015476427071047,119,82,1.0,0.8015476427071047
511101108309,2025-09,12,14.0,12.0,25.0,20.0,8.0,15.0,19.0,17.333333333333332,12.0,14.683115378537703,119,85,2.0,0.6831153785377033
511101108310,2025-09,30,14.0,36.0,26.0,16.0,26.0,20.0,26.0,26.333333333333332,36.0,26.75056302292998,119,86,22.0,12.750563022929981
511101108311,2025-09,4,3.0,4.0,1.0,2.0,5.0,10.0,2.3333333333333335,2.8333333333333335,4.0,4.34440583693015,119,87,1.0,1.3444058369301501
511101108312,2025-09,6,2.0,3.0,2.0,4.0,3.0,4.0,3.0,2.6666666666666665,3.0,4.0253401135719935,119,88,1.0,2.0253401135719935
511101108326,2025-09,1,1.0,1.0,1.0,1.0,2.0,1.0,1.0,1.3333333333333333,1.0,1.3758765794286703,119,102,0.0,0.37587657942867025
511101108327,2025-09,2,1.0,1.0,3.0,2.0,2.0,1.0,2.0,1.6666666666666667,1.0,1.8871036004328765,119,103,0.0,0.8871036004328765
515396075556,2025-09,1,1.0,4.0,2.0,1.0,2.0,5.0,2.3333333333333335,2.1666666666666665,4.0,2.5208257167069794,120,36,3.0,1.5208257167069794
515396075558,2025-09,2,7.0,12.0,3.0,5.0,3.0,13.0,6.666666666666667,6.166666666666667,12.0,6.239168617858626,120,38,5.0,0.7608313821413741
515396075559,2025-09,18,17.0,13.0,12.0,8.0,12.0,14.0,11.0,10.5,13.0,13.32679192162172,120,39,4.0,3.6732080783782806
515396075560,2025-09,8,7.0,7.0,5.0,10.0,5.0,12.0,7.333333333333333,7.0,7.0,7.893574717727727,120,40,0.0,0.8935747177277271
515396075562,2025-09,6,5.0,1.0,5.0,3.0,1.0,2.0,3.0,3.1666666666666665,1.0,3.7175051887289827,120,42,4.0,1.2824948112710173
515396075563,2025-09,2,4.0,3.0,1.0,4.0,5.0,2.0,2.6666666666666665,3.1666666666666665,3.0,2.855353981037366,120,43,1.0,1.144646018962634
515396075564,2025-09,7,7.0,13.0,5.0,6.0,2.0,5.0,8.0,6.666666666666667,13.0,7.014539251110678,120,44,6.0,0.014539251110678109
515396075565,2025-09,10,5.0,7.0,3.0,8.0,1.0,1.0,6.0,3.6666666666666665,7.0,5.658935122965572,120,45,2.0,0.6589351229655724
515396075566,2025-09,24,11.0,5.0,8.0,5.0,6.0,4.0,6.0,5.833333333333333,5.0,10.820800443323577,120,46,6.0,0.17919955667642284
515396075567,2025-09,2,1.0,3.0,2.0,1.0,1.0,4.0,2.0,1.8333333333333333,3.0,2.4151698733874047,120,47,2.0,1.4151698733874047
515396075568,2025-09,1,1.0,2.0,1.0,1.0,1.0,1.0,1.3333333333333333,1.6666666666666667,2.0,1.5525898486891947,120,48,1.0,0.5525898486891947
515396075569,2025-09,9,13.0,15.0,25.0,20.0,21.0,5.0,20.0,21.333333333333332,15.0,14.825519104295802,120,49,2.0,1.825519104295802
515396075570,2025-09,7,5.0,1.0,9.0,18.0,11.0,4.0,9.333333333333334,9.833333333333334,1.0,7.6101989305346684,120,50,4.0,2.6101989305346684
515396075571,2025-09,1,4.0,7.0,5.0,5.0,3.0,1.0,5.666666666666667,4.0,7.0,3.273711710298458,120,51,3.0,0.7262882897015421
515396075575,2025-09,4,10.0,4.0,6.0,17.0,8.0,11.0,9.0,8.5,4.0,7.226275686297655,120,55,6.0,2.7737243137023446
515396075576,2025-09,1,2.0,4.0,1.0,1.0,2.0,2.0,2.0,1.6666666666666667,4.0,1.9421412870026487,120,56,2.0,0.05785871299735135
515396075580,2025-09,3,3.0,2.0,5.0,2.0,3.0,4.0,3.0,3.1666666666666665,2.0,3.276822750936625,120,60,1.0,0.276822750936625
515396075582,2025-09,8,4.0,4.0,7.0,11.0,2.0,6.0,7.333333333333333,5.166666666666667,4.0,6.191832916784576,120,62,0.0,2.191832916784576
515396075583,2025-09,1,1.0,2.0,4.0,4.0,1.0,5.0,3.3333333333333335,2.3333333333333335,2.0,2.499674000930592,120,63,1.0,1.4996740009305922
515396075590,2025-09,1,1.0,3.0,1.0,1.0,1.0,2.0,1.6666666666666667,1.5,3.0,1.7319343316379463,120,70,2.0,0.7319343316379463
515396075591,2025-09,2,1.0,4.0,1.0,2.0,1.0,2.0,2.3333333333333335,2.5,4.0,2.49456749111192,120,71,3.0,1.49456749111192
515396075593,2025-09,8,10.0,10.0,20.0,7.0,11.0,21.0,12.333333333333334,11.833333333333334,10.0,11.707472809178814,120,73,0.0,1.7074728091788138
515396075594,2025-09,6,7.0,2.0,7.0,2.0,5.0,6.0,3.6666666666666665,4.0,2.0,4.823114020709326,120,74,5.0,2.176885979290674
515396075595,2025-09,15,9.0,11.0,11.0,9.0,11.0,5.0,10.333333333333334,9.666666666666666,11.0,10.811021238658837,120,75,2.0,1.811021238658837
515396075596,2025-09,22,17.0,28.0,23.0,13.0,11.0,21.0,21.333333333333332,17.833333333333332,28.0,20.00200130190537,120,76,11.0,3.00200130190537
515396075597,2025-09,5,4.0,11.0,9.0,5.0,7.0,6.0,8.333333333333334,7.333333333333333,11.0,6.917488345607303,120,77,7.0,2.9174883456073033
515396075598,2025-09,4,7.0,10.0,5.0,9.0,3.0,7.0,8.0,6.166666666666667,10.0,6.06629401205977,120,78,3.0,0.9337059879402299
515396075599,2025-09,1,2.0,1.0,4.0,2.0,3.0,3.0,2.3333333333333335,2.3333333333333335,1.0,2.157277191026342,120,79,1.0,0.15727719102634197
515396075601,2025-09,3,9.0,2.0,3.0,5.0,1.0,4.0,3.3333333333333335,3.1666666666666665,2.0,3.216201052595965,120,81,7.0,5.783798947404035
515396075602,2025-09,8,16.0,12.0,8.0,12.0,14.0,16.0,10.666666666666666,10.333333333333334,12.0,10.641653322466798,120,82,4.0,5.358346677533202
515396075603,2025-09,1,4.0,2.0,3.0,5.0,2.0,2.0,3.3333333333333335,4.5,2.0,2.88668987768893,120,83,2.0,1.11331012231107
515396075604,2025-09,5,1.0,1.0,3.0,4.0,3.0,1.0,2.6666666666666665,2.6666666666666665,1.0,3.187951538010184,120,84,0.0,2.187951538010184
515396075605,2025-09,14,9.0,16.0,13.0,19.0,15.0,7.0,16.0,16.333333333333332,16.0,14.160312072533875,120,85,7.0,5.160312072533875
515396075606,2025-09,12,14.0,14.0,12.0,18.0,4.0,15.0,14.666666666666666,12.333333333333334,14.0,12.472209279392402,120,86,0.0,1.527790720607598
515396075607,2025-09,3,1.0,3.0,1.0,4.0,2.0,5.0,2.6666666666666665,2.0,3.0,2.991500840273863,120,87,2.0,1.9915008402738632
515396075608,2025-09,1,8.0,2.0,5.0,2.0,2.0,1.0,3.0,3.8333333333333335,2.0,2.5130371378800245,120,88,6.0,5.4869628621199755
515396075623,2025-09,7,5.0,8.0,15.0,7.0,6.0,8.0,10.0,7.0,8.0,7.560895269107693,120,103,3.0,2.560895269107693
519691042853,2025-09,1,2.0,1.0,1.0,3.0,1.0,2.0,1.6666666666666667,1.6666666666666667,1.0,1.6386550257181067,121,37,1.0,0.36134497428189327
519691042854,2025-09,6,4.0,2.0,5.0,3.0,6.0,5.0,3.3333333333333335,5.0,2.0,5.031083219874509,121,38,2.0,1.0310832198745086
519691042855,2025-09,8,15.0,10.0,8.0,11.0,5.0,4.0,9.666666666666666,9.333333333333334,10.0,8.162735731382632,121,39,5.0,6.837264268617368
519691042856,2025-09,13,9.0,6.0,17.0,8.0,9.0,17.0,10.333333333333334,12.833333333333334,6.0,12.34784195167011,121,40,3.0,3.3478419516701106
519691042857,2025-09,8,14.0,7.0,6.0,11.0,15.0,9.0,8.0,11.166666666666666,7.0,9.424436988701148,121,41,7.0,4.575563011298852
519691042858,2025-09,8,8.0,12.0,16.0,13.0,8.0,11.0,13.666666666666666,11.0,12.0,10.333168454373336,121,42,4.0,2.333168454373336
519691042859,2025-09,16,16.0,12.0,7.0,7.0,5.0,15.0,8.666666666666666,11.333333333333334,12.0,12.501074693511192,121,43,4.0,3.4989253064888075
519691042860,2025-09,9,6.0,18.0,5.0,5.0,18.0,15.0,9.333333333333334,11.5,18.0,11.655472876476713,121,44,12.0,5.655472876476713
519691042861,2025-09,2,3.0,7.0,1.0,5.0,1.0,6.0,4.333333333333333,4.833333333333333,7.0,4.205760175189047,121,45,4.0,1.205760175189047
519691042864,2025-09,3,6.0,1.0,2.0,6.0,2.0,1.0,3.0,3.3333333333333335,1.0,2.8289018830687365,121,48,5.0,3.1710981169312635
519691042866,2025-09,9,6.0,11.0,9.0,7.0,7.0,2.0,9.0,11.333333333333334,11.0,8.957002133002806,121,50,5.0,2.9570021330028062
519691042867,2025-09,2,2.0,1.0,1.0,2.0,4.0,1.0,1.3333333333333333,2.0,1.0,2.0062030714548236,121,51,1.0,0.006203071454823572
519691042871,2025-09,1,1.0,2.0,2.0,4.0,3.0,3.0,2.6666666666666665,2.8333333333333335,2.0,2.4257266605953296,121,55,1.0,1.4257266605953296
519691042878,2025-09,1,3.0,2.0,2.0,2.0,4.0,3.0,2.0,2.1666666666666665,2.0,2.1764923437026464,121,62,1.0,0.8235076562973536
519691042879,2025-09,2,1.0,5.0,3.0,6.0,7.0,7.0,4.666666666666667,5.0,5.0,4.547274987920366,121,63,4.0,3.5472749879203658
519691042880,2025-09,3,3.0,5.0,5.0,3.0,1.0,3.0,4.333333333333333,3.1666666666666665,5.0,3.4314503152745086,121,64,2.0,0.4314503152745086
519691042884,2025-09,2,1.0,1.0,1.0,3.0,3.0,6.0,1.6666666666666667,2.6666666666666665,1.0,2.8401717862333893,121,68,0.0,1.8401717862333893
519691042885,2025-09,1,3.0,2.0,3.0,5.0,2.0,5.0,3.3333333333333335,3.0,2.0,2.761363713315493,121,69,1.0,0.23863628668450687
519691042886,2025-09,2,3.0,2.0,3.0,3.0,3.0,1.0,2.6666666666666665,2.8333333333333335,2.0,2.4654090852352066,121,70,1.0,0.5345909147647934
519691042887,2025-09,11,9.0,7.0,6.0,9.0,5.0,13.0,7.333333333333333,10.5,7.0,10.035624091642342,121,71,2.0,1.035624091642342
519691042888,2025-09,3,1.0,8.0,2.0,1.0,3.0,1.0,3.6666666666666665,3.3333333333333335,8.0,3.4657672155456503,121,72,7.0,2.4657672155456503
519691042889,2025-09,7,10.0,2.0,12.0,7.0,9.0,10.0,7.0,5.833333333333333,2.0,6.771830613122145,121,73,8.0,3.2281693868778554
519691042890,2025-09,8,17.0,13.0,10.0,14.0,8.0,13.0,12.333333333333334,14.0,13.0,11.482890056037187,121,74,4.0,5.517109943962813
519691042891,2025-09,18,23.0,20.0,22.0,28.0,16.0,20.0,23.333333333333332,24.166666666666668,20.0,20.684475928898554,121,75,3.0,2.3155240711014464
519691042892,2025-09,27,25.0,12.0,17.0,30.0,16.0,17.0,19.666666666666668,18.5,12.0,19.97518122716871,121,76,13.0,5.0248187728312885
519691042893,2025-09,1,1.0,1.0,2.0,1.0,1.0,2.0,1.3333333333333333,1.1666666666666667,1.0,1.4405100083569167,121,77,0.0,0.44051000835691667
519691042895,2025-09,1,1.0,4.0,1.0,4.0,4.0,7.0,3.0,3.5,4.0,3.3689292784884186,121,79,3.0,2.3689292784884186
519691042897,2025-09,5,1.0,5.0,2.0,2.0,4.0,6.0,3.0,2.5,5.0,4.1273385561774,121,81,4.0,3.1273385561774
519691042898,2025-09,17,12.0,7.0,10.0,5.0,9.0,11.0,7.333333333333333,8.166666666666666,7.0,10.910713526801896,121,82,5.0,1.0892864731981042
519691042901,2025-09,10,10.0,11.0,5.0,12.0,4.0,8.0,9.333333333333334,8.5,11.0,8.932704896603907,121,85,1.0,1.0672951033960931
519691042902,2025-09,5,5.0,8.0,3.0,3.0,6.0,6.0,4.666666666666667,4.0,8.0,5.121827733719394,121,86,3.0,0.12182773371939426
519691042903,2025-09,2,2.0,4.0,3.0,2.0,3.0,2.0,3.0,2.5,4.0,2.663733462383261,121,87,2.0,0.6637334623832611
519691042904,2025-09,2,2.0,2.0,1.0,3.0,1.0,2.0,2.0,1.5,2.0,1.977870138233218,121,88,0.0,0.022129861766782
519691042918,2025-09,4,2.0,3.0,3.0,1.0,5.0,1.0,2.3333333333333335,4.0,3.0,3.547684486930729,121,102,1.0,1.547684486930729
519691042919,2025-09,13,12.0,25.0,26.0,29.0,23.0,20.0,26.666666666666668,22.833333333333332,25.0,19.881788171145608,121,103,13.0,7.881788171145608
523986010133,2025-09,8,1.0,1.0,1.0,3.0,2.0,1.0,1.6666666666666667,1.8333333333333333,1.0,3.6025745386519024,122,21,0.0,2.6025745386519024
523986010146,2025-09,3,5.0,5.0,2.0,3.0,1.0,2.0,3.3333333333333335,4.5,5.0,3.6292941395362615,122,34,0.0,1.3707058604637385
523986010148,2025-09,4,1.0,2.0,4.0,1.0,1.0,3.0,2.3333333333333335,2.6666666666666665,2.0,3.105563816180683,122,36,1.0,2.105563816180683
523986010149,2025-09,16,8.0,10.0,14.0,11.0,15.0,12.0,11.666666666666666,13.0,10.0,13.330785105473051,122,37,2.0,5.330785105473051
523986010150,2025-09,7,6.0,5.0,4.0,3.0,3.0,7.0,4.0,4.333333333333333,5.0,5.5002715915048075,122,38,1.0,0.4997284084951925
523986010151,2025-09,8,11.0,11.0,6.0,9.0,8.0,5.0,8.666666666666666,9.0,11.0,8.267264885981884,122,39,0.0,2.7327351140181158
523986010152,2025-09,12,18.0,12.0,5.0,18.0,10.0,25.0,11.666666666666666,12.333333333333334,12.0,13.478284175838574,122,40,6.0,4.521715824161426
523986010154,2025-09,16,11.0,14.0,11.0,11.0,5.0,18.0,12.0,10.333333333333334,14.0,13.06809998629575,122,42,3.0,2.068099986295749
523986010155,2025-09,19,18.0,25.0,12.0,16.0,14.0,18.0,17.666666666666668,15.833333333333334,25.0,17.581837564540045,122,43,7.0,0.4181624354599549
523986010156,2025-09,3,3.0,2.0,3.0,6.0,1.0,2.0,3.6666666666666665,2.5,2.0,2.7827380779428132,122,44,1.0,0.21726192205718675
523986010157,2025-09,1,5.0,1.0,1.0,2.0,1.0,1.0,1.3333333333333333,2.8333333333333335,1.0,1.8655270596172944,122,45,4.0,3.1344729403827056
523986010161,2025-09,1,2.0,1.0,3.0,2.0,2.0,2.0,2.0,1.6666666666666667,1.0,1.727232970866515,122,49,1.0,0.27276702913348494
523986010170,2025-09,7,2.0,4.0,3.0,4.0,1.0,3.0,3.6666666666666665,3.0,4.0,4.35769379440914,122,58,2.0,2.3576937944091396
523986010171,2025-09,4,2.0,3.0,9.0,2.0,2.0,4.0,4.666666666666667,5.0,3.0,4.396171007185695,122,59,1.0,2.3961710071856954
523986010176,2025-09,1,2.0,4.0,2.0,3.0,1.0,2.0,3.0,3.8333333333333335,4.0,2.729427645409399,122,64,2.0,0.7294276454093991
523986010177,2025-09,5,4.0,1.0,7.0,10.0,1.0,7.0,6.0,6.5,1.0,5.494380305161698,122,65,3.0,1.4943803051616982
523986010180,2025-09,3,8.0,6.0,6.0,16.0,9.0,12.0,9.333333333333334,8.166666666666666,6.0,7.1849528712528326,122,68,2.0,0.8150471287471674
523986010181,2025-09,9,4.0,5.0,6.0,8.0,4.0,5.0,6.333333333333333,6.333333333333333,5.0,6.789513551902101,122,69,1.0,2.7895135519021013
523986010182,2025-09,2,6.0,10.0,6.0,1.0,8.0,2.0,5.666666666666667,5.166666666666667,10.0,4.518111495129771,122,70,4.0,1.4818885048702288
523986010183,2025-09,14,11.0,15.0,10.0,12.0,10.0,15.0,12.333333333333334,11.5,15.0,12.843198413197104,122,71,4.0,1.8431984131971042
523986010186,2025-09,15,22.0,28.0,23.0,31.0,15.0,21.0,27.333333333333332,23.333333333333332,28.0,20.668060866901904,122,74,6.0,1.3319391330980963
523986010187,2025-09,16,7.0,8.0,8.0,10.0,15.0,15.0,8.666666666666666,10.666666666666666,8.0,12.430659954183906,122,75,1.0,5.430659954183906
523986010188,2025-09,10,13.0,18.0,21.0,25.0,26.0,8.0,21.333333333333332,21.0,18.0,15.945160459991673,122,76,5.0,2.9451604599916728
523986010190,2025-09,14,16.0,30.0,10.0,21.0,16.0,18.0,20.333333333333332,19.666666666666668,30.0,18.175689235184937,122,78,14.0,2.1756892351849366
523986010191,2025-09,16,19.0,20.0,16.0,24.0,33.0,27.0,20.0,23.833333333333332,20.0,21.24413968755677,122,79,1.0,2.244139687556771
523986010192,2025-09,1,1.0,3.0,5.0,1.0,1.0,1.0,3.0,2.3333333333333335,3.0,2.0450542900967523,122,80,2.0,1.0450542900967523
523986010193,2025-09,2,2.0,2.0,2.0,2.0,2.0,1.0,2.0,2.0,2.0,2.0680470876831407,122,81,0.0,0.06804708768314072
523986010195,2025-09,3,2.0,1.0,2.0,1.0,2.0,2.0,1.3333333333333333,1.6666666666666667,1.0,2.2189827507444893,122,83,1.0,0.21898275074448925
523986010197,2025-09,2,1.0,3.0,2.0,2.0,6.0,1.0,2.3333333333333335,2.6666666666666665,3.0,2.577432401049661,122,85,2.0,1.577432401049661
523986010198,2025-09,1,3.0,1.0,1.0,2.0,5.0,2.0,1.3333333333333333,2.0,1.0,1.8907390437011706,122,86,2.0,1.1092609562988294
523986010199,2025-09,1,1.0,1.0,3.0,5.0,5.0,1.0,3.0,2.8333333333333335,1.0,2.2320505074447254,122,87,0.0,1.2320505074447254
523986010200,2025-09,5,3.0,1.0,1.0,2.0,2.0,1.0,1.3333333333333333,1.8333333333333333,1.0,2.7142317323249276,122,88,2.0,0.28576826767507235
523986010214,2025-09,3,2.0,4.0,3.0,1.0,7.0,3.0,2.6666666666666665,4.166666666666667,4.0,3.7666105789809965,122,102,2.0,1.7666105789809965
523986010215,2025-09,6,9.0,9.0,5.0,12.0,5.0,9.0,8.666666666666666,9.0,9.0,7.910076367335678,122,103,0.0,1.0899236326643216
523986010216,2025-09,4,3.0,14.0,4.0,12.0,6.0,7.0,10.0,7.333333333333333,14.0,7.097041673377289,122,104,11.0,4.097041673377289
528280977430,2025-09,1,1.0,1.0,1.0,5.0,3.0,1.0,2.3333333333333335,2.0,1.0,1.7862869485672164,123,22,0.0,0.7862869485672164
528280977432,2025-09,5,1.0,4.0,3.0,6.0,3.0,2.0,4.333333333333333,3.1666666666666665,4.0,3.88189861172585,123,24,3.0,2.88189861172585
528280977441,2025-09,3,5.0,4.0,10.0,7.0,6.0,2.0,7.0,7.166666666666667,4.0,5.0920953607333885,123,33,1.0,0.09209536073338853
528280977442,2025-09,2,4.0,4.0,1.0,6.0,1.0,2.0,3.6666666666666665,3.3333333333333335,4.0,2.915890775958996,123,34,0.0,1.0841092240410042
528280977445,2025-09,3,5.0,2.0,5.0,4.0,10.0,8.0,3.6666666666666665,5.666666666666667,2.0,4.98655723282141,123,37,3.0,0.013442767178590387
528280977446,2025-09,13,9.0,16.0,16.0,10.0,10.0,12.0,14.0,11.833333333333334,16.0,12.576410451264422,123,38,7.0,3.5764104512644224
528280977447,2025-09,15,24.0,24.0,15.0,25.0,13.0,17.0,21.333333333333332,18.166666666666668,24.0,17.38718700179323,123,39,0.0,6.6128129982067705
528280977448,2025-09,9,11.0,10.0,12.0,22.0,10.0,11.0,14.666666666666666,12.0,10.0,10.981918168570386,123,40,1.0,0.018081831429613615
528280977449,2025-09,7,12.0,3.0,5.0,5.0,6.0,6.0,4.333333333333333,5.0,3.0,5.622163862970529,123,41,9.0,6.377836137029471
528280977450,2025-09,19,28.0,11.0,25.0,15.0,19.0,25.0,17.0,16.166666666666668,11.0,17.72317162067823,123,42,17.0,10.27682837932177
528280977451,2025-09,1,4.0,3.0,7.0,11.0,2.0,1.0,7.0,4.333333333333333,3.0,3.195462112912457,123,43,1.0,0.8045378870875428
528280977452,2025-09,2,1.0,1.0,2.0,2.0,3.0,11.0,1.6666666666666667,2.0,1.0,3.243804497857303,123,44,0.0,2.243804497857303
528280977458,2025-09,5,6.0,1.0,2.0,8.0,6.0,2.0,3.6666666666666665,5.0,1.0,4.324377066602736,123,50,5.0,1.675622933397264
528280977465,2025-09,1,1.0,3.0,4.0,1.0,4.0,1.0,2.6666666666666665,2.5,3.0,2.1934172292331375,123,57,2.0,1.1934172292331375
528280977466,2025-09,3,5.0,2.0,1.0,7.0,1.0,1.0,3.3333333333333335,2.8333333333333335,2.0,2.7250226052103557,123,58,3.0,2.2749773947896443
528280977467,2025-09,2,2.0,1.0,1.0,2.0,5.0,2.0,1.3333333333333333,2.6666666666666665,1.0,2.3960709077916853,123,59,1.0,0.3960709077916853
528280977473,2025-09,4,2.0,7.0,2.0,5.0,3.0,7.0,4.666666666666667,5.166666666666667,7.0,5.137679550130278,123,65,5.0,3.1376795501302777
528280977474,2025-09,3,2.0,1.0,9.0,1.0,13.0,3.0,3.6666666666666665,5.666666666666667,1.0,4.440541642393832,123,66,1.0,2.440541642393832
528280977475,2025-09,15,7.0,15.0,12.0,14.0,19.0,5.0,13.666666666666666,14.5,15.0,13.433546910773405,123,67,8.0,6.433546910773405
528280977476,2025-09,11,12.0,5.0,14.0,12.0,17.0,24.0,10.333333333333334,14.0,5.0,13.305221661625026,123,68,7.0,1.3052216616250263
528280977477,2025-09,4,8.0,2.0,11.0,9.0,11.0,13.0,7.333333333333333,8.166666666666666,2.0,7.187691638143233,123,69,6.0,0.8123083618567666
528280977478,2025-09,6,13.0,5.0,3.0,3.0,1.0,2.0,3.6666666666666665,3.3333333333333335,5.0,4.134395282727339,123,70,8.0,8.86560471727266
528280977479,2025-09,11,11.0,17.0,13.0,29.0,18.0,33.0,19.666666666666668,16.5,17.0,17.197747368029276,123,71,6.0,6.197747368029276
528280977480,2025-09,9,7.0,16.0,16.0,7.0,15.0,11.0,13.0,13.666666666666666,16.0,12.038015539669287,123,72,9.0,5.038015539669287
528280977482,2025-09,8,6.0,25.0,13.0,26.0,17.0,17.0,21.333333333333332,19.833333333333332,25.0,16.19594151891237,123,74,19.0,10.19594151891237
528280977483,2025-09,5,12.0,8.0,6.0,3.0,14.0,8.0,5.666666666666667,8.166666666666666,8.0,7.228963966599216,123,75,4.0,4.771036033400784
528280977484,2025-09,22,13.0,12.0,15.0,23.0,15.0,18.0,16.666666666666668,16.166666666666668,12.0,17.52659283665253,123,76,1.0,4.526592836652529
528280977485,2025-09,38,59.0,48.0,36.0,36.0,46.0,27.0,40.0,41.833333333333336,48.0,38.37628504858138,123,77,11.0,20.62371495141862
528280977486,2025-09,20,18.0,14.0,21.0,19.0,20.0,7.0,18.0,19.0,14.0,17.07222952449283,123,78,4.0,0.9277704755071703
528280977487,2025-09,17,8.0,13.0,15.0,12.0,10.0,4.0,13.333333333333334,11.333333333333334,13.0,12.253945715914476,123,79,5.0,4.253945715914476
528280977488,2025-09,3,2.0,3.0,4.0,3.0,5.0,2.0,3.3333333333333335,3.5,3.0,3.3343945372440844,123,80,1.0,1.3343945372440844
528280977489,2025-09,2,2.0,4.0,1.0,1.0,4.0,1.0,2.0,2.6666666666666665,4.0,2.522742225321821,123,81,2.0,0.5227422253218208
528280977490,2025-09,2,7.0,5.0,5.0,7.0,2.0,7.0,5.666666666666667,5.0,5.0,4.441776170812995,123,82,2.0,2.558223829187005
528280977491,2025-09,3,3.0,2.0,5.0,4.0,3.0,2.0,3.6666666666666665,3.3333333333333335,2.0,3.1561387881998693,123,83,1.0,0.15613878819986926
528280977510,2025-09,2,2.0,6.0,5.0,2.0,2.0,2.0,4.333333333333333,3.1666666666666665,6.0,3.1419193703629453,123,102,4.0,1.1419193703629453
528280977511,2025-09,1,2.0,1.0,5.0,8.0,6.0,4.0,4.666666666666667,4.0,1.0,3.2251402658003414,123,103,1.0,1.2251402658003414
532575944727,2025-09,1,1.0,1.0,1.0,3.0,1.0,3.0,1.6666666666666667,2.5,1.0,2.0394357777634973,124,23,0.0,1.0394357777634973
532575944734,2025-09,1,1.0,6.0,4.0,3.0,1.0,3.0,4.333333333333333,3.3333333333333335,6.0,2.9889666969923745,124,30,5.0,1.9889666969923745
532575944735,2025-09,4,2.0,6.0,7.0,2.0,3.0,2.0,5.0,4.666666666666667,6.0,4.332661985523848,124,31,4.0,2.332661985523848
532575944737,2025-09,1,1.0,2.0,1.0,2.0,1.0,1.0,1.6666666666666667,1.3333333333333333,2.0,1.4781322379569541,124,33,1.0,0.47813223795695414
532575944741,2025-09,4,3.0,5.0,4.0,5.0,7.0,2.0,4.666666666666667,6.333333333333333,5.0,4.941017853418029,124,37,2.0,1.9410178534180291
532575944742,2025-09,20,22.0,14.0,20.0,29.0,18.0,13.0,21.0,20.333333333333332,14.0,18.492709306951923,124,38,8.0,3.507290693048077
532575944743,2025-09,20,17.0,12.0,34.0,27.0,23.0,21.0,24.333333333333332,22.333333333333332,12.0,20.641186694623556,124,39,5.0,3.6411866946235563
532575944744,2025-09,11,10.0,31.0,13.0,13.0,17.0,17.0,19.0,18.166666666666668,31.0,16.687434225868415,124,40,21.0,6.687434225868415
532575944745,2025-09,2,3.0,4.0,9.0,7.0,8.0,3.0,6.666666666666667,6.0,4.0,4.593624928320839,124,41,1.0,1.593624928320839
532575944746,2025-09,8,19.0,21.0,15.0,14.0,18.0,23.0,16.666666666666668,15.5,21.0,14.75139198360849,124,42,2.0,4.248608016391509
532575944747,2025-09,1,8.0,1.0,3.0,5.0,2.0,3.0,3.0,4.166666666666667,1.0,2.7897531710549224,124,43,7.0,5.210246828945078
532575944748,2025-09,1,5.0,6.0,4.0,3.0,5.0,4.0,4.333333333333333,4.666666666666667,6.0,3.733332408852287,124,44,1.0,1.266667591147713
532575944749,2025-09,1,2.0,3.0,2.0,6.0,3.0,5.0,3.6666666666666665,3.5,3.0,3.078214744209925,124,45,1.0,1.0782147442099248
532575944753,2025-09,3,2.0,4.0,7.0,2.0,3.0,3.0,4.333333333333333,3.1666666666666665,4.0,3.4539540262048583,124,49,2.0,1.4539540262048583
532575944754,2025-09,10,8.0,13.0,4.0,7.0,7.0,14.0,8.0,8.333333333333334,13.0,9.75558233784355,124,50,5.0,1.7555823378435491
532575944755,2025-09,27,11.0,27.0,17.0,25.0,14.0,25.0,23.0,18.833333333333332,27.0,22.466777793009854,124,51,16.0,11.466777793009854
532575944760,2025-09,3,3.0,4.0,2.0,2.0,5.0,2.0,2.6666666666666665,3.0,4.0,3.1623826287549894,124,56,1.0,0.16238262875498943
532575944761,2025-09,1,1.0,1.0,1.0,2.0,1.0,2.0,1.3333333333333333,1.8333333333333333,1.0,1.6577931189291135,124,57,0.0,0.6577931189291135
532575944763,2025-09,3,2.0,3.0,3.0,1.0,1.0,7.0,2.3333333333333335,2.0,3.0,3.167269062054852,124,59,1.0,1.167269062054852
532575944769,2025-09,9,4.0,2.0,10.0,5.0,5.0,3.0,5.666666666666667,5.166666666666667,2.0,5.919035956456618,124,65,2.0,1.919035956456618
532575944770,2025-09,21,25.0,20.0,21.0,19.0,21.0,21.0,20.0,20.833333333333332,20.0,20.410653931378373,124,66,5.0,4.5893460686216265
532575944771,2025-09,14,15.0,47.0,39.0,27.0,27.0,30.0,37.666666666666664,33.166666666666664,47.0,27.895618636865592,124,67,32.0,12.895618636865592
532575944772,2025-09,8,14.0,23.0,21.0,15.0,12.0,23.0,19.666666666666668,19.0,23.0,16.144863639987705,124,68,9.0,2.1448636399877046
532575944773,2025-09,28,15.0,29.0,11.0,20.0,27.0,18.0,20.0,21.333333333333332,29.0,23.087624269897162,124,69,14.0,8.087624269897162
532575944774,2025-09,9,24.0,17.0,5.0,17.0,10.0,8.0,13.0,11.5,17.0,10.754634166592474,124,70,7.0,13.245365833407526
532575944775,2025-09,24,30.0,13.0,22.0,17.0,21.0,12.0,17.333333333333332,17.166666666666668,13.0,18.122585130962154,124,71,17.0,11.877414869037846
532575944776,2025-09,21,26.0,25.0,17.0,10.0,20.0,9.0,17.333333333333332,16.5,25.0,17.503807726812845,124,72,1.0,8.496192273187155
532575944777,2025-09,1,2.0,2.0,3.0,3.0,1.0,2.0,2.6666666666666665,2.5,2.0,2.1060862170009678,124,73,0.0,0.10608621700096776
532575944778,2025-09,7,7.0,12.0,18.0,11.0,8.0,4.0,13.666666666666666,11.5,12.0,9.353780980882378,124,74,5.0,2.3537809808823784
532575944779,2025-09,10,11.0,14.0,17.0,21.0,11.0,9.0,17.333333333333332,13.166666666666666,14.0,12.055872697086516,124,75,3.0,1.0558726970865155
532575944780,2025-09,1,3.0,7.0,6.0,6.0,2.0,2.0,6.333333333333333,5.0,7.0,3.7617631861855685,124,76,4.0,0.7617631861855685
532575944781,2025-09,24,21.0,23.0,25.0,25.0,19.0,11.0,24.333333333333332,22.666666666666668,23.0,21.24992174735657,124,77,2.0,0.24992174735657002
532575944782,2025-09,16,12.0,17.0,11.0,19.0,12.0,16.0,15.666666666666666,13.666666666666666,17.0,14.857864123105017,124,78,5.0,2.857864123105017
532575944783,2025-09,4,3.0,5.0,5.0,2.0,3.0,4.0,4.0,3.0,5.0,3.8369995355132627,124,79,2.0,0.8369995355132627
532575944784,2025-09,1,1.0,2.0,1.0,1.0,1.0,1.0,1.3333333333333333,1.1666666666666667,2.0,1.3866312961254934,124,80,1.0,0.3866312961254934
532575944786,2025-09,6,3.0,6.0,4.0,4.0,2.0,4.0,4.666666666666667,3.8333333333333335,6.0,4.7799654101461435,124,82,3.0,1.7799654101461435
532575944787,2025-09,6,2.0,8.0,6.0,5.0,5.0,8.0,6.333333333333333,6.166666666666667,8.0,6.521886982656101,124,83,6.0,4.521886982656101
532575944788,2025-09,4,4.0,6.0,6.0,4.0,8.0,12.0,5.333333333333333,6.333333333333333,6.0,6.381908278989419,124,84,2.0,2.3819082789894193
532575944789,2025-09,4,1.0,2.0,4.0,1.0,5.0,7.0,2.3333333333333335,3.3333333333333335,2.0,4.0012009512733275,124,85,1.0,3.0012009512733275
532575944793,2025-09,1,1.0,2.0,1.0,2.0,5.0,2.0,1.6666666666666667,2.8333333333333335,2.0,2.2778174673380995,124,89,1.0,1.2778174673380995
532575944807,2025-09,1,2.0,2.0,5.0,4.0,6.0,2.0,3.6666666666666665,3.1666666666666665,2.0,2.665931488105585,124,103,0.0,0.6659314881055849
532575944808,2025-09,6,8.0,2.0,3.0,5.0,8.0,6.0,3.3333333333333335,4.333333333333333,2.0,5.0148115988287305,124,104,6.0,2.9851884011712695
536870912024,2025-09,3,3.0,3.0,4.0,3.0,1.0,3.0,3.3333333333333335,2.6666666666666665,3.0,3.0043537068263158,125,24,0.0,0.004353706826315751
536870912026,2025-09,4,4.0,1.0,1.0,1.0,1.0,1.0,1.0,1.0,1.0,2.0729923245902455,125,26,3.0,1.9270076754097545
536870912027,2025-09,2,5.0,3.0,11.0,7.0,7.0,2.0,7.0,5.833333333333333,3.0,4.3395875761628435,125,27,2.0,0.6604124238371565
536870912030,2025-09,1,2.0,1.0,1.0,2.0,2.0,1.0,1.3333333333333333,1.8333333333333333,1.0,1.5780165563025967,125,30,1.0,0.42198344369740326
536870912031,2025-09,5,11.0,7.0,5.0,3.0,4.0,17.0,5.0,4.833333333333333,7.0,6.645498858146759,125,31,4.0,4.354501141853241
536870912032,2025-09,1,2.0,2.0,6.0,1.0,2.0,3.0,3.0,2.1666666666666665,2.0,2.2122032510588703,125,32,0.0,0.21220325105887028
536870912035,2025-09,19,11.0,9.0,2.0,15.0,7.0,15.0,8.666666666666666,8.166666666666666,9.0,12.148105413524611,125,35,2.0,1.1481054135246112
536870912036,2025-09,21,18.0,6.0,14.0,13.0,20.0,16.0,11.0,13.833333333333334,6.0,15.376856834424949,125,36,12.0,2.6231431655750512
536870912037,2025-09,11,7.0,6.0,8.0,8.0,15.0,7.0,7.333333333333333,10.0,6.0,9.502323077875303,125,37,1.0,2.502323077875303
536870912038,2025-09,18,16.0,14.0,24.0,15.0,21.0,15.0,17.666666666666668,17.166666666666668,14.0,16.909282615302565,125,38,2.0,0.9092826153025655
536870912039,2025-09,15,18.0,16.0,12.0,20.0,18.0,14.0,16.0,14.5,16.0,14.834358170805821,125,39,2.0,3.165641829194179
536870912040,2025-09,18,14.0,14.0,13.0,14.0,8.0,10.0,13.666666666666666,12.5,14.0,13.6840128325839,125,40,0.0,0.31598716741610033
536870912041,2025-09,15,21.0,16.0,17.0,27.0,14.0,16.0,20.0,17.833333333333332,16.0,16.465640332144524,125,41,5.0,4.534359667855476
536870912042,2025-09,11,12.0,18.0,7.0,11.0,8.0,10.0,12.0,10.0,18.0,10.958164279980902,125,42,6.0,1.0418357200190975
536870912043,2025-09,18,10.0,15.0,16.0,15.0,13.0,11.0,15.333333333333334,13.333333333333334,15.0,14.574018005502703,125,43,5.0,4.574018005502703
536870912044,2025-09,8,11.0,11.0,9.0,13.0,11.0,10.0,11.0,11.833333333333334,11.0,10.227087160186883,125,44,0.0,0.7729128398131166
536870912045,2025-09,3,3.0,4.0,4.0,4.0,4.0,3.0,4.0,4.166666666666667,4.0,3.782111430296524,125,45,1.0,0.7821114302965242
536870912046,2025-09,3,1.0,8.0,1.0,2.0,1.0,2.0,3.6666666666666665,3.1666666666666665,8.0,3.4418226993254883,125,46,7.0,2.4418226993254883
536870912048,2025-09,5,3.0,7.0,3.0,4.0,3.0,5.0,4.666666666666667,3.5,7.0,4.624166799557818,125,48,4.0,1.624166799557818
536870912050,2025-09,1,3.0,10.0,12.0,6.0,9.0,4.0,9.333333333333334,8.5,10.0,6.055186406728934,125,50,7.0,3.055186406728934
536870912051,2025-09,3,7.0,5.0,6.0,2.0,1.0,1.0,4.333333333333333,4.5,5.0,3.6296350860786717,125,51,2.0,3.3703649139213283
536870912052,2025-09,10,5.0,1.0,8.0,7.0,17.0,12.0,5.333333333333333,7.333333333333333,1.0,8.45430042488746,125,52,4.0,3.4543004248874603
536870912053,2025-09,4,4.0,1.0,1.0,3.0,4.0,2.0,1.6666666666666667,2.5,1.0,2.90063380077914,125,53,3.0,1.09936619922086
536870912055,2025-09,2,2.0,3.0,4.0,3.0,3.0,3.0,3.3333333333333335,3.1666666666666665,3.0,2.9750716690098447,125,55,1.0,0.9750716690098447
536870912056,2025-09,4,4.0,7.0,11.0,9.0,4.0,2.0,9.0,6.666666666666667,7.0,5.565359139085567,125,56,3.0,1.565359139085567
536870912058,2025-09,2,1.0,5.0,2.0,4.0,1.0,1.0,3.6666666666666665,2.3333333333333335,5.0,2.5380848776256455,125,58,4.0,1.5380848776256455
536870912061,2025-09,4,4.0,1.0,1.0,1.0,1.0,4.0,1.0,1.1666666666666667,1.0,2.5008613354291445,125,61,3.0,1.4991386645708555
536870912062,2025-09,1,1.0,1.0,1.0,1.0,2.0,3.0,1.0,1.3333333333333333,1.0,1.6242429083071137,125,62,0.0,0.6242429083071137
536870912065,2025-09,26,30.0,25.0,15.0,29.0,17.0,15.0,23.0,22.166666666666668,25.0,22.023913768008295,125,65,5.0,7.9760862319917045
536870912066,2025-09,26,24.0,15.0,34.0,28.0,52.0,28.0,25.666666666666668,29.5,15.0,27.248946248115622,125,66,9.0,3.2489462481156224
536870912067,2025-09,15,9.0,17.0,20.0,13.0,20.0,9.0,16.666666666666668,15.833333333333334,17.0,14.923433628847885,125,67,8.0,5.923433628847885
536870912068,2025-09,4,10.0,8.0,11.0,4.0,7.0,11.0,7.666666666666667,7.0,8.0,6.856440173998777,125,68,2.0,3.1435598260012227
536870912069,2025-09,11,9.0,28.0,22.0,9.0,14.0,10.0,19.666666666666668,14.5,28.0,14.353322132962091,125,69,19.0,5.3533221329620915
536870912070,2025-09,11,19.0,18.0,14.0,20.0,28.0,17.0,17.333333333333332,18.166666666666668,18.0,16.033102331402805,125,70,1.0,2.966897668597195
536870912071,2025-09,7,5.0,4.0,4.0,5.0,4.0,8.0,4.333333333333333,4.333333333333333,4.0,5.630743370346425,125,71,1.0,0.6307433703464254
536870912072,2025-09,22,20.0,25.0,29.0,27.0,22.0,17.0,27.0,24.666666666666668,25.0,22.677997217647494,125,72,5.0,2.677997217647494
536870912073,2025-09,16,18.0,12.0,14.0,22.0,13.0,4.0,16.0,13.166666666666666,12.0,12.922783443329118,125,73,6.0,5.077216556670882
536870912074,2025-09,6,15.0,6.0,8.0,9.0,12.0,8.0,7.666666666666667,9.333333333333334,6.0,7.887920821073788,125,74,9.0,7.112079178926212
536870912075,2025-09,19,28.0,27.0,28.0,19.0,21.0,19.0,24.666666666666668,23.166666666666668,27.0,21.42325379876213,125,75,1.0,6.576746201237871
536870912076,2025-09,41,33.0,20.0,24.0,21.0,36.0,20.0,21.666666666666668,24.666666666666668,20.0,28.098886577319107,125,76,13.0,4.9011134226808934
536870912077,2025-09,46,51.0,53.0,45.0,34.0,38.0,42.0,44.0,41.833333333333336,53.0,42.99783883865277,125,77,2.0,8.002161161347232
536870912078,2025-09,2,8.0,12.0,4.0,7.0,4.0,9.0,7.666666666666667,6.833333333333333,12.0,6.120659864442796,125,78,4.0,1.8793401355572037
536870912079,2025-09,4,6.0,2.0,3.0,3.0,3.0,5.0,2.6666666666666665,3.1666666666666665,2.0,3.6408883660457274,125,79,4.0,2.3591116339542726
536870912082,2025-09,1,1.0,1.0,2.0,1.0,1.0,4.0,1.3333333333333333,1.3333333333333333,1.0,1.7441958547565939,125,82,0.0,0.7441958547565939
536870912083,2025-09,16,18.0,16.0,15.0,24.0,22.0,39.0,18.333333333333332,21.333333333333332,16.0,20.93397255012315,125,83,2.0,2.9339725501231513
536870912084,2025-09,17,10.0,9.0,5.0,3.0,15.0,21.0,5.666666666666667,10.166666666666666,9.0,13.0305358966514,125,84,1.0,3.0305358966514007
536870912085,2025-09,8,9.0,5.0,3.0,4.0,4.0,1.0,4.0,6.333333333333333,5.0,5.74347225142983,125,85,4.0,3.2565277485701696
536870912086,2025-09,1,3.0,1.0,4.0,2.0,1.0,1.0,2.3333333333333335,2.0,1.0,1.709458623480021,125,86,2.0,1.290541376519979
536870912104,2025-09,1,3.0,1.0,3.0,3.0,1.0,2.0,2.3333333333333335,2.0,1.0,1.8296468284065046,125,104,2.0,1.1703531715934954
541165879319,2025-09,2,1.0,2.0,1.0,1.0,1.0,2.0,1.3333333333333333,1.6666666666666667,2.0,1.9608268071339978,126,23,1.0,0.9608268071339978
541165879320,2025-09,11,14.0,21.0,18.0,13.0,24.0,10.0,17.333333333333332,18.5,21.0,15.33571088133246,126,24,7.0,1.33571088133246
541165879327,2025-09,4,2.0,1.0,1.0,2.0,2.0,1.0,1.3333333333333333,2.1666666666666665,1.0,2.540816973361812,126,31,1.0,0.540816973361812
541165879328,2025-09,3,5.0,8.0,6.0,1.0,3.0,1.0,5.0,4.833333333333333,8.0,4.124348408528612,126,32,3.0,0.8756515914713878
541165879329,2025-09,3,2.0,1.0,1.0,5.0,1.0,2.0,2.3333333333333335,3.0,1.0,2.7216816025195936,126,33,1.0,0.7216816025195936
541165879332,2025-09,1,1.0,3.0,2.0,2.0,5.0,5.0,2.3333333333333335,2.3333333333333335,3.0,2.635065627945794,126,36,2.0,1.635065627945794
541165879333,2025-09,9,9.0,5.0,8.0,14.0,13.0,13.0,9.0,11.166666666666666,5.0,10.08434560535329,126,37,4.0,1.08434560535329
541165879334,2025-09,9,8.0,10.0,19.0,9.0,15.0,5.0,12.666666666666666,12.333333333333334,10.0,10.380367396768857,126,38,2.0,2.3803673967688574
541165879335,2025-09,8,9.0,11.0,9.0,18.0,13.0,11.0,12.666666666666666,15.166666666666666,11.0,11.727381000227322,126,39,2.0,2.7273810002273216
541165879336,2025-09,80,57.0,63.0,76.0,57.0,61.0,109.0,65.33333333333333,64.16666666666667,63.0,72.59255605976273,126,40,6.0,15.592556059762728
541165879337,2025-09,63,81.0,74.0,78.0,68.0,65.0,74.0,73.33333333333333,74.83333333333333,74.0,68.82894396630165,126,41,7.0,12.171056033698349
541165879338,2025-09,37,32.0,26.0,21.0,31.0,32.0,44.0,26.0,32.0,26.0,33.103669819339515,126,42,6.0,1.1036698193395154
541165879339,2025-09,11,18.0,19.0,13.0,14.0,16.0,15.0,15.333333333333334,14.166666666666666,19.0,13.777404266608727,126,43,1.0,4.222595733391273
541165879340,2025-09,15,20.0,14.0,15.0,32.0,11.0,19.0,20.333333333333332,18.333333333333332,14.0,16.750521254431455,126,44,6.0,3.2494787455685454
541165879341,2025-09,7,9.0,7.0,5.0,4.0,4.0,8.0,5.333333333333333,5.666666666666667,7.0,6.408736978121322,126,45,2.0,2.591263021878678
541165879342,2025-09,1,2.0,2.0,4.0,1.0,2.0,8.0,2.3333333333333335,2.6666666666666665,2.0,2.91872485817275,126,46,0.0,0.9187248581727498
541165879343,2025-09,3,1.0,5.0,2.0,4.0,6.0,2.0,3.6666666666666665,4.0,5.0,3.7215500203463137,126,47,4.0,2.7215500203463137
541165879346,2025-09,1,1.0,1.0,2.0,1.0,1.0,2.0,1.3333333333333333,1.5,1.0,1.5511490433993842,126,50,0.0,0.5511490433993842
541165879347,2025-09,4,3.0,6.0,1.0,3.0,5.0,8.0,3.3333333333333335,4.833333333333333,6.0,5.0170168146782625,126,51,3.0,2.0170168146782625
541165879348,2025-09,18,22.0,9.0,25.0,6.0,20.0,14.0,13.333333333333334,15.166666666666666,9.0,15.238998023672941,126,52,13.0,6.761001976327059
541165879349,2025-09,5,11.0,7.0,4.0,1.0,4.0,6.0,4.0,4.0,7.0,4.890347229265732,126,53,4.0,6.109652770734268
541165879350,2025-09,8,18.0,24.0,18.0,13.0,9.0,12.0,18.333333333333332,13.166666666666666,24.0,12.627034748416387,126,54,6.0,5.372965251583613
541165879351,2025-09,6,4.0,6.0,9.0,7.0,8.0,6.0,7.333333333333333,6.666666666666667,6.0,6.544629339807295,126,55,2.0,2.5446293398072948
541165879352,2025-09,13,13.0,11.0,14.0,13.0,13.0,15.0,12.666666666666666,12.666666666666666,11.0,12.834564662757309,126,56,2.0,0.1654353372426911
541165879353,2025-09,6,2.0,17.0,16.0,20.0,14.0,7.0,17.666666666666668,14.333333333333334,17.0,11.446832320231591,126,57,15.0,9.446832320231591
541165879354,2025-09,8,11.0,4.0,14.0,10.0,20.0,7.0,9.333333333333334,9.666666666666666,4.0,8.85401514937633,126,58,7.0,2.1459848506236696
541165879361,2025-09,17,17.0,11.0,26.0,9.0,12.0,7.0,15.333333333333334,13.666666666666666,11.0,13.60221593521523,126,65,6.0,3.3977840647847692
541165879362,2025-09,5,5.0,4.0,4.0,7.0,6.0,5.0,5.0,5.0,4.0,5.072540411348394,126,66,1.0,0.07254041134839362
541165879363,2025-09,25,13.0,14.0,12.0,8.0,14.0,17.0,11.333333333333334,12.833333333333334,14.0,16.661485257931908,126,67,1.0,3.6614852579319077
541165879364,2025-09,16,6.0,8.0,8.0,1.0,7.0,7.0,5.666666666666667,6.0,8.0,9.207362514781904,126,68,2.0,3.207362514781904
541165879365,2025-09,5,12.0,4.0,4.0,12.0,9.0,4.0,6.666666666666667,7.333333333333333,4.0,6.036957419195692,126,69,8.0,5.963042580804308
541165879366,2025-09,35,27.0,37.0,40.0,41.0,35.0,34.0,39.333333333333336,38.333333333333336,37.0,35.86954679025811,126,70,10.0,8.869546790258113
541165879367,2025-09,37,41.0,40.0,32.0,28.0,52.0,37.0,33.333333333333336,38.0,40.0,36.99414998883609,126,71,1.0,4.005850011163908
541165879368,2025-09,30,28.0,22.0,22.0,24.0,17.0,34.0,22.666666666666668,19.833333333333332,22.0,24.5140208801959,126,72,6.0,3.4859791198040995
541165879369,2025-09,12,9.0,20.0,8.0,17.0,7.0,16.0,15.0,13.833333333333334,20.0,13.693485963543335,126,73,11.0,4.693485963543335
541165879370,2025-09,9,12.0,10.0,8.0,17.0,35.0,35.0,11.666666666666666,18.5,10.0,16.88832768691447,126,74,2.0,4.888327686914469
541165879371,2025-09,31,24.0,29.0,23.0,43.0,23.0,27.0,31.666666666666668,29.5,29.0,28.904753448167327,126,75,5.0,4.904753448167327
541165879372,2025-09,23,21.0,46.0,43.0,26.0,39.0,29.0,38.333333333333336,33.5,46.0,30.98548115022242,126,76,25.0,9.98548115022242
541165879373,2025-09,17,13.0,9.0,15.0,12.0,13.0,14.0,12.0,13.5,9.0,13.906227549397798,126,77,4.0,0.9062275493977978
541165879374,2025-09,7,10.0,7.0,7.0,5.0,13.0,9.0,6.333333333333333,7.166666666666667,7.0,7.546989408522151,126,78,3.0,2.453010591477849
541165879375,2025-09,6,3.0,4.0,9.0,8.0,5.0,10.0,7.0,7.333333333333333,4.0,6.944640014459702,126,79,1.0,3.9446400144597016
541165879376,2025-09,3,3.0,2.0,1.0,2.0,4.0,1.0,1.6666666666666667,2.0,2.0,2.4007377014911704,126,80,1.0,0.5992622985088296
541165879378,2025-09,15,8.0,7.0,21.0,19.0,16.0,15.0,15.666666666666666,16.333333333333332,7.0,14.809321330172791,126,82,1.0,6.809321330172791
541165879379,2025-09,27,25.0,16.0,23.0,20.0,10.0,25.0,19.666666666666668,16.833333333333332,16.0,20.470179160552494,126,83,9.0,4.529820839447506
541165879380,2025-09,10,12.0,8.0,8.0,8.0,11.0,11.0,8.0,8.833333333333334,8.0,9.371100583788676,126,84,4.0,2.6288994162113237
541165879381,2025-09,3,2.0,1.0,1.0,2.0,1.0,5.0,1.3333333333333333,1.1666666666666667,1.0,2.37717213017301,126,85,1.0,0.37717213017301
541165879382,2025-09,1,1.0,1.0,3.0,1.0,1.0,2.0,1.6666666666666667,1.5,1.0,1.5913254272223512,126,86,0.0,0.5913254272223512
545460846615,2025-09,2,2.0,6.0,7.0,7.0,8.0,1.0,6.666666666666667,6.333333333333333,6.0,4.596506538900458,127,23,4.0,2.5965065389004582
545460846617,2025-09,1,3.0,3.0,3.0,2.0,2.0,1.0,2.6666666666666665,2.1666666666666665,3.0,1.9899700310525201,127,25,0.0,1.0100299689474799
545460846618,2025-09,2,2.0,6.0,3.0,3.0,3.0,2.0,4.0,4.0,6.0,3.4187522164461157,127,26,4.0,1.4187522164461157
545460846619,2025-09,1,2.0,1.0,1.0,1.0,1.0,1.0,1.0,1.1666666666666667,1.0,1.2761504600947298,127,27,1.0,0.7238495399052702
545460846623,2025-09,3,1.0,2.0,1.0,1.0,2.0,1.0,1.3333333333333333,1.3333333333333333,2.0,2.0544650034705967,127,31,1.0,1.0544650034705967
545460846624,2025-09,3,1.0,1.0,1.0,2.0,3.0,5.0,1.3333333333333333,1.8333333333333333,1.0,2.687263403883355,127,32,0.0,1.687263403883355
545460846629,2025-09,8,6.0,1.0,1.0,3.0,2.0,3.0,1.6666666666666667,2.6666666666666665,1.0,4.127538455136515,127,37,5.0,1.8724615448634854
545460846630,2025-09,9,8.0,13.0,3.0,15.0,5.0,14.0,10.333333333333334,10.166666666666666,13.0,10.240505043604974,127,38,5.0,2.2405050436049745
545460846631,2025-09,18,11.0,10.0,31.0,18.0,13.0,6.0,19.666666666666668,17.5,10.0,15.494875971458772,127,39,1.0,4.494875971458772
545460846632,2025-09,12,8.0,3.0,11.0,5.0,9.0,6.0,6.333333333333333,8.0,3.0,8.412462256756553,127,40,5.0,0.41246225675655346
545460846633,2025-09,82,93.0,88.0,62.0,78.0,106.0,117.0,76.0,87.66666666666667,88.0,86.91183945311569,127,41,5.0,6.0881605468843105
545460846634,2025-09,31,19.0,16.0,14.0,14.0,29.0,23.0,14.666666666666666,19.333333333333332,16.0,22.452870204688242,127,42,3.0,3.4528702046882422
545460846635,2025-09,10,20.0,11.0,13.0,12.0,18.0,16.0,12.0,13.0,11.0,12.362900681152585,127,43,9.0,7.637099318847415
545460846636,2025-09,14,5.0,15.0,8.0,16.0,12.0,21.0,13.0,13.833333333333334,15.0,14.515956778350095,127,44,10.0,9.515956778350095
545460846637,2025-09,20,16.0,16.0,17.0,16.0,14.0,16.0,16.333333333333332,17.0,16.0,17.21131604715378,127,45,0.0,1.2113160471537796
545460846638,2025-09,1,3.0,3.0,1.0,3.0,1.0,1.0,2.3333333333333335,1.8333333333333333,3.0,1.790753050861646,127,46,0.0,1.209246949138354
545460846639,2025-09,6,11.0,7.0,10.0,5.0,8.0,9.0,7.333333333333333,8.0,7.0,7.438029344528105,127,47,4.0,3.561970655471895
545460846640,2025-09,3,2.0,3.0,4.0,5.0,2.0,5.0,4.0,3.1666666666666665,3.0,3.5354480387016194,127,48,1.0,1.5354480387016194
545460846643,2025-09,3,4.0,2.0,1.0,3.0,2.0,1.0,2.0,1.8333333333333333,2.0,2.292786404654752,127,51,2.0,1.707213595345248
545460846644,2025-09,10,6.0,4.0,10.0,6.0,4.0,5.0,6.666666666666667,5.666666666666667,4.0,6.8301511264633925,127,52,2.0,0.8301511264633925
545460846645,2025-09,32,33.0,26.0,25.0,42.0,33.0,36.0,31.0,31.333333333333332,26.0,31.071765268229946,127,53,7.0,1.9282347317700541
545460846646,2025-09,17,18.0,17.0,29.0,14.0,21.0,13.0,20.0,18.166666666666668,17.0,17.204922600442828,127,54,1.0,0.7950773995571723
545460846647,2025-09,7,2.0,2.0,4.0,1.0,4.0,3.0,2.3333333333333335,3.6666666666666665,2.0,4.422862108762948,127,55,0.0,2.4228621087629483
545460846648,2025-09,9,6.0,6.0,6.0,2.0,2.0,3.0,4.666666666666667,4.0,6.0,5.571253064270379,127,56,0.0,0.4287469357296212
545460846649,2025-09,6,9.0,9.0,10.0,8.0,6.0,4.0,9.0,7.0,9.0,6.725889158571388,127,57,0.0,2.2741108414286124
545460846650,2025-09,16,10.0,25.0,20.0,9.0,20.0,9.0,18.0,14.833333333333334,25.0,15.614691308731263,127,58,15.0,5.614691308731263
545460846651,2025-09,5,2.0,13.0,9.0,10.0,40.0,7.0,10.666666666666666,19.333333333333332,13.0,12.891963425007285,127,59,11.0,10.891963425007285
545460846652,2025-09,6,1.0,4.0,1.0,5.0,2.0,7.0,3.3333333333333335,3.0,4.0,4.570607916637447,127,60,3.0,3.5706079166374467
545460846653,2025-09,6,4.0,7.0,13.0,4.0,5.0,2.0,8.0,6.0,7.0,5.856040904919299,127,61,3.0,1.8560409049192987
545460846655,2025-09,2,1.0,1.0,3.0,2.0,1.0,1.0,2.0,2.0,1.0,1.9533360336626373,127,63,0.0,0.9533360336626373
545460846657,2025-09,10,6.0,8.0,9.0,7.0,7.0,19.0,8.0,8.833333333333334,8.0,10.190934451564369,127,65,2.0,4.1909344515643685
545460846658,2025-09,4,5.0,4.0,6.0,2.0,6.0,7.0,4.0,4.0,4.0,4.604381487188649,127,66,1.0,0.3956185128113514
545460846659,2025-09,12,10.0,4.0,8.0,12.0,10.0,5.0,8.0,10.833333333333334,4.0,9.516339146724464,127,67,6.0,0.483660853275536
545460846660,2025-09,19,18.0,10.0,10.0,10.0,19.0,25.0,10.0,14.166666666666666,10.0,16.165303695497055,127,68,8.0,1.8346963045029447
545460846661,2025-09,11,10.0,5.0,7.0,11.0,10.0,2.0,7.666666666666667,11.166666666666666,5.0,9.004497922341253,127,69,5.0,0.9955020776587471
545460846662,2025-09,38,42.0,35.0,45.0,30.0,42.0,29.0,36.666666666666664,37.833333333333336,35.0,35.82760458984479,127,70,7.0,6.172395410155211
545460846663,2025-09,25,21.0,29.0,23.0,20.0,10.0,19.0,24.0,20.5,29.0,21.810252839773057,127,71,8.0,0.8102528397730566
545460846664,2025-09,23,42.0,29.0,36.0,33.0,15.0,10.0,32.666666666666664,27.833333333333332,29.0,23.77324005753819,127,72,13.0,18.22675994246181
545460846665,2025-09,31,19.0,19.0,30.0,25.0,23.0,16.0,24.666666666666668,22.833333333333332,19.0,23.851118627355582,127,73,0.0,4.851118627355582
545460846666,2025-09,3,2.0,3.0,2.0,1.0,5.0,6.0,2.0,2.5,3.0,3.346494473607188,127,74,1.0,1.346494473607188
545460846667,2025-09,17,12.0,13.0,15.0,11.0,21.0,20.0,13.0,15.5,13.0,16.076155480602402,127,75,1.0,4.076155480602402
545460846668,2025-09,22,25.0,22.0,28.0,36.0,17.0,35.0,28.666666666666668,28.833333333333332,22.0,26.02826303339759,127,76,3.0,1.0282630333975895
545460846669,2025-09,21,26.0,23.0,17.0,24.0,29.0,24.0,21.333333333333332,25.166666666666668,23.0,22.92840778910132,127,77,3.0,3.071592210898679
545460846670,2025-09,8,8.0,19.0,10.0,10.0,15.0,10.0,13.0,11.833333333333334,19.0,11.220192366576093,127,78,11.0,3.220192366576093
545460846671,2025-09,3,4.0,8.0,4.0,3.0,6.0,2.0,5.0,5.0,8.0,4.429080976901707,127,79,4.0,0.429080976901707
545460846672,2025-09,18,22.0,14.0,19.0,19.0,8.0,12.0,17.333333333333332,16.833333333333332,14.0,15.792652041503342,127,80,8.0,6.207347958496658
545460846673,2025-09,15,16.0,19.0,19.0,19.0,20.0,21.0,19.0,17.833333333333332,19.0,17.475339646473273,127,81,3.0,1.475339646473273
545460846674,2025-09,29,34.0,37.0,29.0,37.0,47.0,58.0,34.333333333333336,37.666666666666664,37.0,36.87055520513995,127,82,3.0,2.8705552051399508
545460846675,2025-09,32,35.0,31.0,34.0,32.0,30.0,30.0,32.333333333333336,28.666666666666668,31.0,29.860511587274992,127,83,4.0,5.139488412725008
545460846676,2025-09,11,14.0,9.0,11.0,7.0,7.0,15.0,9.0,8.666666666666666,9.0,10.113769673968523,127,84,5.0,3.886230326031477
545460846677,2025-09,14,3.0,3.0,3.0,1.0,2.0,5.0,2.3333333333333335,2.1666666666666665,3.0,6.143220586571755,127,85,0.0,3.143220586571755
545460846678,2025-09,4,5.0,7.0,4.0,1.0,2.0,3.0,4.0,4.0,7.0,4.144930738317073,127,86,2.0,0.8550692616829272
545460846679,2025-09,4,1.0,1.0,2.0,3.0,1.0,3.0,2.0,1.8333333333333333,1.0,2.710495473518275,127,87,0.0,1.7104954735182751
549755813910,2025-09,9,7.0,2.0,1.0,5.0,4.0,6.0,2.6666666666666665,3.5,2.0,5.332396218342558,128,22,5.0,1.6676037816574416
549755813913,2025-09,1,1.0,1.0,1.0,1.0,1.0,4.0,1.0,1.1666666666666667,1.0,1.6486999534123967,128,25,0.0,0.6486999534123967
549755813914,2025-09,1,2.0,1.0,2.0,4.0,1.0,3.0,2.3333333333333335,2.0,1.0,1.9498350333329881,128,26,1.0,0.05016496666701187
549755813916,2025-09,4,1.0,1.0,2.0,1.0,3.0,2.0,1.3333333333333333,2.3333333333333335,1.0,2.7687212166477115,128,28,0.0,1.7687212166477115
549755813917,2025-09,2,3.0,1.0,1.0,7.0,6.0,6.0,3.0,4.0,1.0,3.560673429082282,128,29,2.0,0.5606734290822821
549755813923,2025-09,2,1.0,2.0,1.0,3.0,3.0,3.0,2.0,2.0,2.0,2.3568250588615527,128,35,1.0,1.3568250588615527
549755813925,2025-09,10,7.0,14.0,9.0,15.0,14.0,5.0,12.666666666666666,10.333333333333334,14.0,10.213428430461693,128,37,7.0,3.2134284304616934
549755813926,2025-09,4,8.0,4.0,8.0,15.0,7.0,12.0,9.0,8.5,4.0,7.314042167949649,128,38,4.0,0.6859578320503514
549755813927,2025-09,4,1.0,5.0,2.0,4.0,2.0,2.0,3.6666666666666665,3.0,5.0,3.4960603019736727,128,39,4.0,2.4960603019736727
549755813928,2025-09,5,11.0,15.0,8.0,10.0,15.0,13.0,11.0,14.166666666666666,15.0,10.9927776114053,128,40,4.0,0.0072223885947000355
549755813931,2025-09,15,22.0,18.0,17.0,11.0,11.0,41.0,15.333333333333334,14.833333333333334,18.0,18.08330720540265,128,43,4.0,3.916692794597349
549755813932,2025-09,8,2.0,8.0,7.0,16.0,8.0,8.0,10.333333333333334,11.0,8.0,9.265652435456616,128,44,6.0,7.265652435456616
549755813933,2025-09,13,9.0,6.0,11.0,16.0,10.0,6.0,11.0,10.833333333333334,6.0,10.410792625940594,128,45,3.0,1.4107926259405943
549755813934,2025-09,21,17.0,21.0,13.0,22.0,27.0,18.0,18.666666666666668,18.166666666666668,21.0,19.317045806974924,128,46,4.0,2.3170458069749245
549755813935,2025-09,8,7.0,7.0,7.0,3.0,6.0,7.0,5.666666666666667,6.0,7.0,6.812231189691264,128,47,0.0,0.18776881030873582
549755813936,2025-09,1,2.0,1.0,4.0,2.0,4.0,5.0,2.3333333333333335,2.8333333333333335,1.0,2.6160086742811925,128,48,1.0,0.6160086742811925
549755813940,2025-09,2,1.0,4.0,2.0,1.0,1.0,4.0,2.3333333333333335,2.0,4.0,2.5809702269394013,128,52,3.0,1.5809702269394013
549755813948,2025-09,7,7.0,10.0,6.0,11.0,13.0,12.0,9.0,10.5,10.0,9.534283922395174,128,60,3.0,2.534283922395174
549755813949,2025-09,20,24.0,24.0,29.0,24.0,11.0,22.0,25.666666666666668,20.833333333333332,24.0,20.75095881994286,128,61,0.0,3.249041180057141
549755813950,2025-09,19,42.0,19.0,10.0,12.0,21.0,25.0,13.666666666666666,14.666666666666666,19.0,17.486765824583486,128,62,23.0,24.513234175416514
549755813951,2025-09,14,11.0,31.0,19.0,14.0,21.0,17.0,21.333333333333332,19.166666666666668,31.0,18.3263788475114,128,63,20.0,7.3263788475114
549755813952,2025-09,7,1.0,1.0,8.0,4.0,6.0,3.0,4.333333333333333,5.166666666666667,1.0,5.168319942271239,128,64,0.0,4.168319942271239
549755813953,2025-09,14,9.0,9.0,14.0,16.0,12.0,18.0,13.0,11.666666666666666,9.0,13.002426844009603,128,65,0.0,4.002426844009603
549755813954,2025-09,10,8.0,6.0,9.0,6.0,15.0,12.0,7.0,8.5,6.0,9.309122983577238,128,66,2.0,1.3091229835772378
549755813955,2025-09,20,12.0,17.0,21.0,18.0,20.0,18.0,18.666666666666668,17.0,17.0,18.06967120685153,128,67,5.0,6.069671206851531
549755813956,2025-09,10,13.0,11.0,11.0,7.0,7.0,20.0,9.666666666666666,8.666666666666666,11.0,10.671593374220576,128,68,2.0,2.328406625779424
549755813957,2025-09,6,12.0,13.0,17.0,7.0,11.0,16.0,12.333333333333334,10.666666666666666,13.0,10.342126132946298,128,69,1.0,1.657873867053702
549755813958,2025-09,55,37.0,57.0,50.0,46.0,47.0,35.0,51.0,44.0,57.0,46.880836332679436,128,70,20.0,9.880836332679436
549755813959,2025-09,18,25.0,31.0,28.0,25.0,28.0,15.0,28.0,24.666666666666668,31.0,22.110201107364112,128,71,6.0,2.8897988926358877
549755813960,2025-09,42,30.0,33.0,29.0,32.0,29.0,28.0,31.333333333333332,29.833333333333332,33.0,32.815592972235,128,72,3.0,2.8155929722350024
549755813961,2025-09,13,33.0,22.0,36.0,26.0,34.0,17.0,28.0,28.166666666666668,22.0,21.72971291565386,128,73,11.0,11.27028708434614
549755813962,2025-09,10,11.0,22.0,7.0,10.0,18.0,11.0,13.0,11.0,22.0,11.980018693481822,128,74,11.0,0.9800186934818225
549755813963,2025-09,23,28.0,20.0,35.0,50.0,33.0,17.0,35.0,34.833333333333336,20.0,27.345841082307278,128,75,8.0,0.6541589176927225
549755813964,2025-09,31,40.0,40.0,34.0,36.0,39.0,31.0,36.666666666666664,34.333333333333336,40.0,33.1202171912627,128,76,0.0,6.879782808737303
549755813965,2025-09,37,34.0,34.0,43.0,36.0,28.0,26.0,37.666666666666664,33.666666666666664,34.0,33.19257588129749,128,77,0.0,0.8074241187025066
549755813966,2025-09,10,12.0,9.0,17.0,11.0,7.0,10.0,12.333333333333334,10.833333333333334,9.0,10.313737785721564,128,78,3.0,1.686262214278436
549755813967,2025-09,11,10.0,10.0,12.0,9.0,17.0,7.0,10.333333333333334,11.333333333333334,10.0,10.67250272539572,128,79,0.0,0.6725027253957201
549755813968,2025-09,8,14.0,13.0,36.0,15.0,18.0,12.0,21.333333333333332,18.333333333333332,13.0,14.321847768984405,128,80,1.0,0.32184776898440504
549755813969,2025-09,28,19.0,22.0,19.0,25.0,25.0,20.0,22.0,21.333333333333332,22.0,22.97612973506971,128,81,3.0,3.9761297350697085
549755813970,2025-09,20,23.0,22.0,22.0,18.0,16.0,16.0,20.666666666666668,18.166666666666668,22.0,18.62349565734768,128,82,1.0,4.376504342652321
549755813971,2025-09,27,12.0,31.0,19.0,19.0,17.0,31.0,23.0,22.166666666666668,31.0,24.7566745014156,128,83,19.0,12.756674501415599
549755813972,2025-09,18,17.0,19.0,12.0,18.0,25.0,33.0,16.333333333333332,19.833333333333332,19.0,20.386150110008035,128,84,2.0,3.3861501100080353
549755813973,2025-09,14,10.0,17.0,23.0,17.0,18.0,6.0,19.0,19.0,17.0,15.494342819512466,128,85,7.0,5.494342819512466
549755813974,2025-09,7,4.0,10.0,9.0,4.0,3.0,4.0,7.666666666666667,8.166666666666666,10.0,7.189538524754382,128,86,6.0,3.189538524754382
549755813975,2025-09,9,7.0,7.0,3.0,7.0,8.0,3.0,5.666666666666667,6.5,7.0,6.838344244078118,128,87,0.0,0.16165575592188208
549755813990,2025-09,1,1.0,1.0,1.0,1.0,2.0,1.0,1.0,1.3333333333333333,1.0,1.3758765794286703,128,102,0.0,0.37587657942867025
554050781206,2025-09,1,1.0,1.0,4.0,1.0,3.0,3.0,2.0,1.8333333333333333,1.0,1.9551372141524155,129,22,0.0,0.9551372141524155
554050781207,2025-09,3,1.0,1.0,1.0,1.0,2.0,1.0,1.0,1.1666666666666667,1.0,1.8886646499185993,129,23,0.0,0.8886646499185993
554050781209,2025-09,1,4.0,3.0,2.0,2.0,3.0,1.0,2.3333333333333335,3.5,3.0,2.43675638921213,129,25,1.0,1.56324361078787
554050781210,2025-09,1,5.0,1.0,4.0,5.0,4.0,1.0,3.3333333333333335,3.1666666666666665,1.0,2.3384593244974514,129,26,4.0,2.6615406755025486
554050781221,2025-09,1,1.0,7.0,1.0,1.0,5.0,4.0,3.0,3.1666666666666665,7.0,3.1530455871026,129,37,6.0,2.1530455871026
554050781222,2025-09,3,4.0,1.0,1.0,1.0,4.0,3.0,1.0,2.5,1.0,2.6684003225923245,129,38,3.0,1.3315996774076755
554050781223,2025-09,4,4.0,5.0,1.0,2.0,2.0,2.0,2.6666666666666665,2.6666666666666665,5.0,3.272882034487787,129,39,1.0,0.7271179655122131
554050781224,2025-09,9,6.0,15.0,14.0,13.0,13.0,4.0,14.0,14.666666666666666,15.0,11.438092232281392,129,40,9.0,5.438092232281392
554050781225,2025-09,22,10.0,8.0,12.0,32.0,12.0,28.0,17.333333333333332,16.0,8.0,18.343065481285493,129,41,2.0,8.343065481285493
554050781226,2025-09,8,6.0,8.0,5.0,11.0,12.0,7.0,8.0,8.666666666666666,8.0,8.28336254377388,129,42,2.0,2.2833625437738796
554050781227,2025-09,3,8.0,2.0,8.0,9.0,8.0,2.0,6.333333333333333,6.5,2.0,4.730678903186863,129,43,6.0,3.2693210968131368
554050781228,2025-09,20,13.0,17.0,8.0,18.0,13.0,18.0,14.333333333333334,12.333333333333334,17.0,15.687585513869507,129,44,4.0,2.6875855138695073
554050781230,2025-09,14,8.0,18.0,20.0,19.0,15.0,33.0,19.0,18.0,18.0,18.444465881988265,129,46,10.0,10.444465881988265
554050781231,2025-09,4,1.0,3.0,1.0,1.0,1.0,4.0,1.6666666666666667,2.0,3.0,2.998420595096839,129,47,2.0,1.9984205950968388
554050781232,2025-09,5,5.0,1.0,1.0,9.0,1.0,1.0,3.6666666666666665,4.166666666666667,1.0,3.6975683459810798,129,48,4.0,1.3024316540189202
554050781233,2025-09,3,1.0,1.0,1.0,1.0,1.0,1.0,1.0,1.0,1.0,1.7889385305846623,129,49,0.0,0.7889385305846623
554050781238,2025-09,1,1.0,2.0,2.0,2.0,1.0,2.0,2.0,1.8333333333333333,2.0,1.8084503387828423,129,54,1.0,0.8084503387828423
554050781245,2025-09,6,5.0,7.0,2.0,5.0,2.0,7.0,4.666666666666667,3.8333333333333335,7.0,5.218824396158869,129,61,2.0,0.21882439615886895
554050781246,2025-09,12,11.0,12.0,16.0,7.0,10.0,13.0,11.666666666666666,12.0,12.0,11.921391722165563,129,62,1.0,0.9213917221655628
554050781247,2025-09,3,1.0,6.0,5.0,1.0,6.0,6.0,4.0,4.5,6.0,4.50670694523588,129,63,5.0,3.50670694523588
554050781248,2025-09,1,3.0,3.0,4.0,2.0,5.0,3.0,3.0,2.6666666666666665,3.0,2.577691101755746,129,64,0.0,0.4223088982442542
554050781249,2025-09,7,4.0,6.0,7.0,4.0,8.0,6.0,5.666666666666667,6.0,6.0,6.418508023151334,129,65,2.0,2.4185080231513343
554050781250,2025-09,14,3.0,7.0,6.0,3.0,14.0,5.0,5.333333333333333,6.666666666666667,7.0,8.80454212560993,129,66,4.0,5.804542125609929
554050781251,2025-09,17,15.0,13.0,7.0,16.0,21.0,14.0,12.0,14.666666666666666,13.0,14.913954957328315,129,67,2.0,0.08604504267168522
554050781252,2025-09,21,17.0,28.0,31.0,30.0,38.0,60.0,29.666666666666668,27.666666666666668,28.0,29.960415987582845,129,68,11.0,12.960415987582845
554050781253,2025-09,21,26.0,23.0,19.0,21.0,24.0,20.0,21.0,25.333333333333332,23.0,22.236770134517386,129,69,3.0,3.7632298654826144
554050781254,2025-09,25,26.0,42.0,49.0,30.0,12.0,15.0,40.333333333333336,29.166666666666668,42.0,27.121599387645,129,70,16.0,1.1215993876449986
554050781255,2025-09,25,27.0,10.0,20.0,19.0,19.0,10.0,16.333333333333332,17.833333333333332,10.0,17.951305035431048,129,71,17.0,9.048694964568952
554050781256,2025-09,11,13.0,6.0,13.0,16.0,27.0,23.0,11.666666666666666,15.833333333333334,6.0,14.448649357495134,129,72,7.0,1.4486493574951336
554050781257,2025-09,52,53.0,43.0,67.0,53.0,59.0,50.0,54.333333333333336,56.166666666666664,43.0,51.852163208784845,129,73,10.0,1.1478367912151555
554050781258,2025-09,59,61.0,55.0,58.0,53.0,68.0,52.0,55.333333333333336,59.333333333333336,55.0,56.50381892288263,129,74,6.0,4.49618107711737
554050781259,2025-09,27,26.0,35.0,33.0,26.0,18.0,20.0,31.333333333333332,27.5,35.0,26.462953542892485,129,75,9.0,0.46295354289248536
554050781260,2025-09,30,30.0,56.0,33.0,27.0,41.0,20.0,38.666666666666664,35.833333333333336,56.0,33.45872162361939,129,76,26.0,3.4587216236193896
554050781261,2025-09,18,18.0,19.0,19.0,21.0,24.0,20.0,19.666666666666668,26.0,19.0,21.163963478462524,129,77,1.0,3.1639634784625237
554050781262,2025-09,11,8.0,7.0,19.0,14.0,15.0,18.0,13.333333333333334,14.166666666666666,7.0,13.020835428682322,129,78,1.0,5.020835428682322
554050781263,2025-09,8,7.0,7.0,25.0,10.0,10.0,5.0,14.0,14.5,7.0,10.53923154063151,129,79,0.0,3.5392315406315102
554050781264,2025-09,14,10.0,20.0,18.0,30.0,33.0,18.0,22.666666666666668,25.333333333333332,20.0,20.353700590791,129,80,10.0,10.353700590791
554050781265,2025-09,3,4.0,6.0,2.0,7.0,12.0,3.0,5.0,6.166666666666667,6.0,5.050351632399249,129,81,2.0,1.0503516323992486
554050781266,2025-09,4,11.0,8.0,8.0,4.0,3.0,7.0,6.666666666666667,6.333333333333333,8.0,5.840273887437238,129,82,3.0,5.159726112562762
554050781267,2025-09,14,18.0,23.0,21.0,25.0,22.0,20.0,23.0,22.666666666666668,23.0,19.4995465574,129,83,5.0,1.4995465573999986
554050781268,2025-09,1,2.0,5.0,4.0,3.0,1.0,9.0,4.0,3.1666666666666665,5.0,3.5682653300757092,129,84,3.0,1.5682653300757092
554050781269,2025-09,2,4.0,5.0,7.0,5.0,3.0,7.0,5.666666666666667,4.5,5.0,4.328214139087477,129,85,1.0,0.32821413908747665
554050781270,2025-09,4,2.0,2.0,4.0,2.0,1.0,3.0,2.6666666666666665,2.8333333333333335,2.0,3.197064758012143,129,86,0.0,1.197064758012143
554050781271,2025-09,12,4.0,6.0,4.0,2.0,5.0,5.0,4.0,4.833333333333333,6.0,7.001245400563925,129,87,2.0,3.001245400563925
554050781284,2025-09,1,1.0,2.0,1.0,2.0,1.0,1.0,1.6666666666666667,1.5,2.0,1.533451755478188,129,100,1.0,0.5334517554781879
558345748505,2025-09,4,4.0,2.0,7.0,5.0,5.0,3.0,4.666666666666667,4.833333333333333,2.0,4.267598799917343,130,25,2.0,0.2675987999173426
558345748506,2025-09,1,1.0,1.0,2.0,1.0,2.0,1.0,1.3333333333333333,1.5,1.0,1.4713724807728674,130,26,0.0,0.4713724807728674
558345748517,2025-09,2,2.0,3.0,3.0,1.0,1.0,1.0,2.3333333333333335,2.0,3.0,2.1381162814139376,130,37,1.0,0.1381162814139376
558345748519,2025-09,1,1.0,3.0,5.0,6.0,1.0,2.0,4.666666666666667,3.1666666666666665,3.0,2.626742163693275,130,39,2.0,1.626742163693275
558345748520,2025-09,11,10.0,8.0,11.0,14.0,11.0,4.0,11.0,10.5,8.0,9.676685099262297,130,40,2.0,0.32331490073770297
558345748521,2025-09,10,10.0,14.0,7.0,15.0,8.0,2.0,12.0,12.166666666666666,14.0,10.102601251355436,130,41,4.0,0.10260125135543596
558345748522,2025-09,7,8.0,9.0,5.0,15.0,16.0,16.0,9.666666666666666,11.5,9.0,10.490221968104759,130,42,1.0,2.490221968104759
558345748523,2025-09,11,10.0,11.0,12.0,9.0,11.0,15.0,10.666666666666666,12.0,11.0,11.731287336148961,130,43,1.0,1.7312873361489611
558345748525,2025-09,3,3.0,3.0,3.0,2.0,3.0,2.0,2.6666666666666665,3.3333333333333335,3.0,3.1139040079642495,130,45,0.0,0.11390400796424949
558345748526,2025-09,11,9.0,11.0,15.0,7.0,10.0,17.0,11.0,11.333333333333334,11.0,11.762135295978206,130,46,2.0,2.762135295978206
558345748527,2025-09,10,5.0,5.0,4.0,5.0,7.0,7.0,4.666666666666667,6.5,5.0,7.321575957168868,130,47,0.0,2.321575957168868
558345748528,2025-09,3,5.0,5.0,3.0,9.0,5.0,6.0,5.666666666666667,6.333333333333333,5.0,5.169432826961865,130,48,0.0,0.1694328269618648
558345748529,2025-09,6,5.0,5.0,2.0,2.0,7.0,4.0,3.0,5.166666666666667,5.0,5.181358107082392,130,49,0.0,0.1813581070823922
558345748533,2025-09,1,1.0,2.0,1.0,5.0,8.0,2.0,2.6666666666666665,3.8333333333333335,2.0,2.8514986508342988,130,53,1.0,1.8514986508342988
558345748539,2025-09,20,5.0,8.0,11.0,7.0,10.0,6.0,8.666666666666666,7.666666666666667,8.0,11.24342720434572,130,59,3.0,6.2434272043457195
558345748540,2025-09,1,2.0,4.0,5.0,3.0,4.0,2.0,4.0,4.0,4.0,3.0384961198376423,130,60,2.0,1.0384961198376423
558345748544,2025-09,8,4.0,4.0,5.0,5.0,5.0,4.0,4.666666666666667,4.0,4.0,5.392008457188323,130,64,0.0,1.3920084571883233
558345748545,2025-09,11,8.0,12.0,7.0,5.0,8.0,8.0,8.0,7.333333333333333,12.0,8.944712108716782,130,65,4.0,0.9447121087167822
558345748546,2025-09,2,7.0,4.0,6.0,2.0,7.0,6.0,4.0,4.5,4.0,4.1224558891146685,130,66,3.0,2.8775441108853315
558345748547,2025-09,1,1.0,2.0,3.0,1.0,2.0,5.0,2.0,2.1666666666666665,2.0,2.340040428468419,130,67,1.0,1.340040428468419
558345748548,2025-09,12,5.0,11.0,9.0,9.0,10.0,18.0,9.666666666666666,10.666666666666666,11.0,11.78039873002074,130,68,6.0,6.780398730020741
558345748549,2025-09,15,9.0,18.0,18.0,26.0,18.0,11.0,20.666666666666668,20.333333333333332,18.0,17.077100311592005,130,69,9.0,8.077100311592005
558345748550,2025-09,35,37.0,29.0,57.0,35.0,46.0,45.0,40.333333333333336,41.333333333333336,29.0,38.301848825294456,130,70,8.0,1.3018488252944564
558345748551,2025-09,32,32.0,29.0,22.0,27.0,23.0,25.0,26.0,25.833333333333332,29.0,27.104332355040732,130,71,3.0,4.895667644959268
558345748552,2025-09,91,89.0,115.0,106.0,74.0,76.0,70.0,98.33333333333333,91.0,115.0,88.01192493036615,130,72,26.0,0.9880750696338509
558345748553,2025-09,112,102.0,109.0,99.0,79.0,82.0,78.0,95.66666666666667,89.66666666666667,109.0,94.03119080930934,130,73,7.0,7.9688091906906635
558345748554,2025-09,202,202.0,173.0,206.0,192.0,212.0,182.0,190.33333333333334,203.16666666666666,173.0,191.41467856118436,130,74,29.0,10.58532143881564
558345748555,2025-09,41,43.0,45.0,46.0,24.0,32.0,34.0,38.333333333333336,37.0,45.0,37.50791438659366,130,75,2.0,5.4920856134063385
558345748556,2025-09,27,22.0,21.0,23.0,23.0,31.0,15.0,22.333333333333332,22.666666666666668,21.0,22.75801772055476,130,76,1.0,0.7580177205547614
558345748557,2025-09,4,5.0,6.0,7.0,6.0,10.0,3.0,6.333333333333333,9.166666666666666,6.0,6.406044032966223,130,77,1.0,1.4060440329662232
558345748558,2025-09,13,13.0,10.0,13.0,19.0,12.0,9.0,14.0,15.333333333333334,10.0,12.996602680656641,130,78,3.0,0.003397319343358518
558345748559,2025-09,2,1.0,2.0,1.0,2.0,3.0,4.0,1.6666666666666667,2.1666666666666665,2.0,2.500146316511781,130,79,1.0,1.5001463165117812
558345748560,2025-09,1,1.0,2.0,1.0,6.0,6.0,5.0,3.0,4.333333333333333,2.0,3.3373749174004814,130,80,1.0,2.3373749174004814
558345748561,2025-09,8,5.0,7.0,6.0,7.0,6.0,8.0,6.666666666666667,6.833333333333333,7.0,7.317561255154596,130,81,2.0,2.3175612551545957
558345748562,2025-09,6,7.0,13.0,6.0,7.0,5.0,20.0,8.666666666666666,6.166666666666667,13.0,8.636851984701032,130,82,6.0,1.6368519847010319
558345748563,2025-09,4,3.0,6.0,9.0,16.0,11.0,14.0,10.333333333333334,11.333333333333334,6.0,8.977786182134604,130,83,3.0,5.977786182134604
558345748564,2025-09,4,2.0,6.0,7.0,1.0,1.0,6.0,4.666666666666667,3.8333333333333335,6.0,4.427802427738931,130,84,4.0,2.427802427738931
558345748565,2025-09,3,4.0,4.0,2.0,2.0,4.0,2.0,2.6666666666666665,2.8333333333333335,4.0,3.0626565094210507,130,85,0.0,0.9373434905789493
558345748566,2025-09,3,2.0,5.0,8.0,6.0,3.0,4.0,6.333333333333333,4.166666666666667,5.0,4.2054372128661175,130,86,3.0,2.2054372128661175
558345748580,2025-09,2,1.0,3.0,6.0,4.0,3.0,10.0,4.333333333333333,4.166666666666667,3.0,4.2928051171679575,130,100,2.0,3.2928051171679575
558345748581,2025-09,3,2.0,3.0,6.0,2.0,2.0,3.0,3.6666666666666665,2.6666666666666665,3.0,3.092931651974725,130,101,1.0,1.092931651974725
562640715813,2025-09,1,1.0,1.0,1.0,1.0,2.0,4.0,1.0,1.8333333333333333,1.0,1.9143846253100367,131,37,0.0,0.9143846253100367
562640715814,2025-09,22,13.0,18.0,24.0,18.0,17.0,37.0,20.0,20.0,18.0,22.090800416651657,131,38,5.0,9.090800416651657
562640715815,2025-09,5,9.0,13.0,11.0,6.0,11.0,6.0,10.0,13.333333333333334,13.0,9.424113247640218,131,39,4.0,0.42411324764021785
562640715816,2025-09,5,3.0,8.0,8.0,11.0,7.0,1.0,9.0,7.666666666666667,8.0,6.252681212399767,131,40,5.0,3.252681212399767
562640715817,2025-09,7,12.0,7.0,8.0,5.0,8.0,4.0,6.666666666666667,6.333333333333333,7.0,6.4676193734793115,131,41,5.0,5.5323806265206885
562640715818,2025-09,15,16.0,12.0,17.0,9.0,3.0,11.0,12.666666666666666,10.166666666666666,12.0,11.718365102324778,131,42,4.0,4.281634897675222
562640715822,2025-09,5,5.0,4.0,9.0,7.0,9.0,4.0,6.666666666666667,5.833333333333333,4.0,5.55905655906828,131,46,1.0,0.5590565590682797
562640715824,2025-09,13,20.0,10.0,24.0,5.0,13.0,11.0,13.0,14.333333333333334,10.0,12.892858787929828,131,48,10.0,7.107141212070172
562640715825,2025-09,1,2.0,5.0,1.0,3.0,3.0,2.0,3.0,2.3333333333333335,5.0,2.3906696435515045,131,49,3.0,0.39066964355150446
562640715828,2025-09,1,2.0,3.0,2.0,1.0,2.0,1.0,2.0,1.6666666666666667,3.0,1.7476536703556285,131,52,1.0,0.25234632964437154
562640715833,2025-09,1,2.0,1.0,1.0,3.0,3.0,1.0,1.6666666666666667,2.1666666666666665,1.0,1.7692436174679962,131,57,1.0,0.2307563825320038
562640715835,2025-09,5,10.0,10.0,11.0,5.0,4.0,10.0,8.666666666666666,6.833333333333333,10.0,7.084914576977541,131,59,0.0,2.915085423022459
562640715839,2025-09,1,2.0,3.0,3.0,4.0,1.0,1.0,3.3333333333333335,2.5,3.0,2.1285653129027367,131,63,1.0,0.12856531290273665
562640715840,2025-09,4,2.0,1.0,4.0,4.0,3.0,7.0,3.0,3.1666666666666665,1.0,3.8551316670265994,131,64,1.0,1.8551316670265994
562640715843,2025-09,2,2.0,3.0,1.0,2.0,2.0,2.0,2.0,1.8333333333333333,3.0,2.207215186808927,131,67,1.0,0.20721518680892714
562640715844,2025-09,6,2.0,2.0,1.0,9.0,7.0,2.0,4.0,4.833333333333333,2.0,4.704003821417815,131,68,0.0,2.704003821417815
562640715845,2025-09,12,10.0,20.0,13.0,15.0,16.0,16.0,16.0,16.666666666666668,20.0,15.162096248213027,131,69,10.0,5.162096248213027
562640715846,2025-09,2,4.0,9.0,8.0,8.0,3.0,5.0,8.333333333333334,7.333333333333333,9.0,5.610923608946701,131,70,5.0,1.6109236089467007
562640715847,2025-09,5,6.0,3.0,7.0,7.0,4.0,9.0,5.666666666666667,6.5,3.0,5.988383838609105,131,71,3.0,0.011616161390895385
562640715848,2025-09,8,3.0,4.0,13.0,5.0,5.0,3.0,7.333333333333333,7.166666666666667,4.0,6.640307196236259,131,72,1.0,3.640307196236259
562640715849,2025-09,8,7.0,15.0,9.0,7.0,7.0,11.0,10.333333333333334,8.666666666666666,15.0,9.347407882733535,131,73,8.0,2.3474078827335347
562640715850,2025-09,124,109.0,107.0,109.0,111.0,84.0,86.0,109.0,104.5,107.0,104.78415966000067,131,74,2.0,4.215840339999332
562640715851,2025-09,9,14.0,8.0,20.0,13.0,17.0,11.0,13.666666666666666,13.666666666666666,8.0,11.620776136201814,131,75,6.0,2.3792238637981864
562640715852,2025-09,18,22.0,20.0,19.0,24.0,15.0,24.0,21.0,15.666666666666666,20.0,18.050251742550017,131,76,2.0,3.9497482574499827
562640715853,2025-09,3,11.0,6.0,6.0,21.0,11.0,4.0,11.0,9.333333333333334,6.0,6.848444503564236,131,77,5.0,4.151555496435764
562640715854,2025-09,5,14.0,16.0,12.0,14.0,15.0,26.0,14.0,13.333333333333334,16.0,12.746473230072546,131,78,2.0,1.2535267699274542
562640715855,2025-09,12,8.0,10.0,18.0,8.0,9.0,5.0,12.0,11.166666666666666,10.0,10.502494737127545,131,79,2.0,2.502494737127545
562640715856,2025-09,11,6.0,3.0,9.0,11.0,4.0,11.0,7.666666666666667,5.5,3.0,7.834234291280478,131,80,3.0,1.8342342912804783
562640715857,2025-09,12,5.0,9.0,4.0,7.0,9.0,6.0,6.666666666666667,6.833333333333333,9.0,8.479238812152195,131,81,4.0,3.479238812152195
562640715858,2025-09,3,2.0,2.0,2.0,2.0,3.0,2.0,2.0,2.6666666666666665,2.0,2.7419687180255856,131,82,0.0,0.7419687180255856
562640715859,2025-09,1,3.0,3.0,6.0,3.0,1.0,3.0,4.0,3.8333333333333335,3.0,2.903835509109717,131,83,0.0,0.096164490890283
562640715862,2025-09,2,2.0,4.0,5.0,1.0,4.0,1.0,3.3333333333333335,2.6666666666666665,4.0,2.6834477606136797,131,86,2.0,0.6834477606136797
562640715863,2025-09,1,2.0,1.0,3.0,3.0,2.0,4.0,2.3333333333333335,2.3333333333333335,1.0,2.2330587941401205,131,87,1.0,0.23305879414012054
562640715867,2025-09,2,1.0,1.0,1.0,1.0,1.0,1.0,1.0,1.0,1.0,1.5048847365790792,131,91,0.0,0.5048847365790792
562640715871,2025-09,3,6.0,3.0,6.0,3.0,5.0,2.0,4.0,3.6666666666666665,3.0,3.4700668224112476,131,95,3.0,2.5299331775887524
562640715875,2025-09,1,3.0,1.0,3.0,1.0,1.0,2.0,1.6666666666666667,1.6666666666666667,1.0,1.646644944743585,131,99,2.0,1.353355055256415
562640715876,2025-09,2,3.0,5.0,6.0,7.0,3.0,4.0,6.0,6.833333333333333,5.0,4.76232435586457,131,100,2.0,1.7623243558645703
566935683109,2025-09,2,2.0,1.0,1.0,1.0,1.0,2.0,1.0,1.3333333333333333,1.0,1.7397069360607702,132,37,1.0,0.2602930639392298
566935683111,2025-09,10,13.0,11.0,13.0,13.0,17.0,11.0,12.333333333333334,15.5,11.0,12.563552444272501,132,39,2.0,0.43644755572749894
566935683112,2025-09,14,18.0,21.0,19.0,15.0,27.0,13.0,18.333333333333332,19.666666666666668,21.0,17.193417417197043,132,40,3.0,0.8065825828029567
566935683113,2025-09,6,15.0,6.0,6.0,8.0,12.0,10.0,6.666666666666667,8.5,6.0,7.743155370389907,132,41,9.0,7.256844629610093
566935683114,2025-09,5,11.0,9.0,2.0,4.0,11.0,2.0,5.0,5.0,9.0,5.28553106667146,132,42,2.0,5.71446893332854
566935683115,2025-09,1,1.0,2.0,5.0,2.0,2.0,4.0,3.0,3.0,2.0,2.608989043591521,132,43,1.0,1.6089890435915208
566935683116,2025-09,1,1.0,2.0,1.0,1.0,1.0,3.0,1.3333333333333333,1.1666666666666667,2.0,1.6349976250039369,132,44,1.0,0.6349976250039369
566935683120,2025-09,3,5.0,6.0,7.0,9.0,7.0,6.0,7.333333333333333,8.166666666666666,6.0,6.137947094643469,132,48,1.0,1.1379470946434687
566935683121,2025-09,3,1.0,2.0,2.0,1.0,2.0,1.0,1.6666666666666667,1.8333333333333333,2.0,2.260599939857265,132,49,1.0,1.260599939857265
566935683128,2025-09,4,8.0,6.0,2.0,5.0,13.0,9.0,4.333333333333333,6.166666666666667,6.0,6.051548166232415,132,56,2.0,1.9484518337675851
566935683129,2025-09,4,4.0,3.0,12.0,3.0,2.0,3.0,6.0,4.833333333333333,3.0,4.37337890100436,132,57,1.0,0.3733789010043598
566935683135,2025-09,6,3.0,4.0,1.0,5.0,5.0,2.0,3.3333333333333335,4.0,4.0,4.414829005006855,132,63,1.0,1.4148290050068546
566935683137,2025-09,7,4.0,4.0,9.0,3.0,2.0,3.0,5.333333333333333,4.333333333333333,4.0,5.049533415019276,132,65,0.0,1.049533415019276
566935683140,2025-09,4,3.0,5.0,5.0,3.0,4.0,5.0,4.333333333333333,4.333333333333333,5.0,4.484326866245286,132,68,2.0,1.4843268662452864
566935683141,2025-09,5,3.0,2.0,5.0,1.0,8.0,4.0,2.6666666666666665,3.8333333333333335,2.0,4.252059993786026,132,69,1.0,1.252059993786026
566935683142,2025-09,7,2.0,14.0,10.0,9.0,5.0,15.0,11.0,7.666666666666667,14.0,9.141414834144683,132,70,12.0,7.141414834144683
566935683143,2025-09,35,28.0,38.0,34.0,23.0,18.0,32.0,31.666666666666668,31.0,38.0,31.65036635513829,132,71,10.0,3.6503663551382886
566935683144,2025-09,19,30.0,18.0,15.0,11.0,17.0,12.0,14.666666666666666,15.333333333333334,18.0,15.97025600848155,132,72,12.0,14.02974399151845
566935683145,2025-09,13,3.0,10.0,8.0,7.0,6.0,4.0,8.333333333333334,7.833333333333333,10.0,8.984809948291241,132,73,7.0,5.984809948291241
566935683146,2025-09,22,14.0,21.0,32.0,16.0,21.0,26.0,23.0,24.666666666666668,21.0,23.031849235721136,132,74,7.0,9.031849235721136
566935683147,2025-09,35,29.0,40.0,25.0,22.0,41.0,37.0,29.0,32.666666666666664,40.0,33.66902198758358,132,75,11.0,4.669021987583577
566935683148,2025-09,27,23.0,32.0,24.0,31.0,25.0,41.0,29.0,24.666666666666668,32.0,27.929091569996274,132,76,9.0,4.929091569996274
566935683149,2025-09,7,3.0,10.0,20.0,11.0,5.0,3.0,13.666666666666666,10.166666666666666,10.0,8.513212966419573,132,77,7.0,5.513212966419573
566935683150,2025-09,8,13.0,13.0,13.0,12.0,10.0,13.0,12.666666666666666,10.333333333333334,13.0,10.402840177043899,132,78,0.0,2.597159822956101
566935683151,2025-09,13,14.0,16.0,23.0,11.0,15.0,16.0,16.666666666666668,13.5,16.0,14.165787404368153,132,79,2.0,0.1657874043681531
566935683152,2025-09,15,17.0,21.0,17.0,10.0,21.0,20.0,16.0,17.666666666666668,21.0,17.155219651949082,132,80,4.0,0.15521965194908205
566935683153,2025-09,20,13.0,22.0,10.0,12.0,7.0,21.0,14.666666666666666,12.166666666666666,22.0,16.15404428072809,132,81,9.0,3.1540442807280904
566935683155,2025-09,8,2.0,1.0,2.0,1.0,1.0,3.0,1.3333333333333333,2.3333333333333335,1.0,3.9403063534838534,132,83,1.0,1.9403063534838534
566935683156,2025-09,2,6.0,6.0,1.0,5.0,4.0,3.0,4.0,4.166666666666667,6.0,3.6346715811937997,132,84,0.0,2.3653284188062003
566935683157,2025-09,3,10.0,11.0,8.0,4.0,11.0,4.0,7.666666666666667,7.0,11.0,6.091643992792857,132,85,1.0,3.908356007207143
566935683159,2025-09,3,2.0,1.0,1.0,1.0,3.0,1.0,1.0,2.1666666666666665,1.0,2.2649883568587086,132,87,1.0,0.2649883568587086
566935683165,2025-09,1,1.0,1.0,2.0,3.0,2.0,1.0,2.0,1.8333333333333333,1.0,1.654374364435789,132,93,0.0,0.6543743644357889
566935683166,2025-09,1,2.0,1.0,1.0,6.0,1.0,2.0,2.6666666666666665,2.1666666666666665,1.0,1.9131578512124872,132,94,1.0,0.08684214878751284
566935683167,2025-09,6,2.0,5.0,13.0,7.0,6.0,3.0,8.333333333333334,6.833333333333333,5.0,6.188810859646549,132,95,3.0,4.188810859646549
566935683168,2025-09,1,1.0,1.0,1.0,3.0,3.0,3.0,1.6666666666666667,1.6666666666666667,1.0,1.8516513937827401,132,96,0.0,0.8516513937827401
571230650401,2025-09,1,2.0,2.0,1.0,1.0,1.0,2.0,1.3333333333333333,1.5,2.0,1.6214534956071844,133,33,0.0,0.37854650439281556
571230650407,2025-09,2,1.0,7.0,5.0,1.0,2.0,3.0,4.333333333333333,3.6666666666666665,7.0,3.5063604990864032,133,39,6.0,2.5063604990864032
571230650408,2025-09,4,13.0,5.0,7.0,8.0,3.0,16.0,6.666666666666667,6.166666666666667,5.0,6.675709655194655,133,40,8.0,6.324290344805345
571230650409,2025-09,16,16.0,15.0,28.0,10.0,8.0,11.0,17.666666666666668,13.333333333333334,15.0,14.085086892752456,133,41,1.0,1.9149131072475445
571230650410,2025-09,1,1.0,2.0,4.0,1.0,1.0,2.0,2.3333333333333335,1.8333333333333333,2.0,1.8526216821185457,133,42,1.0,0.8526216821185457
571230650411,2025-09,1,3.0,1.0,1.0,1.0,2.0,4.0,1.0,1.1666666666666667,1.0,1.6931065552251017,133,43,2.0,1.3068934447748983
571230650412,2025-09,1,3.0,5.0,8.0,1.0,4.0,5.0,4.666666666666667,4.166666666666667,5.0,3.6250122695557465,133,44,2.0,0.6250122695557465
571230650417,2025-09,1,2.0,2.0,3.0,1.0,1.0,2.0,2.0,1.8333333333333333,2.0,1.8124452982955805,133,49,0.0,0.18755470170441946
571230650423,2025-09,10,8.0,3.0,8.0,9.0,12.0,5.0,6.666666666666667,9.5,3.0,8.375463513207396,133,55,5.0,0.37546351320739646
571230650424,2025-09,5,9.0,3.0,9.0,5.0,10.0,15.0,5.666666666666667,7.5,3.0,7.339829460273546,133,56,6.0,1.6601705397264537
571230650425,2025-09,2,1.0,2.0,1.0,2.0,1.0,2.0,1.6666666666666667,1.3333333333333333,2.0,1.886369196401759,133,57,1.0,0.886369196401759
571230650426,2025-09,4,1.0,1.0,4.0,1.0,2.0,3.0,2.0,3.0,1.0,3.150128617005093,133,58,0.0,2.150128617005093
571230650427,2025-09,1,3.0,1.0,3.0,2.0,3.0,4.0,2.0,2.1666666666666665,1.0,2.1859644541213648,133,59,2.0,0.8140355458786352
571230650430,2025-09,1,1.0,3.0,2.0,2.0,4.0,5.0,2.3333333333333335,2.5,3.0,2.645978543654321,133,62,2.0,1.645978543654321
571230650431,2025-09,2,2.0,1.0,1.0,1.0,1.0,1.0,1.0,1.0,1.0,1.5048847365790792,133,63,1.0,0.4951152634209208
571230650434,2025-09,4,1.0,9.0,3.0,8.0,4.0,3.0,6.666666666666667,5.166666666666667,9.0,5.055035823001266,133,66,8.0,4.055035823001266
571230650435,2025-09,6,10.0,15.0,13.0,14.0,14.0,5.0,14.0,13.333333333333334,15.0,10.307969516833964,133,67,5.0,0.307969516833964
571230650436,2025-09,11,13.0,15.0,6.0,14.0,36.0,28.0,11.666666666666666,19.0,15.0,17.16102541780469,133,68,2.0,4.161025417804691
571230650437,2025-09,19,14.0,14.0,16.0,12.0,8.0,29.0,14.0,16.5,14.0,17.703381474292748,133,69,0.0,3.7033814742927476
571230650438,2025-09,11,4.0,8.0,4.0,7.0,4.0,4.0,6.333333333333333,5.333333333333333,8.0,7.116429186482776,133,70,4.0,3.116429186482776
571230650439,2025-09,14,16.0,11.0,7.0,26.0,6.0,13.0,14.666666666666666,12.833333333333334,11.0,12.803849261988935,133,71,5.0,3.196150738011065
571230650440,2025-09,5,6.0,2.0,10.0,1.0,2.0,1.0,4.333333333333333,4.5,2.0,4.035230878791886,133,72,4.0,1.9647691212081142
571230650441,2025-09,16,18.0,15.0,25.0,21.0,15.0,10.0,20.333333333333332,19.166666666666668,15.0,16.485399570188946,133,73,3.0,1.514600429811054
571230650442,2025-09,18,25.0,26.0,24.0,26.0,20.0,24.0,25.333333333333332,25.5,26.0,22.472266069286185,133,74,1.0,2.527733930713815
571230650443,2025-09,16,35.0,31.0,32.0,51.0,36.0,38.0,38.0,37.5,31.0,30.114584532449438,133,75,4.0,4.885415467550562
571230650444,2025-09,20,29.0,14.0,37.0,17.0,29.0,13.0,22.666666666666668,23.0,14.0,20.115115640499102,133,76,15.0,8.884884359500898
571230650445,2025-09,11,9.0,15.0,18.0,26.0,15.0,27.0,19.666666666666668,19.0,15.0,17.020597312896953,133,77,6.0,8.020597312896953
571230650446,2025-09,12,11.0,15.0,12.0,16.0,14.0,26.0,14.333333333333334,11.666666666666666,15.0,14.099130023676272,133,78,4.0,3.099130023676272
571230650447,2025-09,9,25.0,7.0,13.0,15.0,14.0,5.0,11.666666666666666,11.666666666666666,7.0,9.759270459702499,133,79,18.0,15.240729540297501
571230650448,2025-09,9,10.0,7.0,10.0,8.0,2.0,11.0,8.333333333333334,6.5,7.0,7.882786059786641,133,80,3.0,2.117213940213359
571230650449,2025-09,13,28.0,24.0,32.0,20.0,28.0,20.0,25.333333333333332,29.0,24.0,21.95558797660977,133,81,4.0,6.04441202339023
571230650450,2025-09,15,14.0,13.0,15.0,12.0,19.0,21.0,13.333333333333334,14.166666666666666,13.0,15.137043137545405,133,82,1.0,1.1370431375454046
571230650451,2025-09,12,19.0,14.0,4.0,8.0,9.0,12.0,8.666666666666666,11.0,14.0,11.19591134128241,133,83,5.0,7.804088658717591
571230650452,2025-09,5,5.0,9.0,7.0,8.0,1.0,3.0,8.0,8.166666666666666,9.0,6.362326662242797,133,84,4.0,1.362326662242797
571230650453,2025-09,8,17.0,1.0,9.0,6.0,8.0,7.0,5.333333333333333,9.0,1.0,7.422807733090912,133,85,16.0,9.577192266909087
571230650456,2025-09,3,2.0,5.0,2.0,3.0,1.0,1.0,3.3333333333333335,2.5,5.0,2.8412767648422346,133,88,3.0,0.8412767648422346
571230650457,2025-09,4,1.0,3.0,1.0,1.0,1.0,2.0,1.6666666666666667,1.5,3.0,2.584095713654694,133,89,2.0,1.584095713654694
571230650458,2025-09,2,3.0,2.0,1.0,1.0,1.0,3.0,1.3333333333333333,1.1666666666666667,2.0,1.91905141900952,133,90,1.0,1.08094858099048
571230650459,2025-09,2,2.0,1.0,2.0,1.0,3.0,1.0,1.3333333333333333,1.6666666666666667,1.0,1.8551523941123893,133,91,1.0,0.1448476058876107
571230650462,2025-09,3,1.0,5.0,4.0,7.0,7.0,5.0,5.333333333333333,5.5,5.0,4.825278813744397,133,94,4.0,3.825278813744397
571230650463,2025-09,1,3.0,5.0,5.0,2.0,3.0,1.0,4.0,3.5,5.0,2.778247212742551,133,95,2.0,0.22175278725744896
575525617703,2025-09,3,3.0,5.0,13.0,6.0,3.0,7.0,8.0,6.333333333333333,5.0,5.498022353074644,134,39,2.0,2.498022353074644
575525617704,2025-09,1,5.0,7.0,4.0,3.0,2.0,4.0,4.666666666666667,3.8333333333333335,7.0,3.433995851838766,134,40,2.0,1.566004148161234
575525617705,2025-09,1,4.0,3.0,2.0,1.0,1.0,1.0,2.0,1.5,3.0,1.647927551021688,134,41,1.0,2.352072448978312
575525617707,2025-09,3,2.0,3.0,4.0,6.0,1.0,1.0,4.333333333333333,2.6666666666666665,3.0,2.8645316508785523,134,43,1.0,0.8645316508785523
575525617708,2025-09,4,5.0,16.0,14.0,6.0,7.0,7.0,12.0,10.166666666666666,16.0,8.48751703748078,134,44,11.0,3.48751703748078
575525617714,2025-09,5,2.0,3.0,5.0,9.0,4.0,6.0,5.666666666666667,5.666666666666667,3.0,5.331246838659794,134,50,1.0,3.331246838659794
575525617719,2025-09,10,6.0,9.0,15.0,10.0,7.0,8.0,11.333333333333334,11.0,9.0,10.004156782408197,134,55,3.0,4.004156782408197
575525617720,2025-09,12,8.0,15.0,10.0,7.0,12.0,11.0,10.666666666666666,11.5,15.0,11.68626424950333,134,56,7.0,3.6862642495033295
575525617722,2025-09,9,8.0,7.0,10.0,10.0,9.0,18.0,9.0,8.0,7.0,9.633152929861689,134,58,1.0,1.633152929861689
575525617723,2025-09,33,16.0,10.0,27.0,20.0,19.0,18.0,19.0,17.666666666666668,10.0,21.479297296539237,134,59,6.0,5.479297296539237
575525617724,2025-09,4,2.0,11.0,7.0,4.0,7.0,5.0,7.333333333333333,6.333333333333333,11.0,6.06080009007894,134,60,9.0,4.06080009007894
575525617731,2025-09,14,9.0,16.0,29.0,17.0,6.0,19.0,20.666666666666668,16.833333333333332,16.0,15.987268474600874,134,67,7.0,6.987268474600874
575525617732,2025-09,13,11.0,12.0,12.0,9.0,20.0,18.0,11.0,11.0,12.0,12.850167564695502,134,68,1.0,1.8501675646955018
575525617733,2025-09,11,9.0,8.0,9.0,11.0,9.0,19.0,9.333333333333334,11.5,8.0,11.593639426776008,134,69,1.0,2.593639426776008
575525617734,2025-09,24,21.0,18.0,22.0,15.0,9.0,19.0,18.333333333333332,17.833333333333332,18.0,19.16030746190254,134,70,3.0,1.8396925380974594
575525617735,2025-09,3,6.0,3.0,1.0,1.0,4.0,1.0,1.6666666666666667,2.5,3.0,2.6409956657754066,134,71,3.0,3.3590043342245934
575525617736,2025-09,3,4.0,5.0,8.0,2.0,4.0,7.0,5.0,5.0,5.0,4.75426519836175,134,72,1.0,0.7542651983617503
575525617737,2025-09,13,19.0,22.0,12.0,14.0,9.0,17.0,16.0,14.666666666666666,22.0,14.740256647642424,134,73,3.0,4.259743352357576
575525617738,2025-09,68,40.0,57.0,42.0,59.0,45.0,26.0,52.666666666666664,48.5,57.0,51.00964838969614,134,74,17.0,11.009648389696139
575525617739,2025-09,14,17.0,16.0,17.0,14.0,26.0,22.0,15.666666666666666,17.166666666666668,16.0,16.767928160408857,134,75,1.0,0.23207183959114275
575525617740,2025-09,17,24.0,18.0,20.0,21.0,22.0,11.0,19.666666666666668,18.333333333333332,18.0,17.058445742693984,134,76,6.0,6.9415542573060165
575525617741,2025-09,14,11.0,14.0,17.0,19.0,6.0,9.0,16.666666666666668,14.833333333333334,14.0,13.450887190637204,134,77,3.0,2.4508871906372036
575525617742,2025-09,25,24.0,22.0,22.0,17.0,15.0,17.0,20.333333333333332,19.5,22.0,20.529915905861753,134,78,2.0,3.4700840941382474
575525617743,2025-09,36,50.0,45.0,29.0,40.0,11.0,21.0,38.0,32.333333333333336,45.0,31.887683414167732,134,79,5.0,18.112316585832268
575525617744,2025-09,14,21.0,17.0,9.0,25.0,21.0,21.0,17.0,17.833333333333332,17.0,16.83005548985058,134,80,4.0,4.169944510149421
575525617745,2025-09,21,28.0,22.0,30.0,23.0,18.0,17.0,25.0,22.833333333333332,22.0,21.171810502147288,134,81,6.0,6.828189497852712
575525617746,2025-09,35,35.0,23.0,25.0,18.0,22.0,37.0,22.0,22.5,23.0,27.427906074583042,134,82,12.0,7.572093925416958
575525617747,2025-09,18,13.0,12.0,14.0,16.0,14.0,17.0,14.0,13.333333333333334,12.0,14.987909742522747,134,83,1.0,1.9879097425227474
575525617748,2025-09,3,9.0,9.0,3.0,5.0,5.0,6.0,5.666666666666667,6.333333333333333,9.0,5.466630473844011,134,84,0.0,3.5333695261559894
575525617752,2025-09,1,2.0,4.0,2.0,3.0,4.0,2.0,3.0,3.3333333333333335,4.0,2.6966888982838144,134,88,2.0,0.6966888982838144
575525617755,2025-09,2,1.0,3.0,1.0,1.0,1.0,4.0,1.6666666666666667,1.5,3.0,2.264354454521971,134,91,2.0,1.2643544545219711
575525617756,2025-09,6,4.0,10.0,10.0,5.0,7.0,2.0,8.333333333333334,7.0,10.0,6.523865994605734,134,92,6.0,2.5238659946057336
575525617757,2025-09,1,6.0,3.0,9.0,4.0,4.0,2.0,5.333333333333333,4.666666666666667,3.0,3.3461803134939005,134,93,3.0,2.6538196865060995
579820584985,2025-09,3,6.0,8.0,3.0,1.0,9.0,2.0,4.0,4.0,8.0,4.117844444769004,135,25,2.0,1.8821555552309963
579820584997,2025-09,1,3.0,3.0,6.0,2.0,2.0,1.0,3.6666666666666665,2.6666666666666665,3.0,2.276457735085117,135,37,0.0,0.723542264914883
579820584998,2025-09,3,3.0,2.0,1.0,2.0,2.0,3.0,1.6666666666666667,1.5,2.0,2.3943322741805027,135,38,1.0,0.6056677258194973
579820585009,2025-09,1,5.0,4.0,5.0,3.0,7.0,3.0,4.0,4.333333333333333,4.0,3.406538124757448,135,49,1.0,1.5934618752425518
579820585010,2025-09,1,1.0,1.0,3.0,2.0,2.0,4.0,2.0,2.3333333333333335,1.0,2.1968773698298953,135,50,0.0,1.1968773698298953
579820585018,2025-09,32,33.0,36.0,25.0,40.0,27.0,20.0,33.666666666666664,31.666666666666668,36.0,29.961479573055804,135,58,3.0,3.0385204269441957
579820585019,2025-09,19,31.0,16.0,13.0,27.0,15.0,17.0,18.666666666666668,17.5,16.0,17.499100704084455,135,59,15.0,13.500899295915545
579820585020,2025-09,5,6.0,2.0,5.0,3.0,1.0,7.0,3.3333333333333335,3.8333333333333335,2.0,4.386126123035207,135,60,4.0,1.6138738769647931
579820585021,2025-09,2,3.0,1.0,2.0,3.0,2.0,5.0,2.0,1.6666666666666667,1.0,2.379841298677025,135,61,2.0,0.6201587013229748
579820585028,2025-09,4,9.0,8.0,6.0,10.0,11.0,7.0,8.0,7.666666666666667,8.0,6.774818620324181,135,68,1.0,2.225181379675819
579820585029,2025-09,14,12.0,10.0,16.0,11.0,16.0,26.0,12.333333333333334,12.333333333333334,10.0,14.404723118984695,135,69,2.0,2.4047231189846947
579820585030,2025-09,27,27.0,19.0,10.0,29.0,22.0,23.0,19.333333333333332,18.333333333333332,19.0,21.387350048303404,135,70,8.0,5.612649951696596
579820585031,2025-09,7,5.0,12.0,13.0,7.0,8.0,11.0,10.666666666666666,10.333333333333334,12.0,9.490218892952566,135,71,7.0,4.490218892952566
579820585032,2025-09,27,32.0,37.0,27.0,29.0,22.0,25.0,31.0,27.166666666666668,37.0,27.239304379351367,135,72,5.0,4.760695620648633
579820585033,2025-09,11,11.0,8.0,20.0,22.0,25.0,8.0,16.666666666666668,17.166666666666668,8.0,13.658929732134903,135,73,3.0,2.6589297321349026
579820585034,2025-09,23,29.0,26.0,23.0,30.0,25.0,18.0,26.333333333333332,28.666666666666668,26.0,24.525089208063676,135,74,3.0,4.474910791936324
579820585035,2025-09,29,26.0,35.0,22.0,19.0,18.0,24.0,25.333333333333332,22.166666666666668,35.0,25.062359035756863,135,75,9.0,0.9376409642431369
579820585036,2025-09,16,22.0,17.0,8.0,16.0,22.0,14.0,13.666666666666666,16.833333333333332,17.0,15.875561220857492,135,76,5.0,6.124438779142508
579820585037,2025-09,13,20.0,16.0,32.0,15.0,14.0,16.0,21.0,18.166666666666668,16.0,16.17664044479758,135,77,4.0,3.823359555202419
579820585038,2025-09,17,18.0,8.0,10.0,9.0,9.0,9.0,9.0,8.666666666666666,8.0,11.083512283758823,135,78,10.0,6.916487716241177
579820585039,2025-09,16,25.0,11.0,22.0,16.0,14.0,15.0,16.333333333333332,18.166666666666668,11.0,15.986632068301871,135,79,14.0,9.013367931698129
579820585040,2025-09,12,10.0,15.0,7.0,5.0,5.0,2.0,9.0,8.166666666666666,15.0,8.958487206347373,135,80,5.0,1.0415127936526272
579820585041,2025-09,9,19.0,9.0,9.0,10.0,9.0,8.0,9.333333333333334,10.0,9.0,9.235940783962834,135,81,10.0,9.764059216037166
579820585042,2025-09,27,39.0,24.0,17.0,13.0,24.0,21.0,18.0,19.833333333333332,24.0,21.980408658692415,135,82,15.0,17.019591341307585
579820585043,2025-09,9,5.0,3.0,6.0,3.0,2.0,3.0,4.0,3.8333333333333335,3.0,5.220672462967083,135,83,2.0,0.22067246296708287
579820585051,2025-09,4,5.0,7.0,8.0,8.0,6.0,4.0,7.666666666666667,7.666666666666667,7.0,6.077745200937702,135,91,2.0,1.0777452009377022
579820585053,2025-09,4,1.0,1.0,1.0,3.0,5.0,3.0,1.6666666666666667,2.6666666666666665,1.0,3.1245430845523003,135,93,0.0,2.1245430845523003
579820585057,2025-09,3,4.0,5.0,4.0,7.0,6.0,2.0,5.333333333333333,4.166666666666667,5.0,3.965766578444157,135,97,1.0,0.03423342155584308
579820585061,2025-09,5,5.0,4.0,5.0,5.0,14.0,5.0,4.666666666666667,5.333333333333333,4.0,5.5062457960950155,135,101,1.0,0.5062457960950155
584115552283,2025-09,4,2.0,2.0,3.0,2.0,4.0,7.0,2.3333333333333335,4.0,2.0,4.174077460032818,136,27,0.0,2.1740774600328177
584115552289,2025-09,1,2.0,3.0,2.0,1.0,1.0,1.0,2.0,1.8333333333333333,3.0,1.7585665860641555,136,33,1.0,0.2414334139358445
584115552290,2025-09,1,1.0,2.0,3.0,1.0,1.0,3.0,2.0,1.5,2.0,1.8259894276923347,136,34,1.0,0.8259894276923347
584115552291,2025-09,2,1.0,1.0,1.0,1.0,2.0,2.0,1.0,1.1666666666666667,1.0,1.7287940203522396,136,35,0.0,0.7287940203522396
584115552293,2025-09,2,1.0,1.0,1.0,1.0,1.0,3.0,1.0,1.3333333333333333,1.0,1.8638901004999902,136,37,0.0,0.8638901004999902
584115552294,2025-09,8,7.0,8.0,24.0,8.0,4.0,8.0,13.333333333333334,10.0,8.0,9.14965605358698,136,38,1.0,2.1496560535869804
584115552301,2025-09,2,2.0,4.0,2.0,1.0,4.0,1.0,2.3333333333333335,2.1666666666666665,4.0,2.3969600565810847,136,45,2.0,0.3969600565810847
584115552304,2025-09,2,1.0,2.0,3.0,6.0,1.0,1.0,3.6666666666666665,2.3333333333333335,2.0,2.3191816019767746,136,48,1.0,1.3191816019767746
584115552305,2025-09,3,5.0,3.0,6.0,3.0,5.0,1.0,4.0,4.0,3.0,3.4565226930144934,136,49,2.0,1.5434773069855066
584115552307,2025-09,1,1.0,1.0,1.0,1.0,1.0,3.0,1.0,2.0,1.0,1.8011143765793438,136,51,0.0,0.8011143765793438
584115552313,2025-09,10,2.0,4.0,3.0,4.0,1.0,2.0,3.6666666666666665,3.1666666666666665,4.0,5.1409915295078985,136,57,2.0,3.1409915295078985
584115552314,2025-09,16,9.0,15.0,13.0,25.0,12.0,17.0,17.666666666666668,17.0,15.0,16.164917279414677,136,58,6.0,7.164917279414677
584115552315,2025-09,2,5.0,5.0,1.0,3.0,4.0,1.0,3.0,3.3333333333333335,5.0,2.9268639800579717,136,59,0.0,2.0731360199420283
584115552317,2025-09,1,1.0,2.0,2.0,2.0,1.0,2.0,2.0,1.5,2.0,1.6978113037403748,136,61,1.0,0.6978113037403748
584115552322,2025-09,1,1.0,1.0,1.0,2.0,2.0,1.0,1.3333333333333333,2.0,1.0,1.6333360738238305,136,66,0.0,0.6333360738238305
584115552323,2025-09,1,2.0,1.0,1.0,3.0,1.0,1.0,1.6666666666666667,1.5,1.0,1.4591523437576512,136,67,1.0,0.5408476562423488
584115552324,2025-09,22,32.0,25.0,30.0,20.0,33.0,28.0,25.0,25.166666666666668,25.0,24.485349612633776,136,68,7.0,7.514650387366224
584115552325,2025-09,49,41.0,36.0,36.0,34.0,42.0,32.0,35.333333333333336,33.666666666666664,36.0,37.835376958058006,136,69,5.0,3.1646230419419936
584115552326,2025-09,20,33.0,60.0,31.0,23.0,42.0,29.0,38.0,36.333333333333336,60.0,32.16304219712919,136,70,27.0,0.8369578028708133
584115552327,2025-09,31,29.0,35.0,36.0,54.0,28.0,20.0,41.666666666666664,35.166666666666664,35.0,31.72154157517386,136,71,6.0,2.721541575173859
584115552328,2025-09,29,27.0,42.0,24.0,23.0,29.0,26.0,29.666666666666668,29.0,42.0,29.06574252004782,136,72,15.0,2.06574252004782
584115552329,2025-09,14,22.0,27.0,20.0,30.0,17.0,17.0,25.666666666666668,21.5,27.0,19.10038151422139,136,73,5.0,2.8996184857786105
584115552330,2025-09,7,15.0,18.0,20.0,19.0,4.0,16.0,19.0,13.5,18.0,12.362875935469344,136,74,3.0,2.6371240645306564
584115552331,2025-09,20,17.0,24.0,16.0,20.0,25.0,20.0,20.0,21.5,24.0,20.678544299587777,136,75,7.0,3.6785442995877773
584115552332,2025-09,22,17.0,24.0,24.0,28.0,19.0,26.0,25.333333333333332,23.666666666666668,24.0,23.055327456199613,136,76,7.0,6.055327456199613
584115552333,2025-09,8,6.0,9.0,7.0,8.0,11.0,9.0,8.0,6.833333333333333,9.0,7.961096908852062,136,77,3.0,1.9610969088520616
584115552334,2025-09,2,5.0,6.0,2.0,2.0,3.0,4.0,3.3333333333333335,3.1666666666666665,6.0,3.3141631495852,136,78,1.0,1.6858368504148
584115552335,2025-09,26,19.0,29.0,22.0,16.0,20.0,18.0,22.333333333333332,20.5,29.0,22.229287406402598,136,79,10.0,3.229287406402598
584115552336,2025-09,15,23.0,20.0,26.0,12.0,23.0,26.0,19.333333333333332,22.166666666666668,20.0,19.806228282279505,136,80,3.0,3.1937717177204945
584115552337,2025-09,13,20.0,20.0,9.0,19.0,7.0,12.0,16.0,13.833333333333334,20.0,13.593346332235448,136,81,0.0,6.406653667764552
584115552338,2025-09,13,18.0,13.0,7.0,29.0,26.0,29.0,16.333333333333332,20.166666666666668,13.0,18.1584228511915,136,82,5.0,0.15842285119149935
584115552339,2025-09,8,5.0,5.0,2.0,4.0,2.0,11.0,3.6666666666666665,3.6666666666666665,5.0,5.971202028033934,136,83,0.0,0.9712020280339342
584115552340,2025-09,1,3.0,3.0,1.0,1.0,3.0,1.0,1.6666666666666667,1.8333333333333333,3.0,1.807203405866602,136,84,0.0,1.192796594133398
584115552345,2025-09,1,2.0,1.0,1.0,3.0,1.0,1.0,1.6666666666666667,2.3333333333333335,1.0,1.73574993136382,136,89,1.0,0.26425006863617995
584115552346,2025-09,1,2.0,3.0,1.0,1.0,1.0,2.0,1.6666666666666667,1.3333333333333333,3.0,1.6766148141167125,136,90,1.0,0.32338518588328746
584115552347,2025-09,21,8.0,15.0,12.0,18.0,32.0,26.0,15.0,21.833333333333332,15.0,20.901786419770918,136,91,7.0,12.901786419770918
584115552348,2025-09,8,12.0,18.0,12.0,14.0,12.0,10.0,14.666666666666666,18.333333333333332,18.0,13.359031373322162,136,92,6.0,1.3590313733221624
584115552349,2025-09,2,1.0,3.0,5.0,1.0,2.0,3.0,3.0,3.0,3.0,2.843159084878418,136,93,2.0,1.843159084878418
584115552353,2025-09,2,1.0,1.0,1.0,1.0,2.0,4.0,1.0,1.6666666666666667,1.0,2.1431189017943844,136,97,0.0,1.1431189017943844
584115552354,2025-09,4,1.0,5.0,2.0,1.0,2.0,2.0,2.6666666666666665,2.8333333333333335,5.0,3.332196511521759,136,98,4.0,2.332196511521759
584115552356,2025-09,9,4.0,3.0,6.0,5.0,2.0,3.0,4.666666666666667,4.666666666666667,3.0,5.569632899193705,136,100,1.0,1.5696328991937047
588410519577,2025-09,3,1.0,1.0,3.0,1.0,1.0,1.0,1.6666666666666667,1.5,1.0,2.035249850794294,137,25,0.0,1.035249850794294
588410519580,2025-09,1,1.0,1.0,2.0,1.0,1.0,4.0,1.3333333333333333,2.1666666666666665,1.0,2.0207934423627627,137,28,0.0,1.0207934423627627
588410519582,2025-09,1,2.0,1.0,1.0,1.0,3.0,3.0,1.0,1.6666666666666667,1.0,1.7792885451622862,137,30,1.0,0.22071145483771382
588410519585,2025-09,1,4.0,4.0,3.0,3.0,3.0,7.0,3.3333333333333335,2.6666666666666665,4.0,3.0920964324052482,137,33,0.0,0.9079035675947518
588410519586,2025-09,2,2.0,4.0,1.0,4.0,6.0,3.0,3.0,4.333333333333333,4.0,3.5216612059686927,137,34,2.0,1.5216612059686927
588410519590,2025-09,1,2.0,2.0,4.0,11.0,1.0,5.0,5.666666666666667,3.3333333333333335,2.0,3.08486107622958,137,38,0.0,1.08486107622958
588410519598,2025-09,2,3.0,1.0,2.0,1.0,1.0,1.0,1.3333333333333333,1.6666666666666667,1.0,1.7663391904869776,137,46,2.0,1.2336608095130224
588410519599,2025-09,2,5.0,1.0,4.0,4.0,3.0,4.0,3.0,3.1666666666666665,1.0,2.914474585697768,137,47,4.0,2.085525414302232
588410519600,2025-09,15,7.0,12.0,11.0,8.0,2.0,6.0,10.333333333333334,7.833333333333333,12.0,10.001329705770676,137,48,5.0,3.001329705770676
588410519601,2025-09,3,10.0,2.0,6.0,11.0,10.0,4.0,6.333333333333333,6.166666666666667,2.0,4.949229481622774,137,49,8.0,5.050770518377226
588410519602,2025-09,20,19.0,17.0,12.0,23.0,10.0,9.0,17.333333333333332,15.833333333333334,17.0,15.940039753267293,137,50,2.0,3.0599602467327074
588410519604,2025-09,6,2.0,2.0,2.0,2.0,2.0,3.0,2.0,2.1666666666666665,2.0,3.507948110105149,137,52,0.0,1.5079481101051488
588410519605,2025-09,4,7.0,3.0,5.0,2.0,3.0,1.0,3.3333333333333335,3.6666666666666665,3.0,3.4647664402190053,137,53,4.0,3.5352335597809947
588410519607,2025-09,5,2.0,4.0,3.0,1.0,5.0,5.0,2.6666666666666665,2.8333333333333335,4.0,4.051715152075326,137,55,2.0,2.0517151520753263
588410519608,2025-09,1,2.0,2.0,1.0,1.0,2.0,3.0,1.3333333333333333,1.5,2.0,1.7900432618591111,137,56,0.0,0.2099567381408889
588410519609,2025-09,4,3.0,4.0,5.0,7.0,7.0,3.0,5.333333333333333,5.333333333333333,4.0,4.735342309142505,137,57,1.0,1.7353423091425046
588410519618,2025-09,3,3.0,3.0,5.0,4.0,7.0,1.0,4.0,6.666666666666667,3.0,4.4264532174669045,137,66,0.0,1.4264532174669045
588410519619,2025-09,9,8.0,5.0,10.0,10.0,6.0,4.0,8.333333333333334,9.666666666666666,5.0,8.093602325425277,137,67,3.0,0.09360232542527669
588410519620,2025-09,4,2.0,6.0,8.0,5.0,4.0,11.0,6.333333333333333,7.333333333333333,6.0,6.528550004382934,137,68,4.0,4.528550004382934
588410519621,2025-09,26,18.0,29.0,25.0,20.0,28.0,19.0,24.666666666666668,21.333333333333332,29.0,23.25057582165943,137,69,11.0,5.250575821659432
588410519622,2025-09,13,31.0,36.0,48.0,35.0,36.0,28.0,39.666666666666664,32.5,36.0,26.977329512761088,137,70,5.0,4.022670487238912
588410519625,2025-09,7,13.0,14.0,17.0,10.0,14.0,14.0,13.666666666666666,12.333333333333334,14.0,11.283253687685333,137,73,1.0,1.7167463123146671
588410519626,2025-09,2,1.0,1.0,1.0,1.0,1.0,1.0,1.0,1.0,1.0,1.5048847365790792,137,74,0.0,0.5048847365790792
588410519627,2025-09,10,19.0,22.0,16.0,18.0,11.0,12.0,18.666666666666668,14.5,22.0,13.60610436206651,137,75,3.0,5.39389563793349
588410519628,2025-09,8,10.0,28.0,23.0,19.0,14.0,19.0,23.333333333333332,20.0,28.0,16.846343936024283,137,76,18.0,6.846343936024283
588410519636,2025-09,3,2.0,2.0,2.0,3.0,2.0,6.0,2.3333333333333335,2.0,2.0,3.0091981281950613,137,84,0.0,1.0091981281950613
588410519640,2025-09,3,4.0,1.0,3.0,4.0,1.0,5.0,2.6666666666666665,2.8333333333333335,1.0,3.08308292165173,137,88,3.0,0.9169170783482699
588410519641,2025-09,6,4.0,9.0,9.0,13.0,10.0,10.0,10.333333333333334,9.666666666666666,9.0,8.674457570525448,137,89,5.0,4.674457570525448
588410519642,2025-09,25,32.0,33.0,11.0,13.0,17.0,23.0,19.0,19.166666666666668,33.0,21.881812338124902,137,90,1.0,10.118187661875098
588410519643,2025-09,6,7.0,9.0,13.0,2.0,9.0,10.0,8.0,8.166666666666666,9.0,7.894885178901006,137,91,2.0,0.8948851789010064
588410519644,2025-09,6,1.0,5.0,3.0,2.0,2.0,3.0,3.3333333333333335,3.6666666666666665,5.0,4.377442659711506,137,92,4.0,3.377442659711506
588410519645,2025-09,1,2.0,1.0,1.0,2.0,3.0,1.0,1.3333333333333333,1.6666666666666667,1.0,1.5671036405940697,137,93,1.0,0.4328963594059303
588410519650,2025-09,3,7.0,4.0,10.0,6.0,9.0,9.0,6.666666666666667,6.166666666666667,4.0,5.7264987878084295,137,98,3.0,1.2735012121915705
588410519652,2025-09,6,5.0,8.0,5.0,3.0,4.0,11.0,5.333333333333333,6.333333333333333,8.0,6.792810159238876,137,100,3.0,1.7928101592388757
588410519653,2025-09,1,2.0,2.0,1.0,2.0,1.0,1.0,1.6666666666666667,1.8333333333333333,2.0,1.6440907905206554,137,101,0.0,0.35590920947934457
592705486878,2025-09,1,1.0,1.0,1.0,3.0,3.0,6.0,1.6666666666666667,2.1666666666666665,1.0,2.3901594396641066,138,30,0.0,1.3901594396641066
592705486880,2025-09,2,1.0,2.0,1.0,2.0,5.0,1.0,1.6666666666666667,2.3333333333333335,2.0,2.2717295443407615,138,32,1.0,1.2717295443407615
592705486882,2025-09,3,2.0,4.0,3.0,6.0,1.0,4.0,4.333333333333333,3.6666666666666665,4.0,3.6393027015314185,138,34,2.0,1.6393027015314185
592705486894,2025-09,10,5.0,8.0,7.0,6.0,6.0,3.0,7.0,6.333333333333333,8.0,7.213270263949451,138,46,3.0,2.2132702639494513
592705486895,2025-09,16,10.0,7.0,11.0,16.0,10.0,9.0,11.333333333333334,12.5,7.0,12.299179512518108,138,47,3.0,2.2991795125181085
592705486896,2025-09,5,10.0,7.0,6.0,11.0,3.0,3.0,8.0,7.666666666666667,7.0,6.132587530350697,138,48,3.0,3.8674124696493033
592705486897,2025-09,5,2.0,3.0,4.0,5.0,2.0,2.0,4.0,3.8333333333333335,3.0,3.9522842034800547,138,49,1.0,1.9522842034800547
592705486898,2025-09,18,12.0,20.0,15.0,13.0,28.0,8.0,16.0,18.0,20.0,16.856378977680556,138,50,8.0,4.856378977680556
592705486899,2025-09,6,5.0,4.0,4.0,2.0,8.0,2.0,3.3333333333333335,4.333333333333333,4.0,4.670672724025653,138,51,1.0,0.32932727597434663
592705486901,2025-09,4,3.0,1.0,3.0,2.0,4.0,2.0,2.0,3.1666666666666665,1.0,3.1660832141997766,138,53,2.0,0.16608321419977656
592705486902,2025-09,1,7.0,2.0,3.0,5.0,13.0,7.0,3.3333333333333335,5.333333333333333,2.0,4.272675907430967,138,54,5.0,2.7273240925690327
592705486903,2025-09,7,6.0,12.0,9.0,7.0,9.0,18.0,9.333333333333334,8.666666666666666,12.0,9.690006935335628,138,55,6.0,3.690006935335628
592705486904,2025-09,2,3.0,5.0,6.0,3.0,4.0,4.0,4.666666666666667,4.166666666666667,5.0,3.7768929800966307,138,56,2.0,0.7768929800966307
592705486906,2025-09,3,2.0,1.0,1.0,2.0,1.0,1.0,1.3333333333333333,1.1666666666666667,1.0,1.8804394724161213,138,58,1.0,0.1195605275838787
592705486907,2025-09,11,7.0,15.0,9.0,13.0,3.0,3.0,12.333333333333334,9.5,15.0,9.522163675453214,138,59,8.0,2.522163675453214
592705486908,2025-09,2,7.0,3.0,1.0,7.0,5.0,5.0,3.6666666666666665,3.5,3.0,3.4470867823281797,138,60,4.0,3.5529132176718203
592705486911,2025-09,3,2.0,6.0,1.0,3.0,4.0,8.0,3.3333333333333335,3.0,6.0,4.080041726126404,138,63,4.0,2.080041726126404
592705486912,2025-09,2,3.0,3.0,4.0,8.0,10.0,16.0,5.0,6.833333333333333,3.0,6.298235526426941,138,64,0.0,3.298235526426941
592705486913,2025-09,3,2.0,11.0,2.0,10.0,6.0,2.0,7.666666666666667,5.666666666666667,11.0,5.154718757604588,138,65,9.0,3.154718757604588
592705486914,2025-09,1,4.0,6.0,3.0,5.0,9.0,4.0,4.666666666666667,6.166666666666667,6.0,4.4410209385917,138,66,2.0,0.44102093859170033
592705486917,2025-09,3,1.0,3.0,1.0,1.0,1.0,1.0,1.6666666666666667,1.5,3.0,2.175858755209889,138,69,2.0,1.1758587552098891
592705486922,2025-09,6,1.0,8.0,2.0,2.0,1.0,2.0,4.0,5.333333333333333,8.0,5.053314192941239,138,74,7.0,4.053314192941239
592705486923,2025-09,16,4.0,7.0,13.0,7.0,15.0,11.0,9.0,10.666666666666666,7.0,11.915784106580398,138,75,3.0,7.915784106580398
592705486924,2025-09,8,6.0,19.0,9.0,7.0,9.0,5.0,11.666666666666666,9.333333333333334,19.0,9.3543235139316,138,76,13.0,3.3543235139316003
592705486925,2025-09,5,3.0,5.0,14.0,3.0,1.0,4.0,7.333333333333333,5.0,5.0,5.093843214865149,138,77,2.0,2.0938432148651493
592705486929,2025-09,15,4.0,7.0,8.0,7.0,6.0,5.0,7.333333333333333,7.666666666666667,7.0,9.290338675128107,138,81,3.0,5.2903386751281065
592705486930,2025-09,2,8.0,7.0,2.0,1.0,1.0,2.0,3.3333333333333335,3.0,7.0,2.9959635112806478,138,82,1.0,5.004036488719352
592705486935,2025-09,2,4.0,1.0,4.0,2.0,4.0,2.0,2.3333333333333335,2.3333333333333335,1.0,2.3615544224054084,138,87,3.0,1.6384455775945916
592705486936,2025-09,5,1.0,9.0,3.0,3.0,5.0,7.0,5.0,4.0,9.0,5.312085132376673,138,88,8.0,4.312085132376673
592705486937,2025-09,4,3.0,6.0,6.0,7.0,3.0,11.0,6.333333333333333,4.666666666666667,6.0,5.591041203205014,138,89,3.0,2.5910412032050143
592705486938,2025-09,3,10.0,4.0,8.0,2.0,3.0,5.0,4.666666666666667,3.6666666666666665,4.0,3.908455291469968,138,90,6.0,6.091544708530032
592705486939,2025-09,26,26.0,18.0,25.0,19.0,17.0,10.0,20.666666666666668,16.833333333333332,18.0,18.89935712804475,138,91,8.0,7.100642871955252
592705486940,2025-09,3,2.0,2.0,1.0,1.0,2.0,1.0,1.3333333333333333,2.0,2.0,2.2757430735555317,138,92,0.0,0.27574307355553174
592705486945,2025-09,2,1.0,1.0,1.0,1.0,2.0,1.0,1.0,1.5,1.0,1.7152498909554872,138,97,0.0,0.7152498909554872
592705486946,2025-09,13,20.0,13.0,15.0,17.0,18.0,11.0,15.0,16.666666666666668,13.0,14.293397187698952,138,98,7.0,5.706602812301048
592705486947,2025-09,4,7.0,11.0,18.0,9.0,8.0,9.0,12.666666666666666,12.666666666666666,11.0,9.326928359059158,138,99,4.0,2.326928359059158
592705486948,2025-09,5,1.0,2.0,6.0,6.0,4.0,4.0,4.666666666666667,4.666666666666667,2.0,4.572114679515471,138,100,1.0,3.5721146795154706
592705486949,2025-09,2,2.0,1.0,5.0,2.0,4.0,3.0,2.6666666666666665,3.0,1.0,2.7471920407525285,138,101,1.0,0.7471920407525285
597000454174,2025-09,1,2.0,1.0,2.0,2.0,6.0,1.0,1.6666666666666667,2.1666666666666665,1.0,1.906458382418851,139,30,1.0,0.09354161758114898
597000454190,2025-09,2,1.0,1.0,1.0,1.0,1.0,2.0,1.0,1.5,1.0,1.795026453582004,139,46,0.0,0.795026453582004
597000454191,2025-09,4,1.0,3.0,7.0,1.0,1.0,3.0,3.6666666666666665,2.8333333333333335,3.0,3.3918933212015743,139,47,2.0,2.3918933212015743
597000454193,2025-09,7,1.0,3.0,2.0,6.0,5.0,1.0,3.6666666666666665,3.5,3.0,4.374618054111943,139,49,2.0,3.3746180541119433
597000454194,2025-09,2,4.0,4.0,6.0,15.0,16.0,9.0,8.333333333333334,8.666666666666666,4.0,6.748011252810469,139,50,0.0,2.7480112528104694
597000454197,2025-09,2,3.0,2.0,1.0,6.0,4.0,4.0,3.0,3.0,2.0,2.965876203171561,139,53,1.0,0.03412379682843891
597000454199,2025-09,14,13.0,21.0,24.0,11.0,19.0,16.0,18.666666666666668,18.166666666666668,21.0,16.76899466019588,139,55,8.0,3.7689946601958795
597000454200,2025-09,13,16.0,11.0,15.0,17.0,19.0,12.0,14.333333333333334,15.333333333333334,11.0,13.798469141719485,139,56,5.0,2.201530858280515
597000454201,2025-09,2,1.0,2.0,3.0,2.0,1.0,1.0,2.3333333333333335,2.0,2.0,2.063816869693401,139,57,1.0,1.063816869693401
597000454203,2025-09,16,31.0,13.0,13.0,23.0,14.0,10.0,16.333333333333332,18.5,13.0,15.588999468974658,139,59,18.0,15.411000531025342
597000454204,2025-09,7,1.0,3.0,2.0,5.0,4.0,3.0,3.3333333333333335,3.3333333333333335,3.0,4.487076839346222,139,60,2.0,3.487076839346222
597000454205,2025-09,7,1.0,2.0,2.0,4.0,5.0,4.0,2.6666666666666665,3.6666666666666665,2.0,4.619643380299626,139,61,1.0,3.6196433802996264
597000454207,2025-09,8,8.0,15.0,3.0,9.0,13.0,6.0,9.0,9.666666666666666,15.0,9.156153322223723,139,63,7.0,1.156153322223723
597000454208,2025-09,1,3.0,1.0,7.0,10.0,2.0,8.0,6.0,4.833333333333333,1.0,3.973559720178959,139,64,2.0,0.973559720178959
597000454210,2025-09,1,2.0,1.0,2.0,1.0,1.0,1.0,1.3333333333333333,1.1666666666666667,1.0,1.316326843917695,139,66,1.0,0.6836731560823051
597000454211,2025-09,1,6.0,1.0,5.0,4.0,1.0,8.0,3.3333333333333335,2.1666666666666665,1.0,2.746599524519225,139,67,5.0,3.253400475480775
597000454219,2025-09,9,6.0,6.0,9.0,12.0,8.0,9.0,9.0,9.0,6.0,8.724720581990113,139,75,0.0,2.7247205819901126
597000454220,2025-09,4,1.0,11.0,4.0,3.0,3.0,5.0,6.0,4.333333333333333,11.0,5.062628896794195,139,76,10.0,4.062628896794195
597000454221,2025-09,4,1.0,3.0,2.0,2.0,2.0,2.0,2.3333333333333335,1.8333333333333333,3.0,2.8154991586430587,139,77,2.0,1.8154991586430587
597000454222,2025-09,2,6.0,3.0,3.0,4.0,1.0,3.0,3.3333333333333335,2.3333333333333335,3.0,2.6056659182655286,139,78,3.0,3.3943340817344714
597000454225,2025-09,4,2.0,6.0,7.0,5.0,3.0,3.0,6.0,4.666666666666667,6.0,4.56538942289375,139,81,4.0,2.56538942289375
597000454231,2025-09,8,6.0,7.0,3.0,2.0,7.0,10.0,4.0,5.166666666666667,7.0,6.7557027376133805,139,87,1.0,0.7557027376133805
597000454232,2025-09,8,7.0,6.0,3.0,7.0,4.0,5.0,5.333333333333333,4.5,6.0,5.8507153254145905,139,88,1.0,1.1492846745854095
597000454233,2025-09,18,11.0,18.0,9.0,12.0,11.0,9.0,13.0,10.833333333333334,18.0,13.348709258581199,139,89,7.0,2.3487092585811986
597000454234,2025-09,29,24.0,30.0,29.0,25.0,43.0,36.0,28.0,31.166666666666668,30.0,30.595895052960074,139,90,6.0,6.595895052960074
597000454235,2025-09,6,7.0,7.0,5.0,4.0,4.0,2.0,5.333333333333333,4.5,7.0,4.992347574831772,139,91,0.0,2.007652425168228
597000454242,2025-09,4,8.0,5.0,7.0,1.0,9.0,8.0,4.333333333333333,4.833333333333333,5.0,5.252857840215657,139,98,3.0,2.7471421597843433
597000454243,2025-09,2,1.0,3.0,2.0,1.0,7.0,3.0,2.0,2.5,3.0,2.7787043899093495,139,99,2.0,1.7787043899093495
597000454244,2025-09,1,3.0,2.0,2.0,2.0,3.0,5.0,2.0,2.0,2.0,2.325132553247153,139,100,1.0,0.674867446752847
601295421470,2025-09,1,2.0,2.0,2.0,4.0,1.0,1.0,2.6666666666666665,1.8333333333333333,2.0,1.7566300229640746,140,30,0.0,0.24336997703592544
601295421487,2025-09,7,6.0,3.0,3.0,5.0,1.0,2.0,3.6666666666666665,2.6666666666666665,3.0,4.048572183206913,140,47,3.0,1.9514278167930872
601295421488,2025-09,1,4.0,6.0,2.0,2.0,1.0,1.0,3.3333333333333335,2.6666666666666665,6.0,2.4027881060728404,140,48,2.0,1.5972118939271596
601295421489,2025-09,1,2.0,3.0,1.0,1.0,1.0,1.0,1.6666666666666667,1.8333333333333333,3.0,1.718390202241192,140,49,1.0,0.2816097977588079
601295421493,2025-09,6,1.0,3.0,3.0,3.0,2.0,3.0,3.0,2.6666666666666665,3.0,3.860745306832805,140,53,2.0,2.860745306832805
601295421494,2025-09,25,19.0,15.0,21.0,31.0,4.0,9.0,22.333333333333332,18.833333333333332,15.0,18.51969760462815,140,54,4.0,0.4803023953718508
601295421495,2025-09,11,16.0,15.0,10.0,9.0,15.0,11.0,11.333333333333334,11.5,15.0,11.607793109556317,140,55,1.0,4.392206890443683
601295421496,2025-09,8,6.0,7.0,7.0,17.0,9.0,9.0,10.333333333333334,9.5,7.0,8.862067132296904,140,56,1.0,2.862067132296904
601295421497,2025-09,3,5.0,9.0,16.0,4.0,7.0,2.0,9.666666666666666,9.0,9.0,6.429934865440588,140,57,4.0,1.429934865440588
601295421499,2025-09,1,3.0,2.0,1.0,2.0,3.0,4.0,1.6666666666666667,1.6666666666666667,2.0,2.0501339699424967,140,59,1.0,0.9498660300575033
601295421501,2025-09,2,1.0,4.0,1.0,3.0,4.0,2.0,2.6666666666666665,2.5,4.0,2.6639687208602627,140,61,3.0,1.6639687208602627
601295421503,2025-09,1,2.0,3.0,2.0,1.0,2.0,1.0,2.0,1.6666666666666667,3.0,1.7476536703556285,140,63,1.0,0.25234632964437154
601295421506,2025-09,8,1.0,10.0,2.0,1.0,2.0,2.0,4.333333333333333,3.3333333333333335,10.0,5.186774420261607,140,66,9.0,4.186774420261607
601295421509,2025-09,3,1.0,3.0,1.0,2.0,2.0,1.0,2.0,1.6666666666666667,3.0,2.311766298854055,140,69,2.0,1.3117662988540548
601295421513,2025-09,5,4.0,5.0,1.0,2.0,2.0,1.0,2.6666666666666665,3.0,5.0,3.543391699096615,140,73,1.0,0.456608300903385
601295421514,2025-09,9,10.0,18.0,18.0,12.0,9.0,16.0,16.0,13.5,18.0,12.819393794726519,140,74,8.0,2.819393794726519
601295421515,2025-09,3,2.0,1.0,4.0,1.0,8.0,3.0,2.0,4.166666666666667,1.0,3.5197510565243775,140,75,1.0,1.5197510565243775
601295421516,2025-09,8,6.0,9.0,1.0,10.0,5.0,3.0,6.666666666666667,5.333333333333333,9.0,6.282987199332059,140,76,3.0,0.28298719933205874
601295421517,2025-09,9,3.0,8.0,5.0,7.0,5.0,11.0,6.666666666666667,7.0,8.0,8.055381910394171,140,77,5.0,5.055381910394171
601295421518,2025-09,5,2.0,9.0,3.0,6.0,7.0,1.0,6.0,5.0,9.0,5.096260727424834,140,78,7.0,3.096260727424834
601295421519,2025-09,2,2.0,2.0,3.0,3.0,1.0,2.0,2.6666666666666665,1.8333333333333333,2.0,2.168861940921616,140,79,0.0,0.16886194092161588
601295421526,2025-09,2,1.0,6.0,1.0,1.0,2.0,1.0,2.6666666666666665,2.1666666666666665,6.0,2.488932141194235,140,86,5.0,1.4889321411942351
601295421527,2025-09,3,3.0,5.0,3.0,2.0,5.0,4.0,3.3333333333333335,3.3333333333333335,5.0,3.67204521252963,140,87,2.0,0.6720452125296301
601295421528,2025-09,7,5.0,9.0,6.0,10.0,1.0,5.0,8.333333333333334,6.333333333333333,9.0,6.602472351196325,140,88,4.0,1.602472351196325
601295421529,2025-09,7,5.0,2.0,4.0,13.0,6.0,7.0,6.333333333333333,6.0,2.0,6.217058307165238,140,89,3.0,1.2170583071652379
601295421530,2025-09,10,6.0,6.0,6.0,15.0,7.0,5.0,9.0,8.833333333333334,6.0,8.400330720366654,140,90,0.0,2.4003307203666537
601295421531,2025-09,3,3.0,1.0,4.0,3.0,1.0,5.0,2.6666666666666665,3.6666666666666665,1.0,3.3636754687706354,140,91,2.0,0.3636754687706354
601295421539,2025-09,1,2.0,3.0,1.0,2.0,2.0,1.0,2.0,2.0,3.0,1.8542977458853578,140,99,1.0,0.14570225411464222
605590388783,2025-09,1,5.0,1.0,4.0,2.0,1.0,2.0,2.3333333333333335,1.6666666666666667,1.0,1.7230027528767735,141,47,4.0,3.2769972471232265
605590388784,2025-09,15,14.0,13.0,17.0,15.0,6.0,4.0,15.0,14.0,13.0,12.582221041568836,141,48,1.0,1.417778958431164
605590388785,2025-09,17,16.0,17.0,4.0,8.0,8.0,24.0,9.666666666666666,10.166666666666666,17.0,14.116816603254401,141,49,1.0,1.8831833967455989
605590388790,2025-09,14,13.0,22.0,29.0,23.0,38.0,27.0,24.666666666666668,32.666666666666664,22.0,24.537072774684358,141,54,9.0,11.537072774684358
605590388791,2025-09,16,23.0,21.0,15.0,13.0,20.0,17.0,16.333333333333332,19.833333333333332,21.0,17.76966258388508,141,55,2.0,5.230337416114921
605590388792,2025-09,14,5.0,7.0,5.0,10.0,7.0,18.0,7.333333333333333,8.5,7.0,10.929685329713067,141,56,2.0,5.929685329713067
605590388793,2025-09,4,5.0,3.0,8.0,3.0,5.0,7.0,4.666666666666667,5.0,3.0,4.897945346428739,141,57,2.0,0.10205465357126098
605590388796,2025-09,5,1.0,3.0,2.0,2.0,1.0,6.0,2.3333333333333335,2.0,3.0,3.6071985261140567,141,60,2.0,2.6071985261140567
605590388797,2025-09,5,2.0,11.0,6.0,2.0,3.0,7.0,6.333333333333333,6.333333333333333,11.0,6.303054573268727,141,61,9.0,4.303054573268727
605590388800,2025-09,8,3.0,5.0,3.0,1.0,9.0,2.0,3.0,4.833333333333333,5.0,5.483268494310796,141,64,2.0,2.4832684943107957
605590388801,2025-09,1,1.0,3.0,2.0,1.0,1.0,2.0,2.0,1.8333333333333333,3.0,1.882749750503379,141,65,2.0,0.882749750503379
605590388802,2025-09,2,1.0,1.0,1.0,3.0,3.0,2.0,1.6666666666666667,2.1666666666666665,1.0,2.177480575912801,141,66,0.0,1.177480575912801
605590388804,2025-09,5,1.0,4.0,1.0,3.0,4.0,2.0,2.6666666666666665,2.5,4.0,3.5161301028770113,141,68,3.0,2.5161301028770113
605590388807,2025-09,5,1.0,1.0,2.0,1.0,1.0,2.0,1.3333333333333333,1.3333333333333333,1.0,2.6320447019004813,141,71,0.0,1.6320447019004813
605590388808,2025-09,1,1.0,2.0,4.0,1.0,21.0,1.0,2.3333333333333335,5.166666666666667,2.0,3.7229609043581036,141,72,1.0,2.7229609043581036
605590388809,2025-09,7,8.0,11.0,10.0,11.0,14.0,13.0,10.666666666666666,10.666666666666666,11.0,10.029379577490957,141,73,3.0,2.029379577490957
605590388810,2025-09,2,4.0,9.0,5.0,4.0,3.0,7.0,6.0,4.166666666666667,9.0,4.542964256211905,141,74,5.0,0.5429642562119046
605590388811,2025-09,14,10.0,9.0,10.0,22.0,25.0,14.0,13.666666666666666,15.5,9.0,14.41171192337576,141,75,1.0,4.41171192337576
605590388812,2025-09,34,38.0,30.0,34.0,38.0,51.0,28.0,34.0,43.0,30.0,35.976877701131215,141,76,8.0,2.0231222988687847
605590388813,2025-09,13,7.0,8.0,12.0,9.0,10.0,2.0,9.666666666666666,11.833333333333334,8.0,10.253845159024014,141,77,1.0,3.2538451590240136
605590388814,2025-09,14,17.0,14.0,20.0,19.0,19.0,21.0,17.666666666666668,18.5,14.0,16.85592952440907,141,78,3.0,0.14407047559092945
605590388819,2025-09,2,2.0,2.0,6.0,3.0,2.0,7.0,3.6666666666666665,3.1666666666666665,2.0,3.397269656569194,141,83,0.0,1.3972696565691942
605590388822,2025-09,2,1.0,4.0,4.0,3.0,2.0,5.0,3.6666666666666665,4.0,4.0,3.5661098197125156,141,86,3.0,2.5661098197125156
605590388825,2025-09,1,2.0,1.0,7.0,2.0,2.0,5.0,3.3333333333333335,2.5,1.0,2.537085587082209,141,89,1.0,0.5370855870822089
605590388826,2025-09,15,18.0,18.0,23.0,12.0,10.0,17.0,17.666666666666668,16.5,18.0,15.888939559508973,141,90,0.0,2.111060440491027
605590388832,2025-09,1,1.0,3.0,2.0,4.0,4.0,1.0,3.0,2.5,3.0,2.2216087345178863,141,96,2.0,1.2216087345178863
609885356057,2025-09,1,1.0,2.0,2.0,1.0,1.0,2.0,1.6666666666666667,1.3333333333333333,2.0,1.606310361908914,142,25,1.0,0.6063103619089141
609885356061,2025-09,1,2.0,1.0,1.0,2.0,1.0,1.0,1.3333333333333333,1.8333333333333333,1.0,1.5336099544898936,142,29,1.0,0.46639004551010643
609885356071,2025-09,5,5.0,2.0,1.0,6.0,4.0,1.0,3.0,2.8333333333333335,2.0,3.3901685743494108,142,39,3.0,1.6098314256505892
609885356072,2025-09,1,1.0,1.0,1.0,2.0,6.0,1.0,1.3333333333333333,2.1666666666666665,1.0,1.8662819985958858,142,40,0.0,0.8662819985958858
609885356075,2025-09,2,5.0,2.0,1.0,1.0,1.0,2.0,1.3333333333333333,1.3333333333333333,2.0,1.850187772091532,142,43,3.0,3.149812227908468
609885356080,2025-09,35,20.0,53.0,54.0,36.0,28.0,35.0,47.666666666666664,40.5,53.0,38.551293098247015,142,48,33.0,18.551293098247015
609885356081,2025-09,17,18.0,25.0,25.0,25.0,21.0,18.0,25.0,21.833333333333332,25.0,20.16400462847281,142,49,7.0,2.16400462847281
609885356085,2025-09,5,9.0,2.0,10.0,3.0,3.0,5.0,5.0,5.5,2.0,4.980650092109334,142,53,7.0,4.019349907890666
609885356086,2025-09,2,4.0,6.0,7.0,9.0,11.0,5.0,7.333333333333333,8.333333333333334,6.0,5.962656060970719,142,54,2.0,1.962656060970719
609885356087,2025-09,13,17.0,12.0,16.0,12.0,22.0,12.0,13.333333333333334,14.833333333333334,12.0,13.735480492896494,142,55,5.0,3.264519507103506
609885356088,2025-09,10,13.0,14.0,12.0,14.0,7.0,20.0,13.333333333333334,12.5,14.0,12.56883113929579,142,56,1.0,0.4311688607042097
609885356089,2025-09,5,3.0,3.0,9.0,8.0,7.0,7.0,6.666666666666667,7.333333333333333,3.0,6.266369094731101,142,57,0.0,3.2663690947311013
609885356090,2025-09,5,1.0,6.0,2.0,3.0,2.0,2.0,3.6666666666666665,2.6666666666666665,6.0,3.743774472657324,142,58,5.0,2.743774472657324
609885356091,2025-09,1,2.0,2.0,1.0,2.0,1.0,1.0,1.6666666666666667,1.8333333333333333,2.0,1.6440907905206554,142,59,0.0,0.35590920947934457
609885356092,2025-09,17,20.0,26.0,13.0,24.0,18.0,11.0,21.0,20.166666666666668,26.0,18.200490302592765,142,60,6.0,1.7995096974072347
609885356093,2025-09,4,10.0,5.0,1.0,4.0,4.0,4.0,3.3333333333333335,3.6666666666666665,5.0,4.014341520739498,142,61,5.0,5.985658479260502
609885356094,2025-09,2,3.0,3.0,4.0,4.0,1.0,1.0,3.6666666666666665,3.0,3.0,2.6187540432949836,142,62,0.0,0.3812459567050164
609885356095,2025-09,1,1.0,1.0,1.0,1.0,1.0,3.0,1.0,1.0,1.0,1.4691972714519412,142,63,0.0,0.46919727145194123
609885356096,2025-09,1,1.0,2.0,2.0,2.0,1.0,2.0,2.0,1.5,2.0,1.6978113037403748,142,64,1.0,0.6978113037403748
609885356097,2025-09,8,10.0,10.0,1.0,10.0,6.0,4.0,7.0,6.5,10.0,6.949294424263385,142,65,0.0,3.0507055757366146
609885356098,2025-09,1,1.0,1.0,3.0,1.0,2.0,1.0,1.6666666666666667,1.8333333333333333,1.0,1.622187899638302,142,66,0.0,0.6221878996383019
609885356101,2025-09,3,3.0,5.0,3.0,13.0,3.0,2.0,7.0,4.666666666666667,5.0,4.1754174876081365,142,69,2.0,1.1754174876081365
609885356104,2025-09,11,6.0,6.0,16.0,12.0,5.0,3.0,11.333333333333334,9.666666666666666,6.0,8.917022134773518,142,72,0.0,2.917022134773518
609885356105,2025-09,4,6.0,7.0,6.0,1.0,4.0,3.0,4.666666666666667,4.5,7.0,4.4800552621521135,142,73,1.0,1.5199447378478865
609885356106,2025-09,22,22.0,17.0,37.0,49.0,20.0,17.0,34.333333333333336,28.833333333333332,17.0,24.205727669215527,142,74,5.0,2.205727669215527
609885356107,2025-09,20,12.0,15.0,18.0,21.0,10.0,10.0,18.0,14.5,15.0,15.569400559792456,142,75,3.0,3.569400559792456
609885356108,2025-09,11,5.0,8.0,13.0,8.0,11.0,7.0,9.666666666666666,9.166666666666666,8.0,9.469942674194662,142,76,3.0,4.469942674194662
609885356109,2025-09,17,3.0,16.0,10.0,5.0,13.0,5.0,10.333333333333334,9.5,16.0,11.780124611864123,142,77,13.0,8.780124611864123
609885356110,2025-09,2,2.0,2.0,2.0,10.0,2.0,4.0,4.666666666666667,3.3333333333333335,2.0,3.17260411565249,142,78,0.0,1.17260411565249
609885356111,2025-09,7,3.0,7.0,1.0,1.0,2.0,2.0,3.0,2.3333333333333335,7.0,4.199184629213367,142,79,4.0,1.1991846292133674
609885356112,2025-09,3,6.0,8.0,2.0,8.0,3.0,4.0,6.0,4.833333333333333,8.0,4.589462336726005,142,80,2.0,1.4105376632739954
609885356113,2025-09,2,3.0,1.0,1.0,2.0,2.0,2.0,1.3333333333333333,2.1666666666666665,1.0,2.0968925497898674,142,81,2.0,0.9031074502101326
609885356114,2025-09,1,3.0,14.0,1.0,10.0,1.0,1.0,8.333333333333334,5.666666666666667,14.0,4.531661120359998,142,82,11.0,1.5316611203599981
609885356115,2025-09,1,1.0,2.0,1.0,1.0,1.0,1.0,1.3333333333333333,1.3333333333333333,2.0,1.4419508136467272,142,83,1.0,0.44195081364672717
609885356117,2025-09,2,1.0,1.0,1.0,3.0,1.0,1.0,1.6666666666666667,1.5,1.0,1.7432061377632344,142,85,0.0,0.7432061377632344
614180323353,2025-09,2,1.0,1.0,1.0,5.0,2.0,2.0,2.3333333333333335,2.0,1.0,2.1501173051993163,143,25,0.0,1.1501173051993163
614180323356,2025-09,1,3.0,4.0,6.0,4.0,1.0,2.0,4.666666666666667,3.8333333333333335,4.0,2.926314605011485,143,28,1.0,0.07368539498851501
614180323357,2025-09,1,2.0,2.0,1.0,1.0,1.0,2.0,1.3333333333333333,2.0,2.0,1.7874120481708857,143,29,0.0,0.21258795182911427
614180323376,2025-09,7,4.0,13.0,5.0,6.0,2.0,7.0,8.0,5.0,13.0,6.709710404776786,143,48,9.0,2.7097104047767857
614180323377,2025-09,4,3.0,9.0,5.0,3.0,3.0,5.0,5.666666666666667,4.5,9.0,4.937163126076867,143,49,6.0,1.9371631260768671
614180323378,2025-09,8,11.0,6.0,20.0,10.0,8.0,6.0,12.0,10.5,6.0,8.935570325790128,143,50,5.0,2.0644296742098724
614180323379,2025-09,14,10.0,17.0,13.0,15.0,15.0,14.0,15.0,14.166666666666666,17.0,14.276195634622248,143,51,7.0,4.276195634622248
614180323380,2025-09,25,31.0,36.0,41.0,40.0,19.0,30.0,39.0,31.0,36.0,29.281225915989808,143,52,5.0,1.7187740840101924
614180323381,2025-09,12,11.0,10.0,19.0,14.0,13.0,11.0,14.333333333333334,13.666666666666666,10.0,12.512277823516527,143,53,1.0,1.512277823516527
614180323382,2025-09,15,7.0,9.0,19.0,20.0,17.0,9.0,16.0,13.666666666666666,9.0,13.40030699373625,143,54,2.0,6.400306993736249
614180323383,2025-09,18,14.0,16.0,12.0,24.0,18.0,19.0,17.333333333333332,19.166666666666668,16.0,18.001107562854127,143,55,2.0,4.001107562854127
614180323384,2025-09,5,12.0,10.0,7.0,7.0,5.0,15.0,8.0,6.666666666666667,10.0,7.606574796793716,143,56,2.0,4.393425203206284
614180323385,2025-09,9,4.0,8.0,7.0,9.0,5.0,10.0,8.0,8.666666666666666,8.0,8.637109537433668,143,57,4.0,4.637109537433668
614180323386,2025-09,2,2.0,1.0,1.0,2.0,1.0,2.0,1.3333333333333333,1.8333333333333333,1.0,1.9418469129346967,143,58,1.0,0.05815308706530331
614180323387,2025-09,5,10.0,14.0,2.0,3.0,3.0,8.0,6.333333333333333,5.0,14.0,6.191599994648737,143,59,4.0,3.808400005351263
614180323388,2025-09,3,5.0,2.0,4.0,11.0,7.0,4.0,5.666666666666667,5.5,2.0,4.514378838453793,143,60,3.0,0.4856211615462067
614180323389,2025-09,9,6.0,10.0,6.0,7.0,8.0,4.0,7.666666666666667,7.0,10.0,7.580457620642224,143,61,4.0,1.5804576206422238
614180323390,2025-09,12,16.0,10.0,16.0,12.0,7.0,11.0,12.666666666666666,12.166666666666666,10.0,11.555070554859844,143,62,6.0,4.444929445140156
614180323392,2025-09,3,2.0,2.0,4.0,2.0,1.0,3.0,2.6666666666666665,2.5,2.0,2.8023719289640923,143,64,0.0,0.8023719289640923
614180323393,2025-09,6,7.0,9.0,4.0,10.0,12.0,5.0,7.666666666666667,7.666666666666667,9.0,7.169094549654442,143,65,2.0,0.16909454965444226
614180323394,2025-09,3,1.0,4.0,6.0,2.0,3.0,1.0,4.0,3.6666666666666665,4.0,3.331369866067151,143,66,3.0,2.331369866067151
614180323400,2025-09,5,2.0,5.0,4.0,5.0,5.0,4.0,4.666666666666667,4.666666666666667,5.0,4.831429597464308,143,72,3.0,2.8314295974643082
614180323401,2025-09,6,4.0,3.0,7.0,10.0,6.0,4.0,6.666666666666667,6.666666666666667,3.0,5.904198804495902,143,73,1.0,1.904198804495902
614180323402,2025-09,14,10.0,9.0,7.0,18.0,18.0,7.0,11.333333333333334,12.666666666666666,9.0,12.025896913041496,143,74,1.0,2.025896913041496
614180323403,2025-09,10,10.0,10.0,12.0,7.0,7.0,8.0,9.666666666666666,9.333333333333334,10.0,9.332369018827048,143,75,0.0,0.6676309811729517
614180323405,2025-09,20,20.0,21.0,10.0,7.0,18.0,14.0,12.666666666666666,15.333333333333334,21.0,16.53291762491484,143,77,1.0,3.467082375085159
614180323406,2025-09,10,6.0,7.0,8.0,16.0,12.0,4.0,10.333333333333334,10.833333333333334,7.0,9.389029803232683,143,78,1.0,3.389029803232683
614180323407,2025-09,4,7.0,5.0,21.0,5.0,10.0,9.0,10.333333333333334,7.5,5.0,7.013754957569736,143,79,2.0,0.013754957569735993
614180323408,2025-09,2,4.0,5.0,7.0,6.0,2.0,4.0,6.0,4.833333333333333,5.0,4.058078503309799,143,80,1.0,0.058078503309799245
618475290649,2025-09,2,1.0,5.0,1.0,7.0,1.0,3.0,4.333333333333333,4.666666666666667,5.0,3.6292923409090756,144,25,4.0,2.6292923409090756
618475290650,2025-09,2,4.0,1.0,5.0,4.0,2.0,1.0,3.3333333333333335,2.5,1.0,2.316416804305426,144,26,3.0,1.683583195694574
618475290652,2025-09,4,5.0,8.0,9.0,6.0,4.0,2.0,7.666666666666667,5.666666666666667,8.0,5.155025829412319,144,28,3.0,0.15502582941231857
618475290653,2025-09,4,9.0,9.0,9.0,4.0,5.0,3.0,7.333333333333333,5.666666666666667,9.0,5.361733583074555,144,29,0.0,3.638266416925445
618475290661,2025-09,1,1.0,1.0,3.0,1.0,1.0,1.0,1.6666666666666667,1.5,1.0,1.4671422627831276,144,37,0.0,0.46714226278312765
618475290664,2025-09,1,1.0,2.0,2.0,1.0,1.0,1.0,1.6666666666666667,1.8333333333333333,2.0,1.6480857500333936,144,40,1.0,0.6480857500333936
618475290671,2025-09,1,10.0,4.0,2.0,1.0,2.0,3.0,2.3333333333333335,1.8333333333333333,4.0,2.1618203527860693,144,47,6.0,7.838179647213931
618475290673,2025-09,10,8.0,10.0,16.0,6.0,4.0,11.0,10.666666666666666,9.833333333333334,10.0,9.862181370251932,144,49,2.0,1.8621813702519319
618475290674,2025-09,9,17.0,10.0,29.0,12.0,13.0,12.0,17.0,16.333333333333332,10.0,12.998812875887936,144,50,7.0,4.0011871241120645
618475290675,2025-09,3,3.0,2.0,6.0,5.0,6.0,1.0,4.333333333333333,4.833333333333333,2.0,3.7394088950230566,144,51,1.0,0.7394088950230566
618475290676,2025-09,14,24.0,28.0,34.0,31.0,25.0,25.0,31.0,26.833333333333332,28.0,22.92845583877878,144,52,4.0,1.0715441612212189
618475290677,2025-09,21,19.0,28.0,12.0,24.0,21.0,9.0,21.333333333333332,18.833333333333332,28.0,18.959788103243458,144,53,9.0,0.04021189675654213
618475290678,2025-09,11,20.0,24.0,10.0,4.0,11.0,7.0,12.666666666666666,12.166666666666666,24.0,11.968132517359276,144,54,4.0,8.031867482640724
618475290679,2025-09,6,6.0,3.0,14.0,9.0,8.0,13.0,8.666666666666666,9.333333333333334,3.0,8.240826030864575,144,55,3.0,2.240826030864575
618475290680,2025-09,12,9.0,9.0,12.0,8.0,8.0,8.0,9.666666666666666,8.333333333333334,9.0,9.538666691802982,144,56,0.0,0.5386666918029821
618475290681,2025-09,9,6.0,8.0,6.0,9.0,26.0,9.0,7.666666666666667,13.0,8.0,10.84359608279037,144,57,2.0,4.84359608279037
618475290682,2025-09,23,20.0,14.0,16.0,17.0,11.0,14.0,15.666666666666666,15.0,14.0,16.7931004530249,144,58,6.0,3.2068995469751016
618475290683,2025-09,3,11.0,2.0,3.0,3.0,1.0,1.0,2.6666666666666665,2.8333333333333335,2.0,2.660649675615379,144,59,9.0,8.339350324384622
618475290684,2025-09,12,5.0,3.0,6.0,6.0,5.0,4.0,5.0,5.0,3.0,6.826017710440484,144,60,2.0,1.8260177104404844
618475290685,2025-09,4,2.0,2.0,3.0,5.0,6.0,5.0,3.3333333333333335,5.166666666666667,2.0,4.5103052303591005,144,61,0.0,2.5103052303591005
618475290688,2025-09,11,17.0,8.0,6.0,9.0,10.0,4.0,7.666666666666667,8.333333333333334,8.0,8.531335729007598,144,64,9.0,8.468664270992402
618475290689,2025-09,2,1.0,1.0,1.0,1.0,3.0,2.0,1.0,1.6666666666666667,1.0,1.9391591747286476,144,65,0.0,0.9391591747286476
618475290696,2025-09,1,3.0,5.0,2.0,3.0,1.0,1.0,3.3333333333333335,3.0,5.0,2.4391277293947713,144,72,2.0,0.5608722706052287
618475290697,2025-09,12,3.0,4.0,6.0,9.0,7.0,3.0,6.333333333333333,7.833333333333333,4.0,7.9501046564490885,144,73,1.0,4.9501046564490885
618475290698,2025-09,3,2.0,12.0,4.0,4.0,8.0,5.0,6.666666666666667,5.166666666666667,12.0,5.423867959799296,144,74,10.0,3.4238679597992956
618475290699,2025-09,19,22.0,26.0,12.0,23.0,34.0,19.0,20.333333333333332,21.0,26.0,20.67280861459397,144,75,4.0,1.3271913854060315
618475290700,2025-09,2,6.0,6.0,15.0,6.0,8.0,7.0,9.0,9.166666666666666,6.0,6.5672669696702535,144,76,0.0,0.5672669696702535
618475290701,2025-09,10,16.0,12.0,16.0,29.0,34.0,12.0,19.0,23.833333333333332,12.0,17.018536492052682,144,77,4.0,1.0185364920526823
618475290702,2025-09,23,18.0,11.0,13.0,27.0,6.0,21.0,17.0,15.666666666666666,11.0,17.571470248661942,144,78,7.0,0.4285297513380577
618475290703,2025-09,7,7.0,4.0,8.0,3.0,5.0,6.0,5.0,5.166666666666667,4.0,5.7917239175582615,144,79,3.0,1.2082760824417385
618475290706,2025-09,6,2.0,7.0,5.0,3.0,10.0,1.0,5.0,5.0,7.0,5.264381149522256,144,82,5.0,3.264381149522256
618475290707,2025-09,4,12.0,6.0,5.0,9.0,8.0,11.0,6.666666666666667,6.0,6.0,6.287816817235899,144,83,6.0,5.712183182764101
618475290708,2025-09,1,2.0,3.0,2.0,4.0,8.0,2.0,3.0,3.5,3.0,2.855335411335332,144,84,1.0,0.8553354113353322
618475290710,2025-09,2,1.0,2.0,3.0,3.0,1.0,1.0,2.6666666666666665,2.5,2.0,2.265956846567329,144,86,1.0,1.2659568465673292
622770257948,2025-09,6,7.0,4.0,5.0,8.0,4.0,3.0,5.666666666666667,4.666666666666667,4.0,4.985133445940846,145,28,3.0,2.0148665540591537
622770257949,2025-09,1,3.0,1.0,1.0,1.0,1.0,1.0,1.0,1.0,1.0,1.2208309425734978,145,29,2.0,1.7791690574265022
622770257964,2025-09,2,1.0,1.0,2.0,2.0,4.0,1.0,1.6666666666666667,2.1666666666666665,1.0,2.1016989727990225,145,44,0.0,1.1016989727990225
622770257966,2025-09,1,1.0,2.0,4.0,2.0,1.0,3.0,2.6666666666666665,2.3333333333333335,2.0,2.1789448234316957,145,46,1.0,1.1789448234316957
622770257967,2025-09,13,10.0,14.0,13.0,22.0,7.0,11.0,16.333333333333332,11.5,14.0,12.301054714536916,145,47,4.0,2.3010547145369156
622770257969,2025-09,2,4.0,4.0,3.0,3.0,1.0,5.0,3.3333333333333335,4.0,4.0,3.4815268340768455,145,49,0.0,0.5184731659231545
622770257970,2025-09,8,6.0,9.0,8.0,7.0,12.0,14.0,8.0,7.833333333333333,9.0,8.962331397501018,145,50,3.0,2.9623313975010177
622770257971,2025-09,29,34.0,20.0,21.0,21.0,26.0,29.0,20.666666666666668,21.5,20.0,24.192223526705725,145,51,14.0,9.807776473294275
622770257972,2025-09,9,10.0,6.0,10.0,12.0,7.0,22.0,9.333333333333334,7.833333333333333,6.0,9.947634879061622,145,52,4.0,0.05236512093837753
622770257973,2025-09,6,5.0,9.0,12.0,4.0,9.0,4.0,8.333333333333334,8.666666666666666,9.0,7.347931209626864,145,53,4.0,2.3479312096268643
622770257974,2025-09,4,6.0,10.0,7.0,6.0,4.0,7.0,7.666666666666667,8.5,10.0,6.856982353884996,145,54,4.0,0.8569823538849963
622770257975,2025-09,21,15.0,19.0,15.0,12.0,24.0,14.0,15.333333333333334,14.166666666666666,19.0,16.85700177575245,145,55,4.0,1.857001775752451
622770257976,2025-09,20,33.0,32.0,25.0,8.0,43.0,30.0,21.666666666666668,23.333333333333332,32.0,24.139466520272336,145,56,1.0,8.860533479727664
622770257977,2025-09,9,11.0,9.0,5.0,13.0,10.0,13.0,9.0,10.166666666666666,9.0,9.904421463131703,145,57,2.0,1.095578536868297
622770257978,2025-09,2,6.0,2.0,4.0,3.0,4.0,5.0,3.0,3.6666666666666665,2.0,3.3233223162339325,145,58,4.0,2.6766776837660675
622770257979,2025-09,1,2.0,1.0,4.0,2.0,1.0,1.0,2.3333333333333335,1.8333333333333333,1.0,1.6541391059587873,145,59,1.0,0.3458608940412127
622770257980,2025-09,3,4.0,2.0,5.0,3.0,3.0,6.0,3.3333333333333335,3.1666666666666665,2.0,3.5613705041252954,145,60,2.0,0.43862949587470457
622770257981,2025-09,10,9.0,13.0,22.0,13.0,10.0,6.0,16.0,14.166666666666666,13.0,11.771783395685794,145,61,4.0,2.7717833956857945
622770257984,2025-09,13,1.0,16.0,3.0,5.0,10.0,7.0,8.0,8.0,16.0,9.979945614830264,145,64,15.0,8.979945614830264
622770257986,2025-09,1,3.0,3.0,4.0,5.0,1.0,1.0,4.0,2.5,3.0,2.204923121035927,145,66,0.0,0.795076878964073
622770257994,2025-09,1,1.0,1.0,1.0,3.0,1.0,1.0,1.6666666666666667,1.3333333333333333,1.0,1.4038328262364175,145,74,0.0,0.4038328262364175
622770257995,2025-09,11,13.0,12.0,18.0,16.0,15.0,7.0,15.333333333333334,13.333333333333334,12.0,11.962813677196015,145,75,1.0,1.0371863228039846
622770257996,2025-09,14,9.0,20.0,18.0,13.0,16.0,20.0,17.0,16.0,20.0,16.134177494390514,145,76,11.0,7.134177494390514
622770257997,2025-09,19,19.0,15.0,18.0,19.0,22.0,16.0,17.333333333333332,16.333333333333332,15.0,17.099476818287783,145,77,4.0,1.9005231817122166
622770257998,2025-09,5,4.0,5.0,6.0,3.0,2.0,7.0,4.666666666666667,5.166666666666667,5.0,5.244707756933035,145,78,1.0,1.2447077569330354
622770257999,2025-09,1,4.0,3.0,5.0,5.0,1.0,3.0,4.333333333333333,4.0,3.0,2.9913414914284386,145,79,1.0,1.0086585085715614
622770258001,2025-09,4,3.0,4.0,1.0,4.0,4.0,2.0,3.0,3.6666666666666665,4.0,3.6554943558302906,145,81,1.0,0.6554943558302906
622770258002,2025-09,10,9.0,5.0,12.0,10.0,3.0,15.0,9.0,8.166666666666666,5.0,9.19292823277901,145,82,4.0,0.1929282327790105
622770258003,2025-09,10,15.0,7.0,14.0,13.0,9.0,10.0,11.333333333333334,13.5,7.0,11.018535294776745,145,83,8.0,3.981464705223255
622770258004,2025-09,15,10.0,11.0,10.0,19.0,20.0,25.0,13.333333333333334,20.666666666666668,11.0,17.667069959438347,145,84,1.0,7.667069959438347
622770258005,2025-09,1,1.0,4.0,1.0,4.0,3.0,3.0,3.0,3.1666666666666665,4.0,2.7171509838763583,145,85,3.0,1.7171509838763583
622770258006,2025-09,3,2.0,2.0,4.0,2.0,3.0,2.0,2.6666666666666665,2.5,2.0,2.767001968150282,145,86,0.0,0.7670019681502822
622770258007,2025-09,3,1.0,1.0,1.0,1.0,2.0,7.0,1.0,1.3333333333333333,1.0,2.689083154075167,145,87,0.0,1.689083154075167
627065225250,2025-09,1,1.0,1.0,2.0,1.0,1.0,2.0,1.3333333333333333,1.1666666666666667,1.0,1.4405100083569167,146,34,0.0,0.44051000835691667
627065225253,2025-09,1,2.0,1.0,2.0,1.0,1.0,1.0,1.3333333333333333,1.1666666666666667,1.0,1.316326843917695,146,37,1.0,0.6836731560823051
627065225254,2025-09,8,3.0,6.0,9.0,3.0,9.0,2.0,6.0,6.166666666666667,6.0,6.349726622069671,146,38,3.0,3.349726622069671
627065225260,2025-09,25,17.0,10.0,8.0,9.0,6.0,6.0,9.0,9.166666666666666,10.0,13.156740794026998,146,44,7.0,3.843259205973002
627065225261,2025-09,6,7.0,4.0,5.0,4.0,9.0,14.0,4.333333333333333,5.333333333333333,4.0,6.649733636679842,146,45,3.0,0.35026636332015837
627065225262,2025-09,2,3.0,2.0,2.0,4.0,2.0,2.0,2.6666666666666665,2.1666666666666665,2.0,2.3199126182640484,146,46,1.0,0.6800873817359516
627065225263,2025-09,16,14.0,24.0,13.0,15.0,22.0,17.0,17.333333333333332,18.5,24.0,17.739372236407434,146,47,10.0,3.7393722364074335
627065225265,2025-09,4,3.0,4.0,3.0,9.0,7.0,4.0,5.333333333333333,4.666666666666667,4.0,4.630257484471315,146,49,1.0,1.630257484471315
627065225266,2025-09,24,12.0,21.0,21.0,19.0,21.0,19.0,20.333333333333332,19.333333333333332,21.0,20.627054162856336,146,50,9.0,8.627054162856336
627065225267,2025-09,41,45.0,32.0,40.0,45.0,34.0,46.0,39.0,39.166666666666664,32.0,38.888580030442824,146,51,13.0,6.111419969557176
627065225268,2025-09,34,27.0,27.0,29.0,13.0,25.0,33.0,23.0,20.333333333333332,27.0,26.482907458346432,146,52,0.0,0.5170925416535681
627065225269,2025-09,16,13.0,17.0,15.0,10.0,10.0,23.0,14.0,12.333333333333334,17.0,15.03084964688411,146,53,4.0,2.0308496468841106
627065225270,2025-09,26,8.0,5.0,12.0,6.0,13.0,9.0,7.666666666666667,8.666666666666666,5.0,13.457988823682848,146,54,3.0,5.457988823682848
627065225271,2025-09,9,8.0,10.0,2.0,9.0,9.0,9.0,7.0,8.333333333333334,10.0,8.599993498149502,146,55,2.0,0.5999934981495016
627065225272,2025-09,38,28.0,17.0,32.0,32.0,45.0,35.0,27.0,28.833333333333332,17.0,31.2800842461398,146,56,11.0,3.2800842461398005
627065225273,2025-09,15,17.0,22.0,10.0,11.0,10.0,8.0,14.333333333333334,11.666666666666666,22.0,13.050474001554482,146,57,5.0,3.9495259984455178
627065225275,2025-09,2,2.0,2.0,2.0,3.0,1.0,4.0,2.3333333333333335,1.6666666666666667,2.0,2.3217323684558613,146,59,0.0,0.3217323684558613
627065225277,2025-09,1,1.0,2.0,1.0,1.0,1.0,1.0,1.3333333333333333,1.1666666666666667,2.0,1.3866312961254934,146,61,1.0,0.3866312961254934
627065225279,2025-09,1,6.0,6.0,9.0,2.0,5.0,5.0,5.666666666666667,6.833333333333333,6.0,4.741369795872145,146,63,0.0,1.2586302041278552
627065225280,2025-09,5,2.0,3.0,3.0,2.0,2.0,2.0,2.6666666666666665,2.8333333333333335,3.0,3.471646441599008,146,64,1.0,1.4716464415990078
627065225281,2025-09,4,5.0,7.0,8.0,2.0,6.0,4.0,5.666666666666667,5.666666666666667,7.0,5.196822444821539,146,65,2.0,0.19682244482153877
627065225282,2025-09,8,5.0,4.0,8.0,7.0,5.0,2.0,6.333333333333333,6.333333333333333,4.0,6.1110073736964985,146,66,1.0,1.1110073736964985
627065225283,2025-09,3,2.0,4.0,7.0,8.0,3.0,5.0,6.333333333333333,5.0,4.0,4.527923593678233,146,67,2.0,2.527923593678233
627065225288,2025-09,2,4.0,3.0,1.0,2.0,1.0,1.0,2.0,1.5,3.0,1.927986385514533,146,72,1.0,2.072013614485467
627065225291,2025-09,3,1.0,11.0,9.0,11.0,3.0,7.0,10.333333333333334,7.5,11.0,6.568345578167132,146,75,10.0,5.568345578167132
627065225292,2025-09,20,10.0,9.0,13.0,18.0,31.0,8.0,13.333333333333334,19.833333333333332,9.0,17.051486221430217,146,76,1.0,7.051486221430217
627065225293,2025-09,19,14.0,13.0,21.0,20.0,11.0,16.0,18.0,17.5,13.0,16.93398972471426,146,77,1.0,2.933989724714259
627065225294,2025-09,6,12.0,10.0,19.0,11.0,6.0,21.0,13.333333333333334,12.333333333333334,10.0,11.187840078085765,146,78,2.0,0.812159921914235
627065225295,2025-09,22,12.0,15.0,19.0,22.0,16.0,17.0,18.666666666666668,17.5,15.0,18.345339033269802,146,79,3.0,6.345339033269802
627065225298,2025-09,7,9.0,19.0,10.0,10.0,4.0,10.0,13.0,9.833333333333334,19.0,9.783831742375947,146,82,10.0,0.7838317423759467
627065225299,2025-09,4,6.0,2.0,6.0,6.0,7.0,7.0,4.666666666666667,6.333333333333333,2.0,5.347025359478006,146,83,4.0,0.652974640521994
627065225300,2025-09,9,3.0,9.0,13.0,11.0,8.0,8.0,11.0,9.333333333333334,9.0,9.16714307166728,146,84,6.0,6.1671430716672795
627065225301,2025-09,8,6.0,9.0,12.0,7.0,5.0,5.0,9.333333333333334,8.5,9.0,7.915820310235876,146,85,3.0,1.9158203102358762
627065225302,2025-09,5,3.0,5.0,4.0,3.0,7.0,6.0,4.0,4.166666666666667,5.0,4.930287728784009,146,86,2.0,1.930287728784009
627065225304,2025-09,1,1.0,1.0,2.0,2.0,2.0,3.0,1.6666666666666667,1.6666666666666667,1.0,1.8112397514827716,146,88,0.0,0.8112397514827716
631360192540,2025-09,9,3.0,1.0,2.0,1.0,10.0,4.0,1.3333333333333333,3.0,1.0,4.969480798327941,147,28,2.0,1.9694807983279414
631360192541,2025-09,1,1.0,2.0,3.0,1.0,1.0,1.0,2.0,1.6666666666666667,2.0,1.632942616335125,147,29,1.0,0.632942616335125
631360192556,2025-09,10,9.0,6.0,5.0,13.0,6.0,2.0,8.0,7.666666666666667,6.0,7.48359877014423,147,44,3.0,1.51640122985577
631360192557,2025-09,10,8.0,17.0,19.0,19.0,11.0,17.0,18.333333333333332,16.5,17.0,14.49516079014273,147,45,9.0,6.49516079014273
631360192558,2025-09,7,6.0,5.0,10.0,5.0,6.0,1.0,6.666666666666667,5.833333333333333,5.0,5.699689219556937,147,46,1.0,0.3003107804430627
631360192559,2025-09,11,7.0,5.0,10.0,4.0,14.0,8.0,6.333333333333333,9.166666666666666,5.0,9.13064828726991,147,47,2.0,2.13064828726991
631360192560,2025-09,1,4.0,4.0,5.0,2.0,4.0,5.0,3.6666666666666665,3.5,4.0,3.208905636281381,147,48,0.0,0.791094363718619
631360192561,2025-09,5,4.0,10.0,9.0,5.0,8.0,8.0,8.0,7.333333333333333,10.0,7.09978044026769,147,49,6.0,3.09978044026769
631360192562,2025-09,4,1.0,3.0,2.0,1.0,4.0,5.0,2.0,2.5,3.0,3.4619585013608427,147,50,2.0,2.4619585013608427
631360192563,2025-09,60,63.0,51.0,66.0,57.0,58.0,47.0,58.0,61.0,51.0,56.30029947547895,147,51,12.0,6.699700524521049
631360192564,2025-09,5,20.0,17.0,11.0,16.0,17.0,9.0,14.666666666666666,12.166666666666666,17.0,10.479603316410799,147,52,3.0,9.520396683589201
631360192566,2025-09,4,10.0,14.0,11.0,6.0,9.0,7.0,10.333333333333334,8.166666666666666,14.0,7.571005207320967,147,54,4.0,2.428994792679033
631360192567,2025-09,8,13.0,11.0,22.0,8.0,6.0,7.0,13.666666666666666,12.166666666666666,11.0,10.084529560995566,147,55,2.0,2.9154704390044337
631360192568,2025-09,43,43.0,41.0,41.0,46.0,41.0,38.0,42.666666666666664,38.833333333333336,41.0,39.734114812996744,147,56,2.0,3.2658851870032564
631360192569,2025-09,2,1.0,1.0,4.0,1.0,1.0,1.0,2.0,2.1666666666666665,1.0,2.0126505106966093,147,57,0.0,1.0126505106966093
631360192575,2025-09,5,3.0,3.0,4.0,6.0,4.0,2.0,4.333333333333333,4.333333333333333,3.0,4.243237383979393,147,63,0.0,1.2432373839793929
631360192576,2025-09,1,1.0,3.0,5.0,2.0,4.0,1.0,3.3333333333333335,2.8333333333333335,3.0,2.3804140724087954,147,64,2.0,1.3804140724087954
631360192577,2025-09,8,9.0,6.0,4.0,5.0,4.0,5.0,5.0,4.166666666666667,6.0,5.707889825574634,147,65,3.0,3.292110174425366
631360192578,2025-09,8,1.0,7.0,4.0,7.0,6.0,2.0,6.0,5.0,7.0,5.883594808139764,147,66,6.0,4.883594808139764
631360192582,2025-09,4,8.0,5.0,9.0,12.0,11.0,24.0,8.666666666666666,11.333333333333334,5.0,9.964411293255154,147,70,3.0,1.9644112932551536
631360192584,2025-09,9,10.0,3.0,5.0,3.0,4.0,8.0,3.6666666666666665,4.333333333333333,3.0,6.056183657529338,147,72,7.0,3.9438163424706616
631360192585,2025-09,9,12.0,11.0,12.0,7.0,5.0,17.0,10.0,8.833333333333334,11.0,10.021672784616115,147,73,1.0,1.9783272153838851
631360192586,2025-09,21,14.0,18.0,19.0,11.0,15.0,13.0,16.0,14.166666666666666,18.0,16.34720246994975,147,74,4.0,2.3472024699497496
631360192587,2025-09,16,12.0,9.0,22.0,13.0,17.0,15.0,14.666666666666666,17.0,9.0,15.403109306099145,147,75,3.0,3.403109306099145
631360192588,2025-09,12,11.0,16.0,15.0,15.0,7.0,10.0,15.333333333333334,12.0,16.0,12.106820778191683,147,76,5.0,1.1068207781916826
631360192589,2025-09,28,19.0,18.0,25.0,16.0,18.0,25.0,19.666666666666668,20.666666666666668,18.0,22.538423414514643,147,77,1.0,3.538423414514643
631360192590,2025-09,32,17.0,37.0,35.0,34.0,38.0,35.0,35.333333333333336,33.333333333333336,37.0,33.16105096319528,147,78,20.0,16.16105096319528
631360192591,2025-09,23,14.0,13.0,28.0,25.0,23.0,37.0,22.0,22.166666666666668,13.0,23.222018874619145,147,79,1.0,9.222018874619145
631360192593,2025-09,1,6.0,4.0,1.0,3.0,2.0,3.0,2.6666666666666665,3.0,4.0,2.5812434402321927,147,81,2.0,3.4187565597678073
631360192595,2025-09,4,1.0,5.0,5.0,4.0,2.0,5.0,4.666666666666667,5.0,5.0,4.652973157015037,147,83,4.0,3.6529731570150368
631360192596,2025-09,13,7.0,12.0,13.0,16.0,22.0,8.0,13.666666666666666,16.5,12.0,13.816139556123956,147,84,5.0,6.8161395561239555
631360192597,2025-09,2,3.0,5.0,6.0,10.0,9.0,5.0,7.0,8.166666666666666,5.0,5.704047544280574,147,85,2.0,2.7040475442805736
631360192598,2025-09,9,4.0,4.0,7.0,3.0,4.0,9.0,4.666666666666667,4.5,4.0,6.426519943166488,147,86,0.0,2.426519943166488
631360192599,2025-09,2,5.0,1.0,2.0,2.0,4.0,5.0,1.6666666666666667,2.0,1.0,2.5431121130346774,147,87,4.0,2.4568878869653226
631360192600,2025-09,2,1.0,1.0,8.0,8.0,1.0,4.0,5.666666666666667,4.333333333333333,1.0,3.5183292372537593,147,88,0.0,2.5183292372537593
631360192601,2025-09,2,4.0,4.0,3.0,3.0,1.0,1.0,3.3333333333333335,2.3333333333333335,4.0,2.431599001107621,147,89,0.0,1.568400998892379
635655159837,2025-09,6,10.0,13.0,6.0,2.0,10.0,5.0,7.0,6.833333333333333,13.0,7.036508475710031,148,29,3.0,2.963491524289969
635655159838,2025-09,7,7.0,2.0,3.0,4.0,4.0,2.0,3.0,4.333333333333333,2.0,4.5883249035163765,148,30,5.0,2.4116750964836235
635655159852,2025-09,5,5.0,9.0,5.0,3.0,21.0,5.0,5.666666666666667,8.333333333333334,9.0,7.29288465569952,148,44,4.0,2.2928846556995204
635655159853,2025-09,5,5.0,6.0,8.0,6.0,5.0,5.0,6.666666666666667,5.5,6.0,5.539578145142547,148,45,1.0,0.5395781451425474
635655159854,2025-09,2,2.0,2.0,1.0,3.0,1.0,1.0,2.0,2.1666666666666665,2.0,2.0749650438789313,148,46,0.0,0.07496504387893133
635655159858,2025-09,4,3.0,1.0,2.0,1.0,2.0,4.0,1.3333333333333333,1.5,1.0,2.696083356107282,148,50,2.0,0.3039166438927179
635655159859,2025-09,3,3.0,4.0,1.0,1.0,5.0,1.0,2.0,3.6666666666666665,4.0,3.1831197262675106,148,51,1.0,0.1831197262675106
635655159860,2025-09,8,2.0,2.0,5.0,8.0,1.0,1.0,5.0,4.0,2.0,4.72941515748899,148,52,0.0,2.72941515748899
635655159861,2025-09,4,1.0,5.0,6.0,5.0,4.0,11.0,5.333333333333333,4.0,5.0,5.231326050281568,148,53,4.0,4.231326050281568
635655159862,2025-09,5,5.0,5.0,5.0,3.0,1.0,6.0,4.333333333333333,3.6666666666666665,5.0,4.53806594916704,148,54,0.0,0.46193405083296035
635655159863,2025-09,2,3.0,2.0,3.0,2.0,4.0,4.0,2.3333333333333335,3.0,2.0,2.9015032735765844,148,55,1.0,0.09849672642341556
635655159864,2025-09,12,12.0,15.0,22.0,13.0,10.0,17.0,16.666666666666668,13.5,15.0,13.705589394504992,148,56,3.0,1.705589394504992
635655159865,2025-09,1,5.0,1.0,7.0,2.0,13.0,6.0,3.3333333333333335,6.333333333333333,1.0,4.422090274449564,148,57,4.0,0.5779097255504357
635655159869,2025-09,1,1.0,7.0,1.0,4.0,2.0,6.0,4.0,3.1666666666666665,7.0,3.3767363834736077,148,61,6.0,2.3767363834736077
635655159870,2025-09,6,6.0,3.0,3.0,17.0,8.0,6.0,7.666666666666667,6.333333333333333,3.0,6.223303736837016,148,62,3.0,0.22330373683701588
635655159871,2025-09,4,3.0,3.0,3.0,2.0,6.0,1.0,2.6666666666666665,4.666666666666667,3.0,3.849550583138595,148,63,0.0,0.849550583138595
635655159874,2025-09,1,2.0,2.0,4.0,1.0,1.0,4.0,2.3333333333333335,1.8333333333333333,2.0,2.100988010996989,148,66,0.0,0.10098801099698917
635655159878,2025-09,5,2.0,3.0,4.0,4.0,3.0,4.0,3.6666666666666665,3.6666666666666665,3.0,4.153556192339742,148,70,1.0,2.1535561923397424
635655159880,2025-09,12,12.0,16.0,19.0,32.0,12.0,9.0,22.333333333333332,19.0,16.0,15.303880107273512,148,72,4.0,3.3038801072735122
635655159881,2025-09,54,71.0,26.0,50.0,57.0,39.0,25.0,44.333333333333336,46.833333333333336,26.0,42.91321962809981,148,73,45.0,28.08678037190019
635655159882,2025-09,22,17.0,22.0,27.0,35.0,18.0,23.0,28.0,25.5,22.0,23.399723503381768,148,74,5.0,6.399723503381768
635655159883,2025-09,15,11.0,8.0,13.0,11.0,14.0,18.0,10.666666666666666,11.0,8.0,12.822451430150801,148,75,3.0,1.8224514301508012
635655159884,2025-09,11,5.0,11.0,11.0,12.0,3.0,15.0,11.333333333333334,8.0,11.0,10.116733990245425,148,76,6.0,5.116733990245425
635655159885,2025-09,5,7.0,8.0,13.0,6.0,5.0,7.0,9.0,8.5,8.0,7.205539380579547,148,77,1.0,0.20553938057954735
635655159886,2025-09,15,34.0,26.0,26.0,31.0,22.0,20.0,27.666666666666668,27.333333333333332,26.0,22.081959815068593,148,78,8.0,11.918040184931407
635655159887,2025-09,21,15.0,31.0,38.0,27.0,25.0,12.0,32.0,28.333333333333332,31.0,24.14774926294232,148,79,16.0,9.14774926294232
635655159889,2025-09,3,12.0,17.0,8.0,13.0,3.0,15.0,12.666666666666666,10.833333333333334,17.0,9.363272725087647,148,81,5.0,2.636727274912353
635655159890,2025-09,15,7.0,8.0,7.0,15.0,14.0,12.0,10.0,12.833333333333334,8.0,12.589534530552157,148,82,1.0,5.589534530552157
635655159891,2025-09,6,11.0,13.0,8.0,6.0,6.0,3.0,9.0,7.333333333333333,13.0,7.001552757031302,148,83,2.0,3.998447242968698
635655159893,2025-09,5,11.0,2.0,8.0,3.0,6.0,7.0,4.333333333333333,4.5,2.0,4.949966353652563,148,85,9.0,6.050033646347437
635655159894,2025-09,9,6.0,6.0,7.0,11.0,10.0,8.0,8.0,8.166666666666666,6.0,8.296218841613978,148,86,0.0,2.296218841613978
635655159895,2025-09,5,4.0,3.0,6.0,4.0,3.0,4.0,4.333333333333333,3.5,3.0,4.178589442464439,148,87,1.0,0.17858944246443897
635655159897,2025-09,2,5.0,5.0,4.0,1.0,2.0,7.0,3.3333333333333335,3.3333333333333335,5.0,3.6313160659163337,148,89,0.0,1.3686839340836663
635655159902,2025-09,4,2.0,5.0,3.0,2.0,4.0,4.0,3.3333333333333335,2.8333333333333335,5.0,3.7457338521588053,148,94,3.0,1.7457338521588053
639950127133,2025-09,5,5.0,5.0,9.0,5.0,2.0,3.0,6.333333333333333,4.5,5.0,4.71958902918056,149,29,0.0,0.2804109708194398
639950127134,2025-09,1,2.0,1.0,3.0,4.0,2.0,1.0,2.6666666666666665,2.5,1.0,1.952010242653916,149,30,1.0,0.047989757346083906
639950127135,2025-09,1,1.0,1.0,1.0,2.0,1.0,2.0,1.3333333333333333,1.3333333333333333,1.0,1.4918345663654122,149,31,0.0,0.49183456636541223
639950127143,2025-09,27,9.0,7.0,8.0,9.0,18.0,6.0,8.0,10.0,7.0,14.202882683304509,149,39,2.0,5.202882683304509
639950127145,2025-09,4,2.0,1.0,1.0,2.0,1.0,3.0,1.3333333333333333,1.3333333333333333,1.0,2.4681791128213826,149,41,1.0,0.4681791128213826
639950127148,2025-09,12,8.0,7.0,11.0,10.0,16.0,1.0,9.333333333333334,9.833333333333334,7.0,9.333737805657137,149,44,1.0,1.3337378056571367
639950127149,2025-09,3,1.0,1.0,2.0,1.0,1.0,4.0,1.3333333333333333,1.1666666666666667,1.0,2.2569839252465265,149,45,0.0,1.2569839252465265
639950127153,2025-09,3,5.0,3.0,4.0,3.0,1.0,4.0,3.3333333333333335,2.8333333333333335,3.0,3.183856388786772,149,49,2.0,1.8161436112132279
639950127154,2025-09,7,14.0,5.0,17.0,12.0,14.0,7.0,11.333333333333334,10.833333333333334,5.0,8.994131203263262,149,50,9.0,5.005868796736738
639950127155,2025-09,12,13.0,6.0,7.0,9.0,12.0,19.0,7.333333333333333,9.666666666666666,6.0,11.028721045158226,149,51,7.0,1.9712789548417735
639950127156,2025-09,13,5.0,5.0,3.0,10.0,6.0,3.0,6.0,5.5,5.0,7.441411712216789,149,52,0.0,2.441411712216789
639950127157,2025-09,3,5.0,2.0,5.0,5.0,1.0,2.0,4.0,2.8333333333333335,2.0,2.9375484563209833,149,53,3.0,2.0624515436790167
639950127158,2025-09,3,1.0,2.0,1.0,3.0,3.0,3.0,2.0,3.0,2.0,2.9727959579945367,149,54,1.0,1.9727959579945367
639950127159,2025-09,6,4.0,6.0,8.0,5.0,5.0,1.0,6.333333333333333,6.666666666666667,6.0,5.677954479729651,149,55,2.0,1.6779544797296513
639950127160,2025-09,8,3.0,1.0,10.0,10.0,2.0,4.0,7.0,5.0,1.0,5.641052289451277,149,56,2.0,2.6410522894512773
639950127164,2025-09,1,1.0,1.0,2.0,1.0,2.0,1.0,1.3333333333333333,1.5,1.0,1.4713724807728674,149,60,0.0,0.4713724807728674
639950127165,2025-09,10,10.0,16.0,19.0,5.0,13.0,9.0,13.333333333333334,12.666666666666666,16.0,11.701138998892054,149,61,6.0,1.7011389988920538
639950127166,2025-09,12,5.0,5.0,9.0,5.0,6.0,17.0,6.333333333333333,6.5,5.0,9.28799050687437,149,62,0.0,4.287990506874371
639950127167,2025-09,5,6.0,8.0,7.0,5.0,7.0,5.0,6.666666666666667,6.166666666666667,8.0,5.9942732827812275,149,63,2.0,0.005726717218772492
639950127168,2025-09,16,19.0,17.0,13.0,5.0,5.0,11.0,11.666666666666666,9.0,17.0,11.950968424928185,149,64,2.0,7.049031575071815
639950127169,2025-09,4,9.0,5.0,9.0,9.0,7.0,12.0,7.666666666666667,9.166666666666666,5.0,7.468888912026951,149,65,4.0,1.5311110879730494
639950127175,2025-09,4,5.0,4.0,3.0,2.0,14.0,5.0,3.0,5.833333333333333,4.0,5.199253514076524,149,71,1.0,0.19925351407652414
639950127176,2025-09,19,25.0,24.0,23.0,30.0,26.0,23.0,25.666666666666668,24.166666666666668,24.0,22.339607810915325,149,72,1.0,2.660392189084675
639950127177,2025-09,8,9.0,2.0,4.0,4.0,6.0,9.0,3.3333333333333335,4.5,2.0,5.925969953566122,149,73,7.0,3.0740300464338777
639950127178,2025-09,23,11.0,13.0,22.0,23.0,25.0,20.0,19.333333333333332,19.0,13.0,19.835226298316098,149,74,2.0,8.835226298316098
639950127179,2025-09,14,10.0,14.0,14.0,19.0,28.0,19.0,15.666666666666666,19.333333333333332,14.0,17.042761896513355,149,75,4.0,7.042761896513355
639950127180,2025-09,26,23.0,22.0,18.0,22.0,22.0,10.0,20.666666666666668,19.5,22.0,20.27573534774099,149,76,1.0,2.7242646522590093
639950127181,2025-09,19,18.0,36.0,30.0,26.0,15.0,15.0,30.666666666666668,27.166666666666668,36.0,23.315700212733,149,77,18.0,5.315700212732999
639950127182,2025-09,11,5.0,12.0,11.0,12.0,12.0,22.0,11.666666666666666,12.166666666666666,12.0,12.879144331695931,149,78,7.0,7.879144331695931
639950127183,2025-09,5,3.0,1.0,4.0,3.0,1.0,5.0,2.6666666666666665,2.3333333333333335,1.0,3.4892269166119325,149,79,2.0,0.4892269166119325
639950127184,2025-09,6,2.0,1.0,2.0,2.0,1.0,1.0,1.6666666666666667,1.5,1.0,2.8834162732983026,149,80,1.0,0.8834162732983026
639950127185,2025-09,6,9.0,6.0,10.0,3.0,6.0,8.0,6.333333333333333,8.666666666666666,6.0,7.26346736189719,149,81,3.0,1.7365326381028101
639950127186,2025-09,1,11.0,9.0,6.0,9.0,6.0,3.0,8.0,8.166666666666666,9.0,5.444149535771256,149,82,2.0,5.555850464228744
639950127187,2025-09,8,16.0,16.0,25.0,29.0,21.0,13.0,23.333333333333332,21.333333333333332,16.0,15.9710442806268,149,83,0.0,0.02895571937320085
639950127188,2025-09,1,1.0,1.0,1.0,1.0,2.0,1.0,1.0,2.0,1.0,1.5971546495136053,149,84,0.0,0.5971546495136053
639950127189,2025-09,4,14.0,6.0,18.0,10.0,8.0,10.0,11.333333333333334,11.166666666666666,6.0,8.43701310996369,149,85,8.0,5.56298689003631
639950127190,2025-09,15,20.0,13.0,20.0,7.0,9.0,3.0,13.333333333333334,10.166666666666666,13.0,11.149986536566438,149,86,7.0,8.850013463433562
639950127191,2025-09,3,4.0,1.0,3.0,3.0,1.0,4.0,2.3333333333333335,2.1666666666666665,1.0,2.7014402628173464,149,87,3.0,1.2985597371826536
639950127192,2025-09,36,30.0,44.0,30.0,19.0,29.0,42.0,31.0,27.5,44.0,32.86046832918176,149,88,14.0,2.8604683291817565
639950127193,2025-09,1,1.0,4.0,2.0,2.0,1.0,2.0,2.6666666666666665,1.8333333333333333,4.0,2.029412010844368,149,89,3.0,1.0294120108443678
639950127197,2025-09,1,2.0,1.0,1.0,1.0,2.0,3.0,1.0,1.8333333333333333,1.0,1.790201460870815,149,93,1.0,0.209798539129185
639950127198,2025-09,2,4.0,1.0,2.0,2.0,3.0,1.0,1.6666666666666667,2.1666666666666665,1.0,2.0572923709863176,149,94,3.0,1.9427076290136824
644245094441,2025-09,1,3.0,4.0,1.0,1.0,2.0,2.0,2.0,2.3333333333333335,4.0,2.1634193570875837,150,41,1.0,0.8365806429124163
644245094442,2025-09,3,5.0,1.0,3.0,7.0,10.0,3.0,3.6666666666666665,4.5,1.0,3.8961154572306516,150,42,4.0,1.1038845427693484
644245094449,2025-09,9,6.0,7.0,7.0,5.0,11.0,4.0,6.333333333333333,6.333333333333333,7.0,7.128770383105628,150,49,1.0,1.1287703831056284
644245094450,2025-09,21,34.0,22.0,29.0,29.0,20.0,27.0,26.666666666666668,23.0,22.0,22.734687029724547,150,50,12.0,11.265312970275453
644245094451,2025-09,2,13.0,5.0,5.0,8.0,7.0,4.0,6.0,10.5,5.0,6.152985189069794,150,51,8.0,6.847014810930206
644245094453,2025-09,7,6.0,4.0,7.0,7.0,9.0,2.0,6.0,6.0,4.0,5.853764568076305,150,53,2.0,0.14623543192369493
644245094454,2025-09,11,15.0,6.0,17.0,20.0,6.0,13.0,14.333333333333334,10.5,6.0,10.80948574688939,150,54,9.0,4.19051425311061
644245094460,2025-09,4,4.0,3.0,3.0,2.0,1.0,1.0,2.6666666666666665,1.8333333333333333,3.0,2.6870857762140963,150,60,1.0,1.3129142237859037
644245094461,2025-09,13,8.0,7.0,10.0,7.0,6.0,7.0,8.0,7.833333333333333,7.0,9.106269701162548,150,61,1.0,1.1062697011625477
644245094462,2025-09,21,16.0,20.0,20.0,12.0,7.0,11.0,17.333333333333332,14.833333333333334,20.0,16.262180876849314,150,62,4.0,0.2621808768493139
644245094463,2025-09,80,60.0,49.0,54.0,35.0,56.0,63.0,46.0,50.833333333333336,49.0,59.005932601435404,150,63,11.0,0.9940673985645958
644245094464,2025-09,15,25.0,17.0,14.0,21.0,23.0,22.0,17.333333333333332,18.0,17.0,17.43858139131595,150,64,8.0,7.5614186086840505
644245094465,2025-09,5,8.0,8.0,11.0,4.0,5.0,9.0,7.666666666666667,6.833333333333333,8.0,6.7479949179792715,150,65,0.0,1.2520050820207285
644245094466,2025-09,8,6.0,6.0,16.0,8.0,5.0,1.0,10.0,6.166666666666667,6.0,6.510058858691513,150,66,0.0,0.5100588586915134
644245094468,2025-09,3,1.0,3.0,2.0,1.0,4.0,3.0,2.0,3.1666666666666665,3.0,3.1508164485617502,150,68,2.0,2.1508164485617502
644245094470,2025-09,4,4.0,3.0,1.0,6.0,3.0,2.0,3.3333333333333335,2.5,3.0,3.1857331439586396,150,70,1.0,0.8142668560413604
644245094471,2025-09,17,18.0,26.0,14.0,22.0,12.0,18.0,20.666666666666668,17.833333333333332,26.0,17.996673132696326,150,71,8.0,0.0033268673036737084
644245094472,2025-09,8,5.0,7.0,7.0,8.0,10.0,3.0,7.333333333333333,7.166666666666667,7.0,7.0612686833849665,150,72,2.0,2.0612686833849665
644245094473,2025-09,6,1.0,4.0,4.0,7.0,1.0,3.0,5.0,3.8333333333333335,4.0,4.49895824476337,150,73,3.0,3.4989582447633696
644245094474,2025-09,39,39.0,31.0,36.0,19.0,28.0,29.0,28.666666666666668,30.5,31.0,31.854400721595987,150,74,8.0,7.145599278404013
644245094475,2025-09,25,39.0,28.0,36.0,18.0,26.0,20.0,27.333333333333332,24.666666666666668,28.0,24.36737887629373,150,75,11.0,14.632621123706269
644245094476,2025-09,2,1.0,4.0,2.0,3.0,2.0,5.0,3.0,2.3333333333333335,4.0,2.9325618768542494,150,76,3.0,1.9325618768542494
644245094478,2025-09,22,13.0,20.0,27.0,19.0,23.0,25.0,22.0,21.833333333333332,20.0,21.853228994831444,150,78,7.0,8.853228994831444
644245094479,2025-09,29,24.0,20.0,22.0,19.0,22.0,20.0,20.333333333333332,19.166666666666668,20.0,22.090288929407144,150,79,4.0,1.9097110705928557
644245094480,2025-09,8,7.0,10.0,10.0,12.0,9.0,9.0,10.666666666666666,10.166666666666666,10.0,9.354409740391889,150,80,3.0,2.3544097403918887
644245094481,2025-09,2,2.0,5.0,4.0,1.0,7.0,4.0,3.3333333333333335,4.666666666666667,5.0,3.9233557218320643,150,81,3.0,1.9233557218320643
644245094482,2025-09,25,30.0,34.0,20.0,20.0,21.0,30.0,24.666666666666668,23.666666666666668,34.0,25.147686130132616,150,82,4.0,4.852313869867384
644245094483,2025-09,9,7.0,13.0,13.0,12.0,7.0,4.0,12.666666666666666,9.666666666666666,13.0,9.214747615573433,150,83,6.0,2.214747615573433
644245094484,2025-09,4,12.0,10.0,8.0,15.0,9.0,11.0,11.0,10.166666666666666,10.0,8.494752398532752,150,84,2.0,3.5052476014672482
644245094485,2025-09,9,11.0,16.0,20.0,20.0,25.0,10.0,18.666666666666668,16.333333333333332,16.0,13.874074725021663,150,85,5.0,2.8740747250216625
644245094486,2025-09,7,10.0,7.0,4.0,5.0,5.0,2.0,5.333333333333333,5.0,7.0,5.482771563701023,150,86,3.0,4.517228436298977
644245094487,2025-09,4,6.0,7.0,6.0,2.0,7.0,12.0,5.0,5.333333333333333,7.0,6.043702559459622,150,87,1.0,0.043702559459622314
644245094488,2025-09,5,6.0,7.0,18.0,10.0,15.0,14.0,11.666666666666666,13.333333333333334,7.0,10.358280338221899,150,88,1.0,4.358280338221899
644245094493,2025-09,4,4.0,8.0,2.0,6.0,6.0,4.0,5.333333333333333,4.166666666666667,8.0,4.713095017464316,150,93,4.0,0.7130950174643162
648540061737,2025-09,3,2.0,3.0,1.0,6.0,2.0,4.0,3.3333333333333335,2.6666666666666665,3.0,3.1609585945400287,151,41,1.0,1.1609585945400287
648540061738,2025-09,5,2.0,2.0,2.0,8.0,2.0,4.0,4.0,3.1666666666666665,2.0,3.89708313152755,151,42,0.0,1.89708313152755
648540061746,2025-09,24,18.0,15.0,15.0,20.0,22.0,11.0,16.666666666666668,14.833333333333334,15.0,17.316606581269816,151,50,3.0,0.6833934187301836
648540061747,2025-09,9,7.0,8.0,15.0,5.0,10.0,9.0,9.333333333333334,9.0,8.0,9.022283790443252,151,51,1.0,2.022283790443252
648540061749,2025-09,12,1.0,14.0,12.0,20.0,8.0,11.0,15.333333333333334,14.333333333333334,14.0,12.889300087761594,151,53,13.0,11.889300087761594
648540061750,2025-09,6,5.0,15.0,5.0,12.0,7.0,6.0,10.666666666666666,8.833333333333334,15.0,8.233905576306768,151,54,10.0,3.2339055763067677
648540061751,2025-09,1,2.0,2.0,3.0,7.0,4.0,3.0,4.0,4.166666666666667,2.0,3.06141005933155,151,55,0.0,1.0614100593315499
648540061752,2025-09,1,1.0,2.0,1.0,1.0,1.0,1.0,1.3333333333333333,1.3333333333333333,2.0,1.4419508136467272,151,56,1.0,0.44195081364672717
648540061753,2025-09,2,1.0,1.0,1.0,2.0,1.0,1.0,1.3333333333333333,1.6666666666666667,1.0,1.7623442309742394,151,57,0.0,0.7623442309742394
648540061756,2025-09,1,2.0,3.0,2.0,2.0,2.0,1.0,2.3333333333333335,4.166666666666667,3.0,2.61362785748436,151,60,1.0,0.6136278574843601
648540061757,2025-09,14,12.0,12.0,9.0,10.0,12.0,8.0,10.333333333333334,12.166666666666666,12.0,11.840025795297189,151,61,0.0,0.1599742047028112
648540061758,2025-09,12,13.0,14.0,16.0,8.0,15.0,13.0,12.666666666666666,14.833333333333334,14.0,13.340999625461816,151,62,1.0,0.3409996254618157
648540061759,2025-09,40,55.0,34.0,18.0,27.0,31.0,26.0,26.333333333333332,30.0,34.0,31.630885268919055,151,63,21.0,23.369114731080945
648540061760,2025-09,9,3.0,10.0,11.0,4.0,7.0,8.0,8.333333333333334,8.166666666666666,10.0,8.512357945419186,151,64,7.0,5.512357945419186
648540061761,2025-09,2,4.0,4.0,7.0,3.0,2.0,2.0,4.666666666666667,4.0,4.0,3.314089477863744,151,65,0.0,0.6859105221362558
648540061762,2025-09,2,5.0,4.0,6.0,3.0,1.0,4.0,4.333333333333333,3.8333333333333335,4.0,3.4225533035852838,151,66,1.0,1.5774466964147162
648540061763,2025-09,5,3.0,4.0,6.0,2.0,1.0,3.0,4.0,3.3333333333333335,4.0,3.9483915442888824,151,67,1.0,0.9483915442888824
648540061766,2025-09,6,3.0,2.0,1.0,3.0,3.0,5.0,2.0,2.0,2.0,3.741406563762327,151,70,1.0,0.741406563762327
648540061767,2025-09,11,8.0,4.0,8.0,14.0,13.0,6.0,8.666666666666666,9.166666666666666,4.0,9.008855996004336,151,71,4.0,1.0088559960043355
648540061768,2025-09,6,4.0,4.0,11.0,6.0,5.0,4.0,7.0,7.0,4.0,6.096891911807379,151,72,0.0,2.096891911807379
648540061769,2025-09,15,7.0,11.0,9.0,10.0,7.0,5.0,10.0,8.5,11.0,10.201986865423676,151,73,4.0,3.2019868654236756
648540061770,2025-09,24,38.0,26.0,45.0,54.0,29.0,26.0,41.666666666666664,37.333333333333336,26.0,30.609084263488672,151,74,12.0,7.390915736511328
648540061771,2025-09,17,30.0,22.0,38.0,30.0,24.0,22.0,30.0,25.666666666666668,22.0,22.438063597813578,151,75,8.0,7.561936402186422
648540061774,2025-09,13,7.0,18.0,14.0,16.0,13.0,10.0,16.0,14.333333333333334,18.0,13.648754140919555,151,78,11.0,6.648754140919555
648540061775,2025-09,9,7.0,11.0,6.0,8.0,12.0,6.0,8.333333333333334,8.0,11.0,8.485029722239881,151,79,4.0,1.4850297222398812
648540061776,2025-09,8,7.0,4.0,18.0,3.0,6.0,11.0,8.333333333333334,8.666666666666666,4.0,8.304573841748214,151,80,3.0,1.3045738417482138
648540061778,2025-09,2,5.0,1.0,2.0,2.0,2.0,11.0,1.6666666666666667,2.3333333333333335,1.0,3.3100369310870654,151,82,4.0,1.6899630689129346
648540061779,2025-09,2,5.0,7.0,3.0,8.0,9.0,16.0,6.0,6.166666666666667,7.0,6.434297814829389,151,83,2.0,1.4342978148293888
648540061780,2025-09,3,6.0,4.0,4.0,3.0,3.0,1.0,3.6666666666666665,4.166666666666667,4.0,3.453157075295149,151,84,2.0,2.546842924704851
648540061782,2025-09,2,1.0,1.0,3.0,2.0,5.0,5.0,2.0,2.3333333333333335,1.0,2.738334133712815,151,86,0.0,1.738334133712815
648540061783,2025-09,2,6.0,1.0,13.0,11.0,6.0,9.0,8.333333333333334,7.666666666666667,1.0,5.777094610983572,151,87,5.0,0.22290538901642787
648540061784,2025-09,16,24.0,4.0,22.0,15.0,3.0,2.0,13.666666666666666,11.0,4.0,10.695491780713612,151,88,20.0,13.304508219286388
648540061787,2025-09,1,5.0,4.0,8.0,4.0,1.0,4.0,5.333333333333333,4.0,4.0,3.3103532190570917,151,91,1.0,1.6896467809429083
652835029029,2025-09,3,2.0,1.0,3.0,6.0,2.0,2.0,3.3333333333333335,2.8333333333333335,1.0,2.827302878767223,152,37,1.0,0.827302878767223
652835029040,2025-09,7,13.0,8.0,8.0,9.0,1.0,6.0,8.333333333333334,6.666666666666667,8.0,6.770985057982955,152,48,5.0,6.229014942017045
652835029041,2025-09,7,10.0,14.0,6.0,7.0,2.0,7.0,9.0,6.333333333333333,14.0,7.339105189110609,152,49,4.0,2.660894810889391
652835029042,2025-09,6,2.0,3.0,6.0,4.0,2.0,2.0,4.333333333333333,4.666666666666667,3.0,4.557106928427507,152,50,1.0,2.5571069284275074
652835029043,2025-09,6,8.0,7.0,4.0,10.0,4.0,10.0,7.0,8.166666666666666,7.0,7.3797544378510835,152,51,1.0,0.6202455621489165
652835029044,2025-09,4,1.0,2.0,5.0,2.0,4.0,4.0,3.0,3.5,2.0,3.7159221817973807,152,52,1.0,2.7159221817973807
652835029050,2025-09,4,1.0,2.0,4.0,1.0,4.0,3.0,2.3333333333333335,3.6666666666666665,2.0,3.5707007267462005,152,58,1.0,2.5707007267462005
652835029051,2025-09,2,1.0,2.0,3.0,4.0,3.0,1.0,3.0,2.8333333333333335,2.0,2.5015905095454336,152,59,1.0,1.5015905095454336
652835029052,2025-09,2,1.0,1.0,2.0,6.0,2.0,3.0,3.0,2.6666666666666665,1.0,2.5719363478566635,152,60,0.0,1.5719363478566635
652835029053,2025-09,2,5.0,2.0,1.0,6.0,4.0,2.0,3.0,3.8333333333333335,2.0,2.9941074618992864,152,61,3.0,2.0058925381007136
652835029054,2025-09,3,7.0,2.0,7.0,8.0,2.0,1.0,5.666666666666667,4.166666666666667,2.0,3.489225074440945,152,62,5.0,3.510774925559055
652835029055,2025-09,13,18.0,10.0,15.0,13.0,14.0,10.0,12.666666666666666,11.166666666666666,10.0,11.689875332475003,152,63,8.0,6.310124667524997
652835029056,2025-09,14,6.0,2.0,3.0,4.0,2.0,2.0,3.0,4.5,2.0,6.543207775451277,152,64,4.0,0.5432077754512772
652835029059,2025-09,4,5.0,13.0,7.0,8.0,4.0,7.0,9.333333333333334,7.833333333333333,13.0,7.0395096405128035,152,67,8.0,2.0395096405128035
652835029060,2025-09,7,10.0,7.0,3.0,15.0,7.0,12.0,8.333333333333334,8.0,7.0,8.130805586380161,152,68,3.0,1.869194413619839
652835029061,2025-09,5,1.0,5.0,7.0,10.0,5.0,5.0,7.333333333333333,5.666666666666667,5.0,5.58896614005096,152,69,4.0,4.58896614005096
652835029062,2025-09,3,1.0,2.0,1.0,7.0,3.0,1.0,3.3333333333333335,2.6666666666666665,2.0,2.758516291314532,152,70,1.0,1.7585162913145318
652835029063,2025-09,5,5.0,5.0,6.0,8.0,5.0,4.0,6.333333333333333,4.666666666666667,5.0,5.020326638040918,152,71,0.0,0.02032663804091772
652835029064,2025-09,6,10.0,14.0,7.0,8.0,6.0,5.0,9.666666666666666,10.0,14.0,8.277698667077736,152,72,4.0,1.7223013329222638
652835029065,2025-09,11,9.0,13.0,11.0,8.0,5.0,13.0,10.666666666666666,11.0,13.0,11.029168155195217,152,73,4.0,2.029168155195217
652835029066,2025-09,40,44.0,59.0,51.0,47.0,38.0,28.0,52.333333333333336,47.0,59.0,42.64415865078372,152,74,15.0,1.355841349216277
652835029067,2025-09,46,73.0,56.0,58.0,49.0,55.0,31.0,54.333333333333336,54.333333333333336,56.0,47.93215693717407,152,75,17.0,25.06784306282593
652835029068,2025-09,2,3.0,3.0,5.0,2.0,1.0,5.0,3.3333333333333335,2.8333333333333335,3.0,3.02798071873315,152,76,0.0,0.02798071873314978
652835029069,2025-09,22,19.0,21.0,32.0,44.0,25.0,28.0,32.333333333333336,28.666666666666668,21.0,25.798590273046354,152,77,2.0,6.798590273046354
652835029070,2025-09,12,19.0,8.0,14.0,9.0,9.0,11.0,10.333333333333334,10.666666666666666,8.0,10.736149388156017,152,78,11.0,8.263850611843983
652835029071,2025-09,14,20.0,13.0,13.0,12.0,14.0,16.0,12.666666666666666,12.333333333333334,13.0,13.321173051900686,152,79,7.0,6.678826948099314
652835029072,2025-09,13,9.0,11.0,10.0,9.0,6.0,10.0,10.0,8.333333333333334,11.0,10.15906393978742,152,80,2.0,1.1590639397874192
652835029073,2025-09,3,3.0,3.0,5.0,3.0,5.0,2.0,3.6666666666666665,4.833333333333333,3.0,3.817127061236919,152,81,0.0,0.8171270612369188
652835029074,2025-09,2,2.0,7.0,3.0,3.0,6.0,11.0,4.333333333333333,5.166666666666667,7.0,5.167337960516628,152,82,5.0,3.167337960516628
652835029077,2025-09,4,6.0,3.0,7.0,2.0,3.0,6.0,4.0,3.8333333333333335,3.0,4.22135454758228,152,85,3.0,1.7786454524177202
652835029078,2025-09,5,3.0,4.0,1.0,1.0,3.0,2.0,2.0,2.6666666666666665,4.0,3.4546801699650853,152,86,1.0,0.4546801699650853
652835029080,2025-09,2,1.0,3.0,3.0,1.0,1.0,2.0,2.3333333333333335,1.8333333333333333,3.0,2.2069799283319256,152,88,2.0,1.2069799283319256
657129996328,2025-09,5,2.0,8.0,6.0,3.0,3.0,8.0,5.666666666666667,4.666666666666667,8.0,5.578781478713551,153,40,6.0,3.578781478713551
657129996335,2025-09,2,1.0,6.0,1.0,6.0,2.0,2.0,4.333333333333333,2.8333333333333335,6.0,3.015300497269525,153,47,5.0,2.015300497269525
657129996336,2025-09,12,15.0,9.0,10.0,13.0,11.0,15.0,10.666666666666666,9.666666666666666,9.0,11.084279142390724,153,48,6.0,3.9157208576092764
657129996337,2025-09,30,18.0,14.0,14.0,26.0,22.0,17.0,18.0,19.0,14.0,21.215447595977118,153,49,4.0,3.2154475959771176
657129996338,2025-09,5,10.0,12.0,11.0,14.0,5.0,12.0,12.333333333333334,11.0,12.0,9.307269936553098,153,50,2.0,0.692730063446902
657129996339,2025-09,10,10.0,13.0,14.0,8.0,6.0,10.0,11.666666666666666,10.333333333333334,13.0,10.316222551068634,153,51,3.0,0.31622255106863406
657129996340,2025-09,2,2.0,4.0,6.0,5.0,2.0,2.0,5.0,4.166666666666667,4.0,3.401595460182466,153,52,2.0,1.4015954601824658
657129996346,2025-09,1,4.0,8.0,4.0,1.0,2.0,5.0,4.333333333333333,4.5,8.0,3.8175750737732326,153,58,4.0,0.18242492622676743
657129996347,2025-09,4,2.0,3.0,9.0,3.0,4.0,1.0,5.0,4.0,3.0,3.8166990366762645,153,59,1.0,1.8166990366762645
657129996348,2025-09,1,1.0,3.0,6.0,2.0,1.0,4.0,3.6666666666666665,3.0,3.0,2.715239661632544,153,60,2.0,1.7152396616325438
657129996351,2025-09,4,13.0,10.0,11.0,3.0,9.0,9.0,8.0,8.0,10.0,7.213584401624445,153,63,3.0,5.786415598375555
657129996352,2025-09,17,10.0,9.0,14.0,12.0,10.0,9.0,11.666666666666666,10.166666666666666,9.0,12.005525187515932,153,64,1.0,2.005525187515932
657129996355,2025-09,1,4.0,2.0,7.0,7.0,3.0,3.0,5.333333333333333,4.833333333333333,2.0,3.398987062895637,153,67,2.0,0.6010129371043629
657129996356,2025-09,25,32.0,29.0,21.0,35.0,20.0,32.0,28.333333333333332,27.0,29.0,26.488529775945576,153,68,3.0,5.511470224054424
657129996357,2025-09,4,6.0,5.0,9.0,6.0,5.0,7.0,6.666666666666667,6.666666666666667,5.0,5.820822850456246,153,69,1.0,0.1791771495437544
657129996359,2025-09,4,3.0,4.0,4.0,6.0,10.0,13.0,4.666666666666667,4.5,4.0,5.75743836323348,153,71,1.0,2.7574383632334802
657129996360,2025-09,6,6.0,4.0,10.0,5.0,4.0,4.0,6.333333333333333,5.333333333333333,4.0,5.422932326649146,153,72,2.0,0.5770676733508537
657129996361,2025-09,19,16.0,19.0,18.0,29.0,22.0,21.0,22.0,24.166666666666668,19.0,21.124147551207194,153,73,3.0,5.124147551207194
657129996362,2025-09,19,15.0,23.0,17.0,15.0,16.0,11.0,18.333333333333332,15.666666666666666,23.0,16.68978792231274,153,74,8.0,1.689787922312739
657129996363,2025-09,21,31.0,19.0,33.0,17.0,11.0,17.0,23.0,18.5,19.0,18.994654931421522,153,75,12.0,12.005345068578478
657129996364,2025-09,14,15.0,20.0,14.0,18.0,11.0,24.0,17.333333333333332,15.833333333333334,20.0,16.373759211821916,153,76,5.0,1.3737592118219162
657129996365,2025-09,11,24.0,21.0,26.0,26.0,18.0,29.0,24.333333333333332,22.666666666666668,21.0,19.60350891944895,153,77,3.0,4.396491080551051
657129996366,2025-09,19,16.0,18.0,12.0,23.0,23.0,34.0,17.666666666666668,20.0,18.0,20.83131966786903,153,78,2.0,4.831319667869032
657129996367,2025-09,15,14.0,5.0,13.0,20.0,14.0,23.0,12.666666666666666,12.333333333333334,5.0,13.88011370321653,153,79,9.0,0.11988629678346996
657129996368,2025-09,40,45.0,45.0,43.0,50.0,40.0,44.0,46.0,42.666666666666664,45.0,41.52199652780088,153,80,0.0,3.47800347219912
657129996369,2025-09,4,7.0,16.0,3.0,9.0,3.0,6.0,9.333333333333334,8.0,16.0,7.133157788892767,153,81,9.0,0.13315778889276686
657129996370,2025-09,1,1.0,4.0,3.0,2.0,1.0,1.0,3.0,2.0,4.0,2.000724747749345,153,82,3.0,1.000724747749345
657129996374,2025-09,3,5.0,6.0,3.0,8.0,4.0,4.0,5.666666666666667,4.666666666666667,6.0,4.397764132778915,153,86,1.0,0.6022358672210846
657129996375,2025-09,4,3.0,2.0,1.0,4.0,1.0,2.0,2.3333333333333335,2.5,2.0,2.914076255682013,153,87,1.0,0.085923744317987
661424963626,2025-09,1,1.0,1.0,3.0,1.0,1.0,4.0,1.6666666666666667,1.3333333333333333,1.0,1.7843722385795608,154,42,0.0,0.7843722385795608
661424963627,2025-09,1,1.0,1.0,2.0,1.0,1.0,1.0,1.3333333333333333,1.5,1.0,1.4269658789601642,154,43,0.0,0.42696587896016425
661424963628,2025-09,4,3.0,4.0,2.0,8.0,1.0,3.0,4.666666666666667,4.833333333333333,4.0,4.218596418543903,154,44,1.0,1.2185964185439033
661424963630,2025-09,7,2.0,8.0,3.0,10.0,4.0,10.0,7.0,5.5,8.0,6.849000403724725,154,46,6.0,4.849000403724725
661424963632,2025-09,11,4.0,7.0,17.0,12.0,10.0,7.0,12.0,10.833333333333334,7.0,10.173681644096296,154,48,3.0,6.1736816440962965
661424963633,2025-09,4,8.0,6.0,5.0,7.0,16.0,3.0,6.0,7.0,6.0,5.909158572730715,154,49,2.0,2.090841427269285
661424963634,2025-09,1,2.0,3.0,5.0,1.0,4.0,4.0,3.0,3.8333333333333335,3.0,3.048699246543636,154,50,1.0,1.0486992465436362
661424963640,2025-09,7,2.0,2.0,2.0,3.0,1.0,11.0,2.3333333333333335,2.5,2.0,4.887881077164496,154,56,0.0,2.8878810771644963
661424963641,2025-09,1,3.0,3.0,2.0,1.0,4.0,5.0,2.0,2.1666666666666665,3.0,2.4991580843016274,154,57,0.0,0.5008419156983726
661424963642,2025-09,4,2.0,4.0,2.0,3.0,1.0,4.0,3.0,2.6666666666666665,4.0,3.442718733655954,154,58,2.0,1.442718733655954
661424963644,2025-09,5,3.0,4.0,3.0,1.0,1.0,6.0,2.6666666666666665,2.1666666666666665,4.0,3.7769938391787914,154,60,1.0,0.7769938391787914
661424963645,2025-09,1,1.0,1.0,1.0,4.0,1.0,3.0,2.0,1.5,1.0,1.7437000969463234,154,61,0.0,0.7437000969463234
661424963647,2025-09,3,7.0,3.0,11.0,2.0,7.0,10.0,5.333333333333333,6.5,3.0,5.657477634216003,154,63,4.0,1.3425223657839966
661424963650,2025-09,58,61.0,59.0,58.0,49.0,50.0,71.0,55.333333333333336,53.666666666666664,59.0,56.19626047175377,154,66,2.0,4.803739528246233
661424963651,2025-09,3,3.0,9.0,7.0,4.0,3.0,3.0,6.666666666666667,5.0,9.0,4.6872357477126965,154,67,6.0,1.6872357477126965
661424963652,2025-09,4,8.0,4.0,8.0,9.0,5.0,6.0,7.0,5.5,4.0,5.267290116445341,154,68,4.0,2.7327098835546586
661424963653,2025-09,11,14.0,3.0,15.0,7.0,12.0,4.0,8.333333333333334,11.666666666666666,3.0,9.463359708690096,154,69,11.0,4.536640291309904
661424963654,2025-09,62,65.0,34.0,48.0,52.0,68.0,47.0,44.666666666666664,55.666666666666664,34.0,52.75999227805023,154,70,31.0,12.240007721949773
661424963655,2025-09,2,3.0,1.0,3.0,4.0,1.0,2.0,2.6666666666666665,3.1666666666666665,1.0,2.5371186693709484,154,71,2.0,0.46288133062905157
661424963656,2025-09,3,2.0,5.0,1.0,1.0,3.0,3.0,2.3333333333333335,2.1666666666666665,5.0,2.955278029860204,154,72,3.0,0.9552780298602039
661424963657,2025-09,57,42.0,47.0,31.0,33.0,23.0,20.0,37.0,34.166666666666664,47.0,38.91806830786765,154,73,5.0,3.0819316921323505
661424963658,2025-09,36,55.0,25.0,32.0,31.0,22.0,25.0,29.333333333333332,26.333333333333332,25.0,28.46666567316156,154,74,30.0,26.53333432683844
661424963659,2025-09,16,10.0,20.0,10.0,12.0,6.0,6.0,14.0,9.666666666666666,20.0,12.059920601424695,154,75,10.0,2.059920601424695
661424963660,2025-09,14,8.0,17.0,11.0,15.0,6.0,7.0,14.333333333333334,13.0,17.0,12.53966467693878,154,76,9.0,4.539664676938781
661424963661,2025-09,35,48.0,21.0,25.0,44.0,43.0,25.0,30.0,33.5,21.0,31.241090255784982,154,77,27.0,16.758909744215018
661424963662,2025-09,14,34.0,23.0,24.0,31.0,23.0,28.0,26.0,25.0,23.0,21.649509417354004,154,78,11.0,12.350490582645996
661424963663,2025-09,10,5.0,7.0,7.0,3.0,5.0,8.0,5.666666666666667,6.166666666666667,7.0,7.515434857850179,154,79,2.0,2.5154348578501793
661424963664,2025-09,5,5.0,7.0,6.0,5.0,3.0,11.0,6.0,5.5,7.0,6.189810572227074,154,80,2.0,1.1898105722270742
661424963665,2025-09,9,8.0,5.0,8.0,7.0,8.0,5.0,6.666666666666667,7.0,5.0,7.23258937257356,154,81,3.0,0.7674106274264396
661424963666,2025-09,5,5.0,9.0,18.0,14.0,5.0,9.0,13.666666666666666,10.333333333333334,9.0,8.663234551818961,154,82,4.0,3.6632345518189613
661424963667,2025-09,1,1.0,1.0,1.0,1.0,2.0,1.0,1.0,1.3333333333333333,1.0,1.3758765794286703,154,83,0.0,0.37587657942867025
665719930915,2025-09,1,2.0,1.0,1.0,3.0,2.0,2.0,1.6666666666666667,2.1666666666666665,1.0,1.849020180094513,155,35,1.0,0.15097981990548703
665719930924,2025-09,5,5.0,2.0,3.0,3.0,2.0,3.0,2.6666666666666665,3.1666666666666665,2.0,3.6321692293601604,155,44,3.0,1.3678307706398396
665719930925,2025-09,1,1.0,2.0,6.0,3.0,4.0,7.0,3.6666666666666665,3.1666666666666665,2.0,3.2020290661890227,155,45,1.0,2.2020290661890227
665719930926,2025-09,1,5.0,3.0,3.0,9.0,1.0,3.0,5.0,4.333333333333333,3.0,3.166353456065883,155,46,2.0,1.8336465439341172
665719930927,2025-09,7,5.0,7.0,1.0,8.0,6.0,4.0,5.333333333333333,7.0,7.0,6.427393826108761,155,47,2.0,1.4273938261087613
665719930928,2025-09,7,3.0,10.0,5.0,2.0,8.0,4.0,5.666666666666667,5.333333333333333,10.0,6.238071352044624,155,48,7.0,3.2380713520446243
665719930929,2025-09,1,3.0,1.0,1.0,1.0,3.0,2.0,1.0,1.3333333333333333,1.0,1.544466345680597,155,49,2.0,1.455533654319403
665719930930,2025-09,1,3.0,3.0,1.0,1.0,2.0,2.0,1.6666666666666667,1.6666666666666667,3.0,1.831660450971885,155,50,0.0,1.168339549028115
665719930938,2025-09,7,10.0,13.0,8.0,7.0,3.0,2.0,9.333333333333334,9.0,13.0,7.61758018068211,155,58,3.0,2.3824198193178896
665719930939,2025-09,9,8.0,15.0,16.0,8.0,5.0,14.0,13.0,13.166666666666666,15.0,11.726241050575663,155,59,7.0,3.7262410505756627
665719930940,2025-09,3,1.0,2.0,2.0,1.0,2.0,1.0,1.6666666666666667,1.5,2.0,2.1499609048147974,155,60,1.0,1.1499609048147974
665719930945,2025-09,6,2.0,2.0,1.0,4.0,1.0,1.0,2.3333333333333335,1.6666666666666667,2.0,3.081403091647788,155,65,0.0,1.081403091647788
665719930946,2025-09,12,7.0,3.0,11.0,7.0,9.0,6.0,7.0,7.166666666666667,3.0,8.208227517770837,155,66,4.0,1.2082275177708368
665719930947,2025-09,20,20.0,22.0,15.0,20.0,14.0,19.0,19.0,18.833333333333332,22.0,18.91963817898457,155,67,2.0,1.0803618210154298
665719930948,2025-09,16,9.0,20.0,16.0,12.0,6.0,16.0,16.0,13.5,20.0,14.815159451743078,155,68,11.0,5.815159451743078
665719930949,2025-09,18,18.0,18.0,27.0,24.0,22.0,18.0,23.0,23.666666666666668,18.0,20.371785208145035,155,69,0.0,2.3717852081450346
665719930950,2025-09,13,17.0,18.0,21.0,10.0,20.0,16.0,16.333333333333332,17.666666666666668,18.0,15.875235831567892,155,70,1.0,1.1247641684321081
665719930951,2025-09,15,10.0,13.0,20.0,24.0,16.0,19.0,19.0,18.0,13.0,16.662864917054762,155,71,3.0,6.662864917054762
665719930952,2025-09,14,9.0,10.0,20.0,19.0,6.0,13.0,16.333333333333332,13.666666666666666,10.0,13.238989033091297,155,72,1.0,4.238989033091297
665719930953,2025-09,15,11.0,8.0,4.0,9.0,12.0,11.0,7.0,8.5,8.0,10.600613009605196,155,73,3.0,0.3993869903948042
665719930954,2025-09,13,12.0,7.0,14.0,7.0,9.0,7.0,9.333333333333334,13.0,7.0,11.115100085050766,155,74,5.0,0.8848999149492336
665719930955,2025-09,59,68.0,55.0,81.0,37.0,36.0,24.0,57.666666666666664,47.666666666666664,55.0,48.07846687305605,155,75,13.0,19.92153312694395
665719930956,2025-09,23,25.0,31.0,19.0,15.0,17.0,20.0,21.666666666666668,24.0,31.0,22.71823351205449,155,76,6.0,2.281766487945511
665719930957,2025-09,22,41.0,19.0,19.0,21.0,31.0,27.0,19.666666666666668,24.166666666666668,19.0,22.871792325514775,155,77,22.0,18.128207674485225
665719930958,2025-09,26,31.0,15.0,45.0,36.0,21.0,36.0,32.0,29.5,15.0,27.597198523969958,155,78,16.0,3.4028014760300422
665719930959,2025-09,9,6.0,11.0,6.0,13.0,19.0,6.0,10.0,11.833333333333334,11.0,10.249131959468325,155,79,5.0,4.2491319594683254
665719930960,2025-09,1,10.0,2.0,6.0,5.0,7.0,6.0,4.333333333333333,5.666666666666667,2.0,4.113221318626875,155,80,8.0,5.886778681373125
665719930961,2025-09,16,16.0,19.0,12.0,16.0,18.0,17.0,15.666666666666666,15.5,19.0,16.009595374107853,155,81,3.0,0.00959537410785316
665719930962,2025-09,23,10.0,15.0,20.0,20.0,10.0,6.0,18.333333333333332,17.0,15.0,16.798793390206523,155,82,5.0,6.798793390206523
665719930963,2025-09,1,1.0,2.0,1.0,3.0,2.0,2.0,2.0,2.5,2.0,2.070140051167744,155,83,1.0,1.0701400511677441
665719930964,2025-09,3,3.0,4.0,6.0,5.0,8.0,5.0,5.0,5.166666666666667,4.0,4.656555463509349,155,84,1.0,1.6565554635093491
665719930965,2025-09,4,3.0,7.0,3.0,2.0,3.0,7.0,4.0,3.5,7.0,4.516116485810226,155,85,4.0,1.516116485810226
665719930967,2025-09,4,1.0,2.0,2.0,1.0,1.0,1.0,1.6666666666666667,1.5,2.0,2.389608097007674,155,87,1.0,1.3896080970076738
665719930968,2025-09,8,4.0,5.0,7.0,6.0,3.0,2.0,6.0,4.333333333333333,5.0,5.392482987713855,155,88,1.0,1.392482987713855
670014898220,2025-09,9,2.0,11.0,7.0,12.0,11.0,21.0,10.0,12.5,11.0,11.981899641152685,156,44,9.0,9.981899641152685
670014898221,2025-09,15,16.0,12.0,7.0,9.0,10.0,9.0,9.333333333333334,8.166666666666666,12.0,10.71524693765082,156,45,4.0,5.28475306234918
670014898223,2025-09,3,1.0,4.0,6.0,3.0,4.0,4.0,4.333333333333333,5.0,4.0,4.227063525677618,156,47,3.0,3.227063525677618
670014898224,2025-09,3,7.0,7.0,11.0,4.0,3.0,8.0,7.333333333333333,6.5,7.0,5.745771090830244,156,48,0.0,1.2542289091697558
670014898226,2025-09,3,1.0,4.0,3.0,3.0,4.0,2.0,3.3333333333333335,3.6666666666666665,4.0,3.415611905160411,156,50,3.0,2.415611905160411
670014898235,2025-09,19,19.0,20.0,25.0,20.0,13.0,7.0,21.666666666666668,18.5,20.0,17.171142941021273,156,59,1.0,1.828857058978727
670014898238,2025-09,1,2.0,4.0,6.0,5.0,12.0,7.0,5.0,5.833333333333333,4.0,4.735718681712383,156,62,2.0,2.735718681712383
670014898239,2025-09,7,10.0,15.0,13.0,16.0,16.0,18.0,14.666666666666666,13.666666666666666,15.0,12.478219535837763,156,63,5.0,2.4782195358377628
670014898240,2025-09,19,20.0,28.0,15.0,15.0,16.0,14.0,19.333333333333332,18.166666666666668,28.0,18.364181590956797,156,64,8.0,1.6358184090432033
670014898241,2025-09,1,5.0,3.0,3.0,1.0,1.0,3.0,2.3333333333333335,1.6666666666666667,3.0,1.9917897812443321,156,65,2.0,3.008210218755668
670014898242,2025-09,1,2.0,1.0,3.0,2.0,3.0,2.0,2.0,1.8333333333333333,1.0,1.8269590902004538,156,66,1.0,0.17304090979954623
670014898243,2025-09,1,1.0,3.0,2.0,2.0,1.0,3.0,2.3333333333333335,2.0,3.0,2.0984338567740615,156,67,2.0,1.0984338567740615
670014898244,2025-09,21,14.0,13.0,21.0,20.0,21.0,20.0,18.0,17.333333333333332,13.0,18.38757647108813,156,68,1.0,4.387576471088131
670014898245,2025-09,16,24.0,9.0,22.0,21.0,14.0,8.0,17.333333333333332,14.666666666666666,9.0,13.915585498771016,156,69,15.0,10.084414501228984
670014898246,2025-09,18,21.0,27.0,13.0,14.0,19.0,34.0,18.0,17.833333333333332,27.0,20.35935682814438,156,70,6.0,0.6406431718556185
670014898247,2025-09,20,32.0,36.0,30.0,37.0,26.0,37.0,34.333333333333336,32.0,36.0,28.822517919869494,156,71,4.0,3.177482080130506
670014898248,2025-09,29,27.0,26.0,23.0,30.0,27.0,37.0,26.333333333333332,28.0,26.0,28.456427229982864,156,72,1.0,1.4564272299828644
670014898249,2025-09,7,3.0,3.0,2.0,2.0,1.0,6.0,2.3333333333333335,2.5,3.0,4.341264666688923,156,73,0.0,1.3412646666889234
670014898250,2025-09,17,21.0,14.0,19.0,12.0,15.0,12.0,15.0,13.0,14.0,14.293825587026737,156,74,7.0,6.706174412973263
670014898251,2025-09,41,35.0,17.0,22.0,22.0,18.0,22.0,20.333333333333332,21.0,17.0,25.95529083667372,156,75,18.0,9.044709163326281
670014898252,2025-09,16,30.0,15.0,19.0,15.0,16.0,11.0,16.333333333333332,16.833333333333332,15.0,15.421369242344454,156,76,15.0,14.578630757655546
670014898253,2025-09,6,18.0,9.0,8.0,8.0,16.0,19.0,8.333333333333334,11.0,9.0,10.28001829615045,156,77,9.0,7.71998170384955
670014898254,2025-09,17,15.0,9.0,19.0,20.0,16.0,15.0,16.0,17.0,9.0,15.775497316994715,156,78,6.0,0.7754973169947146
670014898255,2025-09,17,22.0,5.0,22.0,16.0,19.0,10.0,14.333333333333334,16.833333333333332,5.0,14.766361892820422,156,79,17.0,7.233638107179578
670014898256,2025-09,4,4.0,7.0,22.0,4.0,5.0,6.0,11.0,9.166666666666666,7.0,7.197324261975144,156,80,3.0,3.197324261975144
670014898257,2025-09,16,12.0,21.0,9.0,16.0,20.0,11.0,15.333333333333334,15.333333333333334,21.0,15.39842259416933,156,81,9.0,3.3984225941693307
670014898258,2025-09,12,46.0,8.0,11.0,13.0,9.0,14.0,10.666666666666666,11.5,8.0,11.409493014851863,156,82,38.0,34.59050698514814
670014898260,2025-09,3,2.0,7.0,5.0,9.0,2.0,4.0,7.0,6.166666666666667,7.0,5.033841614831527,156,84,5.0,3.033841614831527
670014898261,2025-09,12,21.0,19.0,30.0,28.0,11.0,27.0,25.666666666666668,22.5,19.0,19.285137366216702,156,85,2.0,1.714862633783298
670014898262,2025-09,7,8.0,11.0,13.0,25.0,23.0,15.0,16.333333333333332,16.333333333333332,11.0,13.185338010217762,156,86,3.0,5.185338010217762
670014898263,2025-09,5,2.0,7.0,7.0,3.0,3.0,4.0,5.666666666666667,4.166666666666667,7.0,4.845785816185164,156,87,5.0,2.845785816185164
670014898264,2025-09,3,1.0,1.0,5.0,2.0,3.0,2.0,2.6666666666666665,2.6666666666666665,1.0,2.7520170334637166,156,88,0.0,1.7520170334637166
670014898265,2025-09,3,2.0,2.0,7.0,5.0,1.0,3.0,4.666666666666667,3.5,2.0,3.3633624584910695,156,89,0.0,1.3633624584910695
674309865508,2025-09,3,1.0,2.0,5.0,5.0,2.0,6.0,4.0,2.8333333333333335,2.0,3.478687715890576,157,36,1.0,2.478687715890576
674309865515,2025-09,3,3.0,2.0,4.0,1.0,4.0,9.0,2.3333333333333335,4.833333333333333,2.0,4.418982542024585,157,43,1.0,1.418982542024585
674309865516,2025-09,6,10.0,5.0,6.0,9.0,9.0,13.0,6.666666666666667,9.0,5.0,8.07414419911262,157,44,5.0,1.9258558008873798
674309865517,2025-09,4,3.0,6.0,4.0,4.0,10.0,30.0,4.666666666666667,6.5,6.0,8.680985192396129,157,45,3.0,5.680985192396129
674309865519,2025-09,1,1.0,2.0,4.0,3.0,1.0,1.0,3.0,2.5,2.0,2.022079436384711,157,47,1.0,1.0220794363847112
674309865525,2025-09,1,1.0,1.0,2.0,1.0,3.0,7.0,1.3333333333333333,2.3333333333333335,1.0,2.5374756568270733,157,53,0.0,1.5374756568270733
674309865526,2025-09,1,2.0,1.0,3.0,1.0,1.0,1.0,1.6666666666666667,1.3333333333333333,1.0,1.4118227452618939,157,54,1.0,0.5881772547381061
674309865530,2025-09,1,2.0,2.0,1.0,1.0,1.0,7.0,1.3333333333333333,1.5,2.0,2.242369317803293,157,58,0.0,0.24236931780329307
674309865531,2025-09,14,10.0,14.0,8.0,7.0,10.0,9.0,9.666666666666666,8.166666666666666,14.0,10.619968350909275,157,59,4.0,0.619968350909275
674309865534,2025-09,16,20.0,12.0,29.0,17.0,11.0,6.0,19.333333333333332,16.666666666666668,12.0,14.665785072321398,157,62,8.0,5.334214927678602
674309865535,2025-09,14,23.0,21.0,25.0,20.0,21.0,26.0,22.0,20.333333333333332,21.0,19.18460243860455,157,63,2.0,3.81539756139545
674309865536,2025-09,6,6.0,8.0,5.0,9.0,6.0,10.0,7.333333333333333,7.5,8.0,7.36176536693506,157,64,2.0,1.3617653669350602
674309865540,2025-09,2,3.0,1.0,1.0,1.0,5.0,1.0,1.0,2.0,1.0,2.0144282489573033,157,68,2.0,0.9855717510426967
674309865541,2025-09,72,77.0,76.0,85.0,77.0,74.0,57.0,79.33333333333333,74.83333333333333,76.0,70.50180291081378,157,69,1.0,6.49819708918622
674309865542,2025-09,38,21.0,61.0,75.0,49.0,40.0,36.0,61.666666666666664,54.166666666666664,61.0,46.794626567757916,157,70,40.0,25.794626567757916
674309865543,2025-09,29,36.0,34.0,37.0,37.0,25.0,59.0,36.0,36.5,34.0,35.62052506954245,157,71,2.0,0.37947493045754754
674309865544,2025-09,9,2.0,1.0,4.0,2.0,3.0,12.0,2.3333333333333335,3.6666666666666665,1.0,5.989912163193869,157,72,1.0,3.9899121631938694
674309865545,2025-09,15,16.0,29.0,35.0,20.0,18.0,24.0,28.0,26.333333333333332,29.0,22.36418325553374,157,73,13.0,6.364183255533739
674309865546,2025-09,66,83.0,56.0,74.0,45.0,48.0,69.0,58.333333333333336,57.166666666666664,56.0,59.45987509507472,157,74,27.0,23.54012490492528
674309865547,2025-09,105,104.0,87.0,87.0,82.0,122.0,133.0,85.33333333333333,95.5,87.0,99.78118475555716,157,75,17.0,4.218815244442837
674309865548,2025-09,40,62.0,34.0,38.0,33.0,61.0,61.0,35.0,40.666666666666664,34.0,41.8705594223526,157,76,28.0,20.1294405776474
674309865549,2025-09,26,41.0,17.0,26.0,32.0,25.0,21.0,25.0,26.166666666666668,17.0,24.118571796392068,157,77,24.0,16.881428203607932
674309865550,2025-09,20,11.0,15.0,29.0,17.0,11.0,12.0,20.333333333333332,15.833333333333334,15.0,16.60194415546518,157,78,4.0,5.60194415546518
674309865551,2025-09,16,11.0,8.0,23.0,17.0,20.0,11.0,16.0,16.166666666666668,8.0,14.837420111207313,157,79,3.0,3.8374201112073134
674309865552,2025-09,2,1.0,1.0,3.0,2.0,3.0,1.0,2.0,3.0,1.0,2.3740663424154507,157,80,0.0,1.3740663424154507
674309865553,2025-09,9,11.0,13.0,10.0,14.0,11.0,19.0,12.333333333333334,11.333333333333334,13.0,11.760150361776478,157,81,2.0,0.7601503617764784
674309865554,2025-09,1,4.0,1.0,6.0,6.0,6.0,8.0,4.333333333333333,4.833333333333333,1.0,3.9662840463659093,157,82,3.0,0.033715953634090745
674309865555,2025-09,3,4.0,5.0,4.0,4.0,10.0,7.0,4.333333333333333,5.833333333333333,5.0,5.208959710172744,157,83,1.0,1.2089597101727438
674309865556,2025-09,3,2.0,6.0,5.0,4.0,3.0,4.0,5.0,4.333333333333333,6.0,4.178345566328765,157,84,4.0,2.1783455663287654
674309865557,2025-09,13,9.0,20.0,15.0,16.0,20.0,14.0,17.0,16.166666666666668,20.0,15.325985759983443,157,85,11.0,6.325985759983443
674309865558,2025-09,6,13.0,12.0,17.0,13.0,11.0,12.0,14.0,13.0,12.0,10.726474430317278,157,86,1.0,2.2735255696827217
674309865559,2025-09,3,5.0,2.0,4.0,4.0,2.0,9.0,3.3333333333333335,4.0,2.0,4.162116023723685,157,87,3.0,0.8378839762763146
678604832803,2025-09,1,1.0,1.0,2.0,1.0,1.0,1.0,1.3333333333333333,1.3333333333333333,1.0,1.3716463614389305,158,35,0.0,0.3716463614389305
678604832811,2025-09,2,9.0,7.0,7.0,12.0,4.0,8.0,8.666666666666666,7.0,7.0,5.8008283103910205,158,43,2.0,3.1991716896089795
678604832812,2025-09,9,12.0,7.0,11.0,9.0,14.0,9.0,9.0,11.5,7.0,9.903242286430864,158,44,5.0,2.0967577135691364
678604832813,2025-09,1,2.0,4.0,1.0,3.0,4.0,2.0,2.6666666666666665,2.3333333333333335,4.0,2.3245954093334475,158,45,2.0,0.32459540933344755
678604832815,2025-09,11,18.0,18.0,22.0,21.0,8.0,10.0,20.333333333333332,15.5,18.0,13.748168358628352,158,47,0.0,4.251831641371648
678604832816,2025-09,20,12.0,17.0,20.0,21.0,23.0,17.0,19.333333333333332,18.833333333333332,17.0,18.755590429691708,158,48,5.0,6.755590429691708
678604832817,2025-09,14,15.0,12.0,16.0,20.0,16.0,16.0,16.0,16.666666666666668,12.0,15.147793420998116,158,49,3.0,0.14779342099811643
678604832826,2025-09,8,8.0,8.0,12.0,16.0,7.0,3.0,12.0,10.833333333333334,8.0,8.74589241304139,158,58,0.0,0.7458924130413909
678604832827,2025-09,3,2.0,3.0,1.0,3.0,2.0,2.0,2.3333333333333335,2.0,3.0,2.582769922645971,158,59,1.0,0.582769922645971
678604832828,2025-09,1,4.0,1.0,2.0,1.0,5.0,1.0,1.3333333333333333,2.6666666666666665,1.0,1.9918289088596204,158,60,3.0,2.0081710911403796
678604832830,2025-09,23,20.0,20.0,11.0,10.0,24.0,17.0,13.666666666666666,17.333333333333332,20.0,18.72614214210317,158,62,0.0,1.2738578578968287
678604832831,2025-09,22,37.0,17.0,36.0,15.0,21.0,27.0,22.666666666666668,24.333333333333332,17.0,22.72799413197647,158,63,20.0,14.27200586802353
678604832832,2025-09,16,25.0,18.0,14.0,19.0,16.0,14.0,17.0,14.0,18.0,15.12877322401952,158,64,7.0,9.87122677598048
678604832833,2025-09,4,5.0,19.0,9.0,9.0,4.0,7.0,12.333333333333334,9.0,19.0,8.206165471302175,158,65,14.0,3.2061654713021746
678604832837,2025-09,2,11.0,9.0,20.0,14.0,24.0,9.0,14.333333333333334,17.5,9.0,11.113890625302593,158,69,2.0,0.1138906253025933
678604832838,2025-09,46,57.0,59.0,63.0,65.0,64.0,55.0,62.333333333333336,59.666666666666664,59.0,54.19366407687996,158,70,2.0,2.806335923120038
678604832839,2025-09,7,9.0,9.0,14.0,13.0,10.0,23.0,12.0,11.5,9.0,11.38228911408931,158,71,0.0,2.3822891140893105
678604832840,2025-09,2,7.0,2.0,1.0,4.0,6.0,4.0,2.3333333333333335,2.8333333333333335,2.0,2.927007040655285,158,72,5.0,4.072992959344715
678604832841,2025-09,45,39.0,27.0,50.0,28.0,38.0,29.0,35.0,34.0,27.0,35.61067821989294,158,73,12.0,3.3893217801070605
678604832842,2025-09,253,266.0,306.0,276.0,236.0,280.0,302.0,272.6666666666667,274.5,306.0,266.5980849398766,158,74,40.0,0.5980849398766281
678604832843,2025-09,241,329.0,261.0,296.0,227.0,323.0,239.0,261.3333333333333,277.1666666666667,261.0,253.66675344670767,158,75,68.0,75.33324655329233
678604832844,2025-09,57,69.0,33.0,47.0,46.0,55.0,97.0,42.0,52.5,33.0,55.552779107799715,158,76,36.0,13.447220892200285
678604832845,2025-09,23,27.0,27.0,29.0,32.0,37.0,33.0,29.333333333333332,31.666666666666668,27.0,28.340369199375683,158,77,0.0,1.340369199375683
678604832846,2025-09,3,4.0,7.0,3.0,4.0,4.0,11.0,4.666666666666667,4.333333333333333,7.0,5.122162387600858,158,78,3.0,1.1221623876008584
678604832847,2025-09,4,9.0,14.0,10.0,17.0,16.0,17.0,13.666666666666666,13.333333333333334,14.0,11.196407391149895,158,79,5.0,2.1964073911498954
678604832848,2025-09,10,15.0,17.0,12.0,9.0,14.0,12.0,12.666666666666666,12.833333333333334,17.0,12.147386458054575,158,80,2.0,2.8526135419454253
678604832849,2025-09,9,8.0,5.0,5.0,10.0,6.0,5.0,6.666666666666667,7.166666666666667,5.0,7.187110807931169,158,81,3.0,0.8128891920688313
678604832850,2025-09,35,29.0,28.0,23.0,5.0,11.0,7.0,18.666666666666668,14.666666666666666,28.0,20.615614094443583,158,82,1.0,8.384385905556417
678604832851,2025-09,5,1.0,4.0,2.0,3.0,4.0,4.0,3.0,3.1666666666666665,4.0,4.025950885663354,158,83,3.0,3.025950885663354
678604832852,2025-09,2,2.0,3.0,4.0,8.0,7.0,5.0,5.0,5.5,3.0,4.356444771987515,158,84,1.0,2.3564447719875146
678604832853,2025-09,8,7.0,17.0,33.0,12.0,13.0,29.0,20.666666666666668,18.0,17.0,16.31313944006866,158,85,10.0,9.31313944006866
678604832854,2025-09,5,9.0,10.0,12.0,8.0,15.0,9.0,10.0,10.833333333333334,10.0,8.92559310974133,158,86,1.0,0.07440689025867009
678604832855,2025-09,6,3.0,7.0,5.0,6.0,9.0,21.0,6.0,7.833333333333333,7.0,8.752613907285642,158,87,4.0,5.752613907285642
682899800105,2025-09,2,11.0,11.0,8.0,17.0,7.0,5.0,12.0,9.5,11.0,7.054298234827126,159,41,0.0,3.945701765172874
682899800109,2025-09,1,4.0,2.0,1.0,3.0,3.0,1.0,2.0,2.0,2.0,1.824404935977526,159,45,2.0,2.175595064022474
682899800110,2025-09,29,19.0,27.0,33.0,33.0,29.0,34.0,31.0,30.0,27.0,29.457314097736504,159,46,8.0,10.457314097736504
682899800111,2025-09,15,19.0,16.0,42.0,27.0,27.0,25.0,28.333333333333332,25.5,16.0,21.70968203721356,159,47,3.0,2.709682037213561
682899800112,2025-09,6,11.0,20.0,23.0,11.0,18.0,11.0,18.0,15.333333333333334,20.0,12.740152866427705,159,48,9.0,1.7401528664277048
682899800113,2025-09,5,7.0,5.0,4.0,13.0,5.0,6.0,7.333333333333333,7.666666666666667,5.0,6.364998636206771,159,49,2.0,0.6350013637932292
682899800114,2025-09,6,8.0,3.0,5.0,6.0,8.0,5.0,4.666666666666667,6.333333333333333,3.0,5.781477672631231,159,50,5.0,2.2185223273687686
682899800115,2025-09,9,7.0,1.0,13.0,5.0,7.0,7.0,6.333333333333333,7.333333333333333,1.0,7.233783861053086,159,51,6.0,0.23378386105308557
682899800116,2025-09,5,9.0,1.0,9.0,6.0,8.0,3.0,5.333333333333333,7.333333333333333,1.0,5.520718518104939,159,52,8.0,3.479281481895061
682899800122,2025-09,3,7.0,3.0,1.0,2.0,1.0,2.0,2.0,2.8333333333333335,3.0,2.778779484129206,159,58,4.0,4.221220515870794
682899800123,2025-09,1,5.0,4.0,3.0,3.0,6.0,4.0,3.3333333333333335,3.3333333333333335,4.0,3.074044814610634,159,59,1.0,1.9259551853893662
682899800125,2025-09,3,6.0,1.0,3.0,6.0,1.0,3.0,3.3333333333333335,4.166666666666667,1.0,3.349635581563609,159,61,5.0,2.650364418436391
682899800126,2025-09,7,4.0,10.0,11.0,6.0,7.0,5.0,9.0,7.833333333333333,10.0,7.533424677668341,159,62,6.0,3.533424677668341
682899800127,2025-09,5,7.0,4.0,4.0,5.0,7.0,5.0,4.333333333333333,4.666666666666667,4.0,4.933945129498178,159,63,3.0,2.066054870501822
682899800128,2025-09,9,14.0,12.0,10.0,14.0,9.0,12.0,12.0,12.166666666666666,12.0,10.96817175865192,159,64,2.0,3.03182824134808
682899800129,2025-09,6,9.0,6.0,10.0,9.0,5.0,12.0,8.333333333333334,7.666666666666667,6.0,7.600964858575331,159,65,3.0,1.399035141424669
682899800130,2025-09,1,4.0,7.0,9.0,4.0,10.0,1.0,6.666666666666667,6.666666666666667,7.0,4.594194314308767,159,66,3.0,0.5941943143087673
682899800131,2025-09,12,14.0,6.0,9.0,18.0,16.0,14.0,11.0,12.833333333333334,6.0,12.042488049554347,159,67,8.0,1.957511950445653
682899800132,2025-09,15,22.0,28.0,26.0,36.0,26.0,22.0,30.0,25.333333333333332,28.0,22.245987134555715,159,68,6.0,0.24598713455571541
682899800133,2025-09,37,42.0,43.0,39.0,42.0,22.0,35.0,41.333333333333336,40.166666666666664,43.0,37.25195646854874,159,69,1.0,4.748043531451259
682899800135,2025-09,11,10.0,12.0,9.0,14.0,7.0,11.0,11.666666666666666,11.0,12.0,10.895869972126851,159,71,2.0,0.8958699721268513
682899800136,2025-09,14,8.0,7.0,13.0,12.0,8.0,12.0,10.666666666666666,11.5,7.0,11.618518179476819,159,72,1.0,3.618518179476819
682899800137,2025-09,13,8.0,12.0,14.0,8.0,6.0,22.0,11.333333333333334,12.0,12.0,13.101296245537618,159,73,4.0,5.101296245537618
682899800138,2025-09,111,84.0,110.0,121.0,111.0,108.0,90.0,114.0,111.66666666666667,110.0,105.84624980657084,159,74,26.0,21.84624980657084
682899800139,2025-09,133,160.0,146.0,123.0,104.0,138.0,103.0,124.33333333333333,131.33333333333334,146.0,125.37410842887208,159,75,14.0,34.62589157112792
682899800140,2025-09,22,43.0,25.0,34.0,26.0,34.0,36.0,28.333333333333332,30.5,25.0,27.671240171792952,159,76,18.0,15.328759828207048
682899800141,2025-09,4,3.0,2.0,6.0,4.0,2.0,7.0,4.0,4.833333333333333,2.0,4.5547538441029225,159,77,1.0,1.5547538441029225
682899800142,2025-09,12,20.0,21.0,11.0,19.0,10.0,21.0,17.0,16.166666666666668,21.0,15.525467672594942,159,78,1.0,4.474532327405058
682899800143,2025-09,19,31.0,30.0,20.0,21.0,17.0,26.0,23.666666666666668,21.166666666666668,30.0,21.53346961846008,159,79,1.0,9.466530381539918
682899800144,2025-09,10,12.0,14.0,19.0,15.0,15.0,11.0,16.0,15.333333333333334,14.0,13.064283382776388,159,80,2.0,1.064283382776388
682899800145,2025-09,19,28.0,19.0,18.0,22.0,24.0,16.0,19.666666666666668,22.166666666666668,19.0,19.674940752210105,159,81,9.0,8.325059247789895
682899800146,2025-09,12,18.0,11.0,14.0,17.0,12.0,11.0,14.0,13.5,11.0,12.430694894029207,159,82,7.0,5.569305105970793
682899800147,2025-09,1,3.0,4.0,6.0,1.0,3.0,1.0,3.6666666666666665,3.5,4.0,2.6717613362245265,159,83,1.0,0.3282386637754735
682899800148,2025-09,21,17.0,6.0,2.0,2.0,10.0,4.0,3.3333333333333335,5.5,6.0,9.796504693677479,159,84,11.0,7.203495306322521
682899800149,2025-09,8,5.0,7.0,15.0,12.0,4.0,10.0,11.333333333333334,8.333333333333334,7.0,8.51748461405655,159,85,2.0,3.517484614056549
682899800150,2025-09,4,3.0,7.0,8.0,11.0,7.0,9.0,8.666666666666666,8.333333333333334,7.0,7.072889967962132,159,86,4.0,4.072889967962132
682899800151,2025-09,2,4.0,2.0,2.0,4.0,7.0,7.0,2.6666666666666665,2.8333333333333335,2.0,3.384139519608622,159,87,2.0,0.6158604803913779
687194767399,2025-09,12,8.0,7.0,10.0,9.0,6.0,11.0,8.666666666666666,9.166666666666666,7.0,9.833867553704176,160,39,1.0,1.8338675537041755
687194767400,2025-09,8,6.0,1.0,2.0,4.0,1.0,8.0,2.3333333333333335,2.3333333333333335,1.0,4.669766448610643,160,40,5.0,1.330233551389357
687194767401,2025-09,2,4.0,7.0,3.0,2.0,3.0,2.0,4.0,3.5,7.0,3.327093075602951,160,41,3.0,0.6729069243970489
687194767402,2025-09,1,2.0,3.0,4.0,2.0,2.0,3.0,3.0,2.3333333333333335,3.0,2.3338322612751634,160,42,1.0,0.3338322612751634
687194767406,2025-09,9,4.0,6.0,9.0,6.0,4.0,4.0,7.0,5.666666666666667,6.0,6.602699456257149,160,46,2.0,2.602699456257149
687194767407,2025-09,11,18.0,24.0,20.0,16.0,33.0,20.0,20.0,22.833333333333332,24.0,18.935848946260002,160,47,6.0,0.9358489462600019
687194767408,2025-09,16,16.0,18.0,28.0,23.0,21.0,40.0,23.0,22.333333333333332,18.0,22.052739455326915,160,48,2.0,6.052739455326915
687194767409,2025-09,17,14.0,16.0,16.0,22.0,9.0,13.0,18.0,13.333333333333334,16.0,14.724454939327092,160,49,2.0,0.7244549393270923
687194767410,2025-09,11,16.0,13.0,19.0,13.0,19.0,8.0,15.0,17.666666666666668,13.0,13.745043651361183,160,50,3.0,2.2549563486388173
687194767411,2025-09,2,3.0,1.0,4.0,3.0,1.0,1.0,2.6666666666666665,2.1666666666666665,1.0,2.085013359317063,160,51,2.0,0.9149866406829368
687194767412,2025-09,3,9.0,2.0,4.0,8.0,3.0,2.0,4.666666666666667,3.6666666666666665,2.0,3.371327136660277,160,52,7.0,5.628672863339723
687194767413,2025-09,1,1.0,4.0,2.0,1.0,2.0,1.0,2.3333333333333335,2.1666666666666665,4.0,2.0240930589500916,160,53,3.0,1.0240930589500916
687194767416,2025-09,3,5.0,4.0,7.0,2.0,1.0,1.0,4.333333333333333,2.6666666666666665,4.0,2.9508159411373036,160,56,1.0,2.0491840588626964
687194767419,2025-09,2,3.0,8.0,6.0,1.0,5.0,8.0,5.0,4.5,8.0,4.687750934180526,160,59,5.0,1.6877509341805261
687194767420,2025-09,10,6.0,4.0,6.0,4.0,4.0,4.0,4.666666666666667,4.333333333333333,4.0,6.030343437941989,160,60,2.0,0.030343437941988682
687194767423,2025-09,17,7.0,13.0,6.0,9.0,9.0,12.0,9.333333333333334,8.0,13.0,11.62648235185351,160,63,6.0,4.626482351853509
687194767424,2025-09,29,51.0,54.0,37.0,30.0,41.0,21.0,40.333333333333336,39.333333333333336,54.0,34.50884899815995,160,64,3.0,16.491151001840052
687194767425,2025-09,13,12.0,9.0,8.0,9.0,12.0,6.0,8.666666666666666,9.833333333333334,9.0,10.125332110890412,160,65,3.0,1.8746678891095883
687194767426,2025-09,35,21.0,19.0,32.0,30.0,31.0,7.0,27.0,25.833333333333332,19.0,25.48194934250583,160,66,2.0,4.481949342505828
687194767427,2025-09,17,20.0,17.0,11.0,15.0,13.0,12.0,14.333333333333334,13.666666666666666,17.0,14.544866163925512,160,67,3.0,5.455133836074488
687194767428,2025-09,20,22.0,21.0,15.0,12.0,17.0,19.0,16.0,16.166666666666668,21.0,17.76781347357037,160,68,1.0,4.232186526429629
687194767429,2025-09,19,8.0,21.0,24.0,11.0,20.0,19.0,18.666666666666668,17.0,21.0,18.21898310270553,160,69,13.0,10.21898310270553
687194767430,2025-09,9,14.0,10.0,11.0,18.0,8.0,13.0,13.0,11.833333333333334,10.0,10.901249695238315,160,70,4.0,3.098750304761685
687194767431,2025-09,24,33.0,27.0,32.0,35.0,23.0,29.0,31.333333333333332,33.666666666666664,27.0,28.398905544900877,160,71,6.0,4.601094455099123
687194767432,2025-09,17,10.0,14.0,19.0,12.0,8.0,12.0,15.0,13.5,14.0,14.1489379269015,160,72,4.0,4.1489379269015
687194767433,2025-09,16,8.0,14.0,11.0,17.0,11.0,16.0,14.0,13.166666666666666,14.0,14.24369361201587,160,73,6.0,6.2436936120158695
687194767434,2025-09,9,28.0,17.0,28.0,20.0,22.0,15.0,21.666666666666668,22.666666666666668,17.0,16.89580431420102,160,74,11.0,11.104195685798981
687194767435,2025-09,11,11.0,6.0,15.0,18.0,13.0,11.0,13.0,12.0,6.0,11.217125672124604,160,75,5.0,0.2171256721246042
687194767436,2025-09,41,52.0,46.0,51.0,69.0,48.0,46.0,55.333333333333336,48.833333333333336,46.0,45.575830581980995,160,76,6.0,6.424169418019005
687194767437,2025-09,22,19.0,25.0,26.0,14.0,30.0,20.0,21.666666666666668,22.333333333333332,25.0,22.04043861266769,160,77,6.0,3.040438612667689
687194767438,2025-09,28,19.0,18.0,21.0,27.0,21.0,18.0,22.0,21.0,18.0,22.150290236041307,160,78,1.0,3.1502902360413074
687194767439,2025-09,31,38.0,34.0,43.0,42.0,17.0,24.0,39.666666666666664,32.0,34.0,30.41530753909482,160,79,4.0,7.584692460905181
687194767440,2025-09,11,5.0,7.0,5.0,7.0,2.0,6.0,6.333333333333333,6.833333333333333,7.0,7.703553517219113,160,80,2.0,2.703553517219113
687194767441,2025-09,5,3.0,3.0,5.0,2.0,6.0,4.0,3.3333333333333335,4.666666666666667,3.0,4.586506638107773,160,81,0.0,1.5865066381077728
687194767442,2025-09,1,1.0,1.0,4.0,4.0,1.0,1.0,3.0,2.6666666666666665,1.0,2.0030995421854083,160,82,0.0,1.0030995421854083
687194767443,2025-09,16,8.0,9.0,20.0,15.0,16.0,12.0,14.666666666666666,16.5,9.0,14.812204739379595,160,83,1.0,6.812204739379595
687194767444,2025-09,11,9.0,11.0,11.0,21.0,19.0,8.0,14.333333333333334,13.666666666666666,11.0,12.164453882688143,160,84,2.0,3.164453882688143
687194767445,2025-09,5,2.0,6.0,8.0,1.0,11.0,7.0,5.0,5.666666666666667,6.0,5.928796480867324,160,85,4.0,3.928796480867324
687194767446,2025-09,3,6.0,6.0,6.0,7.0,5.0,6.0,6.333333333333333,4.833333333333333,6.0,4.830204308149966,160,86,0.0,1.1697956918500338
687194767447,2025-09,2,2.0,3.0,3.0,2.0,6.0,3.0,2.6666666666666665,3.1666666666666665,3.0,3.03193366631477,160,87,1.0,1.03193366631477
687194767448,2025-09,4,1.0,3.0,1.0,1.0,1.0,3.0,1.6666666666666667,1.6666666666666667,3.0,2.7635983956151495,160,88,2.0,1.7635983956151495
687194767449,2025-09,2,1.0,1.0,3.0,1.0,2.0,1.0,1.6666666666666667,2.5,1.0,2.1275197637288183,160,89,0.0,1.1275197637288183
691489734693,2025-09,5,1.0,1.0,2.0,3.0,2.0,3.0,2.0,1.8333333333333333,1.0,3.0389558693365633,161,37,0.0,2.0389558693365633
691489734694,2025-09,4,10.0,21.0,15.0,8.0,7.0,13.0,14.666666666666666,11.833333333333334,21.0,10.450754611925682,161,38,11.0,0.45075461192568156
691489734696,2025-09,3,1.0,1.0,4.0,2.0,6.0,2.0,2.3333333333333335,2.8333333333333335,1.0,2.9003799726001027,161,40,0.0,1.9003799726001027
691489734698,2025-09,1,4.0,4.0,4.0,5.0,12.0,4.0,4.333333333333333,6.166666666666667,4.0,4.393455455791255,161,42,0.0,0.39345545579125485
691489734699,2025-09,4,2.0,1.0,1.0,2.0,2.0,2.0,1.3333333333333333,1.6666666666666667,1.0,2.4990415852373333,161,43,1.0,0.49904158523733333
691489734703,2025-09,15,18.0,32.0,21.0,21.0,28.0,28.0,24.666666666666668,24.0,32.0,22.33566324500142,161,47,14.0,4.33566324500142
691489734704,2025-09,15,13.0,12.0,17.0,38.0,20.0,23.0,22.333333333333332,21.166666666666668,12.0,18.663824767809427,161,48,1.0,5.663824767809427
691489734705,2025-09,21,19.0,29.0,18.0,29.0,26.0,18.0,25.333333333333332,23.5,29.0,22.38086234337421,161,49,10.0,3.3808623433742113
691489734706,2025-09,17,18.0,23.0,25.0,15.0,14.0,21.0,21.0,18.5,23.0,18.536541643513075,161,50,5.0,0.5365416435130754
691489734707,2025-09,2,2.0,5.0,2.0,4.0,3.0,2.0,3.6666666666666665,3.8333333333333335,5.0,3.248956903381381,161,51,3.0,1.248956903381381
691489734708,2025-09,5,1.0,4.0,15.0,6.0,4.0,6.0,8.333333333333334,8.0,4.0,6.509420485286796,161,52,3.0,5.509420485286796
691489734709,2025-09,6,3.0,6.0,4.0,2.0,4.0,2.0,4.0,4.5,6.0,4.769327506357591,161,53,3.0,1.769327506357591
691489734710,2025-09,1,3.0,11.0,15.0,13.0,15.0,5.0,13.0,12.0,11.0,8.091799007661539,161,54,8.0,5.091799007661539
691489734711,2025-09,2,5.0,5.0,5.0,8.0,4.0,1.0,6.0,5.0,5.0,3.8216718121133013,161,55,0.0,1.1783281878866987
691489734712,2025-09,1,4.0,1.0,1.0,6.0,2.0,1.0,2.6666666666666665,2.1666666666666665,1.0,1.8333812885859704,161,56,3.0,2.1666187114140296
691489734717,2025-09,2,2.0,2.0,1.0,3.0,1.0,2.0,2.0,2.0,2.0,2.1438286907969193,161,61,0.0,0.1438286907969193
691489734719,2025-09,2,3.0,3.0,3.0,1.0,4.0,1.0,2.3333333333333335,2.3333333333333335,3.0,2.3819751218945218,161,63,0.0,0.6180248781054782
691489734720,2025-09,2,2.0,11.0,5.0,5.0,14.0,7.0,7.0,8.666666666666666,11.0,6.782206945596725,161,64,9.0,4.782206945596725
691489734721,2025-09,17,6.0,13.0,13.0,15.0,11.0,15.0,13.666666666666666,12.0,13.0,13.913836701928307,161,65,7.0,7.913836701928307
691489734722,2025-09,11,18.0,9.0,9.0,19.0,15.0,12.0,12.333333333333334,15.5,9.0,12.71839753759987,161,66,9.0,5.28160246240013
691489734723,2025-09,4,7.0,3.0,2.0,7.0,3.0,7.0,4.0,4.5,3.0,4.5468409845427455,161,67,4.0,2.4531590154572545
691489734724,2025-09,10,9.0,2.0,5.0,9.0,4.0,10.0,5.333333333333333,5.833333333333333,2.0,7.193087147935065,161,68,7.0,1.8069128520649347
691489734725,2025-09,5,4.0,5.0,4.0,6.0,3.0,5.0,5.0,4.666666666666667,5.0,4.902980982588346,161,69,1.0,0.9029809825883461
691489734726,2025-09,10,16.0,17.0,21.0,26.0,12.0,13.0,21.333333333333332,19.333333333333332,17.0,15.316889269877034,161,70,1.0,0.6831107301229657
691489734727,2025-09,2,1.0,2.0,1.0,1.0,1.0,2.0,1.3333333333333333,1.6666666666666667,2.0,1.9608268071339978,161,71,1.0,0.9608268071339978
691489734729,2025-09,42,20.0,36.0,25.0,29.0,27.0,32.0,30.0,30.0,36.0,33.341024643757464,161,73,16.0,13.341024643757464
691489734730,2025-09,22,36.0,44.0,43.0,32.0,30.0,36.0,39.666666666666664,33.166666666666664,44.0,31.056537929734407,161,74,8.0,4.943462070265593
691489734731,2025-09,15,33.0,26.0,32.0,28.0,22.0,25.0,28.666666666666668,26.333333333333332,26.0,22.50347256214441,161,75,7.0,10.49652743785559
691489734732,2025-09,21,15.0,14.0,22.0,40.0,36.0,39.0,25.333333333333332,28.5,14.0,25.993849002604843,161,76,1.0,10.993849002604843
691489734733,2025-09,54,46.0,69.0,62.0,44.0,65.0,62.0,58.333333333333336,60.166666666666664,69.0,57.85056380034548,161,77,23.0,11.850563800345483
691489734734,2025-09,55,80.0,59.0,79.0,94.0,74.0,69.0,77.33333333333333,75.83333333333333,59.0,65.99085518893004,161,78,21.0,14.009144811069959
691489734735,2025-09,54,65.0,102.0,74.0,55.0,70.0,61.0,77.0,75.66666666666667,102.0,67.61910863674777,161,79,37.0,2.619108636747768
691489734736,2025-09,10,11.0,24.0,12.0,11.0,6.0,12.0,15.666666666666666,11.833333333333334,24.0,12.305945239261325,161,80,13.0,1.3059452392613249
691489734738,2025-09,4,6.0,7.0,8.0,3.0,4.0,9.0,6.0,6.5,7.0,6.041704075308632,161,82,1.0,0.041704075308632405
691489734739,2025-09,4,5.0,8.0,9.0,4.0,4.0,9.0,7.0,5.666666666666667,8.0,5.9519451318664185,161,83,3.0,0.9519451318664185
691489734740,2025-09,2,2.0,4.0,5.0,5.0,5.0,3.0,4.666666666666667,5.5,4.0,4.061378186406708,161,84,2.0,2.0613781864067082
691489734741,2025-09,8,4.0,5.0,6.0,7.0,4.0,3.0,6.0,6.166666666666667,5.0,6.165592487186615,161,85,1.0,2.165592487186615
691489734742,2025-09,3,2.0,1.0,4.0,2.0,3.0,6.0,2.3333333333333335,3.1666666666666665,1.0,3.3745318599613405,161,86,1.0,1.3745318599613405
691489734743,2025-09,4,1.0,4.0,3.0,2.0,3.0,2.0,3.0,2.8333333333333335,4.0,3.3424800854368932,161,87,3.0,2.3424800854368932
691489734744,2025-09,1,4.0,1.0,2.0,4.0,7.0,4.0,2.3333333333333335,3.5,1.0,2.838333466339545,161,88,3.0,1.1616665336604548
695784701991,2025-09,9,7.0,31.0,11.0,20.0,10.0,11.0,20.666666666666668,15.166666666666666,31.0,14.240547325676431,162,39,24.0,7.240547325676431
695784701992,2025-09,4,9.0,13.0,11.0,13.0,16.0,6.0,12.333333333333334,13.666666666666666,13.0,9.726001467912216,162,40,4.0,0.7260014679122158
695784701994,2025-09,2,1.0,1.0,1.0,2.0,1.0,1.0,1.3333333333333333,1.6666666666666667,1.0,1.7623442309742394,162,42,0.0,0.7623442309742394
695784701995,2025-09,2,7.0,3.0,1.0,3.0,2.0,1.0,2.3333333333333335,2.5,3.0,2.3404915167648674,162,43,4.0,4.659508483235133
695784701997,2025-09,1,2.0,2.0,1.0,1.0,2.0,1.0,1.3333333333333333,2.1666666666666665,2.0,1.762955003065601,162,45,0.0,0.23704499693439907
695784701998,2025-09,1,9.0,1.0,14.0,11.0,6.0,4.0,8.666666666666666,7.666666666666667,1.0,4.9123013786048455,162,46,8.0,4.0876986213951545
695784702000,2025-09,17,15.0,19.0,28.0,26.0,31.0,22.0,24.333333333333332,23.166666666666668,19.0,21.041185004121168,162,48,4.0,6.041185004121168
695784702001,2025-09,10,20.0,19.0,25.0,16.0,11.0,14.0,20.0,16.5,19.0,14.476086998893699,162,49,1.0,5.523913001106301
695784702002,2025-09,23,19.0,21.0,25.0,19.0,31.0,24.0,21.666666666666668,25.166666666666668,21.0,23.50487085770896,162,50,2.0,4.5048708577089585
695784702003,2025-09,4,9.0,9.0,13.0,11.0,5.0,2.0,11.0,9.5,9.0,6.923874827087153,162,51,0.0,2.076125172912847
695784702004,2025-09,2,11.0,6.0,7.0,8.0,5.0,3.0,7.0,6.166666666666667,6.0,4.692514969129778,162,52,5.0,6.307485030870222
695784702005,2025-09,1,2.0,4.0,3.0,1.0,1.0,1.0,2.6666666666666665,2.1666666666666665,4.0,2.019862840960352,162,53,2.0,0.019862840960351846
695784702006,2025-09,10,9.0,5.0,9.0,2.0,7.0,2.0,5.333333333333333,6.333333333333333,5.0,6.737678263635669,162,54,4.0,2.2623217363643313
695784702008,2025-09,7,6.0,4.0,7.0,7.0,3.0,4.0,6.0,6.833333333333333,4.0,6.112288873684685,162,56,2.0,0.11228887368468499
695784702009,2025-09,2,2.0,3.0,2.0,6.0,1.0,1.0,3.6666666666666665,2.5,3.0,2.444805571705807,162,57,1.0,0.4448055717058068
695784702014,2025-09,3,4.0,3.0,3.0,1.0,5.0,5.0,2.3333333333333335,3.0,3.0,3.428446245554631,162,62,1.0,0.571553754445369
695784702024,2025-09,2,1.0,1.0,1.0,1.0,1.0,3.0,1.0,1.8333333333333333,1.0,2.0298486530636914,162,72,0.0,1.0298486530636914
695784702025,2025-09,5,7.0,4.0,6.0,15.0,3.0,5.0,8.333333333333334,6.0,4.0,5.641041873165422,162,73,3.0,1.3589581268345778
695784702026,2025-09,29,32.0,29.0,58.0,58.0,74.0,31.0,48.333333333333336,58.166666666666664,29.0,42.561967022470384,162,74,3.0,10.561967022470384
695784702027,2025-09,13,12.0,16.0,20.0,15.0,17.0,13.0,17.0,16.666666666666668,16.0,14.957318493351352,162,75,4.0,2.9573184933513517
695784702028,2025-09,9,8.0,7.0,15.0,5.0,19.0,2.0,9.0,11.833333333333334,7.0,9.382612017513257,162,76,1.0,1.3826120175132566
695784702029,2025-09,97,94.0,95.0,116.0,93.0,76.0,75.0,101.33333333333333,94.5,95.0,90.37846756405035,162,77,1.0,3.6215324359496464
695784702030,2025-09,50,56.0,56.0,72.0,75.0,101.0,88.0,67.66666666666667,77.66666666666667,56.0,67.43743502817661,162,78,0.0,11.437435028176608
695784702031,2025-09,23,27.0,32.0,33.0,19.0,36.0,27.0,28.0,28.666666666666668,32.0,26.797863494958165,162,79,5.0,0.20213650504183533
695784702032,2025-09,8,15.0,23.0,19.0,10.0,25.0,16.0,17.333333333333332,18.333333333333332,23.0,15.370329353196325,162,80,8.0,0.37032935319632543
695784702033,2025-09,12,7.0,15.0,13.0,11.0,15.0,13.0,13.0,13.166666666666666,15.0,12.886300407742027,162,81,8.0,5.886300407742027
695784702034,2025-09,12,5.0,5.0,6.0,11.0,8.0,4.0,7.333333333333333,6.5,5.0,7.858981967182363,162,82,0.0,2.8589819671823626
695784702035,2025-09,3,4.0,4.0,12.0,1.0,5.0,2.0,5.666666666666667,4.666666666666667,4.0,4.081160217886748,162,83,0.0,0.08116021788674832
695784702036,2025-09,5,4.0,2.0,9.0,4.0,2.0,5.0,5.0,3.3333333333333335,2.0,4.213094803007854,162,84,2.0,0.21309480300785388
695784702037,2025-09,7,10.0,6.0,8.0,15.0,9.0,13.0,9.666666666666666,9.833333333333334,6.0,9.042717730262424,162,85,4.0,0.9572822697375756
695784702038,2025-09,6,2.0,4.0,10.0,6.0,8.0,8.0,6.666666666666667,6.833333333333333,4.0,6.631348473658185,162,86,2.0,4.631348473658185
695784702049,2025-09,1,1.0,1.0,2.0,2.0,3.0,2.0,1.6666666666666667,1.8333333333333333,1.0,1.7867827063774904,162,97,0.0,0.7867827063774904
695784702050,2025-09,1,1.0,3.0,5.0,1.0,1.0,1.0,3.0,2.1666666666666665,3.0,1.9897347725755168,162,98,2.0,0.9897347725755168
700079669286,2025-09,1,1.0,2.0,1.0,6.0,2.0,1.0,3.0,2.5,2.0,2.0545011596592015,163,38,1.0,1.0545011596592015
700079669288,2025-09,6,11.0,8.0,8.0,6.0,5.0,9.0,7.333333333333333,8.166666666666666,8.0,7.426438549306282,163,40,3.0,3.5735614506937177
700079669289,2025-09,5,3.0,1.0,1.0,5.0,3.0,2.0,2.3333333333333335,2.5,1.0,3.2126438415924703,163,41,2.0,0.2126438415924703
700079669293,2025-09,5,3.0,3.0,2.0,5.0,9.0,3.0,3.3333333333333335,6.166666666666667,3.0,5.081434058259555,163,45,0.0,2.081434058259555
700079669294,2025-09,4,4.0,9.0,10.0,7.0,7.0,9.0,8.666666666666666,7.666666666666667,9.0,7.0082006403437465,163,46,5.0,3.0082006403437465
700079669296,2025-09,9,17.0,14.0,23.0,26.0,13.0,18.0,21.0,22.333333333333332,14.0,16.442819474816115,163,48,3.0,0.5571805251838846
700079669297,2025-09,27,28.0,26.0,29.0,31.0,29.0,31.0,28.666666666666668,27.833333333333332,26.0,27.45395406868856,163,49,2.0,0.5460459313114399
700079669298,2025-09,16,18.0,5.0,14.0,11.0,14.0,24.0,10.0,13.166666666666666,5.0,14.279491814298428,163,50,13.0,3.720508185701572
700079669299,2025-09,5,14.0,5.0,8.0,7.0,4.0,9.0,6.666666666666667,7.333333333333333,5.0,6.526119482099763,163,51,9.0,7.473880517900237
700079669300,2025-09,13,10.0,15.0,13.0,6.0,17.0,18.0,11.333333333333334,14.333333333333334,15.0,14.086412728666634,163,52,5.0,4.086412728666634
700079669301,2025-09,5,2.0,6.0,1.0,2.0,2.0,2.0,3.0,3.6666666666666665,6.0,3.9993337696515354,163,53,4.0,1.9993337696515354
700079669302,2025-09,3,10.0,3.0,3.0,4.0,9.0,8.0,3.3333333333333335,4.833333333333333,3.0,4.695681111787369,163,54,7.0,5.304318888212631
700079669303,2025-09,12,16.0,23.0,15.0,14.0,9.0,10.0,17.333333333333332,15.5,23.0,14.094528277668113,163,55,7.0,1.905471722331887
700079669304,2025-09,3,2.0,8.0,7.0,4.0,4.0,7.0,6.333333333333333,6.666666666666667,8.0,5.671089346463864,163,56,6.0,3.671089346463864
700079669305,2025-09,1,2.0,3.0,1.0,1.0,2.0,3.0,1.6666666666666667,2.1666666666666665,3.0,2.121802167974808,163,57,1.0,0.12180216797480803
700079669308,2025-09,3,5.0,4.0,10.0,4.0,8.0,2.0,6.0,6.5,4.0,4.851086221343184,163,60,1.0,0.14891377865681577
700079669309,2025-09,5,2.0,5.0,6.0,3.0,4.0,1.0,4.666666666666667,5.0,5.0,4.533102456401881,163,61,3.0,2.533102456401881
700079669310,2025-09,10,9.0,1.0,4.0,1.0,5.0,3.0,2.0,2.5,1.0,4.821712633913004,163,62,8.0,4.178287366086996
700079669311,2025-09,6,1.0,4.0,1.0,6.0,6.0,4.0,3.6666666666666665,5.0,4.0,5.0757004651356326,163,63,3.0,4.0757004651356326
700079669312,2025-09,5,3.0,1.0,1.0,5.0,1.0,2.0,2.3333333333333335,2.6666666666666665,1.0,3.1791501554882924,163,64,2.0,0.17915015548829238
700079669314,2025-09,1,2.0,4.0,3.0,4.0,5.0,2.0,3.6666666666666665,3.1666666666666665,4.0,2.762133790708477,163,66,2.0,0.7621337907084769
700079669322,2025-09,4,4.0,2.0,3.0,5.0,6.0,6.0,3.3333333333333335,4.166666666666667,2.0,4.3025712896709205,163,74,2.0,0.3025712896709205
700079669323,2025-09,23,22.0,20.0,20.0,26.0,11.0,16.0,22.0,21.5,20.0,20.34815133549993,163,75,2.0,1.6518486645000685
700079669324,2025-09,35,37.0,29.0,36.0,40.0,42.0,50.0,35.0,38.833333333333336,29.0,37.252548538690114,163,76,8.0,0.25254853869011384
700079669325,2025-09,63,30.0,52.0,56.0,47.0,47.0,45.0,51.666666666666664,49.833333333333336,52.0,52.05611698945369,163,77,22.0,22.05611698945369
700079669326,2025-09,22,23.0,35.0,28.0,23.0,26.0,30.0,28.666666666666668,24.0,35.0,25.168632971767025,163,78,12.0,2.1686329717670247
700079669327,2025-09,22,23.0,21.0,25.0,25.0,16.0,23.0,23.666666666666668,22.0,21.0,21.59655258503149,163,79,2.0,1.403447414968511
700079669328,2025-09,14,10.0,8.0,14.0,10.0,14.0,8.0,10.666666666666666,13.5,8.0,12.130353714084242,163,80,2.0,2.130353714084242
700079669329,2025-09,7,10.0,7.0,11.0,19.0,14.0,11.0,12.333333333333334,11.666666666666666,7.0,10.000634787921642,163,81,3.0,0.0006347879216423991
700079669330,2025-09,2,3.0,7.0,4.0,12.0,1.0,2.0,7.666666666666667,5.166666666666667,7.0,4.193465674115108,163,82,4.0,1.1934656741151084
700079669332,2025-09,2,3.0,2.0,4.0,6.0,4.0,5.0,4.0,3.5,2.0,3.3765470716433788,163,84,1.0,0.37654707164337875
700079669333,2025-09,5,8.0,10.0,4.0,2.0,3.0,9.0,5.333333333333333,5.5,10.0,6.08398971086431,163,85,2.0,1.9160102891356896
700079669334,2025-09,1,2.0,3.0,2.0,1.0,1.0,2.0,2.0,2.0,3.0,1.9380692680246128,163,86,1.0,0.06193073197538723
700079669336,2025-09,4,7.0,7.0,5.0,7.0,7.0,8.0,6.333333333333333,6.333333333333333,7.0,6.019617744558305,163,88,0.0,0.980382255441695
704374636581,2025-09,2,1.0,2.0,3.0,2.0,2.0,1.0,2.3333333333333335,1.8333333333333333,2.0,2.052903953984874,164,37,1.0,1.052903953984874
704374636583,2025-09,3,1.0,1.0,1.0,2.0,3.0,3.0,1.3333333333333333,1.6666666666666667,1.0,2.3835775574836777,164,39,0.0,1.3835775574836777
704374636585,2025-09,12,10.0,3.0,6.0,9.0,17.0,5.0,6.0,7.833333333333333,3.0,8.532056167423823,164,41,7.0,1.4679438325761769
704374636586,2025-09,8,8.0,9.0,8.0,13.0,6.0,11.0,10.0,10.0,9.0,9.259584566944516,164,42,1.0,1.2595845669445165
704374636589,2025-09,11,8.0,12.0,12.0,8.0,3.0,10.0,10.666666666666666,10.666666666666666,12.0,10.386861971001876,164,45,4.0,2.386861971001876
704374636590,2025-09,3,1.0,1.0,2.0,1.0,2.0,1.0,1.3333333333333333,2.0,1.0,2.205438621347735,164,46,0.0,1.205438621347735
704374636591,2025-09,7,7.0,2.0,2.0,9.0,6.0,5.0,4.333333333333333,5.0,2.0,5.411696408272556,164,47,5.0,1.5883035917274437
704374636592,2025-09,18,31.0,27.0,27.0,25.0,14.0,14.0,26.333333333333332,20.0,27.0,19.333279299006456,164,48,4.0,11.666720700993544
704374636593,2025-09,95,108.0,111.0,97.0,89.0,142.0,123.0,99.0,108.33333333333333,111.0,104.15312392963776,164,49,3.0,3.846876070362242
704374636594,2025-09,69,80.0,63.0,68.0,78.0,100.0,99.0,69.66666666666667,85.33333333333333,63.0,77.42196771713232,164,50,17.0,2.5780322828676816
704374636595,2025-09,5,8.0,11.0,11.0,3.0,8.0,11.0,8.333333333333334,8.5,11.0,7.9780373112902305,164,51,3.0,0.021962688709769473
704374636596,2025-09,13,17.0,10.0,12.0,15.0,16.0,13.0,12.333333333333334,13.5,10.0,12.877544971866909,164,52,7.0,4.122455028133091
704374636597,2025-09,2,3.0,1.0,1.0,3.0,1.0,1.0,1.6666666666666667,2.0,1.0,1.9091646903269357,164,53,2.0,1.0908353096730643
704374636599,2025-09,10,3.0,9.0,6.0,3.0,5.0,8.0,6.0,6.166666666666667,9.0,7.6962201460887405,164,55,6.0,4.6962201460887405
704374636600,2025-09,11,15.0,11.0,10.0,9.0,12.0,17.0,10.0,11.5,11.0,11.77774894663048,164,56,4.0,3.2222510533695203
704374636601,2025-09,2,6.0,3.0,9.0,6.0,2.0,4.0,6.0,5.333333333333333,3.0,4.083428151457904,164,57,3.0,1.9165718485420964
704374636602,2025-09,2,4.0,1.0,4.0,2.0,8.0,4.0,2.3333333333333335,3.1666666666666665,1.0,3.0641447461408413,164,58,3.0,0.9358552538591587
704374636603,2025-09,3,5.0,4.0,1.0,4.0,4.0,1.0,3.0,3.0,4.0,3.0259793273005506,164,59,1.0,1.9740206726994494
704374636604,2025-09,2,2.0,2.0,4.0,5.0,5.0,6.0,3.6666666666666665,3.5,2.0,3.5089554135850793,164,60,0.0,1.5089554135850793
704374636607,2025-09,8,4.0,3.0,5.0,8.0,6.0,10.0,5.333333333333333,5.166666666666667,3.0,6.566814105184912,164,63,1.0,2.5668141051849123
704374636609,2025-09,1,1.0,2.0,2.0,7.0,2.0,1.0,3.6666666666666665,4.0,2.0,2.628734625483496,164,65,1.0,1.6287346254834958
704374636610,2025-09,5,2.0,4.0,5.0,3.0,7.0,6.0,4.0,5.166666666666667,4.0,5.191900381703612,164,66,2.0,3.1919003817036122
704374636616,2025-09,5,1.0,1.0,1.0,3.0,1.0,2.0,1.6666666666666667,1.8333333333333333,1.0,2.8301897192616714,164,72,0.0,1.8301897192616714
704374636617,2025-09,13,10.0,10.0,11.0,6.0,17.0,10.0,9.0,11.833333333333334,10.0,11.630397702534609,164,73,0.0,1.6303977025346086
704374636618,2025-09,6,5.0,8.0,7.0,2.0,8.0,10.0,5.666666666666667,5.833333333333333,8.0,6.724466192822478,164,74,3.0,1.7244661928224776
704374636619,2025-09,15,15.0,13.0,23.0,21.0,16.0,14.0,19.0,16.833333333333332,13.0,15.666697350748231,164,75,2.0,0.6666973507482314
704374636620,2025-09,12,16.0,15.0,14.0,9.0,8.0,19.0,12.666666666666666,10.5,15.0,12.403254436551194,164,76,1.0,3.596745563448806
704374636621,2025-09,35,28.0,40.0,12.0,8.0,10.0,18.0,20.0,14.166666666666666,40.0,22.76363783214584,164,77,12.0,5.2363621678541605
704374636622,2025-09,28,27.0,28.0,29.0,16.0,22.0,25.0,24.333333333333332,21.5,28.0,24.25816130497112,164,78,1.0,2.7418386950288784
704374636623,2025-09,18,19.0,20.0,29.0,14.0,15.0,14.0,21.0,17.833333333333332,20.0,17.567523421061217,164,79,1.0,1.4324765789387826
704374636624,2025-09,18,17.0,23.0,30.0,17.0,12.0,21.0,23.333333333333332,18.833333333333332,23.0,19.11566603667099,164,80,6.0,2.1156660366709907
704374636625,2025-09,5,3.0,4.0,6.0,7.0,6.0,3.0,5.666666666666667,4.833333333333333,4.0,4.849207332594645,164,81,1.0,1.849207332594645
704374636626,2025-09,1,1.0,2.0,4.0,4.0,2.0,3.0,3.3333333333333335,2.8333333333333335,2.0,2.461672826428554,164,82,1.0,1.4616728264285541
704374636627,2025-09,9,6.0,8.0,12.0,3.0,7.0,13.0,7.666666666666667,8.0,8.0,8.860987537545274,164,83,2.0,2.860987537545274
708669603881,2025-09,1,4.0,2.0,1.0,1.0,2.0,1.0,1.3333333333333333,1.6666666666666667,2.0,1.5969964505018996,165,41,2.0,2.4030035494981004
708669603882,2025-09,2,1.0,3.0,4.0,4.0,4.0,5.0,3.6666666666666665,3.3333333333333335,3.0,3.3593455415324556,165,42,2.0,2.3593455415324556
708669603884,2025-09,3,5.0,2.0,4.0,1.0,1.0,3.0,2.3333333333333335,3.0,2.0,2.9321490572175675,165,44,3.0,2.0678509427824325
708669603885,2025-09,16,8.0,20.0,25.0,23.0,19.0,19.0,22.666666666666668,21.666666666666668,20.0,19.235234248985538,165,45,12.0,11.235234248985538
708669603886,2025-09,8,7.0,6.0,14.0,12.0,6.0,11.0,10.666666666666666,10.333333333333334,6.0,9.243657972522257,165,46,1.0,2.243657972522257
708669603887,2025-09,17,17.0,7.0,13.0,10.0,18.0,14.0,10.0,10.833333333333334,7.0,12.869470989793676,165,47,10.0,4.130529010206324
708669603888,2025-09,17,28.0,24.0,16.0,19.0,18.0,22.0,19.666666666666668,20.5,24.0,19.39580450432291,165,48,4.0,8.60419549567709
708669603889,2025-09,42,43.0,40.0,40.0,52.0,36.0,53.0,44.0,39.666666666666664,40.0,41.433804390129765,165,49,3.0,1.5661956098702348
708669603890,2025-09,22,34.0,19.0,12.0,26.0,24.0,16.0,19.0,19.333333333333332,19.0,19.490337730668998,165,50,15.0,14.509662269331002
708669603891,2025-09,39,40.0,29.0,25.0,24.0,29.0,35.0,26.0,27.666666666666668,29.0,31.22147973962005,165,51,11.0,8.778520260379949
708669603892,2025-09,5,7.0,1.0,1.0,5.0,2.0,4.0,2.3333333333333335,3.0,1.0,3.5825621212219083,165,52,6.0,3.4174378787780917
708669603895,2025-09,1,1.0,1.0,3.0,1.0,1.0,3.0,1.6666666666666667,1.3333333333333333,1.0,1.6601890741403373,165,55,0.0,0.6601890741403373
708669603896,2025-09,3,2.0,3.0,1.0,1.0,3.0,2.0,1.6666666666666667,2.1666666666666665,3.0,2.610133193359456,165,56,1.0,0.6101331933594558
708669603902,2025-09,10,4.0,8.0,2.0,6.0,3.0,1.0,5.333333333333333,6.666666666666667,8.0,6.741441245560535,165,62,4.0,2.7414412455605346
708669603903,2025-09,2,1.0,4.0,3.0,1.0,2.0,1.0,2.6666666666666665,2.5,4.0,2.4589622718211066,165,63,3.0,1.4589622718211066
708669603904,2025-09,3,3.0,9.0,12.0,17.0,7.0,10.0,12.666666666666666,12.166666666666666,9.0,8.78412399459889,165,64,6.0,5.78412399459889
708669603905,2025-09,12,10.0,9.0,17.0,12.0,17.0,15.0,12.666666666666666,15.833333333333334,9.0,13.642594164003128,165,65,1.0,3.6425941640031283
708669603906,2025-09,3,4.0,1.0,3.0,2.0,2.0,2.0,2.0,2.3333333333333335,1.0,2.5166186289626147,165,66,3.0,1.4833813710373853
708669603912,2025-09,5,1.0,1.0,4.0,7.0,4.0,5.0,4.0,4.666666666666667,1.0,4.541645664588227,165,72,0.0,3.541645664588227
708669603914,2025-09,8,9.0,9.0,7.0,15.0,4.0,5.0,10.333333333333334,7.5,9.0,7.628066078662758,165,74,0.0,1.3719339213372423
708669603915,2025-09,12,27.0,18.0,12.0,17.0,29.0,22.0,15.666666666666666,18.166666666666668,18.0,16.793581508840596,165,75,9.0,10.206418491159404
708669603916,2025-09,18,15.0,20.0,16.0,22.0,16.0,15.0,19.333333333333332,19.5,20.0,18.056466767308752,165,76,5.0,3.056466767308752
708669603917,2025-09,31,17.0,14.0,11.0,15.0,15.0,14.0,13.333333333333334,15.166666666666666,14.0,19.025231962106336,165,77,3.0,2.0252319621063357
708669603918,2025-09,14,7.0,16.0,13.0,22.0,11.0,13.0,17.0,13.333333333333334,16.0,13.84057760946686,165,78,9.0,6.840577609466861
708669603919,2025-09,3,9.0,17.0,8.0,12.0,7.0,11.0,12.333333333333334,8.666666666666666,17.0,8.288831322495316,165,79,8.0,0.7111686775046842
708669603920,2025-09,9,12.0,9.0,17.0,23.0,8.0,10.0,16.333333333333332,12.5,9.0,11.061462860463742,165,80,3.0,0.9385371395362583
708669603921,2025-09,11,18.0,6.0,11.0,28.0,10.0,12.0,15.0,12.333333333333334,6.0,11.519836773978584,165,81,12.0,6.480163226021416
708669603922,2025-09,2,2.0,1.0,1.0,1.0,2.0,1.0,1.0,1.3333333333333333,1.0,1.6599303734342534,165,82,1.0,0.3400696265657466
708669603923,2025-09,1,1.0,1.0,1.0,2.0,1.0,2.0,1.3333333333333333,1.1666666666666667,1.0,1.4365150488441785,165,83,0.0,0.43651504884417847
712964571169,2025-09,1,1.0,2.0,1.0,1.0,1.0,1.0,1.3333333333333333,1.1666666666666667,2.0,1.3866312961254934,166,33,1.0,0.3866312961254934
712964571179,2025-09,1,1.0,3.0,2.0,1.0,3.0,1.0,2.0,2.3333333333333335,3.0,2.0133383422532685,166,43,2.0,1.0133383422532685
712964571180,2025-09,10,8.0,8.0,6.0,9.0,6.0,7.0,7.666666666666667,6.833333333333333,8.0,7.944329363377755,166,44,0.0,0.05567063662224481
712964571181,2025-09,7,16.0,14.0,13.0,10.0,11.0,4.0,12.333333333333334,11.0,14.0,9.304940562393268,166,45,2.0,6.695059437606732
712964571182,2025-09,24,34.0,20.0,40.0,26.0,15.0,11.0,28.666666666666668,25.666666666666668,20.0,22.375431329050365,166,46,14.0,11.624568670949635
712964571183,2025-09,12,11.0,11.0,17.0,12.0,13.0,9.0,13.333333333333334,13.0,11.0,12.00039864431753,166,47,0.0,1.0003986443175297
712964571185,2025-09,7,22.0,16.0,16.0,22.0,23.0,13.0,18.0,18.666666666666668,16.0,14.27583398532862,166,49,6.0,7.724166014671381
712964571186,2025-09,12,10.0,12.0,9.0,16.0,18.0,10.0,12.333333333333334,12.333333333333334,12.0,12.059132210423295,166,50,2.0,2.0591322104232948
712964571187,2025-09,13,13.0,16.0,22.0,26.0,13.0,20.0,21.333333333333332,18.166666666666668,16.0,16.625198329924608,166,51,3.0,3.6251983299246078
712964571188,2025-09,3,2.0,8.0,6.0,1.0,4.0,5.0,5.0,5.833333333333333,8.0,4.997404773225607,166,52,6.0,2.9974047732256066
712964571189,2025-09,3,2.0,1.0,3.0,6.0,4.0,2.0,3.3333333333333335,3.8333333333333335,1.0,3.2480331875200363,166,53,1.0,1.2480331875200363
712964571193,2025-09,2,3.0,2.0,5.0,6.0,2.0,2.0,4.333333333333333,4.5,2.0,3.2872778636506688,166,57,1.0,0.28727786365066876
712964571199,2025-09,3,6.0,3.0,4.0,6.0,2.0,6.0,4.333333333333333,4.666666666666667,3.0,4.193688285142171,166,63,3.0,1.806311714857829
712964571200,2025-09,14,10.0,9.0,15.0,19.0,13.0,9.0,14.333333333333334,14.0,9.0,12.852378867920226,166,64,1.0,2.852378867920226
712964571201,2025-09,11,8.0,9.0,24.0,17.0,8.0,2.0,16.666666666666668,11.666666666666666,9.0,10.423653686254358,166,65,1.0,2.423653686254358
712964571206,2025-09,6,8.0,2.0,9.0,11.0,8.0,1.0,7.333333333333333,7.166666666666667,2.0,5.792474423292742,166,70,6.0,2.2075255767072584
712964571209,2025-09,36,19.0,14.0,10.0,20.0,7.0,11.0,14.666666666666666,13.666666666666666,14.0,19.360553704352007,166,73,5.0,0.3605537043520073
712964571210,2025-09,14,10.0,18.0,14.0,12.0,17.0,30.0,14.666666666666666,18.166666666666668,18.0,17.721720836707867,166,74,8.0,7.721720836707867
712964571211,2025-09,35,20.0,23.0,13.0,34.0,12.0,24.0,23.333333333333332,19.5,23.0,24.470493786451947,166,75,3.0,4.4704937864519465
712964571212,2025-09,4,6.0,8.0,3.0,11.0,10.0,17.0,7.333333333333333,7.333333333333333,8.0,7.77725690070256,166,76,2.0,1.77725690070256
712964571213,2025-09,9,15.0,9.0,5.0,14.0,5.0,9.0,9.333333333333334,9.166666666666666,9.0,8.889920115494114,166,77,6.0,6.110079884505886
712964571214,2025-09,15,12.0,16.0,11.0,16.0,11.0,20.0,14.333333333333334,12.166666666666666,16.0,14.309235618391071,166,78,4.0,2.309235618391071
712964571215,2025-09,1,9.0,5.0,11.0,7.0,11.0,19.0,7.666666666666667,9.333333333333334,5.0,7.7269455248822885,166,79,4.0,1.2730544751177115
712964571216,2025-09,11,5.0,9.0,20.0,20.0,22.0,22.0,16.333333333333332,15.833333333333334,9.0,14.859836076086335,166,80,4.0,9.859836076086335
712964571217,2025-09,9,12.0,9.0,11.0,16.0,9.0,18.0,12.0,10.833333333333334,9.0,11.051811329468512,166,81,3.0,0.9481886705314881
712964571223,2025-09,1,4.0,1.0,2.0,1.0,1.0,4.0,1.3333333333333333,1.5,1.0,1.7995153722778277,166,87,3.0,2.2004846277221723
717259538477,2025-09,4,4.0,8.0,8.0,5.0,4.0,5.0,7.0,5.0,8.0,5.229939444511858,167,45,4.0,1.2299394445118583
717259538478,2025-09,41,31.0,33.0,45.0,34.0,39.0,28.0,37.333333333333336,39.166666666666664,33.0,36.78868316733345,167,46,2.0,5.788683167333453
717259538479,2025-09,4,4.0,14.0,5.0,12.0,14.0,9.0,10.333333333333334,10.166666666666666,14.0,8.681268998441313,167,47,10.0,4.681268998441313
717259538481,2025-09,6,4.0,11.0,8.0,8.0,8.0,6.0,9.0,8.5,11.0,7.701553253181942,167,49,7.0,3.7015532531819417
717259538482,2025-09,18,17.0,12.0,16.0,9.0,15.0,10.0,12.333333333333334,14.166666666666666,12.0,14.26671457834141,167,50,5.0,2.7332854216585893
717259538483,2025-09,21,14.0,16.0,13.0,29.0,20.0,18.0,19.333333333333332,21.0,16.0,19.64749718216473,167,51,2.0,5.647497182164731
717259538484,2025-09,19,10.0,10.0,12.0,13.0,8.0,2.0,11.666666666666666,9.333333333333334,10.0,11.405249325916026,167,52,0.0,1.4052493259160261
717259538485,2025-09,10,6.0,9.0,6.0,4.0,6.0,5.0,6.333333333333333,7.0,9.0,7.680856266500175,167,53,3.0,1.6808562665001752
717259538486,2025-09,4,1.0,1.0,3.0,2.0,1.0,2.0,2.0,2.3333333333333335,1.0,2.756265821155493,167,54,0.0,1.756265821155493
717259538487,2025-09,1,3.0,1.0,4.0,7.0,2.0,4.0,4.0,3.8333333333333335,1.0,2.9158365328950957,167,55,2.0,0.0841634671049043
717259538488,2025-09,5,6.0,7.0,13.0,8.0,5.0,10.0,9.333333333333334,8.333333333333334,7.0,7.48465136896567,167,56,1.0,1.48465136896567
717259538489,2025-09,1,7.0,2.0,4.0,1.0,2.0,1.0,2.3333333333333335,2.3333333333333335,2.0,1.9388036720557302,167,57,5.0,5.06119632794427
717259538495,2025-09,3,2.0,5.0,3.0,3.0,5.0,3.0,3.6666666666666665,3.6666666666666665,5.0,3.694682507443101,167,63,3.0,1.6946825074431011
717259538496,2025-09,15,11.0,9.0,17.0,13.0,13.0,7.0,13.0,13.5,9.0,12.585372002268233,167,64,2.0,1.5853720022682332
717259538497,2025-09,1,9.0,4.0,7.0,6.0,4.0,7.0,5.666666666666667,5.166666666666667,4.0,4.235545605258997,167,65,5.0,4.764454394741003
717259538498,2025-09,3,5.0,11.0,4.0,6.0,9.0,16.0,7.0,8.333333333333334,11.0,7.847242215936573,167,66,6.0,2.847242215936573
717259538501,2025-09,1,5.0,3.0,5.0,6.0,3.0,3.0,4.666666666666667,4.0,3.0,3.1163361193640764,167,69,2.0,1.8836638806359236
717259538505,2025-09,3,1.0,1.0,2.0,2.0,3.0,1.0,1.6666666666666667,2.0,1.0,2.286026647470667,167,73,0.0,1.286026647470667
717259538506,2025-09,18,14.0,26.0,11.0,7.0,3.0,5.0,14.666666666666666,14.0,26.0,14.331086953567008,167,74,12.0,0.33108695356700757
717259538507,2025-09,8,1.0,6.0,2.0,7.0,1.0,6.0,5.0,3.3333333333333335,6.0,5.414265677944096,167,75,5.0,4.414265677944096
717259538508,2025-09,9,11.0,20.0,12.0,7.0,8.0,9.0,13.0,10.833333333333334,20.0,10.819589009072127,167,76,9.0,0.18041099092787327
717259538509,2025-09,16,22.0,20.0,30.0,15.0,39.0,22.0,21.666666666666668,28.666666666666668,20.0,22.730766039082138,167,77,2.0,0.7307660390821376
717259538510,2025-09,19,26.0,17.0,29.0,22.0,25.0,33.0,22.666666666666668,20.333333333333332,17.0,21.442925006747103,167,78,9.0,4.557074993252897
717259538511,2025-09,24,16.0,26.0,21.0,20.0,31.0,25.0,22.333333333333332,24.5,26.0,24.11970981524101,167,79,10.0,8.11970981524101
717259538512,2025-09,5,4.0,5.0,9.0,12.0,12.0,7.0,8.666666666666666,10.333333333333334,5.0,7.849840788479266,167,80,1.0,3.8498407884792663
717259538513,2025-09,17,20.0,24.0,17.0,29.0,22.0,15.0,23.333333333333332,23.833333333333332,24.0,20.21252973784908,167,81,4.0,0.21252973784908136
717259538514,2025-09,6,5.0,13.0,11.0,9.0,12.0,10.0,11.0,10.166666666666666,13.0,9.306779741242634,167,82,8.0,4.306779741242634
717259538515,2025-09,10,10.0,14.0,9.0,22.0,19.0,6.0,15.0,13.666666666666666,14.0,11.919304924560702,167,83,4.0,1.9193049245607021
717259538516,2025-09,4,6.0,4.0,6.0,9.0,5.0,4.0,6.333333333333333,6.5,4.0,5.27048812504837,167,84,2.0,0.7295118749516298
717259538519,2025-09,1,1.0,1.0,1.0,2.0,1.0,5.0,1.3333333333333333,1.1666666666666667,1.0,1.8090645421618454,167,87,0.0,0.8090645421618454
721554505770,2025-09,2,2.0,1.0,1.0,1.0,3.0,7.0,1.0,1.8333333333333333,1.0,2.615394514445991,168,42,1.0,0.6153945144459909
721554505771,2025-09,1,2.0,3.0,1.0,1.0,2.0,2.0,1.6666666666666667,1.5,3.0,1.7763409334506512,168,43,1.0,0.22365906654934875
721554505773,2025-09,1,1.0,2.0,3.0,1.0,3.0,2.0,2.0,2.3333333333333335,2.0,2.0672170544846935,168,45,1.0,1.0672170544846935
721554505775,2025-09,2,1.0,1.0,4.0,4.0,2.0,1.0,3.0,2.3333333333333335,1.0,2.220920902961229,168,47,0.0,1.220920902961229
721554505781,2025-09,3,2.0,1.0,1.0,2.0,2.0,2.0,1.3333333333333333,1.5,1.0,2.1596682737105173,168,53,1.0,0.15966827371051728
721554505785,2025-09,1,1.0,2.0,1.0,1.0,4.0,2.0,1.3333333333333333,2.0,2.0,1.9206318536090006,168,57,1.0,0.9206318536090006
721554505789,2025-09,4,6.0,2.0,2.0,8.0,3.0,6.0,4.0,3.6666666666666665,2.0,4.071760820776818,168,61,4.0,1.9282391792231817
721554505791,2025-09,1,2.0,1.0,3.0,2.0,1.0,1.0,2.0,1.5,1.0,1.5033236870933546,168,63,1.0,0.4966763129066454
721554505793,2025-09,4,11.0,4.0,7.0,5.0,11.0,9.0,5.333333333333333,7.666666666666667,4.0,6.440530867351406,168,65,7.0,4.559469132648594
721554505794,2025-09,7,11.0,14.0,8.0,5.0,10.0,8.0,9.0,11.666666666666666,14.0,9.596755647756428,168,66,3.0,1.403244352243572
721554505797,2025-09,5,2.0,1.0,4.0,7.0,1.0,2.0,4.0,3.1666666666666665,1.0,3.5380007081413414,168,69,1.0,1.5380007081413414
721554505798,2025-09,7,3.0,2.0,5.0,1.0,2.0,2.0,2.6666666666666665,2.5,2.0,3.8628055018726464,168,70,1.0,0.8628055018726464
721554505800,2025-09,6,5.0,14.0,5.0,14.0,9.0,7.0,11.0,15.166666666666666,14.0,10.510925622767969,168,72,9.0,5.510925622767969
721554505801,2025-09,1,2.0,2.0,1.0,2.0,2.0,3.0,1.6666666666666667,1.5,2.0,1.8262246861693363,168,73,0.0,0.1737753138306637
721554505802,2025-09,6,11.0,5.0,10.0,18.0,16.0,12.0,11.0,10.833333333333334,5.0,9.355660294179806,168,74,6.0,1.6443397058201938
721554505803,2025-09,4,4.0,5.0,8.0,9.0,6.0,12.0,7.333333333333333,7.666666666666667,5.0,6.886430268700178,168,75,1.0,2.8864302687001784
721554505804,2025-09,1,1.0,4.0,4.0,1.0,3.0,2.0,3.0,3.6666666666666665,4.0,2.7709112505390516,168,76,3.0,1.7709112505390516
721554505805,2025-09,19,18.0,14.0,16.0,20.0,21.0,15.0,16.666666666666668,17.666666666666668,14.0,17.21879101283926,168,77,4.0,0.7812089871607384
721554505806,2025-09,29,26.0,34.0,31.0,36.0,28.0,40.0,33.666666666666664,31.166666666666668,34.0,31.346800462707858,168,78,8.0,5.346800462707858
721554505807,2025-09,16,16.0,15.0,23.0,33.0,11.0,15.0,23.666666666666668,20.166666666666668,15.0,17.61443041433843,168,79,1.0,1.614430414338429
721554505808,2025-09,9,9.0,23.0,17.0,23.0,14.0,30.0,21.0,16.666666666666668,23.0,16.741285402585937,168,80,14.0,7.7412854025859374
721554505809,2025-09,9,11.0,13.0,7.0,8.0,11.0,9.0,9.333333333333334,9.666666666666666,13.0,9.627505844841668,168,81,2.0,1.372494155158332
721554505810,2025-09,15,14.0,14.0,8.0,17.0,15.0,11.0,13.0,12.5,14.0,13.174543181511169,168,82,0.0,0.8254568184888313
721554505811,2025-09,11,9.0,14.0,4.0,5.0,6.0,13.0,7.666666666666667,6.833333333333333,14.0,9.411288695316411,168,83,5.0,0.41128869531641143
721554505812,2025-09,5,9.0,4.0,7.0,6.0,11.0,4.0,5.666666666666667,6.5,4.0,5.752613640822469,168,84,5.0,3.247386359177531
725849473057,2025-09,1,1.0,2.0,3.0,1.0,2.0,2.0,2.0,2.1666666666666665,2.0,1.967490935150753,169,33,1.0,0.967490935150753
725849473081,2025-09,1,2.0,6.0,11.0,10.0,5.0,9.0,9.0,6.833333333333333,6.0,5.607906615756775,169,57,4.0,3.607906615756775
725849473082,2025-09,4,2.0,2.0,1.0,1.0,6.0,1.0,1.3333333333333333,2.6666666666666665,2.0,2.9587013448968715,169,58,0.0,0.9587013448968715
725849473089,2025-09,5,4.0,7.0,10.0,6.0,6.0,5.0,7.666666666666667,7.666666666666667,7.0,6.4939720784079835,169,65,3.0,2.4939720784079835
725849473090,2025-09,1,1.0,3.0,2.0,1.0,1.0,1.0,2.0,1.5,3.0,1.647927551021688,169,66,2.0,0.647927551021688
725849473097,2025-09,2,3.0,1.0,6.0,4.0,2.0,6.0,3.6666666666666665,3.8333333333333335,1.0,3.4200651504943718,169,73,2.0,0.42006515049437176
725849473098,2025-09,1,2.0,1.0,2.0,3.0,1.0,1.0,2.0,2.1666666666666665,1.0,1.7206067976655497,169,74,1.0,0.2793932023344503
725849473099,2025-09,4,7.0,8.0,6.0,7.0,3.0,9.0,7.0,6.166666666666667,8.0,6.061512204079199,169,75,1.0,0.9384877959208007
725849473100,2025-09,2,9.0,5.0,8.0,6.0,8.0,5.0,6.333333333333333,7.333333333333333,5.0,5.318670425266722,169,76,4.0,3.6813295747332777
725849473101,2025-09,7,8.0,22.0,10.0,18.0,15.0,25.0,16.666666666666668,16.333333333333332,22.0,14.913406914806249,169,77,14.0,6.913406914806249
725849473102,2025-09,16,14.0,28.0,18.0,14.0,11.0,24.0,20.0,15.833333333333334,28.0,17.84169332613014,169,78,14.0,3.841693326130141
725849473103,2025-09,14,4.0,8.0,10.0,12.0,9.0,4.0,10.0,8.833333333333334,8.0,9.77429886999788,169,79,4.0,5.77429886999788
725849473104,2025-09,38,64.0,51.0,36.0,45.0,40.0,35.0,44.0,38.666666666666664,51.0,38.709315247199804,169,80,13.0,25.290684752800196
725849473105,2025-09,22,12.0,17.0,9.0,10.0,9.0,13.0,12.0,11.5,17.0,14.931278274168724,169,81,5.0,2.931278274168724
725849473106,2025-09,11,11.0,5.0,6.0,14.0,6.0,17.0,8.333333333333334,8.0,5.0,9.706916037883037,169,82,6.0,1.2930839621169632
725849473107,2025-09,18,11.0,13.0,16.0,21.0,17.0,17.0,16.666666666666668,14.333333333333334,13.0,15.824787378316092,169,83,2.0,4.824787378316092
725849473108,2025-09,4,6.0,3.0,2.0,5.0,7.0,7.0,3.3333333333333335,3.3333333333333335,3.0,4.264867920524478,169,84,3.0,1.7351320794755223
730144440365,2025-09,1,5.0,2.0,4.0,1.0,6.0,1.0,2.3333333333333335,2.6666666666666665,2.0,2.2270691143490176,170,45,3.0,2.7729308856509824
730144440367,2025-09,4,2.0,4.0,1.0,1.0,1.0,2.0,2.0,1.6666666666666667,4.0,2.7498960672066906,170,47,2.0,0.7498960672066906
730144440377,2025-09,3,1.0,1.0,2.0,1.0,1.0,1.0,1.3333333333333333,2.0,1.0,2.1610320195350283,170,57,0.0,1.1610320195350283
730144440382,2025-09,5,1.0,9.0,6.0,2.0,3.0,4.0,5.666666666666667,6.166666666666667,9.0,5.654223890368302,170,62,8.0,4.654223890368302
730144440384,2025-09,11,10.0,19.0,6.0,11.0,12.0,10.0,12.0,11.333333333333334,19.0,11.64865127960939,170,64,9.0,1.6486512796093908
730144440385,2025-09,7,10.0,7.0,12.0,2.0,15.0,11.0,7.0,9.833333333333334,7.0,8.86161886754989,170,65,3.0,1.1383811324501103
730144440386,2025-09,2,2.0,4.0,1.0,1.0,1.0,1.0,2.0,1.8333333333333333,4.0,2.112924832277537,170,66,2.0,0.11292483227753713
730144440395,2025-09,6,9.0,6.0,10.0,5.0,9.0,12.0,7.0,6.666666666666667,6.0,7.301948463457844,170,75,3.0,1.698051536542156
730144440396,2025-09,3,4.0,5.0,4.0,3.0,1.0,3.0,4.0,5.333333333333333,5.0,4.110427659227581,170,76,1.0,0.11042765922758058
730144440397,2025-09,32,35.0,38.0,35.0,35.0,23.0,41.0,36.0,31.0,38.0,32.61223993768375,170,77,3.0,2.3877600623162465
730144440398,2025-09,6,3.0,5.0,5.0,7.0,8.0,6.0,5.666666666666667,4.833333333333333,5.0,5.6649282757511035,170,78,2.0,2.6649282757511035
730144440399,2025-09,17,11.0,7.0,11.0,14.0,11.0,7.0,10.666666666666666,9.333333333333334,7.0,11.25583989793406,170,79,4.0,0.2558398979340595
730144440400,2025-09,12,17.0,25.0,10.0,16.0,8.0,22.0,17.0,14.833333333333334,25.0,15.411484180608293,170,80,8.0,1.5885158193917075
730144440401,2025-09,12,16.0,23.0,21.0,28.0,21.0,18.0,24.0,21.5,23.0,18.35997368897973,170,81,7.0,2.3599736889797285
730144440402,2025-09,9,9.0,11.0,9.0,9.0,19.0,12.0,9.666666666666666,11.5,11.0,10.859395365289178,170,82,2.0,1.8593953652891777
730144440403,2025-09,3,2.0,4.0,4.0,2.0,9.0,4.0,3.3333333333333335,5.333333333333333,4.0,4.443201377827457,170,83,2.0,2.4432013778274566
730144440404,2025-09,3,1.0,1.0,3.0,2.0,1.0,2.0,2.0,1.5,1.0,2.195614439543741,170,84,0.0,1.195614439543741
730144440411,2025-09,3,3.0,5.0,1.0,1.0,4.0,1.0,2.3333333333333335,2.3333333333333335,5.0,2.8066378203157,170,91,2.0,0.19336217968429992
730144440416,2025-09,1,1.0,1.0,1.0,4.0,1.0,1.0,2.0,1.8333333333333333,1.0,1.6059728031103457,170,96,0.0,0.6059728031103457
734439407681,2025-09,9,2.0,12.0,5.0,5.0,6.0,8.0,7.333333333333333,6.666666666666667,12.0,7.9861604793493415,171,65,10.0,5.9861604793493415
734439407682,2025-09,3,2.0,9.0,8.0,3.0,8.0,3.0,6.666666666666667,6.0,9.0,5.245180821416365,171,66,7.0,3.2451808214163647
734439407686,2025-09,1,1.0,1.0,37.0,3.0,2.0,1.0,13.666666666666666,7.833333333333333,1.0,5.05205042900397,171,70,0.0,4.05205042900397
734439407689,2025-09,3,1.0,1.0,1.0,2.0,1.0,2.0,1.3333333333333333,1.1666666666666667,1.0,2.004622636855345,171,73,0.0,1.0046226368553448
734439407690,2025-09,2,6.0,3.0,1.0,6.0,4.0,2.0,3.3333333333333335,4.666666666666667,3.0,3.381185885536217,171,74,3.0,2.618814114463783
734439407691,2025-09,7,4.0,5.0,4.0,2.0,10.0,7.0,3.6666666666666665,5.5,5.0,6.162173002532154,171,75,1.0,2.162173002532154
734439407692,2025-09,2,3.0,5.0,2.0,6.0,2.0,6.0,4.333333333333333,3.8333333333333335,5.0,3.773645807946017,171,76,2.0,0.7736458079460169
734439407693,2025-09,5,7.0,6.0,8.0,6.0,9.0,7.0,6.666666666666667,7.5,6.0,6.629405091526616,171,77,1.0,0.37059490847338417
734439407694,2025-09,10,6.0,5.0,9.0,10.0,17.0,5.0,8.0,8.166666666666666,5.0,8.452259862295772,171,78,1.0,2.4522598622957723
734439407695,2025-09,22,16.0,11.0,27.0,22.0,17.0,24.0,20.0,20.666666666666668,11.0,20.18958634552117,171,79,5.0,4.189586345521171
734439407696,2025-09,28,47.0,71.0,22.0,27.0,55.0,22.0,40.0,41.666666666666664,71.0,36.912128221516554,171,80,24.0,10.087871778483446
734439407697,2025-09,6,12.0,9.0,4.0,10.0,6.0,8.0,7.666666666666667,8.0,9.0,7.385843467138343,171,81,3.0,4.614156532861657
734439407711,2025-09,1,1.0,4.0,1.0,2.0,1.0,1.0,2.3333333333333335,1.8333333333333333,4.0,1.865052462582181,171,95,3.0,0.8650524625821809
738734374956,2025-09,8,2.0,4.0,2.0,4.0,5.0,6.0,3.3333333333333335,3.6666666666666665,4.0,5.3730251752451785,172,44,2.0,3.3730251752451785
738734374957,2025-09,1,3.0,1.0,1.0,2.0,2.0,1.0,1.3333333333333333,2.0,1.0,1.6333360738238305,172,45,2.0,1.3666639261761695
738734374966,2025-09,1,3.0,6.0,4.0,3.0,2.0,3.0,4.333333333333333,3.1666666666666665,6.0,2.9780537812838457,172,54,3.0,0.02194621871615432
738734374967,2025-09,2,1.0,1.0,1.0,1.0,1.0,2.0,1.0,1.1666666666666667,1.0,1.6843874185395364,172,55,0.0,0.6843874185395364
738734374979,2025-09,1,2.0,1.0,1.0,1.0,1.0,1.0,1.0,1.3333333333333333,1.0,1.3314699776159653,172,67,1.0,0.6685300223840347
738734374985,2025-09,2,2.0,3.0,4.0,2.0,1.0,1.0,3.0,2.6666666666666665,3.0,2.435752159632063,172,73,1.0,0.43575215963206304
738734374986,2025-09,11,18.0,12.0,6.0,6.0,14.0,17.0,8.0,9.666666666666666,12.0,11.099278485330544,172,74,6.0,6.900721514669456
738734374987,2025-09,1,1.0,2.0,1.0,1.0,2.0,4.0,1.3333333333333333,1.6666666666666667,2.0,1.9695459438195648,172,75,1.0,0.9695459438195648
738734374989,2025-09,2,5.0,6.0,7.0,1.0,4.0,4.0,4.666666666666667,5.0,6.0,4.1317849389360735,172,77,1.0,0.8682150610639265
738734374990,2025-09,5,4.0,5.0,4.0,2.0,1.0,5.0,3.6666666666666665,4.0,5.0,4.448164011637094,172,78,1.0,0.4481640116370942
738734374991,2025-09,5,9.0,8.0,9.0,7.0,16.0,6.0,8.0,10.5,8.0,8.109138935353256,172,79,1.0,0.8908610646467441
738734374992,2025-09,2,3.0,1.0,2.0,2.0,1.0,5.0,1.6666666666666667,2.1666666666666665,1.0,2.4652118251177946,172,80,2.0,0.5347881748822054
743029342244,2025-09,2,1.0,2.0,1.0,1.0,1.0,1.0,1.3333333333333333,1.1666666666666667,2.0,1.6706850901310766,173,36,1.0,0.6706850901310766
743029342252,2025-09,2,1.0,3.0,4.0,3.0,4.0,6.0,3.3333333333333335,3.1666666666666665,3.0,3.3920277641402166,173,44,2.0,2.3920277641402166
743029342253,2025-09,2,4.0,5.0,2.0,3.0,5.0,2.0,3.3333333333333335,4.166666666666667,5.0,3.4122277177390323,173,45,1.0,0.5877722822609677
743029342260,2025-09,1,3.0,1.0,2.0,8.0,2.0,1.0,3.6666666666666665,3.3333333333333335,1.0,2.333157143678026,173,52,2.0,0.6668428563219742
743029342262,2025-09,7,10.0,7.0,16.0,7.0,7.0,11.0,10.0,8.833333333333334,7.0,8.516061604763836,173,54,3.0,1.483938395236164
743029342263,2025-09,3,2.0,2.0,8.0,5.0,8.0,6.0,5.0,4.666666666666667,2.0,4.4741711709692735,173,55,0.0,2.4741711709692735
743029342268,2025-09,1,3.0,1.0,2.0,1.0,1.0,2.0,1.3333333333333333,1.5,1.0,1.5511490433993842,173,60,2.0,1.4488509566006158
743029342281,2025-09,6,3.0,1.0,2.0,1.0,1.0,1.0,1.3333333333333333,1.5,1.0,2.8472348489880765,173,73,2.0,0.15276515101192345
743029342282,2025-09,1,1.0,1.0,1.0,4.0,7.0,3.0,2.0,4.0,1.0,2.8399324706410596,173,74,0.0,1.8399324706410596
743029342283,2025-09,18,15.0,11.0,5.0,16.0,12.0,8.0,10.666666666666666,10.5,11.0,12.368947970645921,173,75,4.0,2.6310520293540787
743029342284,2025-09,5,3.0,1.0,4.0,6.0,2.0,1.0,3.6666666666666665,3.1666666666666665,1.0,3.4220427212045976,173,76,2.0,0.4220427212045976
743029342285,2025-09,1,2.0,5.0,1.0,11.0,2.0,3.0,5.666666666666667,3.8333333333333335,5.0,3.2577732583509365,173,77,3.0,1.2577732583509365
743029342289,2025-09,1,4.0,2.0,3.0,3.0,4.0,1.0,2.6666666666666665,3.5,2.0,2.4470399631272635,173,81,2.0,1.5529600368727365
743029342290,2025-09,2,1.0,2.0,4.0,1.0,1.0,3.0,2.3333333333333335,2.0,2.0,2.3161781580845826,173,82,1.0,1.3161781580845826
743029342291,2025-09,3,2.0,1.0,3.0,1.0,4.0,1.0,1.6666666666666667,2.6666666666666665,1.0,2.5557062788810443,173,83,1.0,0.5557062788810443
743029342292,2025-09,1,1.0,3.0,1.0,2.0,1.0,1.0,2.0,1.5,3.0,1.6439325915089498,173,84,2.0,0.6439325915089498
743029342296,2025-09,2,2.0,6.0,2.0,2.0,2.0,3.0,3.3333333333333335,2.5,6.0,2.9242953132483382,173,88,4.0,0.9242953132483382
743029342297,2025-09,2,1.0,1.0,1.0,1.0,2.0,1.0,1.0,1.1666666666666667,1.0,1.6046108559130179,173,89,0.0,0.6046108559130179
747324309540,2025-09,7,6.0,1.0,5.0,1.0,2.0,2.0,2.3333333333333335,2.0,1.0,3.5863661132781814,174,36,5.0,2.4136338867218186
747324309546,2025-09,4,1.0,5.0,1.0,4.0,2.0,3.0,3.3333333333333335,2.8333333333333335,5.0,3.5247475650686964,174,42,4.0,2.5247475650686964
747324309547,2025-09,2,1.0,4.0,5.0,2.0,2.0,4.0,3.6666666666666665,3.5,4.0,3.279963062222331,174,43,3.0,2.279963062222331
747324309548,2025-09,3,2.0,1.0,3.0,1.0,2.0,1.0,1.6666666666666667,1.6666666666666667,1.0,2.134975970128231,174,44,1.0,0.13497597012823093
747324309552,2025-09,1,3.0,2.0,4.0,2.0,1.0,1.0,2.6666666666666665,2.5,2.0,1.9858980120744842,174,48,1.0,1.0141019879255158
747324309554,2025-09,5,6.0,12.0,2.0,7.0,9.0,5.0,7.0,7.333333333333333,12.0,6.783727382683955,174,50,6.0,0.7837273826839546
747324309555,2025-09,10,6.0,4.0,6.0,7.0,7.0,16.0,5.666666666666667,6.666666666666667,4.0,8.53677873487872,174,51,2.0,2.5367787348787196
747324309556,2025-09,15,12.0,19.0,16.0,18.0,16.0,7.0,17.666666666666668,16.833333333333332,19.0,15.070521256166822,174,52,7.0,3.0705212561668223
747324309557,2025-09,17,28.0,25.0,25.0,16.0,38.0,34.0,22.0,27.666666666666668,25.0,24.51639778476749,174,53,3.0,3.4836022152325086
747324309559,2025-09,2,2.0,2.0,7.0,5.0,2.0,5.0,4.666666666666667,3.6666666666666665,2.0,3.4274011126978685,174,55,0.0,1.4274011126978685
747324309560,2025-09,1,2.0,1.0,2.0,2.0,4.0,2.0,1.6666666666666667,2.8333333333333335,1.0,2.163106413317596,174,56,1.0,0.16310641331759612
747324309566,2025-09,2,1.0,1.0,1.0,1.0,3.0,1.0,1.0,1.3333333333333333,1.0,1.7043369752469566,174,62,0.0,0.7043369752469566
747324309567,2025-09,2,2.0,4.0,2.0,1.0,1.0,3.0,2.3333333333333335,1.6666666666666667,4.0,2.346148027457711,174,63,2.0,0.3461480274577111
747324309572,2025-09,5,16.0,9.0,5.0,6.0,9.0,7.0,6.666666666666667,6.833333333333333,9.0,6.619040378065076,174,68,7.0,9.380959621934924
747324309573,2025-09,5,1.0,4.0,3.0,2.0,6.0,2.0,3.0,3.5,4.0,3.9810317549655263,174,69,3.0,2.9810317549655263
747324309577,2025-09,5,8.0,7.0,4.0,8.0,4.0,4.0,6.333333333333333,5.5,7.0,5.393126528249978,174,73,1.0,2.6068734717500224
747324309580,2025-09,8,12.0,8.0,9.0,10.0,7.0,4.0,9.0,9.5,8.0,8.089901739980489,174,76,4.0,3.9100982600195113
747324309584,2025-09,3,1.0,1.0,2.0,1.0,1.0,1.0,1.3333333333333333,1.1666666666666667,1.0,1.8844344319288595,174,80,0.0,0.8844344319288595
747324309593,2025-09,5,3.0,1.0,1.0,1.0,3.0,1.0,1.0,1.6666666666666667,1.0,2.6671373923061727,174,89,2.0,0.33286260769382725
747324309603,2025-09,2,2.0,1.0,1.0,3.0,1.0,3.0,1.6666666666666667,1.6666666666666667,1.0,2.0468919841629116,174,99,1.0,0.046891984162911626
751619276832,2025-09,3,1.0,1.0,2.0,1.0,1.0,1.0,1.3333333333333333,1.3333333333333333,1.0,1.939753949450095,175,32,0.0,0.939753949450095
751619276835,2025-09,3,1.0,3.0,4.0,2.0,1.0,1.0,3.0,2.0,3.0,2.498527883552711,175,35,2.0,1.4985278835527112
751619276836,2025-09,7,7.0,7.0,8.0,5.0,7.0,6.0,6.666666666666667,7.333333333333333,7.0,7.003496205672452,175,36,0.0,0.00349620567245168
751619276837,2025-09,3,1.0,3.0,1.0,2.0,1.0,1.0,2.0,2.0,3.0,2.3779987320838174,175,37,2.0,1.3779987320838174
751619276842,2025-09,9,2.0,5.0,4.0,4.0,3.0,7.0,4.333333333333333,3.5,5.0,5.827963016220032,175,42,3.0,3.827963016220032
751619276843,2025-09,1,1.0,1.0,1.0,2.0,1.0,2.0,1.3333333333333333,1.1666666666666667,1.0,1.4365150488441785,175,43,0.0,0.43651504884417847
751619276844,2025-09,1,4.0,3.0,1.0,1.0,1.0,2.0,1.6666666666666667,1.3333333333333333,3.0,1.6766148141167125,175,44,1.0,2.3233851858832875
751619276845,2025-09,1,1.0,1.0,1.0,1.0,2.0,1.0,1.0,1.3333333333333333,1.0,1.3758765794286703,175,45,0.0,0.37587657942867025
751619276846,2025-09,4,9.0,4.0,7.0,6.0,9.0,7.0,5.666666666666667,5.833333333333333,4.0,5.531018066424207,175,46,5.0,3.468981933575793
751619276847,2025-09,2,1.0,2.0,1.0,3.0,2.0,2.0,2.0,1.8333333333333333,2.0,2.1329157750883923,175,47,1.0,1.1329157750883923
751619276850,2025-09,4,12.0,8.0,12.0,18.0,15.0,5.0,12.666666666666666,12.0,8.0,8.672895851668237,175,50,4.0,3.327104148331763
751619276851,2025-09,21,22.0,23.0,9.0,21.0,13.0,16.0,17.666666666666668,15.333333333333334,23.0,17.530629967317076,175,51,1.0,4.469370032682924
751619276852,2025-09,4,9.0,2.0,2.0,9.0,7.0,6.0,4.333333333333333,5.0,2.0,4.728124792507735,175,52,7.0,4.271875207492265
751619276853,2025-09,16,14.0,12.0,15.0,17.0,33.0,12.0,14.666666666666666,18.333333333333332,12.0,16.378555100527077,175,53,2.0,2.378555100527077
751619276854,2025-09,2,2.0,1.0,9.0,4.0,3.0,1.0,4.666666666666667,4.0,1.0,3.0194045991010956,175,54,1.0,1.0194045991010956
751619276856,2025-09,3,1.0,4.0,1.0,6.0,2.0,4.0,3.6666666666666665,2.6666666666666665,4.0,3.2714394305707915,175,56,3.0,2.2714394305707915
751619276862,2025-09,2,6.0,5.0,1.0,4.0,2.0,1.0,3.3333333333333335,3.0,5.0,2.7635931657003203,175,62,1.0,3.2364068342996797
751619276867,2025-09,2,1.0,3.0,4.0,3.0,1.0,7.0,3.3333333333333335,2.6666666666666665,3.0,3.2170325705776213,175,67,2.0,2.2170325705776213
751619276868,2025-09,5,5.0,2.0,3.0,1.0,2.0,1.0,2.0,2.1666666666666665,2.0,2.9795229467338613,175,68,3.0,2.0204770532661387
751619276869,2025-09,1,2.0,3.0,3.0,1.0,3.0,1.0,2.3333333333333335,2.1666666666666665,3.0,1.9981952085549999,175,69,1.0,0.0018047914450001201
751619276899,2025-09,1,5.0,2.0,1.0,1.0,2.0,4.0,1.3333333333333333,1.6666666666666667,2.0,1.9695459438195648,175,99,3.0,3.030454056180435
751619276900,2025-09,1,1.0,1.0,1.0,1.0,1.0,5.0,1.0,1.3333333333333333,1.0,1.8282026353728522,175,100,0.0,0.8282026353728522
755914244132,2025-09,19,18.0,11.0,13.0,21.0,16.0,12.0,15.0,15.833333333333334,11.0,15.59990358247354,176,36,7.0,2.400096417526459
755914244142,2025-09,1,1.0,4.0,3.0,7.0,2.0,1.0,4.666666666666667,5.0,4.0,3.221789786495389,176,46,3.0,2.221789786495389
755914244143,2025-09,2,3.0,3.0,5.0,4.0,3.0,3.0,4.0,4.333333333333333,3.0,3.4386660997916723,176,47,0.0,0.43866609979167226
755914244144,2025-09,2,2.0,5.0,5.0,7.0,3.0,4.0,5.666666666666667,4.666666666666667,5.0,4.002994244265567,176,48,3.0,2.002994244265567
755914244148,2025-09,2,1.0,1.0,5.0,1.0,3.0,4.0,2.3333333333333335,2.5,1.0,2.624828626505119,176,52,0.0,1.6248286265051188
755914244149,2025-09,8,2.0,12.0,6.0,6.0,12.0,9.0,8.0,7.0,12.0,8.279726303834872,176,53,10.0,6.279726303834872
755914244150,2025-09,15,19.0,10.0,17.0,20.0,18.0,18.0,15.666666666666666,15.833333333333334,10.0,15.311643871662824,176,54,9.0,3.688356128337176
755914244151,2025-09,1,1.0,2.0,2.0,2.0,2.0,3.0,2.0,2.6666666666666665,2.0,2.253637692640938,176,55,1.0,1.2536376926409378
755914244152,2025-09,1,1.0,2.0,7.0,1.0,2.0,2.0,3.3333333333333335,4.166666666666667,2.0,2.7920306806974162,176,56,1.0,1.7920306806974162
755914244155,2025-09,2,5.0,4.0,1.0,3.0,2.0,1.0,2.6666666666666665,2.3333333333333335,4.0,2.3956528352743973,176,59,1.0,2.6043471647256027
755914244157,2025-09,4,2.0,2.0,1.0,1.0,1.0,1.0,1.3333333333333333,1.6666666666666667,2.0,2.4047512307059424,176,61,0.0,0.40475123070594243
755914244169,2025-09,2,3.0,3.0,6.0,2.0,3.0,8.0,3.6666666666666665,3.3333333333333335,3.0,3.695478352062892,176,73,0.0,0.6954783520628922
755914244201,2025-09,1,1.0,1.0,1.0,1.0,1.0,1.0,1.0,1.0,1.0,1.2208309425734978,176,105,0.0,0.22083094257349778
760209211425,2025-09,3,3.0,3.0,4.0,1.0,1.0,2.0,2.6666666666666665,2.1666666666666665,3.0,2.6418491412029397,177,33,0.0,0.3581508587970603
760209211428,2025-09,4,2.0,3.0,1.0,1.0,4.0,1.0,1.6666666666666667,3.0,3.0,3.091008012344691,177,36,1.0,1.091008012344691
760209211429,2025-09,4,2.0,6.0,8.0,6.0,3.0,6.0,6.666666666666667,5.0,6.0,5.124935759387075,177,37,4.0,3.124935759387075
760209211440,2025-09,9,7.0,10.0,15.0,11.0,10.0,4.0,12.0,13.333333333333334,10.0,10.277725641722103,177,48,3.0,3.2777256417221032
760209211444,2025-09,3,3.0,3.0,4.0,3.0,4.0,2.0,3.3333333333333335,3.3333333333333335,3.0,3.2346684179101457,177,52,0.0,0.2346684179101457
760209211446,2025-09,5,4.0,3.0,6.0,3.0,7.0,6.0,4.0,4.833333333333333,3.0,5.010956894453347,177,54,1.0,1.0109568944533471
760209211447,2025-09,3,2.0,2.0,1.0,1.0,2.0,4.0,1.3333333333333333,1.3333333333333333,2.0,2.4270144967882636,177,55,0.0,0.42701449678826364
760209211452,2025-09,1,1.0,2.0,2.0,1.0,1.0,3.0,1.6666666666666667,1.6666666666666667,2.0,1.8411325613906033,177,60,1.0,0.8411325613906033
760209211464,2025-09,2,4.0,3.0,1.0,2.0,2.0,3.0,2.0,1.8333333333333333,3.0,2.3313983512481498,177,72,1.0,1.6686016487518502
760209211465,2025-09,2,6.0,5.0,5.0,5.0,6.0,2.0,5.0,5.666666666666667,5.0,4.147401977332189,177,73,1.0,1.8525980226678112
760209211466,2025-09,4,2.0,1.0,1.0,1.0,2.0,2.0,1.0,1.1666666666666667,1.0,2.296901608363406,177,74,1.0,0.29690160836340596
760209211474,2025-09,1,4.0,2.0,6.0,2.0,1.0,5.0,3.3333333333333335,4.166666666666667,2.0,3.1161786126896382,177,82,2.0,0.8838213873103618
760209211498,2025-09,5,6.0,10.0,6.0,2.0,12.0,1.0,6.0,6.166666666666667,10.0,5.791814649395748,177,106,4.0,0.2081853506042517
764504178720,2025-09,8,6.0,9.0,4.0,3.0,4.0,4.0,5.333333333333333,4.166666666666667,9.0,5.842786320607249,178,32,3.0,0.15721367939275144
764504178721,2025-09,3,5.0,2.0,5.0,3.0,3.0,3.0,3.3333333333333335,3.0,2.0,3.1335014932863956,178,33,3.0,1.8664985067136044
764504178736,2025-09,2,1.0,2.0,5.0,5.0,3.0,5.0,4.0,3.1666666666666665,2.0,3.2254963943009436,178,48,1.0,2.2254963943009436
764504178744,2025-09,6,2.0,1.0,5.0,1.0,9.0,4.0,2.3333333333333335,4.666666666666667,1.0,4.746637141179718,178,56,1.0,2.7466371411797184
764504178745,2025-09,2,7.0,4.0,8.0,2.0,2.0,1.0,4.666666666666667,3.1666666666666665,4.0,2.917303685331092,178,57,3.0,4.082696314668908
764504178750,2025-09,1,2.0,6.0,2.0,5.0,1.0,2.0,4.333333333333333,3.8333333333333335,6.0,3.0227521660913776,178,62,4.0,1.0227521660913776
764504178753,2025-09,1,11.0,4.0,1.0,3.0,3.0,6.0,2.6666666666666665,3.3333333333333335,4.0,3.108838570405031,178,65,7.0,7.891161429594969
764504178755,2025-09,6,3.0,1.0,6.0,9.0,2.0,5.0,5.333333333333333,3.6666666666666665,1.0,4.5576847661073785,178,67,2.0,1.5576847661073785
764504178760,2025-09,1,9.0,2.0,1.0,1.0,4.0,1.0,1.3333333333333333,1.8333333333333333,2.0,1.741129171648545,178,72,7.0,7.258870828351455
764504178761,2025-09,8,4.0,1.0,3.0,4.0,2.0,1.0,2.6666666666666665,4.5,1.0,4.604221010947797,178,73,3.0,0.6042210109477972
764504178762,2025-09,21,32.0,16.0,15.0,16.0,25.0,16.0,15.666666666666666,16.333333333333332,16.0,17.682211623368254,178,74,16.0,14.317788376631746
764504178763,2025-09,2,1.0,2.0,4.0,1.0,1.0,1.0,2.3333333333333335,3.3333333333333335,2.0,2.5103679693760084,178,75,1.0,1.5103679693760084
764504178769,2025-09,1,1.0,1.0,2.0,1.0,2.0,1.0,1.3333333333333333,2.0,1.0,1.6373310333365687,178,81,0.0,0.6373310333365687
764504178770,2025-09,2,4.0,1.0,2.0,1.0,1.0,3.0,1.3333333333333333,1.3333333333333333,1.0,1.9040664843229553,178,82,3.0,2.0959335156770447
764504178792,2025-09,14,11.0,7.0,14.0,13.0,13.0,16.0,11.333333333333334,12.5,7.0,12.745558759557827,178,104,4.0,1.7455587595578272
764504178793,2025-09,2,3.0,6.0,3.0,7.0,1.0,3.0,5.333333333333333,4.166666666666667,6.0,3.6541673920220674,178,105,3.0,0.6541673920220674
764504178794,2025-09,3,4.0,4.0,8.0,7.0,5.0,9.0,6.333333333333333,6.166666666666667,4.0,5.504701037221905,178,106,0.0,1.5047010372219054
768799146017,2025-09,1,6.0,1.0,3.0,6.0,1.0,2.0,3.3333333333333335,2.5,1.0,2.104149653900885,179,33,5.0,3.895850346099115
768799146026,2025-09,3,1.0,1.0,2.0,1.0,1.0,1.0,1.3333333333333333,1.1666666666666667,1.0,1.8844344319288595,179,42,0.0,0.8844344319288595
768799146037,2025-09,56,45.0,32.0,28.0,37.0,38.0,38.0,32.333333333333336,36.833333333333336,32.0,40.787506786608944,179,53,13.0,4.212493213391056
768799146039,2025-09,1,1.0,1.0,1.0,1.0,3.0,4.0,1.0,1.6666666666666667,1.0,1.903471709601508,179,55,0.0,0.9034717096015079
768799146040,2025-09,11,5.0,12.0,7.0,8.0,7.0,6.0,9.0,8.333333333333334,12.0,9.092400556083714,179,56,7.0,4.092400556083714
768799146041,2025-09,1,2.0,4.0,1.0,2.0,1.0,4.0,2.3333333333333335,1.6666666666666667,4.0,2.182282438378614,179,57,2.0,0.18228243837861413
768799146046,2025-09,1,1.0,1.0,4.0,1.0,2.0,1.0,2.0,1.8333333333333333,1.0,1.6623642834612653,179,62,0.0,0.6623642834612653
768799146048,2025-09,1,3.0,9.0,2.0,2.0,2.0,2.0,4.333333333333333,3.3333333333333335,9.0,3.1240984505019913,179,64,6.0,0.12409845050199131
768799146049,2025-09,6,11.0,9.0,7.0,10.0,8.0,8.0,8.666666666666666,10.0,9.0,8.259020032487452,179,65,2.0,2.7409799675125477
768799146050,2025-09,2,1.0,1.0,2.0,5.0,4.0,1.0,2.6666666666666665,3.1666666666666665,1.0,2.5421603508571042,179,66,0.0,1.5421603508571042
768799146051,2025-09,5,4.0,2.0,11.0,8.0,7.0,4.0,7.0,6.5,2.0,5.587093945422435,179,67,2.0,1.5870939454224349
768799146053,2025-09,1,3.0,2.0,3.0,3.0,3.0,4.0,2.6666666666666665,2.6666666666666665,2.0,2.4985852670260567,179,69,1.0,0.5014147329739433
768799146054,2025-09,2,2.0,1.0,4.0,3.0,3.0,1.0,2.6666666666666665,2.5,1.0,2.2844655979849406,179,70,1.0,0.28446559798494064
768799146056,2025-09,4,3.0,4.0,3.0,2.0,4.0,3.0,3.0,2.5,4.0,3.4004308166463533,179,72,1.0,0.40043081664635327
768799146057,2025-09,1,3.0,3.0,1.0,2.0,2.0,1.0,2.0,2.0,3.0,1.8542977458853578,179,73,0.0,1.1457022541146422
768799146058,2025-09,6,7.0,2.0,3.0,6.0,4.0,6.0,3.6666666666666665,4.5,2.0,4.928686133409368,179,74,5.0,2.071313866590632
768799146059,2025-09,10,7.0,5.0,10.0,9.0,8.0,6.0,8.0,6.333333333333333,5.0,7.572263877199813,179,75,2.0,0.5722638771998128
768799146077,2025-09,13,2.0,50.0,1.0,3.0,1.0,4.0,18.0,10.333333333333334,50.0,13.585842759275078,179,93,48.0,11.585842759275078
768799146087,2025-09,1,1.0,3.0,1.0,1.0,1.0,1.0,1.6666666666666667,1.8333333333333333,3.0,1.718390202241192,179,103,2.0,0.7183902022411921
768799146088,2025-09,11,15.0,7.0,8.0,16.0,15.0,15.0,10.333333333333334,15.333333333333334,7.0,12.665945184581131,179,104,8.0,2.3340548154188685
768799146089,2025-09,7,1.0,6.0,13.0,4.0,14.0,9.0,7.666666666666667,9.833333333333334,6.0,8.570904333271395,179,105,5.0,7.570904333271395
768799146090,2025-09,1,5.0,2.0,3.0,6.0,5.0,3.0,3.6666666666666665,4.166666666666667,2.0,3.069635236834028,179,106,3.0,1.9303647631659722
773094113317,2025-09,3,3.0,1.0,10.0,5.0,3.0,3.0,5.333333333333333,4.666666666666667,1.0,3.8494606002032477,180,37,2.0,0.8494606002032477
773094113318,2025-09,6,6.0,11.0,5.0,10.0,15.0,7.0,8.666666666666666,10.333333333333334,11.0,8.696931020195231,180,38,5.0,2.6969310201952315
773094113319,2025-09,11,12.0,13.0,11.0,3.0,11.0,8.0,9.0,9.666666666666666,13.0,10.051228682154338,180,39,1.0,1.9487713178456616
773094113336,2025-09,6,3.0,5.0,9.0,5.0,5.0,6.0,6.333333333333333,7.166666666666667,5.0,6.394524402281664,180,56,2.0,3.3945244022816636
773094113337,2025-09,2,13.0,3.0,3.0,5.0,2.0,8.0,3.6666666666666665,3.3333333333333335,3.0,3.6390868717119718,180,57,10.0,9.36091312828803
773094113338,2025-09,5,11.0,4.0,12.0,4.0,6.0,3.0,6.666666666666667,6.666666666666667,4.0,5.590236055335325,180,58,7.0,5.409763944664675
773094113339,2025-09,3,4.0,4.0,3.0,1.0,1.0,3.0,2.6666666666666665,1.8333333333333333,4.0,2.7256977228074932,180,59,0.0,1.2743022771925068
773094113344,2025-09,7,8.0,5.0,2.0,4.0,4.0,2.0,3.6666666666666665,3.8333333333333335,5.0,4.713632475222,180,64,3.0,3.286367524778
773094113347,2025-09,2,1.0,1.0,3.0,2.0,2.0,3.0,2.0,2.0,1.0,2.2461089643537875,180,67,0.0,1.2461089643537875
773094113348,2025-09,5,3.0,9.0,14.0,5.0,6.0,5.0,9.333333333333334,9.5,9.0,7.4479725541847115,180,68,6.0,4.4479725541847115
773094113349,2025-09,5,3.0,7.0,5.0,5.0,4.0,5.0,5.666666666666667,4.5,7.0,5.117024698454082,180,69,4.0,2.117024698454082
773094113350,2025-09,6,3.0,3.0,2.0,3.0,1.0,9.0,2.6666666666666665,2.5,3.0,4.465941790311232,180,70,0.0,1.4659417903112324
773094113352,2025-09,7,3.0,4.0,2.0,5.0,11.0,3.0,3.6666666666666665,5.0,4.0,5.461599063278259,180,72,1.0,2.4615990632782587
773094113353,2025-09,4,5.0,15.0,4.0,2.0,2.0,1.0,7.0,5.0,15.0,5.148509627122361,180,73,10.0,0.14850962712236093
773094113354,2025-09,1,2.0,4.0,8.0,1.0,5.0,4.0,4.333333333333333,4.833333333333333,4.0,3.656032940983401,180,74,2.0,1.6560329409834011
773094113355,2025-09,3,3.0,5.0,4.0,4.0,5.0,1.0,4.333333333333333,4.333333333333333,5.0,3.743952056782783,180,75,2.0,0.7439520567827831
773094113384,2025-09,2,4.0,5.0,2.0,6.0,7.0,3.0,4.333333333333333,4.5,5.0,3.8444073937768124,180,104,1.0,0.1555926062231876
773094113386,2025-09,32,16.0,19.0,26.0,14.0,24.0,22.0,19.666666666666668,22.166666666666668,19.0,24.144698737019915,180,106,3.0,8.144698737019915
777389080612,2025-09,16,18.0,24.0,33.0,14.0,10.0,12.0,23.666666666666668,19.166666666666668,24.0,17.574201514692863,181,36,6.0,0.42579848530713704
777389080613,2025-09,9,8.0,8.0,10.0,9.0,3.0,5.0,9.0,6.666666666666667,8.0,7.384075452826238,181,37,0.0,0.615924547173762
777389080623,2025-09,8,12.0,13.0,8.0,6.0,6.0,9.0,9.0,8.0,13.0,8.536037401762734,181,47,1.0,3.4639625982372664
777389080624,2025-09,3,5.0,7.0,7.0,3.0,3.0,2.0,5.666666666666667,4.333333333333333,7.0,4.084631416816789,181,48,2.0,0.915368583183211
777389080631,2025-09,10,5.0,5.0,8.0,5.0,7.0,4.0,6.0,5.666666666666667,5.0,6.833134411536894,181,55,0.0,1.8331344115368937
777389080632,2025-09,8,6.0,3.0,16.0,8.0,1.0,10.0,9.0,5.5,3.0,6.897360353216466,181,56,3.0,0.8973603532164658
777389080633,2025-09,13,6.0,4.0,5.0,4.0,8.0,3.0,4.333333333333333,5.0,4.0,7.117049749032306,181,57,2.0,1.1170497490323061
777389080634,2025-09,3,4.0,11.0,2.0,10.0,9.0,6.0,7.666666666666667,8.166666666666666,11.0,6.614463983618097,181,58,7.0,2.614463983618097
777389080635,2025-09,7,7.0,8.0,10.0,8.0,9.0,5.0,8.666666666666666,7.666666666666667,8.0,7.3781431565084805,181,59,1.0,0.3781431565084805
777389080639,2025-09,6,3.0,5.0,8.0,3.0,4.0,2.0,5.333333333333333,3.8333333333333335,5.0,4.63445555984398,181,63,2.0,1.63445555984398
777389080643,2025-09,3,2.0,2.0,1.0,2.0,4.0,2.0,1.6666666666666667,2.0,2.0,2.524920865930392,181,67,0.0,0.5249208659303921
777389080644,2025-09,14,7.0,19.0,14.0,14.0,8.0,10.0,15.666666666666666,16.166666666666668,19.0,14.357407606005491,181,68,12.0,7.357407606005491
777389080645,2025-09,5,2.0,2.0,4.0,4.0,3.0,2.0,3.3333333333333335,3.0,2.0,3.573430957345601,181,69,0.0,1.5734309573456011
777389080646,2025-09,3,2.0,1.0,1.0,1.0,3.0,1.0,1.0,1.5,1.0,2.0437102867737735,181,70,1.0,0.04371028677377353
777389080647,2025-09,1,1.0,1.0,1.0,2.0,1.0,1.0,1.3333333333333333,1.8333333333333333,1.0,1.5336099544898936,181,71,0.0,0.5336099544898936
777389080649,2025-09,2,5.0,3.0,1.0,3.0,1.0,2.0,2.3333333333333335,2.1666666666666665,3.0,2.3096290443489167,181,73,2.0,2.6903709556510833
777389080650,2025-09,5,5.0,1.0,5.0,3.0,1.0,1.0,3.0,2.5,1.0,3.0879901601992428,181,74,4.0,1.9120098398007572
777389080651,2025-09,3,3.0,1.0,1.0,1.0,1.0,1.0,1.0,1.8333333333333333,1.0,2.065536118190831,181,75,2.0,0.9344638818091688
777389080674,2025-09,2,7.0,4.0,3.0,5.0,4.0,1.0,4.0,3.6666666666666665,4.0,3.079737795336059,181,98,3.0,3.920262204663941
777389080675,2025-09,1,2.0,3.0,5.0,3.0,1.0,1.0,3.6666666666666665,2.8333333333333335,3.0,2.283375691280906,181,99,1.0,0.2833756912809058
781684047905,2025-09,12,5.0,17.0,6.0,13.0,12.0,2.0,12.0,13.166666666666666,17.0,11.399155627393695,182,33,12.0,6.399155627393695
781684047906,2025-09,16,12.0,20.0,14.0,8.0,8.0,11.0,14.0,11.333333333333334,20.0,13.338824640509506,182,34,8.0,1.3388246405095057
781684047908,2025-09,6,3.0,7.0,3.0,4.0,5.0,1.0,4.666666666666667,5.666666666666667,7.0,5.219454867207961,182,36,4.0,2.2194548672079613
781684047909,2025-09,2,1.0,2.0,1.0,1.0,1.0,4.0,1.3333333333333333,1.1666666666666667,2.0,2.0432345834487418,182,37,1.0,1.0432345834487418
781684047919,2025-09,24,39.0,29.0,30.0,24.0,27.0,37.0,27.666666666666668,30.5,29.0,28.261539671765142,182,47,10.0,10.738460328234858
781684047920,2025-09,9,13.0,12.0,11.0,18.0,13.0,10.0,13.666666666666666,13.666666666666666,12.0,11.580209575779271,182,48,1.0,1.4197904242207287
781684047921,2025-09,2,4.0,2.0,5.0,3.0,1.0,2.0,3.3333333333333335,3.3333333333333335,2.0,2.7470903662586483,182,49,2.0,1.2529096337413517
781684047924,2025-09,8,8.0,6.0,10.0,2.0,12.0,4.0,6.0,7.0,6.0,7.011905303505137,182,52,2.0,0.9880946964948629
781684047927,2025-09,4,2.0,3.0,10.0,12.0,6.0,11.0,8.333333333333334,6.5,3.0,6.342945850127404,182,55,1.0,4.342945850127404
781684047928,2025-09,9,6.0,9.0,11.0,11.0,8.0,13.0,10.333333333333334,10.0,9.0,9.928984196302395,182,56,3.0,3.9289841963023946
781684047929,2025-09,20,19.0,11.0,18.0,15.0,9.0,18.0,14.666666666666666,14.333333333333334,11.0,15.80412786598788,182,57,8.0,3.19587213401212
781684047930,2025-09,9,17.0,8.0,17.0,16.0,23.0,18.0,13.666666666666666,17.666666666666668,8.0,14.072181440123993,182,58,9.0,2.927818559876007
781684047931,2025-09,29,32.0,26.0,27.0,18.0,58.0,23.0,23.666666666666668,33.833333333333336,26.0,29.757179140839945,182,59,6.0,2.242820859160055
781684047932,2025-09,5,3.0,1.0,5.0,6.0,2.0,3.0,4.0,3.5,1.0,3.821224468948474,182,60,2.0,0.8212244689484738
781684047935,2025-09,5,4.0,14.0,7.0,7.0,8.0,15.0,9.333333333333334,9.0,14.0,8.956191191652156,182,63,10.0,4.956191191652156
781684047940,2025-09,1,4.0,2.0,5.0,7.0,1.0,4.0,4.666666666666667,3.5,2.0,2.9114481158936503,182,68,2.0,1.0885518841063497
781684047941,2025-09,1,4.0,2.0,6.0,2.0,1.0,2.0,3.3333333333333335,2.1666666666666665,2.0,2.079794909117169,182,69,2.0,1.9202050908828312
781684047971,2025-09,1,1.0,6.0,3.0,2.0,4.0,3.0,3.6666666666666665,3.1666666666666665,6.0,2.990509176776065,182,99,5.0,1.9905091767760652
781684047972,2025-09,4,2.0,3.0,2.0,2.0,1.0,2.0,2.3333333333333335,1.6666666666666667,3.0,2.715773039309118,182,100,1.0,0.7157730393091182
785979015200,2025-09,1,12.0,5.0,1.0,6.0,7.0,6.0,4.0,4.5,5.0,3.892726709265931,183,32,7.0,8.107273290734069
785979015201,2025-09,15,39.0,18.0,21.0,29.0,27.0,11.0,22.666666666666668,28.166666666666668,18.0,20.30585047580391,183,33,21.0,18.69414952419609
785979015202,2025-09,17,33.0,16.0,21.0,25.0,25.0,21.0,20.666666666666668,23.333333333333332,16.0,20.057023127163674,183,34,17.0,12.942976872836326
785979015208,2025-09,3,3.0,3.0,5.0,8.0,5.0,6.0,5.333333333333333,4.5,3.0,4.384127805502471,183,40,0.0,1.3841278055024713
785979015215,2025-09,2,6.0,7.0,3.0,7.0,1.0,4.0,5.666666666666667,6.0,7.0,4.497346085225622,183,47,1.0,1.5026539147743776
785979015216,2025-09,11,9.0,13.0,17.0,12.0,17.0,22.0,14.0,14.833333333333334,13.0,14.33782876006775,183,48,4.0,5.337828760067749
785979015217,2025-09,6,8.0,4.0,5.0,6.0,7.0,7.0,5.0,7.5,4.0,6.483154858376368,183,49,4.0,1.516845141623632
785979015218,2025-09,13,7.0,9.0,9.0,7.0,10.0,11.0,8.333333333333334,8.5,9.0,10.182692124493753,183,50,2.0,3.1826921244937534
785979015219,2025-09,6,2.0,2.0,2.0,3.0,1.0,2.0,2.3333333333333335,2.5,2.0,3.4861788032059167,183,51,0.0,1.4861788032059167
785979015220,2025-09,6,1.0,2.0,1.0,1.0,1.0,1.0,1.3333333333333333,1.3333333333333333,2.0,2.8622197836746412,183,52,1.0,1.8622197836746412
785979015223,2025-09,2,2.0,1.0,4.0,4.0,3.0,6.0,3.0,4.333333333333333,1.0,3.5500775372248476,183,55,1.0,1.5500775372248476
785979015224,2025-09,25,37.0,34.0,34.0,14.0,46.0,26.0,27.333333333333332,28.333333333333332,34.0,27.655445835948054,183,56,3.0,9.344554164051946
785979015225,2025-09,14,10.0,14.0,13.0,19.0,13.0,5.0,15.333333333333334,13.5,14.0,12.661739070107524,183,57,4.0,2.661739070107524
785979015226,2025-09,49,41.0,36.0,59.0,38.0,53.0,35.0,44.333333333333336,44.166666666666664,36.0,43.25031120032225,183,58,5.0,2.250311200322251
785979015227,2025-09,39,46.0,36.0,41.0,36.0,48.0,38.0,37.666666666666664,47.5,36.0,40.871142337511415,183,59,10.0,5.128857662488585
785979015228,2025-09,8,9.0,17.0,8.0,10.0,15.0,5.0,11.666666666666666,10.0,17.0,9.689447411938957,183,60,8.0,0.6894474119389571
785979015231,2025-09,2,2.0,3.0,1.0,2.0,5.0,2.0,2.0,2.5,3.0,2.561713062331979,183,63,1.0,0.5617130623319788
785979015261,2025-09,2,2.0,3.0,1.0,1.0,2.0,2.0,1.6666666666666667,2.0,3.0,2.2263532800199357,183,93,1.0,0.2263532800199357
785979015264,2025-09,1,2.0,2.0,4.0,2.0,5.0,8.0,2.6666666666666665,3.0,2.0,3.19876512296356,183,96,0.0,1.19876512296356
785979015265,2025-09,3,2.0,1.0,4.0,4.0,2.0,1.0,3.0,2.1666666666666665,1.0,2.4496551794455774,183,97,1.0,0.4496551794455774
790273982496,2025-09,4,3.0,7.0,5.0,3.0,2.0,4.0,5.0,3.8333333333333335,7.0,4.326333617678479,184,32,4.0,1.326333617678479
790273982497,2025-09,20,10.0,21.0,19.0,9.0,14.0,23.0,16.333333333333332,16.166666666666668,21.0,18.183487588250323,184,33,11.0,8.183487588250323
790273982498,2025-09,2,6.0,4.0,6.0,7.0,1.0,3.0,5.666666666666667,5.166666666666667,4.0,3.8856519765568382,184,34,2.0,2.1143480234431618
790273982499,2025-09,2,3.0,1.0,2.0,4.0,2.0,1.0,2.3333333333333335,2.5,1.0,2.1958876528365323,184,35,2.0,0.8041123471634677
790273982504,2025-09,4,2.0,5.0,7.0,5.0,7.0,7.0,5.666666666666667,5.333333333333333,5.0,5.350545721955632,184,40,3.0,3.3505457219556316
790273982505,2025-09,5,3.0,3.0,1.0,4.0,1.0,1.0,2.6666666666666665,2.5,3.0,3.1844277212791363,184,41,0.0,0.18442772127913631
790273982510,2025-09,1,3.0,1.0,2.0,1.0,1.0,1.0,1.3333333333333333,2.0,1.0,1.5929244315238638,184,46,2.0,1.4070755684761362
790273982511,2025-09,6,9.0,12.0,13.0,21.0,11.0,7.0,15.333333333333334,11.666666666666666,12.0,9.791748327141253,184,47,3.0,0.7917483271412529
790273982512,2025-09,7,5.0,1.0,5.0,1.0,7.0,6.0,2.3333333333333335,3.6666666666666665,1.0,4.8583269553109325,184,48,4.0,0.1416730446890675
790273982519,2025-09,6,21.0,8.0,10.0,8.0,17.0,6.0,8.666666666666666,10.166666666666666,8.0,8.403318104262267,184,55,13.0,12.596681895737733
790273982520,2025-09,11,10.0,10.0,12.0,14.0,11.0,6.0,12.0,11.333333333333334,10.0,10.4627870716314,184,56,0.0,0.4627870716314
790273982521,2025-09,22,12.0,15.0,13.0,11.0,14.0,18.0,13.0,12.833333333333334,15.0,16.19270853313879,184,57,3.0,4.192708533138791
790273982522,2025-09,14,14.0,13.0,23.0,17.0,11.0,19.0,17.666666666666668,17.0,13.0,15.69212019015556,184,58,1.0,1.6921201901555598
790273982523,2025-09,12,18.0,8.0,27.0,12.0,18.0,21.0,15.666666666666666,14.5,8.0,14.280826614480182,184,59,10.0,3.7191733855198184
790273982524,2025-09,5,5.0,8.0,8.0,5.0,5.0,2.0,7.0,6.166666666666667,8.0,5.573086969661116,184,60,3.0,0.5730869696611158
790273982529,2025-09,1,1.0,1.0,1.0,1.0,1.0,1.0,1.0,1.6666666666666667,1.0,1.442109012658431,184,65,0.0,0.44210901265843106
790273982542,2025-09,1,1.0,1.0,1.0,1.0,2.0,1.0,1.0,1.1666666666666667,1.0,1.3205570619074365,184,78,0.0,0.3205570619074365
790273982546,2025-09,1,1.0,3.0,1.0,1.0,1.0,1.0,1.6666666666666667,1.3333333333333333,3.0,1.5524316496774908,184,82,2.0,0.5524316496774908
790273982547,2025-09,3,2.0,2.0,1.0,2.0,1.0,2.0,1.6666666666666667,1.5,2.0,2.225742507928574,184,83,0.0,0.2257425079285742
790273982563,2025-09,4,1.0,2.0,1.0,2.0,1.0,2.0,1.6666666666666667,1.3333333333333333,2.0,2.4544767844129236,184,99,1.0,1.4544767844129236
794568949788,2025-09,6,3.0,6.0,3.0,9.0,7.0,3.0,6.0,5.166666666666667,6.0,5.461102132668485,185,28,3.0,2.4611021326684854
794568949789,2025-09,7,2.0,7.0,7.0,8.0,1.0,6.0,7.333333333333333,5.333333333333333,7.0,6.141590273649131,185,29,5.0,4.141590273649131
794568949793,2025-09,3,6.0,3.0,3.0,3.0,2.0,4.0,3.0,2.6666666666666665,3.0,3.132767089255279,185,33,3.0,2.867232910744721
794568949799,2025-09,1,4.0,2.0,1.0,2.0,1.0,4.0,1.6666666666666667,1.8333333333333333,2.0,2.0166402838383206,185,39,2.0,1.9833597161616794
794568949800,2025-09,6,8.0,6.0,4.0,10.0,7.0,4.0,6.666666666666667,6.666666666666667,6.0,6.159518762932001,185,40,2.0,1.8404812370679986
794568949801,2025-09,3,5.0,2.0,5.0,5.0,3.0,2.0,4.0,3.0,2.0,3.081681177467627,185,41,3.0,1.918318822532373
794568949807,2025-09,8,3.0,2.0,3.0,10.0,7.0,3.0,5.0,5.5,2.0,5.734106835909293,185,47,1.0,2.7341068359092926
794568949808,2025-09,1,1.0,6.0,1.0,3.0,1.0,3.0,3.3333333333333335,2.5,6.0,2.591839957917312,185,48,5.0,1.591839957917312
794568949815,2025-09,10,18.0,12.0,12.0,10.0,7.0,6.0,11.333333333333334,11.0,12.0,9.966703810153147,185,55,6.0,8.033296189846853
794568949816,2025-09,6,5.0,13.0,16.0,19.0,19.0,19.0,16.0,16.5,13.0,13.40011226190854,185,56,8.0,8.40011226190854
794568949817,2025-09,13,9.0,13.0,9.0,14.0,16.0,10.0,12.0,13.833333333333334,13.0,12.79036644590488,185,57,4.0,3.79036644590488
794568949818,2025-09,13,7.0,6.0,3.0,6.0,1.0,6.0,5.0,3.3333333333333335,6.0,6.838529607484746,185,58,1.0,0.16147039251525364
794568949819,2025-09,2,3.0,1.0,2.0,1.0,5.0,1.0,1.3333333333333333,2.3333333333333335,1.0,2.165243667822736,185,59,2.0,0.834756332177264
794568949820,2025-09,5,1.0,4.0,5.0,5.0,5.0,7.0,4.666666666666667,6.0,4.0,5.576230778744045,185,60,3.0,4.576230778744045
794568949834,2025-09,1,1.0,4.0,1.0,1.0,6.0,3.0,2.0,4.0,4.0,3.018424103989963,185,74,3.0,2.018424103989963
794568949858,2025-09,1,1.0,2.0,1.0,3.0,1.0,2.0,2.0,1.6666666666666667,2.0,1.7491358617488704,185,98,1.0,0.7491358617488704
798863917084,2025-09,11,20.0,14.0,11.0,9.0,9.0,11.0,11.333333333333334,10.833333333333334,14.0,11.049770976387352,186,28,6.0,8.950229023612648
798863917085,2025-09,24,11.0,23.0,17.0,16.0,13.0,24.0,18.666666666666668,18.333333333333332,23.0,20.512511929262388,186,29,12.0,9.512511929262388
798863917096,2025-09,4,4.0,7.0,5.0,5.0,8.0,5.0,5.666666666666667,4.833333333333333,7.0,5.121236346741789,186,40,3.0,1.1212363467417887
798863917097,2025-09,2,4.0,3.0,4.0,1.0,6.0,4.0,2.6666666666666665,4.5,3.0,3.602667930436599,186,41,1.0,0.39733206956340084
798863917099,2025-09,3,7.0,2.0,3.0,1.0,4.0,1.0,2.0,2.3333333333333335,2.0,2.5555480798693404,186,43,5.0,4.44445192013066
798863917100,2025-09,1,5.0,5.0,1.0,1.0,3.0,1.0,2.3333333333333335,2.3333333333333335,5.0,2.194123630491829,186,44,0.0,2.805876369508171
798863917106,2025-09,4,8.0,5.0,2.0,3.0,7.0,9.0,3.3333333333333335,6.666666666666667,5.0,5.768223423268667,186,50,3.0,2.231776576731333
798863917107,2025-09,6,2.0,4.0,4.0,3.0,1.0,5.0,3.6666666666666665,2.8333333333333335,4.0,4.270681771273505,186,51,2.0,2.2706817712735052
798863917108,2025-09,1,1.0,2.0,3.0,2.0,3.0,3.0,2.3333333333333335,2.5,2.0,2.282901160755374,186,52,1.0,1.2829011607553742
798863917112,2025-09,5,18.0,11.0,5.0,7.0,11.0,3.0,7.666666666666667,9.5,11.0,7.353376300645091,186,56,7.0,10.646623699354908
798863917113,2025-09,4,2.0,3.0,2.0,1.0,1.0,6.0,2.0,2.3333333333333335,3.0,3.397602342840715,186,57,1.0,1.397602342840715
798863917114,2025-09,3,9.0,10.0,6.0,4.0,6.0,5.0,6.666666666666667,6.5,10.0,5.637001991928159,186,58,1.0,3.362998008071841
798863917115,2025-09,4,2.0,1.0,2.0,5.0,5.0,3.0,2.6666666666666665,2.5,1.0,3.181762799474484,186,59,1.0,1.181762799474484
798863917129,2025-09,3,2.0,4.0,2.0,4.0,6.0,5.0,3.3333333333333335,3.6666666666666665,4.0,3.8729796425907494,186,73,2.0,1.8729796425907494
798863917130,2025-09,2,1.0,5.0,3.0,3.0,2.0,2.0,3.6666666666666665,2.8333333333333335,5.0,2.8766281559540126,186,74,4.0,1.8766281559540126
798863917131,2025-09,3,2.0,7.0,2.0,1.0,1.0,1.0,3.3333333333333335,2.5,7.0,2.989875588283308,186,75,5.0,0.9898755882833079
798863917158,2025-09,24,22.0,18.0,23.0,22.0,24.0,15.0,21.0,21.666666666666668,18.0,20.895469088319157,186,102,4.0,1.1045309116808433
803158884380,2025-09,1,2.0,3.0,3.0,4.0,3.0,3.0,3.3333333333333335,3.5,3.0,2.7976619505339926,187,28,1.0,0.7976619505339926
803158884381,2025-09,18,14.0,12.0,13.0,12.0,7.0,12.0,12.333333333333334,12.0,12.0,13.42868948640396,187,29,2.0,0.5713105135960408
803158884382,2025-09,4,2.0,5.0,3.0,2.0,5.0,7.0,3.3333333333333335,4.833333333333333,5.0,4.826524157543981,187,30,3.0,2.8265241575439806
803158884383,2025-09,3,5.0,4.0,4.0,4.0,1.0,1.0,4.0,3.5,4.0,3.17924722589503,187,31,1.0,1.82075277410497
803158884394,2025-09,1,3.0,4.0,3.0,1.0,1.0,3.0,2.6666666666666665,2.0,4.0,2.2129096523175633,187,42,1.0,0.7870903476824367
803158884402,2025-09,11,8.0,6.0,7.0,10.0,4.0,6.0,7.666666666666667,8.333333333333334,6.0,8.368658583081473,187,50,2.0,0.3686585830814728
803158884403,2025-09,12,6.0,4.0,7.0,8.0,10.0,7.0,6.333333333333333,7.833333333333333,4.0,8.58405207915683,187,51,2.0,2.58405207915683
803158884404,2025-09,1,1.0,2.0,6.0,5.0,2.0,3.0,4.333333333333333,3.1666666666666665,2.0,2.688846053427177,187,52,1.0,1.6888460534271772
803158884405,2025-09,5,4.0,5.0,4.0,2.0,3.0,2.0,3.6666666666666665,4.333333333333333,5.0,4.275066756987306,187,53,1.0,0.2750667569873064
803158884409,2025-09,9,17.0,8.0,10.0,8.0,9.0,13.0,8.666666666666666,10.5,8.0,9.880147857894393,187,57,9.0,7.119852142105607
803158884410,2025-09,15,17.0,23.0,16.0,14.0,22.0,24.0,17.666666666666668,17.666666666666668,23.0,18.02186989699814,187,58,6.0,1.0218698969981403
803158884411,2025-09,17,26.0,19.0,22.0,34.0,12.0,24.0,25.0,21.166666666666668,19.0,19.830384779847428,187,59,7.0,6.169615220152572
803158884425,2025-09,7,5.0,2.0,5.0,8.0,5.0,5.0,5.0,5.333333333333333,2.0,5.562276568660986,187,73,3.0,0.5622765686609856
803158884426,2025-09,3,1.0,2.0,1.0,3.0,3.0,2.0,2.0,2.1666666666666665,2.0,2.572015205949146,187,74,1.0,1.5720152059491461
803158884432,2025-09,2,3.0,2.0,1.0,2.0,1.0,2.0,1.6666666666666667,1.8333333333333333,2.0,2.0523277489654603,187,80,1.0,0.9476722510345397
803158884450,2025-09,1,1.0,2.0,2.0,1.0,2.0,1.0,1.6666666666666667,1.8333333333333333,2.0,1.6924923518460986,187,98,1.0,0.6924923518460986
807453851676,2025-09,2,2.0,1.0,1.0,1.0,1.0,4.0,1.0,1.1666666666666667,1.0,1.93275374741798,188,28,1.0,0.0672462525820201
807453851677,2025-09,10,6.0,14.0,6.0,9.0,6.0,15.0,9.666666666666666,9.333333333333334,14.0,10.430472457894613,188,29,8.0,4.430472457894613
807453851678,2025-09,15,12.0,14.0,22.0,13.0,11.0,11.0,16.333333333333332,15.333333333333334,14.0,14.35509224840192,188,30,2.0,2.3550922484019203
807453851679,2025-09,5,2.0,1.0,1.0,2.0,1.0,1.0,1.3333333333333333,1.5,1.0,2.559186095469755,188,31,1.0,0.5591860954697552
807453851696,2025-09,6,3.0,5.0,5.0,3.0,3.0,1.0,4.333333333333333,3.5,5.0,4.23469760708069,188,48,2.0,1.2346976070806903
807453851697,2025-09,1,2.0,1.0,3.0,3.0,2.0,2.0,2.3333333333333335,2.0,1.0,1.8740534302192096,188,49,1.0,0.12594656978079044
807453851698,2025-09,14,18.0,9.0,12.0,11.0,8.0,7.0,10.666666666666666,8.333333333333334,9.0,10.091135388305604,188,50,9.0,7.908864611694396
807453851699,2025-09,18,32.0,51.0,44.0,35.0,48.0,37.0,43.333333333333336,43.666666666666664,51.0,35.2510408635867,188,51,19.0,3.2510408635867023
807453851700,2025-09,5,8.0,4.0,8.0,3.0,5.0,1.0,5.0,5.0,4.0,4.547380989829753,188,52,4.0,3.452619010170247
807453851701,2025-09,1,2.0,2.0,3.0,1.0,1.0,5.0,2.0,1.6666666666666667,2.0,2.129675274092012,188,53,0.0,0.12967527409201196
807453851704,2025-09,1,2.0,1.0,4.0,1.0,1.0,1.0,2.0,1.5,1.0,1.5073186466060928,188,56,1.0,0.4926813533939072
807453851705,2025-09,4,4.0,2.0,2.0,1.0,2.0,3.0,1.6666666666666667,2.1666666666666665,2.0,2.9036590977837573,188,57,2.0,1.0963409022162427
807453851706,2025-09,16,30.0,15.0,15.0,15.0,18.0,25.0,15.0,14.666666666666666,15.0,16.368887485051076,188,58,15.0,13.631112514948924
807453851707,2025-09,19,17.0,13.0,17.0,18.0,9.0,9.0,16.0,13.833333333333334,13.0,14.52579660063484,188,59,4.0,2.4742033993651606
807453851708,2025-09,5,7.0,3.0,5.0,10.0,3.0,7.0,6.0,5.5,3.0,5.391885308075303,188,60,4.0,1.6081146919246967
807453851709,2025-09,1,5.0,4.0,5.0,2.0,6.0,9.0,3.6666666666666665,4.0,4.0,3.96041005022738,188,61,1.0,1.03958994977262
807453851710,2025-09,1,1.0,2.0,2.0,2.0,1.0,3.0,2.0,2.0,2.0,1.9879530207432978,188,62,1.0,0.9879530207432978
811748818973,2025-09,1,1.0,1.0,2.0,1.0,1.0,5.0,1.3333333333333333,1.1666666666666667,1.0,1.8130595016745836,189,29,0.0,0.8130595016745836
811748818974,2025-09,6,10.0,19.0,21.0,17.0,8.0,14.0,19.0,13.666666666666666,19.0,12.141696108590647,189,30,9.0,2.141696108590647
811748818975,2025-09,9,2.0,1.0,1.0,4.0,1.0,1.0,2.0,1.8333333333333333,1.0,3.8784031551550058,189,31,1.0,1.8784031551550058
811748818993,2025-09,3,6.0,14.0,1.0,7.0,1.0,5.0,7.333333333333333,6.0,14.0,5.598596128239838,189,49,8.0,0.401403871760162
811748818994,2025-09,25,11.0,12.0,13.0,3.0,8.0,7.0,9.333333333333334,9.333333333333334,12.0,13.629811724927855,189,50,1.0,2.6298117249278548
811748818995,2025-09,21,39.0,33.0,22.0,25.0,25.0,33.0,26.666666666666668,24.5,33.0,24.989023495451242,189,51,6.0,14.010976504548758
811748818996,2025-09,25,41.0,43.0,29.0,43.0,46.0,87.0,38.333333333333336,41.166666666666664,43.0,41.3329286260342,189,52,2.0,0.33292862603420303
811748818997,2025-09,15,11.0,13.0,11.0,18.0,8.0,7.0,14.0,12.166666666666666,13.0,12.302555015771235,189,53,2.0,1.302555015771235
811748818998,2025-09,1,11.0,6.0,5.0,6.0,3.0,6.0,5.666666666666667,5.166666666666667,6.0,4.207564743422667,189,54,5.0,6.792435256577333
811748819000,2025-09,3,1.0,3.0,2.0,2.0,1.0,6.0,2.3333333333333335,2.0,3.0,3.039090938102891,189,56,2.0,2.039090938102891
811748819001,2025-09,4,5.0,2.0,6.0,6.0,1.0,3.0,4.666666666666667,3.1666666666666665,2.0,3.532782257941446,189,57,3.0,1.467217742058554
811748819002,2025-09,13,10.0,6.0,9.0,8.0,10.0,6.0,7.666666666666667,7.5,6.0,8.934598113388178,189,58,4.0,1.0654018866118218
811748819003,2025-09,35,36.0,14.0,15.0,23.0,11.0,17.0,17.333333333333332,14.833333333333334,14.0,20.695888118926717,189,59,22.0,15.304111881073283
811748819004,2025-09,10,8.0,8.0,20.0,18.0,9.0,12.0,15.333333333333334,14.333333333333334,8.0,12.075945471781043,189,60,0.0,4.0759454717810435
811748819006,2025-09,5,3.0,1.0,2.0,3.0,4.0,2.0,2.0,2.8333333333333335,1.0,3.335503013650154,189,62,2.0,0.335503013650154
816043786268,2025-09,7,13.0,10.0,13.0,14.0,13.0,5.0,12.333333333333334,11.5,10.0,9.386697836139456,190,28,3.0,3.613302163860544
816043786269,2025-09,7,4.0,2.0,6.0,1.0,3.0,1.0,3.0,2.8333333333333335,2.0,3.9338443581115614,190,29,2.0,0.06615564188843859
816043786270,2025-09,14,26.0,26.0,12.0,15.0,12.0,14.0,17.666666666666668,16.166666666666668,26.0,15.760961179892838,190,30,0.0,10.239038820107162
816043786271,2025-09,1,2.0,6.0,3.0,2.0,2.0,1.0,3.6666666666666665,2.5,6.0,2.432051574187277,190,31,4.0,0.4320515741872768
816043786288,2025-09,6,4.0,8.0,13.0,3.0,4.0,5.0,8.0,6.0,8.0,6.258483208144796,190,48,4.0,2.2584832081447956
816043786289,2025-09,5,9.0,6.0,8.0,12.0,8.0,6.0,8.666666666666666,8.5,6.0,7.009820976263451,190,49,3.0,1.990179023736549
816043786290,2025-09,11,10.0,11.0,12.0,13.0,11.0,23.0,12.0,11.5,11.0,12.703519796339943,190,50,1.0,2.7035197963399433
816043786291,2025-09,18,10.0,6.0,14.0,18.0,15.0,12.0,12.666666666666666,13.333333333333334,6.0,13.820878354575218,190,51,4.0,3.8208783545752176
816043786292,2025-09,10,12.0,17.0,19.0,7.0,5.0,8.0,14.333333333333334,11.166666666666666,17.0,10.906671046911303,190,52,5.0,1.0933289530886974
816043786293,2025-09,10,1.0,9.0,8.0,5.0,11.0,8.0,7.333333333333333,8.333333333333334,9.0,8.834529101007393,190,53,8.0,7.8345291010073925
816043786294,2025-09,7,2.0,3.0,6.0,3.0,6.0,2.0,4.0,5.0,3.0,5.093244740416154,190,54,1.0,3.0932447404161536
816043786295,2025-09,4,2.0,4.0,4.0,1.0,1.0,1.0,3.0,2.1666666666666665,4.0,2.912200606800064,190,55,2.0,0.9122006068000639
816043786299,2025-09,3,1.0,2.0,4.0,3.0,1.0,3.0,3.0,2.0,2.0,2.672594800710619,190,59,1.0,1.6725948007106188
816043786300,2025-09,23,19.0,13.0,21.0,14.0,17.0,15.0,16.0,14.0,13.0,16.833662933366334,190,60,6.0,2.166337066633666
816043786301,2025-09,4,6.0,12.0,15.0,8.0,6.0,5.0,11.666666666666666,8.833333333333334,12.0,7.4228038549401285,190,61,6.0,1.4228038549401285
820338753564,2025-09,9,3.0,1.0,3.0,4.0,3.0,7.0,2.6666666666666665,3.6666666666666665,1.0,5.401182805795248,191,28,2.0,2.401182805795248
820338753565,2025-09,23,20.0,22.0,24.0,20.0,11.0,20.0,22.0,20.166666666666668,22.0,20.566906514578974,191,29,2.0,0.5669065145789745
820338753566,2025-09,15,18.0,15.0,21.0,18.0,20.0,26.0,18.0,16.333333333333332,15.0,17.20062781019093,191,30,3.0,0.7993721898090698
820338753567,2025-09,8,4.0,3.0,3.0,5.0,5.0,2.0,3.6666666666666665,5.166666666666667,3.0,5.340045147281822,191,31,1.0,1.3400451472818222
820338753570,2025-09,1,2.0,3.0,1.0,1.0,3.0,3.0,1.6666666666666667,2.3333333333333335,3.0,2.2215282873087467,191,34,1.0,0.22152828730874674
820338753584,2025-09,1,1.0,1.0,1.0,3.0,2.0,2.0,1.6666666666666667,1.6666666666666667,1.0,1.6830616275308117,191,48,0.0,0.6830616275308117
820338753586,2025-09,20,18.0,15.0,22.0,20.0,12.0,16.0,19.0,19.0,15.0,18.02146383410814,191,50,3.0,0.02146383410813968
820338753587,2025-09,9,15.0,22.0,28.0,31.0,10.0,24.0,27.0,21.166666666666668,22.0,17.933097762276756,191,51,7.0,2.9330977622767556
820338753588,2025-09,8,10.0,8.0,13.0,12.0,8.0,13.0,11.0,11.666666666666666,8.0,10.204178933434541,191,52,2.0,0.20417893343454097
820338753589,2025-09,3,1.0,7.0,6.0,3.0,12.0,3.0,5.333333333333333,6.166666666666667,7.0,5.176812306480965,191,53,6.0,4.176812306480965
820338753590,2025-09,3,5.0,3.0,4.0,6.0,2.0,8.0,4.333333333333333,4.166666666666667,3.0,4.276096061456914,191,54,2.0,0.7239039385430859
820338753591,2025-09,5,17.0,33.0,14.0,13.0,12.0,7.0,20.0,15.333333333333334,33.0,12.83995306640269,191,55,16.0,4.160046933597309
820338753594,2025-09,1,3.0,3.0,1.0,2.0,2.0,2.0,2.0,2.1666666666666665,3.0,2.0338004278458115,191,58,0.0,0.9661995721541885
820338753604,2025-09,1,1.0,1.0,1.0,1.0,2.0,1.0,1.0,1.1666666666666667,1.0,1.3205570619074365,191,68,0.0,0.3205570619074365
824633720861,2025-09,3,9.0,4.0,4.0,4.0,12.0,10.0,4.0,6.333333333333333,4.0,5.725800123648758,192,29,5.0,3.2741998763512417
824633720862,2025-09,20,26.0,22.0,27.0,17.0,27.0,18.0,22.0,24.5,22.0,21.62717676677736,192,30,4.0,4.37282323322264
824633720863,2025-09,8,10.0,13.0,15.0,13.0,18.0,16.0,13.666666666666666,16.333333333333332,13.0,13.238679307583775,192,31,3.0,3.2386793075837748
824633720864,2025-09,4,3.0,2.0,3.0,4.0,2.0,4.0,3.0,3.0,2.0,3.453160506582792,192,32,1.0,0.45316050658279217
824633720866,2025-09,5,9.0,6.0,5.0,18.0,18.0,13.0,9.666666666666666,9.333333333333334,6.0,8.696326127463692,192,34,3.0,0.30367387253630795
824633720867,2025-09,4,1.0,6.0,4.0,3.0,5.0,2.0,4.333333333333333,4.166666666666667,6.0,4.171168909426891,192,35,5.0,3.171168909426891
824633720882,2025-09,2,2.0,2.0,3.0,3.0,4.0,3.0,2.6666666666666665,3.0,2.0,2.813501533447589,192,50,0.0,0.8135015334475888
824633720883,2025-09,6,17.0,12.0,11.0,7.0,5.0,3.0,10.0,6.833333333333333,12.0,6.8374173424032545,192,51,5.0,10.162582657596746
824633720884,2025-09,7,1.0,1.0,4.0,4.0,4.0,4.0,3.0,3.5,1.0,4.489789192580854,192,52,0.0,3.4897891925808544
824633720886,2025-09,1,1.0,2.0,5.0,5.0,5.0,10.0,4.0,4.5,2.0,4.093727766286752,192,54,1.0,3.0937277662867517
828928688157,2025-09,4,2.0,2.0,1.0,2.0,3.0,3.0,1.6666666666666667,2.1666666666666665,2.0,2.944070740083725,193,29,0.0,0.9440707400837249
828928688158,2025-09,2,3.0,3.0,5.0,1.0,1.0,2.0,3.0,2.8333333333333335,3.0,2.6192498011052567,193,30,0.0,0.38075019889474326
828928688159,2025-09,2,4.0,2.0,8.0,1.0,1.0,4.0,3.6666666666666665,3.1666666666666665,2.0,2.9883034804642996,193,31,2.0,1.0116965195357004
828928688160,2025-09,1,2.0,1.0,3.0,1.0,2.0,1.0,1.6666666666666667,2.3333333333333335,1.0,1.7881464522020032,193,32,1.0,0.2118535477979968
828928688162,2025-09,1,4.0,3.0,6.0,2.0,8.0,4.0,3.6666666666666665,5.833333333333333,3.0,3.9665176721824533,193,34,1.0,0.033482327817546675
828928688163,2025-09,1,1.0,1.0,1.0,1.0,1.0,1.0,1.0,1.5,1.0,1.386789495137199,193,35,0.0,0.38678949513719907
828928688181,2025-09,3,1.0,3.0,9.0,5.0,10.0,4.0,5.666666666666667,5.5,3.0,4.741872853176137,193,53,2.0,3.7418728531761367
828928688183,2025-09,8,3.0,3.0,5.0,3.0,3.0,10.0,3.6666666666666665,5.833333333333333,3.0,6.473965248280598,193,55,0.0,3.4739652482805976
828928688184,2025-09,2,9.0,7.0,4.0,7.0,4.0,14.0,6.0,9.0,7.0,6.908325234261128,193,56,2.0,2.0916747657388717
833223655456,2025-09,3,1.0,3.0,3.0,2.0,5.0,6.0,2.6666666666666665,2.8333333333333335,3.0,3.533491316782847,194,32,2.0,2.533491316782847
833223655459,2025-09,7,1.0,5.0,6.0,3.0,4.0,4.0,4.666666666666667,3.6666666666666665,5.0,5.031203397560843,194,35,4.0,4.031203397560843
833223655472,2025-09,3,5.0,1.0,1.0,3.0,3.0,4.0,1.6666666666666667,2.0,1.0,2.654581181275595,194,48,4.0,2.345418818724405
833223655478,2025-09,3,10.0,7.0,3.0,4.0,8.0,3.0,4.666666666666667,4.333333333333333,7.0,4.306323479337904,194,54,3.0,5.693676520662096
833223655479,2025-09,4,3.0,4.0,1.0,1.0,1.0,1.0,2.0,1.6666666666666667,4.0,2.625712902767468,194,55,1.0,0.37428709723253206
833223655480,2025-09,12,13.0,12.0,26.0,17.0,14.0,10.0,18.333333333333332,16.166666666666668,12.0,13.873034655461476,194,56,1.0,0.8730346554614759
837518622751,2025-09,5,1.0,1.0,1.0,2.0,2.0,1.0,1.3333333333333333,1.8333333333333333,1.0,2.7142317323249276,195,31,0.0,1.7142317323249276
837518622755,2025-09,11,7.0,13.0,7.0,7.0,11.0,14.0,9.0,11.166666666666666,13.0,11.27822348842982,195,35,6.0,4.27822348842982
837518622756,2025-09,2,4.0,2.0,2.0,1.0,1.0,3.0,1.6666666666666667,2.1666666666666665,2.0,2.291144907959886,195,36,2.0,1.708855092040114
837518622762,2025-09,5,2.0,1.0,1.0,1.0,3.0,4.0,1.0,1.8333333333333333,1.0,3.0950064031450726,195,42,1.0,1.0950064031450726
837518622765,2025-09,5,3.0,3.0,2.0,1.0,5.0,1.0,2.0,2.1666666666666665,3.0,3.1830472043797755,195,45,0.0,0.1830472043797755
837518622767,2025-09,1,5.0,1.0,1.0,2.0,1.0,5.0,1.3333333333333333,1.1666666666666667,1.0,1.8090645421618454,195,47,4.0,3.1909354578381546
837518622768,2025-09,2,2.0,2.0,1.0,3.0,1.0,1.0,2.0,2.1666666666666665,2.0,2.0749650438789313,195,48,0.0,0.07496504387893133
837518622773,2025-09,18,19.0,19.0,24.0,23.0,27.0,24.0,22.0,21.5,19.0,20.573533736319497,195,53,0.0,1.5735337363194972
837518622774,2025-09,8,8.0,10.0,12.0,17.0,21.0,25.0,13.0,14.5,10.0,13.573786937921042,195,54,2.0,5.573786937921042
837518622775,2025-09,9,15.0,12.0,13.0,9.0,8.0,6.0,11.333333333333334,9.0,12.0,9.067217367218204,195,55,3.0,5.932782632781796
837518622776,2025-09,1,4.0,6.0,1.0,2.0,2.0,1.0,3.0,2.8333333333333335,6.0,2.462337841583815,195,56,2.0,1.5376621584161851
841813590051,2025-09,9,4.0,4.0,3.0,1.0,7.0,5.0,2.6666666666666665,3.5,4.0,5.498021601808002,196,35,0.0,1.4980216018080021
841813590063,2025-09,1,1.0,2.0,1.0,1.0,1.0,3.0,1.3333333333333333,1.1666666666666667,2.0,1.6349976250039369,196,47,1.0,0.6349976250039369
841813590069,2025-09,30,15.0,31.0,20.0,25.0,11.0,12.0,25.333333333333332,20.166666666666668,31.0,22.57634686764042,196,53,16.0,7.576346867640421
841813590070,2025-09,15,12.0,11.0,10.0,13.0,11.0,8.0,11.333333333333334,11.666666666666666,11.0,11.951954255649248,196,54,1.0,0.04804574435075182
841813590071,2025-09,15,25.0,21.0,37.0,18.0,26.0,25.0,25.333333333333332,26.166666666666668,21.0,21.912442947732742,196,55,4.0,3.0875570522672575
841813590072,2025-09,3,1.0,2.0,2.0,2.0,3.0,2.0,2.0,2.5,2.0,2.6866492005043527,196,56,1.0,1.6866492005043527
846108557351,2025-09,1,3.0,1.0,5.0,1.0,1.0,1.0,2.3333333333333335,1.8333333333333333,1.0,1.6581340654715255,197,39,2.0,1.3418659345284745
846108557366,2025-09,4,4.0,12.0,10.0,7.0,5.0,8.0,9.666666666666666,9.333333333333334,12.0,7.679841955583739,197,54,8.0,3.679841955583739
846108557367,2025-09,5,15.0,11.0,15.0,18.0,8.0,13.0,14.666666666666666,14.0,11.0,10.755374618314644,197,55,4.0,4.244625381685356
850403524663,2025-09,7,17.0,18.0,24.0,11.0,9.0,7.0,17.666666666666668,14.0,18.0,11.50447315795362,198,55,1.0,5.495526842046379
850403524664,2025-09,9,12.0,22.0,10.0,15.0,5.0,10.0,15.666666666666666,10.5,22.0,11.129973631928173,198,56,10.0,0.8700263680718265
854698491941,2025-09,2,3.0,2.0,1.0,2.0,2.0,1.0,1.6666666666666667,2.8333333333333335,2.0,2.304468291466346,199,37,1.0,0.6955317085336539
854698491958,2025-09,4,5.0,8.0,12.0,8.0,11.0,8.0,9.333333333333334,11.5,8.0,8.340046142069113,199,54,3.0,3.340046142069113
854698491959,2025-09,4,3.0,7.0,11.0,8.0,4.0,5.0,8.666666666666666,7.0,7.0,6.012366243135473,199,55,4.0,3.0123662431354727
