cell_id,month,count,target_next_count,lag_1,lag_2,lag_3,lag_6,lag_12,roll3_mean,roll6_mean,pred_lag1,pred_ridge,cell_x,cell_y,abs_err_lag1,abs_err_ridge
330712481852,2025-08,1,1.0,3.0,4.0,3.0,1.0,4.0,3.3333333333333335,3.1666666666666665,3.0,2.7364003664319716,77,60,2.0,1.7364003664319716
335007449148,2025-08,5,5.0,7.0,14.0,11.0,3.0,12.0,10.666666666666666,7.333333333333333,7.0,7.484867986005928,78,60,2.0,2.484867986005928
339302416444,2025-08,2,4.0,3.0,5.0,6.0,4.0,13.0,4.666666666666667,3.6666666666666665,3.0,4.603175527343073,79,60,1.0,0.6031755273430726
339302416445,2025-08,1,1.0,1.0,3.0,1.0,1.0,1.0,1.6666666666666667,3.3333333333333335,1.0,2.075119485061821,79,61,0.0,1.0751194850618209
343597383740,2025-08,1,1.0,6.0,1.0,3.0,1.0,2.0,3.3333333333333335,2.5,6.0,2.4847420515436607,80,60,5.0,1.4847420515436607
352187318331,2025-08,3,7.0,4.0,10.0,8.0,3.0,5.0,7.333333333333333,6.166666666666667,4.0,5.032915986074991,82,59,3.0,1.9670840139250094
356482285622,2025-08,2,1.0,1.0,1.0,1.0,1.0,1.0,1.0,1.3333333333333333,1.0,1.6221561064179362,83,54,0.0,0.6221561064179362
356482285625,2025-08,1,3.0,6.0,4.0,11.0,2.0,4.0,7.0,5.0,6.0,4.01163563351394,83,57,3.0,1.01163563351394
356482285626,2025-08,7,4.0,5.0,4.0,3.0,1.0,4.0,4.0,3.6666666666666665,5.0,4.855329279860318,83,58,1.0,0.8553292798603183
360777252914,2025-08,3,2.0,4.0,3.0,1.0,3.0,1.0,2.6666666666666665,2.1666666666666665,4.0,2.6775627532603314,84,50,2.0,0.6775627532603314
360777252916,2025-08,3,1.0,3.0,4.0,5.0,1.0,3.0,4.0,3.6666666666666665,3.0,3.4231025174284975,84,52,2.0,2.4231025174284975
360777252917,2025-08,1,3.0,2.0,2.0,1.0,2.0,1.0,1.6666666666666667,1.8333333333333333,2.0,1.6895901242908575,84,53,1.0,1.3104098757091425
360777252918,2025-08,2,1.0,4.0,3.0,2.0,6.0,3.0,3.0,3.0,4.0,3.076640267432908,84,54,3.0,2.076640267432908
360777252919,2025-08,8,8.0,11.0,5.0,8.0,7.0,2.0,8.0,11.0,11.0,8.459350656881208,84,55,3.0,0.4593506568812078
360777252921,2025-08,6,4.0,10.0,8.0,8.0,4.0,4.0,8.666666666666666,7.166666666666667,10.0,6.741808695737551,84,57,6.0,2.741808695737551
360777252922,2025-08,11,8.0,10.0,10.0,9.0,2.0,12.0,9.666666666666666,7.666666666666667,10.0,9.401400016289116,84,58,2.0,1.4014000162891165
365072220210,2025-08,1,2.0,1.0,1.0,2.0,1.0,1.0,1.3333333333333333,1.1666666666666667,1.0,1.3146235788507301,85,50,1.0,0.6853764211492699
365072220215,2025-08,3,6.0,3.0,2.0,5.0,5.0,8.0,3.3333333333333335,3.6666666666666665,3.0,4.144690409157205,85,55,3.0,1.8553095908427952
365072220216,2025-08,34,29.0,33.0,16.0,15.0,19.0,12.0,21.333333333333332,20.666666666666668,33.0,24.04740212522102,85,56,4.0,4.952597874778981
365072220217,2025-08,5,13.0,10.0,6.0,15.0,12.0,11.0,10.333333333333334,11.833333333333334,10.0,9.395528851344796,85,57,3.0,3.604471148655204
369367187512,2025-08,13,15.0,25.0,16.0,12.0,9.0,23.0,17.666666666666668,15.5,25.0,16.284322157643366,86,56,10.0,1.2843221576433663
373662154808,2025-08,1,3.0,5.0,2.0,3.0,2.0,2.0,3.3333333333333335,2.6666666666666665,5.0,2.5041953872851996,87,56,2.0,0.49580461271480036
373662154809,2025-08,8,4.0,5.0,3.0,3.0,8.0,1.0,3.6666666666666665,4.333333333333333,5.0,5.2200229338568445,87,57,1.0,1.2200229338568445
399431958589,2025-08,1,1.0,3.0,1.0,2.0,1.0,3.0,2.0,1.5,3.0,1.9059733793977465,93,61,2.0,0.9059733793977465
408021893182,2025-08,6,4.0,7.0,6.0,5.0,4.0,10.0,6.0,5.0,7.0,6.26676430918031,95,62,3.0,2.26676430918031
408021893183,2025-08,6,1.0,1.0,1.0,4.0,5.0,1.0,2.0,2.5,1.0,3.42761316113061,95,63,0.0,2.42761316113061
412316860477,2025-08,6,6.0,3.0,5.0,9.0,1.0,5.0,5.666666666666667,4.5,3.0,5.000956558899029,96,61,3.0,0.9990434411009712
412316860478,2025-08,20,19.0,14.0,30.0,27.0,9.0,18.0,23.666666666666668,18.833333333333332,14.0,18.593777810535553,96,62,5.0,0.4062221894644473
412316860479,2025-08,6,2.0,7.0,4.0,9.0,3.0,2.0,6.666666666666667,4.666666666666667,7.0,5.16431363464017,96,63,5.0,3.1643136346401697
412316860484,2025-08,2,1.0,1.0,1.0,3.0,1.0,1.0,1.6666666666666667,1.3333333333333333,1.0,1.6940539829347383,96,68,0.0,0.6940539829347383
416611827774,2025-08,3,2.0,4.0,5.0,1.0,3.0,3.0,3.3333333333333335,2.6666666666666665,4.0,3.1737622060964252,97,62,2.0,1.1737622060964252
420906795063,2025-08,2,1.0,1.0,1.0,1.0,2.0,1.0,1.0,1.3333333333333333,1.0,1.6613994468914122,98,55,0.0,0.6613994468914122
420906795072,2025-08,1,3.0,1.0,1.0,1.0,1.0,4.0,1.0,1.1666666666666667,1.0,1.6618616268479407,98,64,2.0,1.3381383731520593
425201762359,2025-08,1,1.0,1.0,1.0,1.0,1.0,1.0,1.0,1.1666666666666667,1.0,1.27867464059233,99,55,0.0,0.27867464059232994
425201762361,2025-08,2,3.0,1.0,1.0,3.0,2.0,1.0,1.6666666666666667,1.8333333333333333,1.0,1.9000083381493553,99,57,2.0,1.0999916618506447
425201762362,2025-08,1,1.0,2.0,3.0,2.0,3.0,2.0,2.3333333333333335,2.8333333333333335,2.0,2.2629486515524917,99,58,1.0,1.2629486515524917
425201762363,2025-08,5,2.0,1.0,1.0,4.0,3.0,5.0,2.0,3.8333333333333335,1.0,4.016694040255622,99,59,1.0,2.016694040255622
425201762364,2025-08,2,4.0,1.0,3.0,2.0,1.0,2.0,2.0,1.6666666666666667,1.0,1.971005163846847,99,60,3.0,2.028994836153153
429496729659,2025-08,4,5.0,3.0,4.0,5.0,2.0,5.0,4.0,3.8333333333333335,3.0,4.061285314564653,100,59,2.0,0.9387146854353468
429496729660,2025-08,11,5.0,10.0,19.0,16.0,11.0,12.0,15.0,13.333333333333334,10.0,12.228761161419255,100,60,5.0,7.228761161419255
429496729682,2025-08,1,1.0,1.0,1.0,1.0,2.0,1.0,1.0,1.5,1.0,1.4290586575598994,100,82,0.0,0.42905865755989936
433791696956,2025-08,1,1.0,7.0,2.0,3.0,4.0,5.0,4.0,4.0,7.0,3.6351828936799837,101,60,6.0,2.6351828936799837
438086664272,2025-08,1,1.0,2.0,1.0,1.0,2.0,1.0,1.3333333333333333,1.3333333333333333,2.0,1.4858638859207751,102,80,1.0,0.4858638859207751
438086664288,2025-08,2,3.0,1.0,10.0,15.0,1.0,2.0,8.666666666666666,6.833333333333333,1.0,4.4201284122670925,102,96,2.0,1.4201284122670925
442381631518,2025-08,2,1.0,1.0,2.0,1.0,2.0,2.0,1.3333333333333333,2.0,1.0,2.0484250189270767,103,30,0.0,1.0484250189270767
442381631565,2025-08,1,2.0,2.0,1.0,1.0,2.0,1.0,1.3333333333333333,2.0,2.0,1.7081452389089637,103,77,0.0,0.29185476109103625
442381631570,2025-08,2,3.0,3.0,4.0,5.0,1.0,5.0,4.0,3.1666666666666665,3.0,3.2239383659458705,103,82,0.0,0.22393836594587047
442381631573,2025-08,3,5.0,8.0,2.0,11.0,1.0,5.0,7.0,6.0,8.0,5.160086259056371,103,85,3.0,0.16008625905637075
442381631574,2025-08,3,5.0,1.0,1.0,1.0,1.0,1.0,1.0,1.6666666666666667,1.0,2.021207910490592,103,86,4.0,2.978792089509408
442381631584,2025-08,5,5.0,9.0,3.0,2.0,3.0,2.0,4.666666666666667,3.5,9.0,4.423503481110381,103,96,4.0,0.576496518889619
442381631585,2025-08,7,14.0,6.0,14.0,24.0,15.0,15.0,14.666666666666666,14.833333333333334,6.0,11.770423164968767,103,97,8.0,2.2295768350312333
446676598827,2025-08,1,3.0,4.0,1.0,1.0,1.0,3.0,2.0,1.5,4.0,1.9824000077472679,104,43,1.0,1.0175999922527321
446676598828,2025-08,2,1.0,6.0,1.0,2.0,2.0,2.0,3.0,2.6666666666666665,6.0,2.8315179195843427,104,44,5.0,1.8315179195843427
446676598830,2025-08,1,3.0,1.0,7.0,4.0,1.0,1.0,4.0,2.8333333333333335,1.0,2.1643161796116406,104,46,2.0,0.8356838203883594
446676598834,2025-08,1,1.0,1.0,1.0,2.0,1.0,1.0,1.3333333333333333,1.8333333333333333,1.0,1.5369049318389187,104,50,0.0,0.5369049318389187
446676598861,2025-08,3,6.0,2.0,10.0,3.0,1.0,4.0,5.0,4.333333333333333,2.0,3.8109307644841346,104,77,4.0,2.1890692355158654
446676598862,2025-08,2,1.0,4.0,1.0,6.0,5.0,5.0,3.6666666666666665,4.0,4.0,3.6960422530545127,104,78,3.0,2.6960422530545127
446676598865,2025-08,8,4.0,6.0,7.0,5.0,5.0,7.0,6.0,5.333333333333333,6.0,6.534423252070405,104,81,2.0,2.534423252070405
446676598866,2025-08,4,5.0,4.0,5.0,3.0,4.0,3.0,4.0,3.8333333333333335,4.0,3.9618069183945916,104,82,1.0,1.0381930816054084
446676598867,2025-08,2,3.0,1.0,6.0,4.0,1.0,2.0,3.6666666666666665,3.1666666666666665,1.0,2.654081755473891,104,83,2.0,0.34591824452610886
446676598869,2025-08,1,4.0,3.0,4.0,6.0,3.0,7.0,4.333333333333333,4.333333333333333,3.0,3.6949132161390654,104,85,1.0,0.3050867838609346
446676598874,2025-08,3,1.0,1.0,1.0,1.0,5.0,1.0,1.0,1.8333333333333333,1.0,2.23375161063154,104,90,0.0,1.2337516106315398
446676598880,2025-08,2,4.0,6.0,6.0,6.0,5.0,1.0,6.0,5.333333333333333,6.0,4.039516228717285,104,96,2.0,0.039516228717284996
446676598881,2025-08,4,2.0,4.0,1.0,2.0,4.0,2.0,2.3333333333333335,2.5,4.0,3.2055053842255194,104,97,2.0,1.2055053842255194
446676598884,2025-08,1,2.0,1.0,2.0,1.0,1.0,1.0,1.3333333333333333,1.3333333333333333,1.0,1.3712602024683171,104,100,1.0,0.6287397975316829
450971566126,2025-08,4,1.0,2.0,6.0,3.0,6.0,2.0,3.6666666666666665,3.6666666666666665,2.0,3.6692583560890526,105,46,1.0,2.6692583560890526
450971566127,2025-08,3,7.0,15.0,6.0,11.0,1.0,5.0,10.666666666666666,7.0,15.0,6.428198149309874,105,47,8.0,0.5718018506901261
450971566130,2025-08,4,3.0,2.0,1.0,1.0,5.0,6.0,1.3333333333333333,1.8333333333333333,2.0,3.272683281910707,105,50,1.0,0.272683281910707
450971566134,2025-08,2,2.0,3.0,2.0,3.0,2.0,2.0,2.6666666666666665,3.0,3.0,2.6784960581420068,105,54,1.0,0.6784960581420068
450971566137,2025-08,1,2.0,1.0,2.0,2.0,1.0,1.0,1.6666666666666667,1.3333333333333333,1.0,1.4072091407267173,105,57,1.0,0.5927908592732827
450971566138,2025-08,2,3.0,5.0,7.0,7.0,3.0,6.0,6.333333333333333,6.333333333333333,5.0,4.893685149624718,105,58,2.0,1.8936851496247176
450971566139,2025-08,4,1.0,1.0,1.0,2.0,2.0,2.0,1.3333333333333333,1.8333333333333333,1.0,2.5676106504666105,105,59,0.0,1.5676106504666105
450971566140,2025-08,1,3.0,1.0,2.0,1.0,2.0,1.0,1.3333333333333333,1.3333333333333333,1.0,1.4105035429417931,105,60,2.0,1.5894964570582069
450971566141,2025-08,1,1.0,2.0,1.0,1.0,2.0,1.0,1.3333333333333333,1.3333333333333333,2.0,1.4858638859207751,105,61,1.0,0.4858638859207751
450971566161,2025-08,8,2.0,4.0,6.0,4.0,2.0,2.0,4.666666666666667,3.3333333333333335,4.0,4.813488899489544,105,81,2.0,2.8134888994895437
450971566162,2025-08,9,12.0,8.0,11.0,7.0,11.0,6.0,8.666666666666666,8.333333333333334,8.0,8.375041419766534,105,82,4.0,3.624958580233466
450971566163,2025-08,1,4.0,2.0,5.0,4.0,1.0,1.0,3.6666666666666665,2.8333333333333335,2.0,2.202661298961683,105,83,2.0,1.797338701038317
450971566165,2025-08,4,4.0,4.0,6.0,10.0,2.0,4.0,6.666666666666667,5.333333333333333,4.0,4.799840068527345,105,85,0.0,0.7998400685273452
450971566166,2025-08,3,6.0,2.0,1.0,6.0,1.0,1.0,3.0,3.8333333333333335,2.0,3.0357425656021295,105,86,4.0,2.9642574343978705
450971566176,2025-08,1,5.0,8.0,4.0,2.0,1.0,6.0,4.666666666666667,3.1666666666666665,8.0,3.517787252050261,105,96,3.0,1.4822127479497391
450971566177,2025-08,4,2.0,1.0,2.0,1.0,1.0,3.0,1.3333333333333333,1.5,1.0,2.5460219142881177,105,97,1.0,0.5460219142881177
450971566179,2025-08,8,5.0,2.0,5.0,7.0,3.0,1.0,4.666666666666667,4.833333333333333,2.0,5.071216746698321,105,99,3.0,0.07121674669832068
450971566180,2025-08,5,4.0,19.0,14.0,7.0,3.0,9.0,13.333333333333334,9.166666666666666,19.0,8.917665766729309,105,100,15.0,4.917665766729309
450971566181,2025-08,2,5.0,3.0,2.0,3.0,1.0,2.0,2.6666666666666665,2.0,3.0,2.3058306881862496,105,101,2.0,2.6941693118137504
455266533425,2025-08,1,3.0,1.0,1.0,1.0,1.0,1.0,1.0,1.6666666666666667,1.0,1.445385655333471,106,49,2.0,1.554614344666529
455266533427,2025-08,1,1.0,2.0,1.0,1.0,1.0,1.0,1.3333333333333333,1.1666666666666667,2.0,1.3910502072002533,106,51,1.0,0.3910502072002533
455266533428,2025-08,5,1.0,6.0,3.0,4.0,1.0,2.0,4.333333333333333,3.0,6.0,3.913076962115322,106,52,5.0,2.913076962115322
455266533429,2025-08,15,2.0,6.0,3.0,4.0,1.0,3.0,4.333333333333333,4.166666666666667,6.0,7.308909601048786,106,53,4.0,5.308909601048786
455266533430,2025-08,20,15.0,14.0,25.0,15.0,15.0,19.0,18.0,14.333333333333334,14.0,16.84010433887917,106,54,1.0,1.8401043388791685
455266533432,2025-08,2,4.0,2.0,3.0,1.0,1.0,2.0,2.0,1.6666666666666667,2.0,2.0474317921963703,106,56,2.0,1.9525682078036297
455266533433,2025-08,1,2.0,1.0,1.0,1.0,2.0,3.0,1.0,1.1666666666666667,1.0,1.5733759719028804,106,57,1.0,0.42662402809711963
455266533435,2025-08,1,3.0,1.0,6.0,1.0,1.0,2.0,2.6666666666666665,2.0,1.0,1.8693314453907988,106,59,2.0,1.1306685546092012
455266533436,2025-08,1,3.0,2.0,2.0,3.0,3.0,4.0,2.3333333333333335,2.0,2.0,2.2394886657837922,106,60,1.0,0.7605113342162078
455266533458,2025-08,1,3.0,2.0,1.0,1.0,1.0,3.0,1.3333333333333333,1.3333333333333333,2.0,1.7020785362843736,106,82,1.0,1.2979214637156264
455266533459,2025-08,5,6.0,6.0,8.0,4.0,2.0,3.0,6.0,4.666666666666667,6.0,4.820828798622502,106,83,0.0,1.179171201377498
455266533462,2025-08,11,4.0,6.0,6.0,12.0,4.0,9.0,8.0,6.0,6.0,8.051279982337737,106,86,2.0,4.0512799823377375
455266533463,2025-08,7,1.0,2.0,1.0,1.0,1.0,1.0,1.3333333333333333,1.1666666666666667,2.0,3.118516972671612,106,87,1.0,2.118516972671612
455266533464,2025-08,10,5.0,6.0,3.0,6.0,2.0,2.0,5.0,4.333333333333333,6.0,5.908336522974774,106,88,1.0,0.908336522974774
455266533466,2025-08,10,7.0,13.0,16.0,9.0,14.0,15.0,12.666666666666666,12.166666666666666,13.0,12.027213134915549,106,90,6.0,5.027213134915549
455266533467,2025-08,3,10.0,10.0,9.0,9.0,4.0,5.0,9.333333333333334,8.666666666666666,10.0,6.578901514531171,106,91,0.0,3.4210984854688293
455266533475,2025-08,13,4.0,7.0,5.0,5.0,3.0,6.0,5.666666666666667,5.0,7.0,7.694967656453667,106,99,3.0,3.6949676564536666
455266533476,2025-08,9,10.0,16.0,7.0,14.0,14.0,6.0,12.333333333333334,11.166666666666666,16.0,10.440053397543192,106,100,6.0,0.44005339754319195
455266533477,2025-08,10,19.0,13.0,5.0,11.0,9.0,16.0,9.666666666666666,9.166666666666666,13.0,10.623189756118327,106,101,6.0,8.376810243881673
459561500701,2025-08,2,1.0,1.0,1.0,1.0,2.0,1.0,1.0,1.3333333333333333,1.0,1.6613994468914122,107,29,0.0,0.6613994468914122
459561500702,2025-08,1,2.0,1.0,2.0,3.0,2.0,3.0,2.0,2.3333333333333335,1.0,2.07128143977795,107,30,1.0,0.07128143977794998
459561500703,2025-08,16,10.0,5.0,7.0,4.0,7.0,4.0,5.333333333333333,5.333333333333333,5.0,8.3846874625239,107,31,5.0,1.6153125374761004
459561500713,2025-08,1,1.0,2.0,1.0,1.0,1.0,1.0,1.3333333333333333,1.5,2.0,1.5021908836943467,107,41,1.0,0.5021908836943467
459561500725,2025-08,1,2.0,1.0,1.0,1.0,1.0,2.0,1.0,1.1666666666666667,1.0,1.406403636010868,107,53,1.0,0.593596363989132
459561500726,2025-08,13,14.0,3.0,10.0,19.0,11.0,19.0,10.666666666666666,11.5,3.0,12.0754934996479,107,54,11.0,1.9245065003521002
459561500736,2025-08,3,1.0,3.0,1.0,1.0,1.0,1.0,1.6666666666666667,1.3333333333333333,3.0,2.1348183672123433,107,64,2.0,1.1348183672123433
459561500755,2025-08,6,1.0,8.0,3.0,5.0,3.0,3.0,5.333333333333333,4.666666666666667,8.0,5.223607220004086,107,83,7.0,4.223607220004086
459561500757,2025-08,2,2.0,4.0,3.0,2.0,1.0,1.0,3.0,3.0,4.0,2.6249655742284563,107,85,2.0,0.6249655742284563
459561500758,2025-08,34,27.0,24.0,31.0,53.0,17.0,32.0,36.0,28.833333333333332,24.0,30.156349835532122,107,86,3.0,3.1563498355321222
459561500759,2025-08,3,2.0,3.0,3.0,1.0,6.0,7.0,2.3333333333333335,3.0,3.0,3.727142871819292,107,87,1.0,1.727142871819292
459561500760,2025-08,6,4.0,7.0,4.0,11.0,2.0,6.0,7.333333333333333,6.166666666666667,7.0,6.208017196581066,107,88,3.0,2.208017196581066
459561500761,2025-08,6,3.0,10.0,6.0,11.0,7.0,3.0,9.0,9.0,10.0,7.37689980997428,107,89,7.0,4.37689980997428
459561500762,2025-08,16,16.0,21.0,15.0,21.0,13.0,23.0,19.0,20.333333333333332,21.0,18.753591665702288,107,90,5.0,2.753591665702288
459561500763,2025-08,27,19.0,22.0,21.0,19.0,19.0,28.0,20.666666666666668,21.333333333333332,22.0,23.390710150347026,107,91,3.0,4.390710150347026
459561500765,2025-08,2,1.0,2.0,2.0,4.0,1.0,1.0,2.6666666666666665,2.5,2.0,2.268386079159331,107,93,1.0,1.268386079159331
463856467999,2025-08,8,8.0,6.0,11.0,10.0,3.0,4.0,9.0,7.666666666666667,6.0,7.178539906134263,108,31,2.0,0.8214600938657366
463856468000,2025-08,1,2.0,3.0,2.0,2.0,1.0,1.0,2.3333333333333335,1.8333333333333333,3.0,1.798671288683705,108,32,1.0,0.20132871131629493
463856468021,2025-08,1,2.0,1.0,3.0,1.0,1.0,4.0,1.6666666666666667,1.5,1.0,1.8470327505999151,108,53,1.0,0.15296724940008488
463856468022,2025-08,4,13.0,11.0,7.0,4.0,6.0,5.0,7.333333333333333,5.833333333333333,11.0,5.859204000914923,108,54,2.0,7.140795999085077
463856468023,2025-08,2,1.0,2.0,2.0,1.0,2.0,1.0,1.6666666666666667,1.8333333333333333,2.0,1.9775012518694162,108,55,1.0,0.9775012518694162
463856468024,2025-08,3,3.0,5.0,3.0,8.0,6.0,3.0,5.333333333333333,5.333333333333333,5.0,4.470605326628453,108,56,2.0,1.4706053266284531
463856468030,2025-08,1,3.0,3.0,2.0,2.0,1.0,1.0,2.3333333333333335,1.6666666666666667,3.0,1.7431009504366575,108,62,0.0,1.2568990495633425
463856468032,2025-08,8,2.0,4.0,1.0,9.0,7.0,1.0,4.666666666666667,5.5,4.0,5.5990595767973,108,64,2.0,3.5990595767973
463856468049,2025-08,1,1.0,2.0,3.0,1.0,1.0,2.0,2.0,1.6666666666666667,2.0,1.7595206646178099,108,81,1.0,0.7595206646178099
463856468053,2025-08,3,3.0,4.0,1.0,4.0,1.0,3.0,3.0,2.3333333333333335,4.0,2.9439207689148255,108,85,1.0,0.05607923108517454
463856468054,2025-08,8,7.0,3.0,3.0,6.0,7.0,9.0,4.0,5.833333333333333,3.0,6.585840282514443,108,86,4.0,0.4141597174855569
463856468055,2025-08,19,18.0,32.0,14.0,33.0,13.0,22.0,26.333333333333332,23.0,32.0,22.009224733131205,108,87,14.0,4.009224733131205
463856468056,2025-08,7,11.0,11.0,12.0,15.0,11.0,21.0,12.666666666666666,12.166666666666666,11.0,11.655005305089464,108,88,0.0,0.655005305089464
463856468057,2025-08,25,15.0,25.0,21.0,31.0,12.0,31.0,25.666666666666668,24.333333333333332,25.0,24.69215154550261,108,89,10.0,9.692151545502611
463856468058,2025-08,32,22.0,48.0,25.0,18.0,27.0,27.0,30.333333333333332,28.5,48.0,30.439884749295476,108,90,26.0,8.439884749295476
463856468059,2025-08,10,14.0,9.0,13.0,6.0,7.0,9.0,9.333333333333334,9.333333333333334,9.0,9.373045276796486,108,91,5.0,4.626954723203514
463856468060,2025-08,1,1.0,1.0,3.0,1.0,2.0,3.0,1.6666666666666667,1.5,1.0,1.758547095654853,108,92,0.0,0.758547095654853
463856468061,2025-08,7,5.0,2.0,8.0,2.0,6.0,2.0,4.0,4.333333333333333,2.0,4.793354600812398,108,93,3.0,0.20664539918760205
463856468062,2025-08,2,2.0,1.0,1.0,1.0,1.0,1.0,1.0,1.0,1.0,1.5110154299238445,108,94,1.0,0.4889845700761555
468151435295,2025-08,1,2.0,2.0,1.0,1.0,1.0,3.0,1.3333333333333333,1.1666666666666667,2.0,1.6465081980373277,109,31,0.0,0.35349180196267227
468151435296,2025-08,1,1.0,1.0,1.0,1.0,1.0,1.0,1.0,1.1666666666666667,1.0,1.27867464059233,109,32,0.0,0.27867464059232994
468151435318,2025-08,11,7.0,19.0,11.0,15.0,12.0,8.0,15.0,14.833333333333334,19.0,12.936530936623397,109,54,12.0,5.936530936623397
468151435319,2025-08,20,22.0,19.0,15.0,8.0,15.0,24.0,14.0,14.166666666666666,19.0,17.36326200666622,109,55,3.0,4.636737993333782
468151435320,2025-08,19,8.0,16.0,5.0,7.0,7.0,5.0,9.333333333333334,9.5,16.0,12.035355897058771,109,56,8.0,4.035355897058771
468151435321,2025-08,6,4.0,5.0,3.0,2.0,2.0,1.0,3.3333333333333335,2.8333333333333335,5.0,3.872658653377048,109,57,1.0,0.12734134662295205
468151435323,2025-08,3,1.0,3.0,3.0,2.0,3.0,3.0,2.6666666666666665,3.5,3.0,3.301156821724259,109,59,2.0,2.301156821724259
468151435325,2025-08,1,1.0,1.0,2.0,1.0,1.0,1.0,1.3333333333333333,1.1666666666666667,1.0,1.3156898642212695,109,61,0.0,0.31568986422126954
468151435328,2025-08,16,31.0,28.0,11.0,20.0,11.0,15.0,19.666666666666668,18.666666666666668,28.0,17.700188772417874,109,64,3.0,13.299811227582126
468151435329,2025-08,2,1.0,1.0,1.0,3.0,1.0,6.0,1.6666666666666667,2.3333333333333335,1.0,2.6661209895097038,109,65,0.0,1.6661209895097038
468151435350,2025-08,5,3.0,5.0,4.0,2.0,2.0,2.0,3.6666666666666665,2.6666666666666665,5.0,3.6939214065989177,109,86,2.0,0.6939214065989177
468151435351,2025-08,9,4.0,9.0,22.0,6.0,2.0,4.0,12.333333333333334,8.5,9.0,8.305557791183086,109,87,5.0,4.305557791183086
468151435352,2025-08,20,22.0,27.0,19.0,19.0,23.0,20.0,21.666666666666668,21.833333333333332,27.0,21.16503205636559,109,88,5.0,0.8349679436344104
468151435353,2025-08,40,41.0,23.0,31.0,27.0,23.0,25.0,27.0,26.833333333333332,23.0,29.511281655623673,109,89,18.0,11.488718344376327
468151435354,2025-08,30,37.0,36.0,48.0,40.0,34.0,40.0,41.333333333333336,36.333333333333336,36.0,34.70476870136022,109,90,1.0,2.295231298639777
468151435355,2025-08,20,18.0,10.0,24.0,8.0,16.0,33.0,14.0,16.5,10.0,18.651807954554332,109,91,8.0,0.6518079545543323
468151435356,2025-08,3,17.0,10.0,11.0,7.0,9.0,14.0,9.333333333333334,10.166666666666666,10.0,8.42694479062988,109,92,7.0,8.57305520937012
468151435357,2025-08,2,8.0,4.0,6.0,2.0,2.0,5.0,4.0,5.333333333333333,4.0,4.064155302721556,109,93,4.0,3.935844697278444
472446402594,2025-08,3,1.0,1.0,2.0,2.0,1.0,2.0,1.6666666666666667,1.5,1.0,2.166330729549422,110,34,0.0,1.166330729549422
472446402615,2025-08,16,15.0,17.0,15.0,16.0,8.0,16.0,16.0,14.666666666666666,17.0,15.144633537281855,110,55,2.0,0.14463353728185524
472446402616,2025-08,3,10.0,8.0,4.0,6.0,3.0,4.0,6.0,5.666666666666667,8.0,4.893989024056566,110,56,2.0,5.106010975943434
472446402618,2025-08,2,2.0,5.0,12.0,6.0,6.0,5.0,7.666666666666667,6.0,5.0,4.921672679018811,110,58,3.0,2.921672679018811
472446402619,2025-08,3,4.0,1.0,3.0,2.0,4.0,3.0,2.0,3.0,1.0,2.9489380142407473,110,59,3.0,1.0510619857592527
472446402620,2025-08,4,2.0,6.0,4.0,12.0,8.0,8.0,7.333333333333333,8.166666666666666,6.0,6.713530405716914,110,60,4.0,4.713530405716914
472446402621,2025-08,1,2.0,1.0,6.0,4.0,2.0,2.0,3.6666666666666665,3.0,1.0,2.349843630121761,110,61,1.0,0.3498436301217609
472446402623,2025-08,8,3.0,2.0,2.0,2.0,1.0,1.0,2.0,1.6666666666666667,2.0,3.6461032768786534,110,63,1.0,0.6461032768786534
472446402624,2025-08,9,17.0,20.0,13.0,9.0,16.0,12.0,14.0,14.333333333333334,20.0,12.832599394608584,110,64,3.0,4.167400605391416
472446402625,2025-08,5,2.0,4.0,3.0,1.0,4.0,1.0,2.6666666666666665,2.8333333333333335,4.0,3.514909701879116,110,65,2.0,1.514909701879116
472446402640,2025-08,1,1.0,1.0,1.0,1.0,1.0,1.0,1.0,1.1666666666666667,1.0,1.27867464059233,110,80,0.0,0.27867464059232994
472446402647,2025-08,12,6.0,12.0,7.0,6.0,5.0,5.0,8.333333333333334,6.166666666666667,12.0,8.418663800688746,110,87,6.0,2.418663800688746
472446402648,2025-08,14,12.0,20.0,12.0,8.0,11.0,13.0,13.333333333333334,13.333333333333334,20.0,13.79728113418292,110,88,8.0,1.7972811341829207
472446402649,2025-08,30,27.0,30.0,21.0,30.0,42.0,35.0,27.0,33.333333333333336,30.0,31.34665053939558,110,89,3.0,4.346650539395579
472446402650,2025-08,94,85.0,132.0,96.0,96.0,68.0,104.0,108.0,99.0,132.0,98.11238300118242,110,90,47.0,13.112383001182423
472446402651,2025-08,35,27.0,37.0,20.0,35.0,24.0,24.0,30.666666666666668,25.833333333333332,37.0,29.103500311963327,110,91,10.0,2.1035003119633267
472446402652,2025-08,28,11.0,18.0,33.0,15.0,16.0,17.0,22.0,18.833333333333332,18.0,21.17320189727753,110,92,7.0,10.17320189727753
476741369903,2025-08,1,2.0,1.0,1.0,1.0,2.0,1.0,1.0,1.1666666666666667,1.0,1.3179179810658042,111,47,1.0,0.6820820189341958
476741369911,2025-08,6,4.0,12.0,7.0,3.0,2.0,4.0,7.333333333333333,6.833333333333333,12.0,6.560172556591408,111,55,8.0,2.560172556591408
476741369912,2025-08,4,2.0,5.0,2.0,3.0,4.0,4.0,3.3333333333333335,3.8333333333333335,5.0,4.0908658095342325,111,56,3.0,2.0908658095342325
476741369913,2025-08,3,5.0,3.0,1.0,1.0,2.0,3.0,1.6666666666666667,2.1666666666666665,3.0,2.707371389758128,111,57,2.0,2.292628610241872
476741369914,2025-08,19,22.0,9.0,7.0,24.0,12.0,16.0,13.333333333333334,14.333333333333334,9.0,15.146664789589646,111,58,13.0,6.8533352104103535
476741369915,2025-08,15,17.0,14.0,20.0,14.0,9.0,5.0,16.0,14.5,14.0,13.211428004129946,111,59,3.0,3.788571995870054
476741369916,2025-08,6,7.0,10.0,15.0,13.0,9.0,13.0,12.666666666666666,12.166666666666666,10.0,10.19354776097775,111,60,3.0,3.1935477609777507
476741369917,2025-08,3,2.0,5.0,3.0,2.0,4.0,3.0,3.3333333333333335,4.166666666666667,5.0,3.7874326484017686,111,61,3.0,1.7874326484017686
476741369918,2025-08,2,2.0,2.0,6.0,2.0,1.0,1.0,3.3333333333333335,3.1666666666666665,2.0,2.566830450146475,111,62,0.0,0.5668304501464752
476741369919,2025-08,28,21.0,30.0,19.0,18.0,14.0,4.0,22.333333333333332,16.833333333333332,30.0,19.705534700190157,111,63,9.0,1.2944652998098434
476741369920,2025-08,13,12.0,16.0,12.0,17.0,12.0,15.0,15.0,13.666666666666666,16.0,13.789250192302918,111,64,4.0,1.7892501923029176
476741369921,2025-08,7,3.0,10.0,6.0,15.0,6.0,10.0,10.333333333333334,8.5,10.0,8.496755303301585,111,65,7.0,5.496755303301585
476741369922,2025-08,3,8.0,7.0,6.0,16.0,6.0,6.0,9.666666666666666,7.333333333333333,7.0,6.1440246820185,111,66,1.0,1.8559753179814997
476741369923,2025-08,3,5.0,1.0,1.0,1.0,1.0,5.0,1.0,1.3333333333333333,1.0,2.4209832156706446,111,67,4.0,2.5790167843293554
476741369924,2025-08,1,2.0,2.0,2.0,2.0,1.0,1.0,2.0,1.8333333333333333,2.0,1.6862957220757817,111,68,0.0,0.3137042779242183
476741369931,2025-08,14,20.0,18.0,26.0,17.0,8.0,18.0,20.333333333333332,18.333333333333332,18.0,16.602308679181505,111,75,2.0,3.3976913208184953
476741369932,2025-08,2,2.0,4.0,4.0,6.0,3.0,4.0,4.666666666666667,4.0,4.0,3.6008722475758432,111,76,2.0,1.6008722475758432
476741369933,2025-08,1,2.0,1.0,3.0,1.0,2.0,1.0,1.6666666666666667,1.8333333333333333,1.0,1.6142297813118738,111,77,1.0,0.3857702186881262
476741369936,2025-08,8,4.0,4.0,2.0,5.0,3.0,2.0,3.6666666666666665,3.8333333333333335,4.0,4.9073312984468025,111,80,0.0,0.9073312984468025
476741369937,2025-08,6,7.0,19.0,10.0,6.0,10.0,6.0,11.666666666666666,8.666666666666666,19.0,8.746372443851287,111,81,12.0,1.7463724438512873
476741369943,2025-08,1,1.0,1.0,1.0,1.0,2.0,1.0,1.0,1.5,1.0,1.4290586575598994,111,87,0.0,0.42905865755989936
476741369944,2025-08,6,5.0,6.0,6.0,3.0,2.0,4.0,5.0,5.5,6.0,5.404341227338554,111,88,1.0,0.4043412273385538
476741369945,2025-08,9,7.0,5.0,6.0,6.0,12.0,17.0,5.666666666666667,8.0,5.0,9.150011277122951,111,89,2.0,2.1500112771229514
476741369946,2025-08,4,7.0,5.0,6.0,8.0,3.0,5.0,6.333333333333333,5.666666666666667,5.0,5.118430771004574,111,90,2.0,1.881569228995426
476741369947,2025-08,45,20.0,26.0,18.0,25.0,16.0,33.0,23.0,20.166666666666668,26.0,29.25918325979931,111,91,6.0,9.259183259799311
476741369948,2025-08,6,3.0,3.0,8.0,1.0,2.0,3.0,4.0,3.5,3.0,4.27477404387276,111,92,0.0,1.2747740438727604
481036337186,2025-08,2,1.0,2.0,3.0,1.0,3.0,1.0,2.0,2.1666666666666665,2.0,2.164900492465925,112,34,1.0,1.1649004924659252
481036337188,2025-08,4,1.0,1.0,3.0,1.0,1.0,1.0,1.6666666666666667,1.3333333333333333,1.0,2.272008808832936,112,36,0.0,1.2720088088329362
481036337208,2025-08,7,7.0,4.0,6.0,7.0,3.0,6.0,5.666666666666667,4.833333333333333,4.0,5.683716953057232,112,56,3.0,1.3162830469427682
481036337209,2025-08,13,21.0,22.0,25.0,18.0,24.0,24.0,21.666666666666668,21.5,22.0,19.21293737944482,112,57,1.0,1.7870626205551794
481036337210,2025-08,16,20.0,23.0,15.0,22.0,17.0,8.0,20.0,19.0,23.0,16.810767461816006,112,58,3.0,3.189232538183994
481036337211,2025-08,19,24.0,15.0,13.0,19.0,12.0,13.0,15.666666666666666,16.5,15.0,16.202492250674823,112,59,9.0,7.797507749325177
481036337212,2025-08,3,9.0,7.0,8.0,8.0,4.0,4.0,7.666666666666667,5.166666666666667,7.0,4.874104554213537,112,60,2.0,4.125895445786463
481036337213,2025-08,18,7.0,12.0,9.0,4.0,6.0,1.0,8.333333333333334,7.5,12.0,10.121153201676886,112,61,5.0,3.1211532016768864
481036337214,2025-08,12,12.0,8.0,6.0,14.0,5.0,6.0,9.333333333333334,8.333333333333334,8.0,9.069881209325468,112,62,4.0,2.9301187906745323
481036337215,2025-08,15,16.0,19.0,18.0,16.0,10.0,21.0,17.666666666666668,15.5,19.0,16.187502563080834,112,63,3.0,0.1875025630808338
481036337216,2025-08,23,43.0,25.0,30.0,13.0,20.0,41.0,22.666666666666668,22.166666666666668,25.0,24.671207695116298,112,64,18.0,18.328792304883702
481036337217,2025-08,22,15.0,23.0,25.0,16.0,23.0,22.0,21.333333333333332,23.166666666666668,23.0,22.105617268902904,112,65,8.0,7.105617268902904
481036337218,2025-08,18,24.0,18.0,21.0,25.0,4.0,13.0,21.333333333333332,19.5,18.0,17.449842606160992,112,66,6.0,6.550157393839008
481036337219,2025-08,1,3.0,1.0,2.0,2.0,1.0,1.0,1.6666666666666667,1.6666666666666667,1.0,1.5183498172208107,112,67,2.0,1.4816501827791893
481036337226,2025-08,3,1.0,3.0,1.0,2.0,2.0,3.0,2.0,1.6666666666666667,3.0,2.5766093132753873,112,74,2.0,1.5766093132753873
481036337227,2025-08,6,5.0,9.0,13.0,7.0,2.0,6.0,9.666666666666666,7.0,9.0,6.899961280659001,112,75,4.0,1.8999612806590012
481036337228,2025-08,5,8.0,5.0,24.0,18.0,3.0,5.0,15.666666666666666,12.5,5.0,8.710489174616981,112,76,3.0,0.7104891746169812
481036337232,2025-08,2,1.0,1.0,1.0,1.0,3.0,2.0,1.0,1.8333333333333333,1.0,1.9950827975245655,112,80,0.0,0.9950827975245655
481036337233,2025-08,4,5.0,2.0,2.0,4.0,4.0,2.0,2.6666666666666665,3.5,2.0,3.4230893806376965,112,81,3.0,1.5769106193623035
481036337240,2025-08,2,3.0,5.0,5.0,4.0,4.0,3.0,4.666666666666667,4.666666666666667,5.0,3.8121608593390306,112,88,2.0,0.8121608593390306
481036337241,2025-08,2,11.0,6.0,5.0,2.0,4.0,1.0,4.333333333333333,4.333333333333333,6.0,3.486039882098984,112,89,5.0,7.513960117901016
481036337242,2025-08,1,8.0,5.0,6.0,6.0,3.0,7.0,5.666666666666667,4.5,5.0,4.049265134859837,112,90,3.0,3.950734865140163
481036337243,2025-08,5,9.0,14.0,3.0,7.0,9.0,19.0,8.0,9.166666666666666,14.0,9.46137047079758,112,91,5.0,0.4613704707975792
481036337244,2025-08,12,6.0,6.0,11.0,7.0,17.0,13.0,8.0,10.333333333333334,6.0,10.810430739021543,112,92,0.0,4.810430739021543
481036337245,2025-08,2,5.0,2.0,1.0,1.0,2.0,1.0,1.3333333333333333,1.6666666666666667,2.0,1.884915689993429,112,93,3.0,3.115084310006571
481036337259,2025-08,2,1.0,5.0,3.0,1.0,3.0,3.0,3.0,2.5,5.0,2.868625859620863,112,107,4.0,1.8686258596208631
485331304483,2025-08,8,3.0,4.0,6.0,3.0,5.0,6.0,4.333333333333333,5.666666666666667,4.0,6.184170699784374,113,35,1.0,3.1841706997843744
485331304484,2025-08,4,2.0,2.0,5.0,2.0,2.0,4.0,3.0,3.0,2.0,3.4724974701566955,113,36,0.0,1.4724974701566955
485331304492,2025-08,1,1.0,2.0,2.0,2.0,1.0,1.0,2.0,1.5,2.0,1.5751550455816883,113,44,1.0,0.5751550455816883
485331304494,2025-08,3,1.0,4.0,3.0,8.0,2.0,3.0,5.0,4.166666666666667,4.0,3.8122640303972997,113,46,3.0,2.8122640303972997
485331304495,2025-08,1,1.0,1.0,2.0,1.0,1.0,3.0,1.3333333333333333,1.3333333333333333,1.0,1.6267181933053898,113,47,0.0,0.6267181933053898
485331304498,2025-08,3,1.0,1.0,4.0,1.0,4.0,3.0,2.0,2.5,1.0,2.7832932848701457,113,50,0.0,1.7832932848701457
485331304503,2025-08,2,1.0,2.0,1.0,1.0,1.0,2.0,1.3333333333333333,1.1666666666666667,2.0,1.80669033019735,113,55,1.0,0.80669033019735
485331304504,2025-08,23,21.0,19.0,11.0,16.0,24.0,33.0,15.333333333333334,16.5,19.0,20.647261759440116,113,56,2.0,0.35273824055988356
485331304505,2025-08,22,23.0,18.0,21.0,29.0,18.0,24.0,22.666666666666668,20.5,18.0,21.033130615223683,113,57,5.0,1.9668693847763166
485331304506,2025-08,39,24.0,37.0,25.0,33.0,25.0,35.0,31.666666666666668,31.166666666666668,37.0,33.59083617788835,113,58,13.0,9.590836177888349
485331304507,2025-08,31,32.0,15.0,24.0,27.0,17.0,15.0,22.0,17.0,15.0,20.970570455548675,113,59,17.0,11.029429544451325
485331304508,2025-08,2,8.0,3.0,1.0,4.0,1.0,3.0,2.6666666666666665,2.3333333333333335,3.0,2.5436340747283417,113,60,5.0,5.456365925271658
485331304509,2025-08,29,21.0,18.0,22.0,30.0,31.0,20.0,23.333333333333332,25.5,18.0,24.787830262053387,113,61,3.0,3.7878302620533866
485331304510,2025-08,32,19.0,32.0,29.0,24.0,8.0,25.0,28.333333333333332,20.666666666666668,32.0,25.392742850190547,113,62,13.0,6.392742850190547
485331304511,2025-08,7,11.0,6.0,12.0,15.0,8.0,10.0,11.0,10.166666666666666,6.0,8.903534442060952,113,63,5.0,2.096465557939048
485331304512,2025-08,2,2.0,5.0,7.0,4.0,2.0,1.0,5.333333333333333,3.8333333333333335,5.0,3.2743949435776507,113,64,3.0,1.2743949435776507
485331304513,2025-08,7,6.0,10.0,3.0,4.0,2.0,4.0,5.666666666666667,5.166666666666667,10.0,5.955517212226294,113,65,4.0,0.04448278777370618
485331304514,2025-08,8,6.0,14.0,20.0,7.0,5.0,9.0,13.666666666666666,12.0,14.0,10.464795089345762,113,66,8.0,4.4647950893457615
485331304515,2025-08,2,1.0,2.0,1.0,2.0,1.0,1.0,1.6666666666666667,1.3333333333333333,2.0,1.7704806112842615,113,67,1.0,0.7704806112842615
485331304516,2025-08,1,1.0,3.0,1.0,1.0,1.0,1.0,1.6666666666666667,1.3333333333333333,3.0,1.5589961120552243,113,68,2.0,0.5589961120552243
485331304520,2025-08,2,3.0,2.0,3.0,1.0,4.0,1.0,2.0,2.0,2.0,2.1485734946923536,113,72,1.0,0.8514265053076464
485331304536,2025-08,2,1.0,2.0,2.0,1.0,1.0,1.0,1.6666666666666667,2.0,2.0,1.9938282496429878,113,88,1.0,0.9938282496429878
485331304537,2025-08,3,6.0,2.0,1.0,1.0,1.0,3.0,1.3333333333333333,2.1666666666666665,2.0,2.555752482676729,113,89,4.0,3.444247517323271
485331304539,2025-08,1,2.0,2.0,1.0,1.0,4.0,1.0,1.3333333333333333,1.6666666666666667,2.0,1.6754912433618205,113,91,0.0,0.32450875663817946
485331304540,2025-08,18,10.0,12.0,8.0,6.0,3.0,7.0,8.666666666666666,7.166666666666667,12.0,10.69353912916145,113,92,2.0,0.6935391291614508
485331304541,2025-08,5,5.0,2.0,2.0,6.0,1.0,1.0,3.3333333333333335,3.0,2.0,3.370728353152953,113,93,3.0,1.6292716468470472
485331304555,2025-08,2,2.0,4.0,7.0,4.0,5.0,8.0,5.0,4.666666666666667,4.0,4.451704057555148,113,107,2.0,2.4517040575551476
489626271779,2025-08,11,10.0,6.0,5.0,8.0,5.0,6.0,6.333333333333333,6.5,6.0,7.6932363746342,114,35,4.0,2.3067636253658
489626271780,2025-08,8,7.0,5.0,5.0,2.0,3.0,7.0,4.0,3.6666666666666665,5.0,5.605980360011979,114,36,2.0,1.394019639988021
489626271781,2025-08,1,1.0,1.0,2.0,1.0,1.0,1.0,1.3333333333333333,1.3333333333333333,1.0,1.3712602024683171,114,37,0.0,0.37126020246831715
489626271787,2025-08,2,3.0,3.0,2.0,2.0,2.0,1.0,2.3333333333333335,2.0,3.0,2.1813960949827873,114,43,0.0,0.8186039050172127
489626271791,2025-08,6,5.0,2.0,7.0,3.0,1.0,8.0,4.0,3.8333333333333335,2.0,4.907823443266003,114,47,3.0,0.09217655673399694
489626271793,2025-08,1,1.0,1.0,1.0,1.0,2.0,2.0,1.0,1.3333333333333333,1.0,1.501217314731388,114,49,0.0,0.5012173147313881
489626271797,2025-08,2,4.0,4.0,5.0,3.0,3.0,8.0,4.0,4.166666666666667,4.0,4.096526976350774,114,53,0.0,0.09652697635077434
489626271798,2025-08,2,3.0,2.0,1.0,2.0,1.0,6.0,1.6666666666666667,2.3333333333333335,2.0,2.742547617859227,114,54,1.0,0.25745238214077304
489626271799,2025-08,5,1.0,4.0,1.0,3.0,2.0,1.0,2.6666666666666665,2.1666666666666665,4.0,3.2120090972028983,114,55,3.0,2.2120090972028983
489626271800,2025-08,23,36.0,27.0,28.0,33.0,18.0,41.0,29.333333333333332,28.166666666666668,27.0,27.46295264218902,114,56,9.0,8.53704735781098
489626271801,2025-08,19,21.0,21.0,13.0,22.0,18.0,20.0,18.666666666666668,16.166666666666668,21.0,18.003014799374082,114,57,0.0,2.996985200625918
489626271802,2025-08,22,19.0,23.0,24.0,25.0,21.0,25.0,24.0,22.166666666666668,23.0,22.36342076542595,114,58,4.0,3.36342076542595
489626271803,2025-08,21,22.0,15.0,17.0,28.0,17.0,20.0,20.0,18.5,15.0,19.007079573935005,114,59,7.0,2.9929204260649946
489626271804,2025-08,16,21.0,17.0,18.0,33.0,12.0,33.0,22.666666666666668,21.5,17.0,20.473561310699445,114,60,4.0,0.526438689300555
489626271805,2025-08,7,15.0,26.0,20.0,19.0,11.0,17.0,21.666666666666668,19.333333333333332,26.0,15.659164909222305,114,61,11.0,0.6591649092223051
489626271806,2025-08,9,8.0,6.0,12.0,9.0,8.0,15.0,9.0,7.333333333333333,6.0,8.957612294560551,114,62,2.0,0.9576122945605512
489626271807,2025-08,3,1.0,3.0,2.0,1.0,1.0,4.0,2.0,2.5,3.0,2.9440129448262233,114,63,2.0,1.9440129448262233
489626271808,2025-08,14,7.0,9.0,15.0,8.0,8.0,8.0,10.666666666666666,10.0,9.0,10.804413808928533,114,64,2.0,3.8044138089285333
489626271823,2025-08,1,1.0,2.0,1.0,1.0,1.0,2.0,1.3333333333333333,1.1666666666666667,2.0,1.5187792026187896,114,79,1.0,0.5187792026187896
489626271836,2025-08,4,1.0,1.0,6.0,5.0,5.0,3.0,4.0,3.8333333333333335,1.0,3.7728366591900393,114,92,0.0,2.7728366591900393
489626271851,2025-08,3,1.0,1.0,1.0,2.0,1.0,6.0,1.3333333333333333,1.6666666666666667,1.0,2.6958018258416754,114,107,0.0,1.6958018258416754
493921239075,2025-08,3,2.0,1.0,1.0,1.0,3.0,2.0,1.0,2.1666666666666665,1.0,2.3941346015972202,115,35,1.0,0.39413460159722025
493921239076,2025-08,2,1.0,1.0,1.0,1.0,1.0,2.0,1.0,2.0,1.0,1.9721664548246611,115,36,0.0,0.9721664548246611
493921239077,2025-08,1,2.0,2.0,2.0,2.0,1.0,2.0,2.0,1.5,2.0,1.7028840410002246,115,37,0.0,0.2971159589997754
493921239083,2025-08,1,1.0,3.0,1.0,4.0,1.0,1.0,2.6666666666666665,2.6666666666666665,3.0,2.1114056328068003,115,43,2.0,1.1114056328068003
493921239084,2025-08,1,3.0,1.0,1.0,1.0,1.0,1.0,1.0,1.0,1.0,1.2231043023452841,115,44,2.0,1.7768956976547159
493921239087,2025-08,11,1.0,6.0,6.0,6.0,2.0,9.0,6.0,4.333333333333333,6.0,7.201396289369911,115,47,5.0,6.201396289369911
493921239088,2025-08,2,1.0,5.0,1.0,1.0,1.0,3.0,2.3333333333333335,1.6666666666666667,5.0,2.4382570401807966,115,48,4.0,1.4382570401807966
493921239090,2025-08,3,6.0,2.0,5.0,4.0,4.0,6.0,3.6666666666666665,3.5,2.0,3.757139905620103,115,50,4.0,2.242860094379897
493921239093,2025-08,1,8.0,3.0,2.0,6.0,5.0,1.0,3.6666666666666665,3.5,3.0,2.6551437860816804,115,53,5.0,5.3448562139183196
493921239094,2025-08,4,2.0,3.0,3.0,2.0,1.0,1.0,2.6666666666666665,2.5,3.0,2.921701248036512,115,54,1.0,0.9217012480365119
493921239095,2025-08,3,3.0,2.0,1.0,3.0,2.0,7.0,2.0,2.3333333333333335,2.0,3.2333800195882008,115,55,1.0,0.23338001958820076
493921239096,2025-08,12,8.0,10.0,4.0,2.0,12.0,8.0,5.333333333333333,10.333333333333334,10.0,9.986220069298591,115,56,2.0,1.9862200692985912
493921239097,2025-08,23,18.0,21.0,19.0,15.0,19.0,24.0,18.333333333333332,22.5,21.0,21.78694025918856,115,57,3.0,3.7869402591885617
493921239098,2025-08,28,37.0,25.0,20.0,20.0,45.0,40.0,21.666666666666668,30.833333333333332,25.0,29.7352657697933,115,58,12.0,7.264734230206699
493921239099,2025-08,43,37.0,50.0,47.0,35.0,36.0,55.0,44.0,41.833333333333336,50.0,43.63235415184904,115,59,13.0,6.632354151849043
493921239100,2025-08,19,20.0,22.0,19.0,14.0,18.0,17.0,18.333333333333332,18.166666666666668,22.0,18.33354727439739,115,60,2.0,1.6664527256026105
493921239101,2025-08,8,15.0,22.0,11.0,28.0,11.0,17.0,20.333333333333332,17.166666666666668,22.0,14.765562804822713,115,61,7.0,0.23443719517728745
493921239113,2025-08,4,2.0,10.0,6.0,3.0,3.0,7.0,6.333333333333333,4.666666666666667,10.0,5.422599874106977,115,73,8.0,3.422599874106977
493921239121,2025-08,2,2.0,3.0,1.0,2.0,3.0,5.0,2.0,2.1666666666666665,3.0,2.7501105317485184,115,81,1.0,0.7501105317485184
493921239122,2025-08,3,2.0,2.0,1.0,1.0,1.0,1.0,1.3333333333333333,1.3333333333333333,2.0,2.02244280060442,115,82,0.0,0.022442800604419944
493921239123,2025-08,1,2.0,1.0,2.0,2.0,2.0,2.0,1.6666666666666667,1.6666666666666667,1.0,1.685322153112823,115,83,1.0,0.3146778468871769
493921239124,2025-08,2,3.0,2.0,3.0,8.0,1.0,1.0,4.333333333333333,3.0,2.0,2.615908070563016,115,84,1.0,0.384091929436984
493921239131,2025-08,7,1.0,4.0,3.0,6.0,1.0,2.0,4.333333333333333,3.1666666666666665,4.0,4.391616298820443,115,91,3.0,3.391616298820443
493921239132,2025-08,2,3.0,5.0,1.0,3.0,3.0,1.0,3.0,3.3333333333333335,5.0,2.888886989277946,115,92,2.0,0.11111301072205393
498216206365,2025-08,2,1.0,2.0,9.0,2.0,3.0,6.0,4.333333333333333,3.0,2.0,3.3394374408258836,116,29,1.0,2.3394374408258836
498216206366,2025-08,2,1.0,2.0,1.0,1.0,2.0,1.0,1.3333333333333333,1.5,2.0,1.8293453517463831,116,30,1.0,0.8293453517463831
498216206370,2025-08,1,1.0,1.0,1.0,2.0,2.0,1.0,1.3333333333333333,1.6666666666666667,1.0,1.5205779340653471,116,34,0.0,0.5205779340653471
498216206372,2025-08,1,2.0,1.0,2.0,1.0,1.0,1.0,1.3333333333333333,1.3333333333333333,1.0,1.3712602024683171,116,36,1.0,0.6287397975316829
498216206376,2025-08,1,2.0,2.0,2.0,1.0,1.0,1.0,1.6666666666666667,2.0,2.0,1.7059171220644274,116,40,0.0,0.29408287793557264
498216206380,2025-08,1,1.0,1.0,1.0,1.0,1.0,2.0,1.0,1.0,1.0,1.3508332977638204,116,44,0.0,0.35083329776382044
498216206383,2025-08,1,2.0,2.0,2.0,2.0,1.0,1.0,2.0,1.5,2.0,1.5751550455816883,116,47,0.0,0.4248449544183117
498216206385,2025-08,7,5.0,5.0,4.0,6.0,1.0,2.0,5.0,4.166666666666667,5.0,4.874429118539588,116,49,0.0,0.12557088146041195
498216206386,2025-08,8,7.0,1.0,6.0,4.0,3.0,9.0,3.6666666666666665,4.5,1.0,5.798700875798335,116,50,6.0,1.2012991242016646
498216206387,2025-08,1,1.0,1.0,1.0,1.0,3.0,3.0,1.0,1.3333333333333333,1.0,1.6681896506234022,116,51,0.0,0.6681896506234022
498216206389,2025-08,11,4.0,9.0,4.0,12.0,9.0,4.0,8.333333333333334,7.833333333333333,9.0,8.483221680895838,116,53,5.0,4.483221680895838
498216206390,2025-08,8,8.0,7.0,14.0,6.0,5.0,11.0,9.0,8.666666666666666,7.0,8.564177068954393,116,54,1.0,0.5641770689543932
498216206391,2025-08,7,12.0,6.0,8.0,5.0,4.0,15.0,6.333333333333333,9.166666666666666,6.0,8.544233750677684,116,55,6.0,3.4557662493223162
498216206392,2025-08,3,4.0,6.0,8.0,4.0,8.0,4.0,6.0,6.5,6.0,5.219469302442288,116,56,2.0,1.2194693024422882
498216206393,2025-08,59,32.0,50.0,58.0,68.0,42.0,69.0,58.666666666666664,54.666666666666664,50.0,56.13499663927455,116,57,18.0,24.134996639274547
498216206394,2025-08,163,116.0,141.0,137.0,133.0,123.0,153.0,137.0,133.16666666666666,141.0,141.64638963011583,116,58,25.0,25.646389630115834
498216206395,2025-08,26,25.0,20.0,16.0,21.0,15.0,29.0,19.0,18.5,20.0,21.790929531249557,116,59,5.0,3.2090704687504434
498216206396,2025-08,5,11.0,8.0,8.0,15.0,3.0,19.0,10.333333333333334,9.166666666666666,8.0,9.024324652521091,116,60,3.0,1.9756753474789086
498216206397,2025-08,10,11.0,6.0,6.0,17.0,10.0,12.0,9.666666666666666,10.166666666666666,6.0,9.951019031323819,116,61,5.0,1.0489809686761813
498216206402,2025-08,1,2.0,2.0,2.0,11.0,2.0,5.0,5.0,3.5,2.0,3.1156988710194824,116,66,0.0,1.1156988710194824
498216206403,2025-08,2,7.0,6.0,9.0,7.0,3.0,8.0,7.333333333333333,5.0,6.0,4.890986448351218,116,67,1.0,2.109013551648782
498216206405,2025-08,4,1.0,5.0,1.0,3.0,4.0,5.0,3.0,3.8333333333333335,5.0,4.18157958132383,116,69,4.0,3.18157958132383
498216206411,2025-08,1,1.0,1.0,1.0,1.0,4.0,1.0,1.0,1.6666666666666667,1.0,1.5631156767538972,116,75,0.0,0.5631156767538972
498216206415,2025-08,4,8.0,3.0,4.0,1.0,1.0,6.0,2.6666666666666665,2.5,3.0,3.5614125104997356,116,79,5.0,4.438587489500264
498216206416,2025-08,4,4.0,8.0,4.0,7.0,6.0,6.0,6.333333333333333,6.333333333333333,8.0,5.813318455139214,116,80,4.0,1.813318455139214
498216206417,2025-08,3,2.0,1.0,1.0,5.0,1.0,3.0,2.3333333333333335,2.3333333333333335,1.0,2.6427430073494556,116,81,1.0,0.6427430073494556
498216206421,2025-08,4,4.0,1.0,2.0,1.0,1.0,4.0,1.3333333333333333,1.3333333333333333,1.0,2.6181805714596065,116,85,3.0,1.3818194285403935
498216206426,2025-08,2,1.0,2.0,1.0,2.0,1.0,4.0,1.6666666666666667,1.3333333333333333,2.0,2.1536675975398722,116,90,1.0,1.1536675975398722
502511173660,2025-08,1,2.0,2.0,1.0,2.0,3.0,6.0,1.6666666666666667,1.6666666666666667,2.0,2.31084181823943,117,28,0.0,0.3108418182394299
502511173661,2025-08,10,9.0,11.0,9.0,15.0,15.0,13.0,11.666666666666666,10.0,11.0,10.820420018272321,117,29,2.0,1.820420018272321
502511173662,2025-08,9,11.0,14.0,5.0,12.0,12.0,14.0,10.333333333333334,11.5,14.0,11.123859899448103,117,30,3.0,0.12385989944810305
502511173666,2025-08,1,1.0,2.0,3.0,3.0,1.0,2.0,2.6666666666666665,1.8333333333333333,2.0,1.8869888793816596,117,34,1.0,0.8869888793816596
502511173667,2025-08,4,5.0,4.0,1.0,4.0,4.0,2.0,3.0,4.5,4.0,3.944247319706884,117,35,1.0,1.055752680293116
502511173668,2025-08,6,10.0,18.0,14.0,3.0,5.0,6.0,11.666666666666666,8.5,18.0,8.422423916369496,117,36,8.0,1.577576083630504
502511173669,2025-08,10,3.0,9.0,5.0,2.0,4.0,10.0,5.333333333333333,4.5,9.0,7.331586899565113,117,37,6.0,4.331586899565113
502511173671,2025-08,4,6.0,4.0,3.0,4.0,2.0,5.0,3.6666666666666665,4.5,4.0,4.322978072273424,117,39,2.0,1.6770219277265763
502511173672,2025-08,1,8.0,5.0,3.0,1.0,6.0,7.0,3.0,2.8333333333333335,5.0,3.3205014116309712,117,40,3.0,4.679498588369029
502511173676,2025-08,5,7.0,1.0,5.0,4.0,6.0,3.0,3.3333333333333335,4.333333333333333,1.0,4.193737980095875,117,44,6.0,2.806262019904125
502511173680,2025-08,1,1.0,1.0,1.0,2.0,1.0,1.0,1.3333333333333333,1.1666666666666667,1.0,1.3146235788507301,117,48,0.0,0.3146235788507301
502511173681,2025-08,4,9.0,1.0,3.0,3.0,4.0,9.0,2.3333333333333335,4.833333333333333,1.0,4.650445773306446,117,49,8.0,4.349554226693554
502511173682,2025-08,11,12.0,14.0,11.0,16.0,7.0,21.0,13.666666666666666,11.0,14.0,12.596744500233704,117,50,2.0,0.5967445002337044
502511173684,2025-08,3,3.0,4.0,2.0,4.0,3.0,6.0,3.3333333333333335,2.6666666666666665,4.0,3.5537503362404204,117,52,1.0,0.5537503362404204
502511173685,2025-08,9,4.0,6.0,7.0,3.0,9.0,8.0,5.333333333333333,6.5,6.0,7.4241312281739305,117,53,2.0,3.4241312281739305
502511173686,2025-08,27,42.0,37.0,32.0,18.0,19.0,31.0,29.0,26.0,37.0,27.386718628298734,117,54,5.0,14.613281371701266
502511173687,2025-08,13,10.0,7.0,15.0,8.0,4.0,9.0,10.0,8.5,7.0,9.762374137435339,117,55,3.0,0.237625862564661
502511173688,2025-08,1,10.0,5.0,6.0,1.0,3.0,1.0,4.0,3.3333333333333335,5.0,2.7141541033272825,117,56,5.0,7.2858458966727175
502511173689,2025-08,8,4.0,9.0,12.0,13.0,14.0,14.0,11.333333333333334,11.166666666666666,9.0,10.536472446943762,117,57,5.0,6.536472446943762
502511173690,2025-08,15,10.0,16.0,19.0,16.0,11.0,26.0,17.0,18.166666666666668,16.0,17.454404816404914,117,58,6.0,7.454404816404914
502511173691,2025-08,12,21.0,31.0,28.0,20.0,16.0,30.0,26.333333333333332,21.5,31.0,20.57177714746461,117,59,10.0,0.4282228525353915
502511173692,2025-08,4,1.0,2.0,2.0,2.0,2.0,4.0,2.0,2.0,2.0,3.0280297697875938,117,60,1.0,2.0280297697875938
502511173698,2025-08,6,5.0,4.0,2.0,1.0,2.0,2.0,2.3333333333333335,3.0,4.0,3.870618258547368,117,66,1.0,1.1293817414526321
502511173699,2025-08,5,3.0,8.0,2.0,11.0,6.0,8.0,7.0,5.333333333333333,8.0,6.093030849848291,117,67,5.0,3.093030849848291
502511173700,2025-08,8,6.0,6.0,7.0,14.0,6.0,7.0,9.0,9.166666666666666,6.0,8.17532481655157,117,68,0.0,2.1753248165515693
502511173702,2025-08,2,1.0,7.0,2.0,2.0,4.0,1.0,3.6666666666666665,2.8333333333333335,7.0,2.987236733596667,117,70,6.0,1.9872367335966672
502511173705,2025-08,21,6.0,24.0,30.0,15.0,24.0,16.0,23.0,20.5,24.0,20.462952843828063,117,73,18.0,14.462952843828063
502511173706,2025-08,2,3.0,3.0,2.0,2.0,4.0,4.0,2.3333333333333335,2.5,3.0,2.809780776926491,117,74,0.0,0.19021922307350891
502511173712,2025-08,1,3.0,3.0,2.0,2.0,3.0,2.0,2.3333333333333335,2.0,3.0,2.060457303296239,117,80,0.0,0.9395426967037608
502511173721,2025-08,1,2.0,4.0,1.0,1.0,1.0,1.0,2.0,1.5,4.0,1.7269420169101934,117,89,2.0,0.27305798308980656
502511173722,2025-08,10,4.0,1.0,10.0,6.0,3.0,3.0,5.666666666666667,4.833333333333333,1.0,5.939248605970889,117,90,3.0,1.9392486059708887
502511173723,2025-08,2,2.0,2.0,2.0,2.0,1.0,1.0,2.0,1.5,2.0,1.863066173160247,117,91,0.0,0.13693382683975308
502511173724,2025-08,1,2.0,3.0,1.0,1.0,2.0,1.0,1.6666666666666667,1.6666666666666667,3.0,1.7093801290227937,117,92,1.0,0.2906198709772063
506806140956,2025-08,2,1.0,2.0,3.0,3.0,1.0,2.0,2.6666666666666665,2.6666666666666665,2.0,2.4527516981954536,118,28,1.0,1.4527516981954536
506806140957,2025-08,13,11.0,16.0,2.0,15.0,3.0,13.0,11.0,9.5,16.0,11.349293568222192,118,29,5.0,0.34929356822219226
506806140958,2025-08,3,3.0,2.0,1.0,7.0,3.0,3.0,3.3333333333333335,2.8333333333333335,2.0,3.072214146162273,118,30,1.0,0.07221414616227317
506806140964,2025-08,1,5.0,3.0,10.0,8.0,7.0,5.0,7.0,8.0,3.0,5.112965246921366,118,36,2.0,0.112965246921366
506806140965,2025-08,3,4.0,7.0,3.0,4.0,1.0,3.0,4.666666666666667,4.166666666666667,7.0,3.9663516367139904,118,37,3.0,0.03364836328600962
506806140968,2025-08,5,9.0,8.0,8.0,4.0,7.0,4.0,6.666666666666667,6.333333333333333,8.0,5.925229012094732,118,40,1.0,3.074770987905268
506806140969,2025-08,12,7.0,10.0,12.0,4.0,9.0,9.0,8.666666666666666,8.833333333333334,10.0,9.864105664621597,118,41,3.0,2.864105664621597
506806140970,2025-08,1,2.0,2.0,4.0,3.0,1.0,1.0,3.0,2.6666666666666665,2.0,2.0741267988272973,118,42,0.0,0.07412679882729734
506806140971,2025-08,6,4.0,2.0,6.0,8.0,5.0,5.0,5.333333333333333,5.333333333333333,2.0,5.3244723307907815,118,43,2.0,1.3244723307907815
506806140972,2025-08,1,2.0,4.0,1.0,1.0,2.0,2.0,2.0,2.5,4.0,2.227336382284488,118,44,2.0,0.22733638228448783
506806140973,2025-08,2,4.0,1.0,4.0,2.0,1.0,2.0,2.3333333333333335,2.5,1.0,2.285872078711023,118,45,3.0,1.714127921288977
506806140976,2025-08,2,1.0,1.0,2.0,2.0,1.0,1.0,1.6666666666666667,1.6666666666666667,1.0,1.8062609447993712,118,48,0.0,0.8062609447993712
506806140977,2025-08,4,4.0,4.0,4.0,12.0,3.0,3.0,6.666666666666667,5.666666666666667,4.0,4.820362519335301,118,49,0.0,0.8203625193353012
506806140981,2025-08,5,3.0,9.0,3.0,5.0,11.0,2.0,5.666666666666667,7.333333333333333,9.0,6.123414799355468,118,53,6.0,3.1234147993554684
506806140982,2025-08,4,2.0,5.0,4.0,6.0,10.0,5.0,5.0,7.0,5.0,5.691768536520597,118,54,3.0,3.6917685365205974
506806140983,2025-08,3,2.0,1.0,1.0,4.0,2.0,3.0,2.0,1.6666666666666667,1.0,2.4237560565763427,118,55,1.0,0.42375605657634274
506806140984,2025-08,1,1.0,3.0,2.0,4.0,5.0,5.0,3.0,3.3333333333333335,3.0,3.0385915529919796,118,56,2.0,2.0385915529919796
506806140985,2025-08,1,1.0,3.0,2.0,1.0,2.0,1.0,2.0,1.8333333333333333,3.0,1.801965690898781,118,57,2.0,0.8019656908987809
506806140995,2025-08,5,3.0,5.0,8.0,6.0,9.0,13.0,6.333333333333333,7.0,5.0,7.110329181489735,118,67,2.0,4.110329181489735
506806140996,2025-08,20,19.0,18.0,20.0,24.0,13.0,11.0,20.666666666666668,18.5,18.0,17.717010743372697,118,68,1.0,1.2829892566273031
506806140997,2025-08,1,1.0,6.0,4.0,3.0,1.0,1.0,4.333333333333333,2.6666666666666665,6.0,2.52362906525899,118,69,5.0,1.52362906525899
506806141001,2025-08,21,18.0,14.0,9.0,17.0,10.0,12.0,13.333333333333334,11.666666666666666,14.0,14.628224682661607,118,73,4.0,3.3717753173383933
506806141002,2025-08,3,3.0,1.0,2.0,1.0,1.0,4.0,1.3333333333333333,1.5,1.0,2.3858397821280946,118,74,2.0,0.6141602178719054
506806141014,2025-08,1,1.0,1.0,2.0,2.0,1.0,1.0,1.6666666666666667,1.3333333333333333,1.0,1.4072091407267173,118,86,0.0,0.4072091407267173
506806141015,2025-08,11,5.0,8.0,4.0,3.0,2.0,9.0,5.0,6.666666666666667,8.0,8.022254896011333,118,87,3.0,3.022254896011333
506806141016,2025-08,2,6.0,2.0,6.0,9.0,3.0,5.0,5.666666666666667,5.166666666666667,2.0,4.074719739540944,118,88,4.0,1.925280260459056
506806141017,2025-08,5,2.0,12.0,2.0,4.0,7.0,9.0,6.0,6.666666666666667,12.0,6.902425590339566,118,89,10.0,4.902425590339566
506806141018,2025-08,2,4.0,6.0,1.0,2.0,2.0,3.0,3.0,2.3333333333333335,6.0,2.8481062385087856,118,90,2.0,1.1518937614912144
511101108243,2025-08,1,1.0,1.0,1.0,1.0,1.0,1.0,1.0,1.0,1.0,1.2231043023452841,119,19,0.0,0.2231043023452841
511101108252,2025-08,1,1.0,1.0,4.0,2.0,1.0,1.0,2.3333333333333335,2.0,1.0,1.7035209409727834,119,28,0.0,0.7035209409727834
511101108253,2025-08,2,2.0,1.0,2.0,1.0,1.0,1.0,1.3333333333333333,1.1666666666666667,1.0,1.60360099179983,119,29,1.0,0.39639900820017004
511101108261,2025-08,6,4.0,3.0,2.0,1.0,2.0,4.0,2.0,2.3333333333333335,3.0,3.791419329788331,119,37,1.0,0.20858067021166882
511101108262,2025-08,10,9.0,12.0,6.0,9.0,11.0,8.0,9.0,9.0,12.0,9.477015915974151,119,38,3.0,0.4770159159741514
511101108263,2025-08,6,7.0,8.0,3.0,1.0,3.0,10.0,4.0,4.5,8.0,5.918344096653194,119,39,1.0,1.0816559033468058
511101108264,2025-08,12,20.0,16.0,17.0,27.0,16.0,9.0,20.0,21.666666666666668,16.0,16.103880190694,119,40,4.0,3.8961198093060005
511101108265,2025-08,4,1.0,4.0,12.0,11.0,3.0,4.0,9.0,7.5,4.0,5.819538086244471,119,41,3.0,4.819538086244471
511101108266,2025-08,1,1.0,4.0,4.0,1.0,2.0,1.0,3.0,2.5,4.0,2.2106530577527703,119,42,3.0,1.2106530577527703
511101108267,2025-08,7,7.0,3.0,8.0,5.0,7.0,4.0,5.333333333333333,5.5,3.0,5.697270681235402,119,43,4.0,1.302729318764598
511101108268,2025-08,5,5.0,3.0,3.0,9.0,7.0,7.0,5.0,4.333333333333333,3.0,5.074362679493469,119,44,2.0,0.07436267949346931
511101108272,2025-08,2,5.0,1.0,3.0,3.0,3.0,3.0,2.3333333333333335,2.8333333333333335,1.0,2.6021621462000653,119,48,4.0,2.3978378537999347
511101108273,2025-08,45,46.0,49.0,45.0,46.0,49.0,55.0,46.666666666666664,49.833333333333336,49.0,47.594748375996204,119,49,3.0,1.594748375996204
511101108274,2025-08,25,25.0,26.0,38.0,24.0,21.0,29.0,29.333333333333332,28.0,26.0,26.502422860852942,119,50,1.0,1.502422860852942
511101108275,2025-08,5,3.0,2.0,2.0,1.0,2.0,2.0,1.6666666666666667,1.8333333333333333,2.0,2.968963630023633,119,51,1.0,0.031036369976367162
511101108281,2025-08,2,4.0,2.0,3.0,4.0,1.0,1.0,3.0,2.3333333333333335,2.0,2.249830964541225,119,57,2.0,1.7501690354587751
511101108284,2025-08,6,6.0,3.0,6.0,6.0,2.0,3.0,5.0,4.333333333333333,3.0,4.658339979142121,119,60,3.0,1.341660020857879
511101108291,2025-08,12,4.0,5.0,7.0,6.0,12.0,10.0,6.0,7.833333333333333,5.0,9.101086577310767,119,67,1.0,5.101086577310767
511101108292,2025-08,4,10.0,14.0,15.0,4.0,11.0,7.0,11.0,10.0,14.0,8.333385639150837,119,68,4.0,1.666614360849163
511101108296,2025-08,1,3.0,1.0,1.0,1.0,1.0,1.0,1.0,1.1666666666666667,1.0,1.27867464059233,119,72,2.0,1.72132535940767
511101108297,2025-08,3,7.0,8.0,8.0,7.0,3.0,8.0,7.666666666666667,6.0,8.0,5.700055514998967,119,73,1.0,1.299944485001033
511101108301,2025-08,1,2.0,1.0,2.0,3.0,2.0,2.0,2.0,2.5,1.0,1.9991227826064595,119,77,1.0,0.0008772173935405192
511101108306,2025-08,4,6.0,2.0,2.0,6.0,4.0,2.0,3.3333333333333335,3.0,2.0,3.3282762424133576,119,82,4.0,2.6717237575866424
511101108308,2025-08,2,1.0,1.0,1.0,1.0,1.0,2.0,1.0,1.0,1.0,1.6387444253423809,119,84,0.0,0.6387444253423809
511101108309,2025-08,12,12.0,25.0,20.0,24.0,7.0,9.0,23.0,16.5,25.0,15.04258859635719,119,85,13.0,3.0425885963571897
511101108310,2025-08,36,30.0,26.0,16.0,32.0,28.0,28.0,24.666666666666668,25.0,26.0,28.289410149896582,119,86,4.0,1.7105898501034176
511101108311,2025-08,4,4.0,1.0,2.0,3.0,3.0,8.0,2.0,2.6666666666666665,1.0,3.7240438165738823,119,87,3.0,0.2759561834261177
511101108326,2025-08,1,1.0,1.0,1.0,1.0,1.0,1.0,1.0,1.3333333333333333,1.0,1.3342449788393775,119,102,0.0,0.33424497883937754
511101108327,2025-08,1,2.0,3.0,2.0,1.0,2.0,1.0,2.0,1.8333333333333333,3.0,1.801965690898781,119,103,1.0,0.1980343091012191
515396075550,2025-08,1,3.0,2.0,1.0,2.0,2.0,2.0,1.6666666666666667,1.5,2.0,1.705112157844761,120,30,1.0,1.294887842155239
515396075556,2025-08,4,1.0,2.0,1.0,3.0,2.0,1.0,2.0,1.8333333333333333,2.0,2.5882061599143986,120,36,1.0,1.5882061599143986
515396075558,2025-08,12,2.0,3.0,5.0,8.0,2.0,6.0,5.333333333333333,4.5,3.0,6.859446722004,120,38,1.0,4.859446722004
515396075559,2025-08,13,18.0,12.0,8.0,10.0,13.0,17.0,10.0,10.5,12.0,12.178909368163318,120,39,6.0,5.821090631836682
515396075560,2025-08,7,8.0,5.0,10.0,10.0,2.0,2.0,8.333333333333334,6.166666666666667,5.0,5.946403612784868,120,40,3.0,2.0535963872151317
515396075561,2025-08,3,2.0,3.0,6.0,6.0,1.0,1.0,5.0,4.166666666666667,3.0,3.4443349268488443,120,41,1.0,1.4443349268488443
515396075562,2025-08,1,6.0,5.0,3.0,4.0,3.0,3.0,4.0,3.5,5.0,3.021983576299787,120,42,1.0,2.978016423700213
515396075563,2025-08,3,2.0,1.0,4.0,2.0,3.0,2.0,2.3333333333333335,3.1666666666666665,1.0,2.8745512402247213,120,43,1.0,0.8745512402247213
515396075564,2025-08,13,7.0,5.0,6.0,9.0,4.0,16.0,6.666666666666667,5.166666666666667,5.0,9.023131132806254,120,44,2.0,2.0231311328062542
515396075565,2025-08,7,10.0,3.0,8.0,2.0,3.0,5.0,4.333333333333333,3.0,3.0,4.7266244262791295,120,45,7.0,5.2733755737208705
515396075566,2025-08,5,24.0,8.0,5.0,6.0,3.0,6.0,6.333333333333333,5.5,8.0,5.7067141554326515,120,46,16.0,18.29328584456735
515396075567,2025-08,3,2.0,2.0,1.0,1.0,1.0,4.0,1.3333333333333333,1.5,2.0,2.4612001251070783,120,47,0.0,0.4612001251070783
515396075568,2025-08,2,1.0,1.0,1.0,1.0,1.0,1.0,1.0,1.5,1.0,1.6777264446649838,120,48,0.0,0.6777264446649838
515396075569,2025-08,15,9.0,25.0,20.0,21.0,20.0,13.0,22.0,22.166666666666668,25.0,18.708946072546595,120,49,16.0,9.708946072546595
515396075570,2025-08,1,7.0,9.0,18.0,9.0,9.0,8.0,12.0,11.166666666666666,9.0,7.636799467755278,120,50,2.0,0.636799467755278
515396075571,2025-08,7,1.0,5.0,5.0,3.0,1.0,1.0,4.333333333333333,3.0,5.0,4.286876164245459,120,51,4.0,3.2868761642454594
515396075575,2025-08,4,4.0,6.0,17.0,10.0,15.0,11.0,11.0,10.333333333333334,6.0,8.503135203157878,120,55,2.0,4.503135203157878
515396075576,2025-08,4,1.0,1.0,1.0,1.0,1.0,2.0,1.0,1.1666666666666667,1.0,2.2701370187465457,120,56,0.0,1.2701370187465457
515396075579,2025-08,1,1.0,1.0,1.0,1.0,1.0,2.0,1.0,1.6666666666666667,1.0,1.5731146507520073,120,59,0.0,0.5731146507520073
515396075580,2025-08,2,3.0,5.0,2.0,4.0,2.0,1.0,3.6666666666666665,3.1666666666666665,5.0,2.867037472444764,120,60,2.0,0.13296252755523597
515396075581,2025-08,2,6.0,6.0,8.0,5.0,1.0,2.0,6.333333333333333,5.0,6.0,3.937212694747304,120,61,0.0,2.062787305252696
515396075582,2025-08,4,8.0,7.0,11.0,6.0,5.0,7.0,8.0,5.333333333333333,7.0,5.679164141138248,120,62,1.0,2.320835858861752
515396075586,2025-08,1,1.0,1.0,1.0,1.0,1.0,2.0,1.0,1.1666666666666667,1.0,1.406403636010868,120,66,0.0,0.40640363601086804
515396075588,2025-08,1,5.0,1.0,1.0,3.0,1.0,4.0,1.6666666666666667,1.5,1.0,1.8449001798588363,120,68,4.0,3.1550998201411637
515396075591,2025-08,4,2.0,1.0,2.0,3.0,1.0,1.0,2.0,2.0,1.0,2.5291728147089856,120,71,1.0,0.5291728147089856
515396075593,2025-08,10,8.0,20.0,7.0,8.0,4.0,9.0,11.666666666666666,10.833333333333334,20.0,10.8413860670298,120,73,12.0,2.8413860670298003
515396075594,2025-08,2,6.0,7.0,2.0,7.0,2.0,2.0,5.333333333333333,4.0,7.0,3.6052161070895856,120,74,1.0,2.3947838929104144
515396075595,2025-08,11,15.0,11.0,9.0,9.0,6.0,9.0,9.666666666666666,8.833333333333334,11.0,9.63953910263572,120,75,4.0,5.36046089736428
515396075596,2025-08,28,22.0,23.0,13.0,18.0,18.0,19.0,18.0,16.166666666666668,23.0,20.547441332344825,120,76,1.0,1.4525586676551754
515396075597,2025-08,11,5.0,9.0,5.0,5.0,7.0,7.0,6.333333333333333,6.666666666666667,9.0,8.184302274295302,120,77,4.0,3.1843022742953018
515396075598,2025-08,10,4.0,5.0,9.0,3.0,2.0,5.0,5.666666666666667,4.833333333333333,5.0,6.460103484362038,120,78,1.0,2.4601034843620377
515396075599,2025-08,1,1.0,4.0,2.0,3.0,2.0,2.0,3.0,2.5,4.0,2.3362494824302296,120,79,3.0,1.3362494824302296
515396075601,2025-08,2,3.0,3.0,5.0,2.0,1.0,2.0,3.3333333333333335,3.0,3.0,2.7143494502969494,120,81,0.0,0.2856505497030506
515396075602,2025-08,12,8.0,8.0,12.0,8.0,7.0,21.0,9.333333333333334,9.5,8.0,11.459692901503034,120,82,0.0,3.4596929015030344
515396075603,2025-08,2,1.0,3.0,5.0,1.0,4.0,4.0,3.0,4.833333333333333,3.0,3.6628622450135655,120,83,2.0,2.6628622450135655
515396075604,2025-08,1,5.0,3.0,4.0,3.0,3.0,1.0,3.3333333333333335,3.0,3.0,2.3761297228762643,120,84,2.0,2.6238702771237357
515396075605,2025-08,16,14.0,13.0,19.0,26.0,7.0,9.0,19.333333333333332,14.833333333333334,13.0,14.324905577793743,120,85,1.0,0.32490557779374285
515396075606,2025-08,14,12.0,12.0,18.0,11.0,11.0,11.0,13.666666666666666,11.833333333333334,12.0,12.472623722807878,120,86,0.0,0.472623722807878
515396075607,2025-08,3,3.0,1.0,4.0,1.0,2.0,2.0,2.0,1.8333333333333333,1.0,2.3547962555164688,120,87,2.0,0.6452037444835312
515396075608,2025-08,2,1.0,5.0,2.0,8.0,2.0,1.0,5.0,3.8333333333333335,5.0,3.233114578466555,120,88,4.0,2.233114578466555
515396075623,2025-08,8,7.0,15.0,7.0,2.0,11.0,12.0,8.0,7.5,15.0,9.03447595391166,120,103,8.0,2.0344759539116595
519691042854,2025-08,2,6.0,5.0,3.0,7.0,1.0,1.0,5.0,4.833333333333333,5.0,3.5283595528459006,121,38,1.0,2.4716404471540994
519691042855,2025-08,10,8.0,8.0,11.0,13.0,1.0,8.0,10.666666666666666,7.833333333333333,8.0,8.574959748256676,121,39,0.0,0.574959748256676
519691042856,2025-08,6,13.0,17.0,8.0,14.0,11.0,8.0,13.0,13.666666666666666,17.0,10.696993848166727,121,40,4.0,2.303006151833273
519691042857,2025-08,7,8.0,6.0,11.0,9.0,10.0,13.0,8.666666666666666,11.666666666666666,6.0,9.61263230030759,121,41,2.0,1.61263230030759
519691042858,2025-08,12,8.0,16.0,13.0,6.0,8.0,16.0,11.666666666666666,10.333333333333334,16.0,12.002264836094584,121,42,8.0,4.002264836094584
519691042859,2025-08,12,16.0,7.0,7.0,16.0,8.0,16.0,10.0,10.666666666666666,7.0,11.239423453927738,121,43,9.0,4.7605765460722616
519691042860,2025-08,18,9.0,5.0,5.0,11.0,11.0,7.0,7.0,10.333333333333334,5.0,11.34539233379287,121,44,4.0,2.3453923337928693
519691042861,2025-08,7,2.0,1.0,5.0,7.0,1.0,2.0,4.333333333333333,3.8333333333333335,1.0,4.386750337501142,121,45,1.0,2.386750337501142
519691042862,2025-08,2,1.0,1.0,1.0,1.0,3.0,1.0,1.0,1.6666666666666667,1.0,1.8117834638589816,121,46,0.0,0.8117834638589816
519691042866,2025-08,11,9.0,9.0,7.0,18.0,8.0,6.0,11.333333333333334,10.833333333333334,9.0,10.026441720143506,121,50,0.0,1.0264417201435059
519691042867,2025-08,1,2.0,1.0,2.0,1.0,2.0,1.0,1.3333333333333333,2.1666666666666665,1.0,1.6883552341770276,121,51,1.0,0.3116447658229724
519691042871,2025-08,2,1.0,2.0,4.0,3.0,5.0,3.0,3.0,3.3333333333333335,2.0,2.9967506321250204,121,55,1.0,1.9967506321250204
519691042878,2025-08,2,1.0,2.0,2.0,2.0,3.0,2.0,2.0,2.3333333333333335,2.0,2.3471335407609715,121,62,1.0,1.3471335407609715
519691042879,2025-08,5,2.0,3.0,6.0,5.0,3.0,1.0,4.666666666666667,4.666666666666667,3.0,4.229405939435656,121,63,1.0,2.2294059394356562
519691042880,2025-08,5,3.0,5.0,3.0,2.0,1.0,4.0,3.3333333333333335,2.5,5.0,3.8175504950865298,121,64,2.0,0.8175504950865298
519691042884,2025-08,1,2.0,1.0,3.0,7.0,1.0,4.0,3.6666666666666665,2.6666666666666665,1.0,2.4517187478796476,121,68,1.0,0.4517187478796476
519691042885,2025-08,2,1.0,3.0,5.0,5.0,3.0,2.0,4.333333333333333,3.1666666666666665,3.0,2.9562532842661504,121,69,2.0,1.9562532842661504
519691042886,2025-08,2,2.0,3.0,3.0,3.0,2.0,4.0,3.0,2.8333333333333335,3.0,2.915398934360974,121,70,1.0,0.9153989343609741
519691042887,2025-08,7,11.0,6.0,9.0,18.0,6.0,7.0,11.0,10.333333333333334,6.0,8.49423225699382,121,71,5.0,2.5057677430061798
519691042888,2025-08,8,3.0,2.0,1.0,4.0,2.0,1.0,2.3333333333333335,2.3333333333333335,2.0,3.942510623228179,121,72,1.0,0.9425106232281788
519691042889,2025-08,2,7.0,12.0,7.0,2.0,1.0,2.0,7.0,5.666666666666667,12.0,4.68888540897889,121,73,5.0,2.31111459102111
519691042890,2025-08,13,8.0,10.0,14.0,16.0,17.0,17.0,13.333333333333334,14.666666666666666,10.0,13.93817502434159,121,74,2.0,5.938175024341589
519691042891,2025-08,20,18.0,22.0,28.0,29.0,20.0,33.0,26.333333333333332,24.166666666666668,22.0,23.61651227304965,121,75,4.0,5.616512273049651
519691042892,2025-08,12,27.0,17.0,30.0,15.0,16.0,31.0,20.666666666666668,19.166666666666668,17.0,18.242549230879437,121,76,10.0,8.757450769120563
519691042893,2025-08,1,1.0,2.0,1.0,1.0,2.0,2.0,1.3333333333333333,1.3333333333333333,2.0,1.6135928813393114,121,77,1.0,0.6135928813393114
519691042895,2025-08,4,1.0,1.0,4.0,3.0,4.0,1.0,2.6666666666666665,3.5,1.0,3.221066327610714,121,79,0.0,2.221066327610714
519691042897,2025-08,5,5.0,2.0,2.0,1.0,1.0,4.0,1.6666666666666667,1.8333333333333333,2.0,3.1851782803872313,121,81,3.0,1.8148217196127687
519691042898,2025-08,7,17.0,10.0,5.0,7.0,8.0,7.0,7.333333333333333,8.333333333333334,10.0,7.811877930049732,121,82,7.0,9.188122069950268
519691042899,2025-08,2,1.0,1.0,7.0,2.0,2.0,2.0,3.3333333333333335,2.3333333333333335,1.0,2.38059075182427,121,83,0.0,1.3805907518242702
519691042901,2025-08,11,10.0,5.0,12.0,7.0,7.0,5.0,8.0,7.833333333333333,5.0,8.199338826675243,121,85,5.0,1.800661173324757
519691042902,2025-08,8,5.0,3.0,3.0,3.0,1.0,3.0,3.0,2.8333333333333335,3.0,4.475893363940322,121,86,2.0,0.5241066360596784
519691042903,2025-08,4,2.0,3.0,2.0,2.0,3.0,5.0,2.3333333333333335,2.3333333333333335,3.0,3.4185183487816238,121,87,1.0,1.4185183487816238
519691042904,2025-08,2,2.0,1.0,3.0,1.0,1.0,2.0,1.6666666666666667,1.3333333333333333,1.0,1.8239155490943517,121,88,1.0,0.17608445090564828
519691042918,2025-08,3,4.0,3.0,1.0,7.0,2.0,9.0,3.6666666666666665,3.8333333333333335,3.0,4.245142374290224,121,102,1.0,0.24514237429022412
519691042919,2025-08,25,13.0,26.0,29.0,17.0,8.0,46.0,24.0,20.0,26.0,24.911496540485373,121,103,13.0,11.911496540485373
519691042920,2025-08,3,1.0,1.0,2.0,2.0,3.0,1.0,1.6666666666666667,1.8333333333333333,1.0,2.2282290915719294,121,104,0.0,1.2282290915719294
523986010133,2025-08,1,8.0,1.0,3.0,1.0,2.0,1.0,1.6666666666666667,2.0,1.0,1.6698001195589196,122,21,7.0,6.33019988044108
523986010146,2025-08,5,3.0,2.0,3.0,2.0,2.0,4.0,2.3333333333333335,4.0,2.0,4.019800179959658,122,34,1.0,1.0198001799596579
523986010147,2025-08,1,2.0,1.0,3.0,1.0,1.0,4.0,1.6666666666666667,1.8333333333333333,1.0,1.9581734270940085,122,35,1.0,0.041826572905991455
523986010149,2025-08,10,16.0,14.0,11.0,13.0,8.0,12.0,12.666666666666666,12.666666666666666,14.0,11.646372322057054,122,37,2.0,4.353627677942946
523986010150,2025-08,5,7.0,4.0,3.0,9.0,3.0,9.0,5.333333333333333,4.0,4.0,5.174082198550471,122,38,3.0,1.8259178014495294
523986010151,2025-08,11,8.0,6.0,9.0,11.0,2.0,3.0,8.666666666666666,7.5,6.0,7.781649105731406,122,39,2.0,0.21835089426859433
523986010152,2025-08,12,12.0,5.0,18.0,14.0,11.0,24.0,12.333333333333334,12.166666666666666,5.0,12.989636933105572,122,40,7.0,0.9896369331055723
523986010153,2025-08,3,1.0,5.0,2.0,1.0,2.0,3.0,2.6666666666666665,2.3333333333333335,5.0,3.0247080848499612,122,41,4.0,2.0247080848499612
523986010154,2025-08,14,16.0,11.0,11.0,8.0,6.0,23.0,10.0,9.0,11.0,12.385130268477441,122,42,5.0,3.6148697315225586
523986010155,2025-08,25,19.0,12.0,16.0,6.0,8.0,25.0,11.333333333333334,13.0,12.0,17.445339269790573,122,43,7.0,1.5546607302094273
523986010156,2025-08,2,3.0,3.0,6.0,1.0,3.0,1.0,3.3333333333333335,2.6666666666666665,3.0,2.5550327447018084,122,44,0.0,0.4449672552981916
523986010157,2025-08,1,1.0,1.0,2.0,5.0,2.0,1.0,2.6666666666666665,3.0,1.0,2.1100026784458663,122,45,0.0,1.1100026784458663
523986010161,2025-08,1,1.0,3.0,2.0,1.0,1.0,3.0,2.0,1.6666666666666667,3.0,1.96261000301533,122,49,2.0,0.96261000301533
523986010170,2025-08,4,7.0,3.0,4.0,1.0,2.0,2.0,2.6666666666666665,2.6666666666666665,3.0,3.1453102075461103,122,58,4.0,3.8546897924538897
523986010171,2025-08,3,4.0,9.0,2.0,7.0,6.0,5.0,6.0,5.5,9.0,5.158171760256927,122,59,5.0,1.158171760256927
523986010176,2025-08,4,1.0,2.0,3.0,8.0,2.0,4.0,4.333333333333333,3.5,2.0,3.780871667190362,122,64,1.0,2.780871667190362
523986010180,2025-08,6,3.0,6.0,16.0,8.0,6.0,9.0,10.0,8.166666666666666,6.0,7.638981905859293,122,68,3.0,4.638981905859293
523986010181,2025-08,5,9.0,6.0,8.0,8.0,7.0,8.0,7.333333333333333,6.666666666666667,6.0,6.466330290080731,122,69,3.0,2.533669709919269
523986010182,2025-08,10,2.0,6.0,1.0,1.0,6.0,5.0,2.6666666666666665,4.5,6.0,6.25029207082145,122,70,4.0,4.25029207082145
523986010183,2025-08,15,14.0,10.0,12.0,10.0,14.0,18.0,10.666666666666666,11.333333333333334,10.0,13.122865411747597,122,71,4.0,0.8771345882524031
523986010184,2025-08,8,3.0,7.0,11.0,9.0,6.0,8.0,9.0,7.0,7.0,7.661331184590173,122,72,4.0,4.661331184590173
523986010185,2025-08,1,2.0,1.0,2.0,1.0,4.0,1.0,1.3333333333333333,2.3333333333333335,1.0,1.8224122533710254,122,73,1.0,0.17758774662897459
523986010186,2025-08,28,15.0,23.0,31.0,28.0,19.0,9.0,27.333333333333332,21.833333333333332,23.0,22.224549626937453,122,74,8.0,7.224549626937453
523986010187,2025-08,8,16.0,8.0,10.0,9.0,6.0,17.0,9.0,10.333333333333334,8.0,9.997659251276927,122,75,8.0,6.002340748723073
523986010188,2025-08,18,10.0,21.0,25.0,15.0,9.0,21.0,20.333333333333332,19.5,21.0,18.793589483632186,122,76,11.0,8.793589483632186
523986010190,2025-08,30,14.0,10.0,21.0,17.0,9.0,15.0,16.0,16.166666666666668,10.0,19.058448026436636,122,78,4.0,5.058448026436636
523986010191,2025-08,20,16.0,16.0,24.0,28.0,28.0,18.0,22.666666666666668,25.166666666666668,16.0,21.489682862619986,122,79,0.0,5.489682862619986
523986010192,2025-08,3,1.0,5.0,1.0,1.0,1.0,2.0,2.3333333333333335,2.0,5.0,2.709579848834915,122,80,4.0,1.709579848834915
523986010195,2025-08,1,3.0,2.0,1.0,1.0,3.0,3.0,1.3333333333333333,2.0,2.0,2.0028465702195124,122,83,1.0,0.9971534297804876
523986010197,2025-08,3,2.0,2.0,2.0,1.0,1.0,3.0,1.6666666666666667,2.3333333333333335,2.0,2.648338044552716,122,85,0.0,0.648338044552716
523986010198,2025-08,1,1.0,1.0,2.0,1.0,2.0,1.0,1.3333333333333333,2.1666666666666665,1.0,1.6883552341770276,122,86,0.0,0.6883552341770276
523986010199,2025-08,1,1.0,3.0,5.0,1.0,4.0,1.0,3.0,3.3333333333333335,3.0,2.491631086955973,122,87,2.0,1.491631086955973
523986010200,2025-08,1,5.0,1.0,2.0,2.0,2.0,1.0,1.6666666666666667,2.0,1.0,1.6687338341883802,122,88,4.0,3.33126616581162
523986010214,2025-08,4,3.0,3.0,1.0,4.0,3.0,2.0,2.6666666666666665,4.0,3.0,3.6259173978843453,122,102,0.0,0.6259173978843453
523986010215,2025-08,9,6.0,5.0,12.0,13.0,1.0,6.0,10.0,7.666666666666667,5.0,7.675908815399165,122,103,1.0,1.6759088153991648
523986010216,2025-08,14,4.0,4.0,12.0,4.0,1.0,2.0,6.666666666666667,5.166666666666667,4.0,7.335077386978583,122,104,0.0,3.3350773869785826
528280977430,2025-08,1,1.0,1.0,5.0,1.0,7.0,1.0,2.3333333333333335,3.0,1.0,2.273469298666459,123,22,0.0,1.273469298666459
528280977432,2025-08,4,5.0,3.0,6.0,2.0,3.0,1.0,3.6666666666666665,3.0,3.0,3.277944614611423,123,24,2.0,1.7220553853885772
528280977441,2025-08,4,3.0,10.0,7.0,9.0,2.0,8.0,8.666666666666666,6.833333333333333,10.0,6.486208779442995,123,33,7.0,3.486208779442995
528280977442,2025-08,4,2.0,1.0,6.0,6.0,4.0,3.0,4.333333333333333,3.3333333333333335,1.0,3.6028312422338233,123,34,1.0,1.6028312422338233
528280977445,2025-08,2,3.0,5.0,4.0,6.0,6.0,5.0,5.0,6.333333333333333,5.0,4.736691566481388,123,37,2.0,1.7366915664813876
528280977446,2025-08,16,13.0,16.0,10.0,11.0,15.0,10.0,12.333333333333334,11.666666666666666,16.0,13.175500483593492,123,38,3.0,0.1755004835934919
528280977447,2025-08,24,15.0,15.0,25.0,14.0,16.0,27.0,18.0,16.833333333333332,15.0,19.962805855070407,123,39,0.0,4.962805855070407
528280977448,2025-08,10,9.0,12.0,22.0,7.0,16.0,17.0,13.666666666666666,13.0,12.0,12.676827396583722,123,40,3.0,3.6768273965837217
528280977449,2025-08,3,7.0,5.0,5.0,8.0,10.0,12.0,6.0,6.166666666666667,5.0,6.129021785782302,123,41,2.0,0.8709782142176978
528280977450,2025-08,11,19.0,25.0,15.0,12.0,19.0,16.0,17.333333333333332,17.5,25.0,15.836659174626867,123,42,6.0,3.163340825373133
528280977451,2025-08,3,1.0,7.0,11.0,2.0,1.0,2.0,6.666666666666667,4.0,7.0,4.007276215563122,123,43,6.0,3.007276215563122
528280977452,2025-08,1,2.0,2.0,2.0,2.0,1.0,2.0,2.0,2.0,2.0,1.8695950557413656,123,44,0.0,0.13040494425863436
528280977458,2025-08,1,5.0,2.0,8.0,3.0,6.0,2.0,4.333333333333333,5.833333333333333,2.0,3.6019698178228623,123,50,3.0,1.3980301821771377
528280977466,2025-08,2,3.0,1.0,7.0,4.0,4.0,2.0,4.0,3.1666666666666665,1.0,2.808827000523257,123,58,2.0,0.19117299947674304
528280977467,2025-08,1,2.0,1.0,2.0,2.0,4.0,2.0,1.6666666666666667,3.1666666666666665,1.0,2.263941878283198,123,59,1.0,0.26394187828319815
528280977473,2025-08,7,4.0,2.0,5.0,6.0,5.0,5.0,4.333333333333333,4.833333333333333,2.0,5.336759343482458,123,65,2.0,1.3367593434824583
528280977474,2025-08,1,3.0,9.0,1.0,5.0,3.0,4.0,5.0,6.0,9.0,4.394688402856243,123,66,6.0,1.394688402856243
528280977475,2025-08,15,15.0,12.0,14.0,13.0,8.0,15.0,13.0,13.333333333333334,12.0,13.577690836864624,123,67,3.0,1.4223091631353757
528280977476,2025-08,5,11.0,14.0,12.0,12.0,12.0,24.0,12.666666666666666,15.166666666666666,14.0,12.731159350156842,123,68,3.0,1.731159350156842
528280977477,2025-08,2,4.0,11.0,9.0,8.0,8.0,12.0,9.333333333333334,9.166666666666666,11.0,7.5852043598669345,123,69,7.0,3.5852043598669345
528280977478,2025-08,5,6.0,3.0,3.0,3.0,4.0,1.0,3.0,3.1666666666666665,3.0,3.5855726882820873,123,70,3.0,2.4144273117179127
528280977479,2025-08,17,11.0,13.0,29.0,9.0,24.0,25.0,17.0,17.666666666666668,13.0,18.027333456214357,123,71,2.0,7.0273334562143575
528280977480,2025-08,16,9.0,16.0,7.0,17.0,19.0,20.0,13.333333333333334,14.166666666666666,16.0,15.547966832042054,123,72,7.0,6.547966832042054
528280977482,2025-08,25,8.0,13.0,26.0,23.0,15.0,13.0,20.666666666666668,18.166666666666668,13.0,19.003634947031053,123,74,5.0,11.003634947031053
528280977483,2025-08,8,5.0,6.0,3.0,10.0,10.0,8.0,6.333333333333333,8.5,6.0,7.945889173326457,123,75,1.0,2.9458891733264574
528280977484,2025-08,12,22.0,15.0,23.0,20.0,7.0,26.0,19.333333333333332,15.333333333333334,15.0,15.668483402516973,123,76,7.0,6.331516597483027
528280977485,2025-08,48,38.0,36.0,36.0,45.0,48.0,14.0,39.0,41.833333333333336,36.0,38.68500505341828,123,77,2.0,0.6850050534182799
528280977486,2025-08,14,20.0,21.0,19.0,19.0,20.0,14.0,19.666666666666668,20.0,21.0,17.267934176597528,123,78,1.0,2.732065823402472
528280977487,2025-08,13,17.0,15.0,12.0,10.0,5.0,5.0,12.333333333333334,10.0,15.0,10.650691278951458,123,79,2.0,6.349308721048542
528280977488,2025-08,3,3.0,4.0,3.0,2.0,3.0,3.0,3.0,3.5,4.0,3.4135323883321824,123,80,1.0,0.4135323883321824
528280977489,2025-08,4,2.0,1.0,1.0,4.0,1.0,1.0,2.0,2.1666666666666665,1.0,2.5836768675854938,123,81,1.0,0.5836768675854938
528280977490,2025-08,5,2.0,5.0,7.0,7.0,2.0,7.0,6.333333333333333,4.5,5.0,5.234630466587943,123,82,3.0,3.2346304665879426
528280977491,2025-08,2,3.0,5.0,4.0,4.0,2.0,1.0,4.333333333333333,3.3333333333333335,5.0,2.996638257949691,123,83,2.0,0.0033617420503091466
528280977511,2025-08,1,1.0,5.0,8.0,1.0,2.0,4.0,4.666666666666667,4.166666666666667,5.0,3.409979887602532,123,103,4.0,2.409979887602532
528280977512,2025-08,4,2.0,2.0,2.0,1.0,1.0,1.0,1.6666666666666667,1.5,2.0,2.402939490058966,123,104,0.0,0.4029394900589658
532575944727,2025-08,1,1.0,1.0,3.0,7.0,2.0,13.0,3.6666666666666665,2.6666666666666665,1.0,3.640523047119956,124,23,0.0,2.640523047119956
532575944728,2025-08,1,1.0,1.0,1.0,1.0,1.0,4.0,1.0,1.1666666666666667,1.0,1.6618616268479407,124,24,0.0,0.6618616268479407
532575944734,2025-08,6,1.0,4.0,3.0,4.0,2.0,3.0,3.6666666666666665,2.6666666666666665,4.0,4.032068615875953,124,30,3.0,3.0320686158759527
532575944735,2025-08,6,4.0,7.0,2.0,8.0,2.0,1.0,5.666666666666667,4.0,7.0,4.665080560243689,124,31,3.0,0.6650805602436893
532575944739,2025-08,2,1.0,2.0,3.0,2.0,1.0,1.0,2.3333333333333335,2.0,2.0,2.0667924115303276,124,35,1.0,1.0667924115303276
532575944740,2025-08,6,3.0,2.0,1.0,7.0,7.0,4.0,3.3333333333333335,5.333333333333333,2.0,5.054204959916096,124,36,1.0,2.0542049599160963
532575944741,2025-08,5,4.0,4.0,5.0,6.0,5.0,2.0,5.0,6.333333333333333,4.0,5.102634279508997,124,37,0.0,1.1026342795089974
532575944742,2025-08,14,20.0,20.0,29.0,24.0,21.0,28.0,24.333333333333332,21.5,20.0,20.033037858127418,124,38,0.0,0.03303785812741822
532575944743,2025-08,12,20.0,34.0,27.0,22.0,14.0,20.0,27.666666666666668,22.666666666666668,34.0,19.97700223277325,124,39,14.0,0.02299776722675162
532575944744,2025-08,31,11.0,13.0,13.0,21.0,8.0,19.0,15.666666666666666,14.333333333333334,13.0,19.391558738324203,124,40,2.0,8.391558738324203
532575944745,2025-08,4,2.0,9.0,7.0,5.0,4.0,5.0,7.0,6.0,9.0,5.647485463257573,124,41,7.0,3.6474854632575733
532575944746,2025-08,21,8.0,15.0,14.0,11.0,11.0,15.0,13.333333333333334,13.833333333333334,15.0,15.85482746180452,124,42,7.0,7.85482746180452
532575944747,2025-08,1,1.0,3.0,5.0,10.0,4.0,3.0,6.0,4.666666666666667,3.0,3.51519222809503,124,43,2.0,2.51519222809503
532575944748,2025-08,6,1.0,4.0,3.0,5.0,9.0,4.0,4.0,5.166666666666667,4.0,5.3040050065729245,124,44,3.0,4.3040050065729245
532575944749,2025-08,3,1.0,2.0,6.0,4.0,5.0,1.0,4.0,3.8333333333333335,2.0,3.3058941691239276,124,45,1.0,2.3058941691239276
532575944753,2025-08,4,3.0,7.0,2.0,2.0,8.0,4.0,3.6666666666666665,3.8333333333333335,7.0,4.436641366385581,124,49,4.0,1.4366413663855813
532575944754,2025-08,13,10.0,4.0,7.0,3.0,3.0,8.0,4.666666666666667,6.666666666666667,4.0,8.171134900678517,124,50,6.0,1.828865099321483
532575944755,2025-08,27,27.0,17.0,25.0,16.0,24.0,30.0,19.333333333333332,18.333333333333332,17.0,22.32045500180557,124,51,10.0,4.67954499819443
532575944760,2025-08,4,3.0,2.0,2.0,4.0,1.0,2.0,2.6666666666666665,2.5,2.0,2.9719373297349883,124,56,1.0,0.028062670265011747
532575944762,2025-08,2,1.0,2.0,1.0,2.0,3.0,2.0,1.6666666666666667,2.0,2.0,2.1989776406379367,124,58,1.0,1.1989776406379367
532575944763,2025-08,3,3.0,3.0,1.0,1.0,2.0,5.0,1.6666666666666667,1.8333333333333333,3.0,2.8516887041011074,124,59,0.0,0.14831129589889258
532575944769,2025-08,2,9.0,10.0,5.0,5.0,5.0,1.0,6.666666666666667,5.666666666666667,10.0,4.527195009755731,124,65,1.0,4.472804990244269
532575944770,2025-08,20,21.0,21.0,19.0,25.0,7.0,15.0,21.666666666666668,18.666666666666668,21.0,18.38409743490627,124,66,0.0,2.61590256509373
532575944771,2025-08,47,14.0,39.0,27.0,32.0,29.0,27.0,32.666666666666664,30.166666666666668,39.0,34.95867720979548,124,67,25.0,20.958677209795482
532575944772,2025-08,23,8.0,21.0,15.0,27.0,11.0,14.0,21.0,17.0,21.0,18.645208783647888,124,68,13.0,10.645208783647888
532575944773,2025-08,29,28.0,11.0,20.0,21.0,20.0,26.0,17.333333333333332,19.833333333333332,11.0,22.04893613111783,124,69,17.0,5.951063868882169
532575944774,2025-08,17,9.0,5.0,17.0,6.0,8.0,22.0,9.333333333333334,10.0,5.0,13.008983431833116,124,70,4.0,4.008983431833116
532575944775,2025-08,13,24.0,22.0,17.0,18.0,14.0,26.0,19.0,17.333333333333332,22.0,17.390581720339448,124,71,2.0,6.609418279660552
532575944776,2025-08,25,21.0,17.0,10.0,12.0,17.0,18.0,13.0,15.166666666666666,17.0,18.182320884150087,124,72,4.0,2.817679115849913
532575944778,2025-08,12,7.0,18.0,11.0,8.0,6.0,6.0,12.333333333333334,10.5,18.0,10.924677101684079,124,74,11.0,3.924677101684079
532575944779,2025-08,14,10.0,17.0,21.0,11.0,4.0,9.0,16.333333333333332,11.5,17.0,12.504245176088817,124,75,7.0,2.5042451760888174
532575944780,2025-08,7,1.0,6.0,6.0,3.0,3.0,1.0,5.0,4.333333333333333,6.0,4.959316341405649,124,76,5.0,3.959316341405649
532575944781,2025-08,23,24.0,25.0,25.0,23.0,15.0,19.0,24.333333333333332,21.333333333333332,25.0,21.561514666745182,124,77,1.0,2.4384853332548175
532575944782,2025-08,17,16.0,11.0,19.0,6.0,9.0,8.0,12.0,12.333333333333334,11.0,12.786289418811151,124,78,5.0,3.213710581188849
532575944783,2025-08,5,4.0,5.0,2.0,1.0,8.0,10.0,2.6666666666666665,3.5,5.0,5.11908571850702,124,79,1.0,1.1190857185070202
532575944786,2025-08,6,6.0,4.0,4.0,4.0,1.0,2.0,4.0,3.0,4.0,4.013252180106975,124,82,2.0,1.9867478198930248
532575944787,2025-08,8,6.0,6.0,5.0,6.0,10.0,12.0,5.666666666666667,6.5,6.0,7.720195790260318,124,83,0.0,1.720195790260318
532575944788,2025-08,6,4.0,6.0,4.0,8.0,7.0,5.0,6.0,6.5,6.0,6.167423198640875,124,84,2.0,2.1674231986408747
532575944789,2025-08,2,4.0,4.0,1.0,2.0,2.0,1.0,2.3333333333333335,3.3333333333333335,4.0,2.7013191439381465,124,85,0.0,1.2986808560618535
532575944806,2025-08,1,1.0,1.0,1.0,2.0,1.0,2.0,1.3333333333333333,1.1666666666666667,1.0,1.4423525742692682,124,102,0.0,0.4423525742692682
532575944807,2025-08,2,1.0,5.0,4.0,1.0,3.0,4.0,3.3333333333333335,3.3333333333333335,5.0,3.3112217699035744,124,103,4.0,2.3112217699035744
532575944808,2025-08,2,6.0,3.0,5.0,4.0,3.0,1.0,4.0,4.5,3.0,3.2371380565655876,124,104,3.0,2.7628619434344124
536870912023,2025-08,1,3.0,1.0,1.0,1.0,1.0,1.0,1.0,1.1666666666666667,1.0,1.27867464059233,125,23,2.0,1.72132535940767
536870912026,2025-08,1,4.0,1.0,1.0,1.0,1.0,1.0,1.0,1.0,1.0,1.2231043023452841,125,26,3.0,2.776895697654716
536870912027,2025-08,3,2.0,11.0,7.0,6.0,6.0,2.0,8.0,6.333333333333333,11.0,5.426714778338695,125,27,9.0,3.4267147783386953
536870912031,2025-08,7,5.0,5.0,3.0,4.0,6.0,9.0,4.0,4.666666666666667,5.0,6.022546703432123,125,31,0.0,1.0225467034321234
536870912034,2025-08,3,1.0,1.0,1.0,2.0,3.0,2.0,1.3333333333333333,2.0,1.0,2.3745132016085737,125,34,0.0,1.3745132016085737
536870912035,2025-08,9,19.0,2.0,15.0,8.0,2.0,12.0,8.333333333333334,7.0,2.0,7.85341905516672,125,35,17.0,11.14658094483328
536870912036,2025-08,6,21.0,14.0,13.0,10.0,9.0,11.0,12.333333333333334,14.333333333333334,14.0,10.9281291717509,125,36,7.0,10.0718708282491
536870912037,2025-08,6,11.0,8.0,8.0,10.0,8.0,5.0,8.666666666666666,10.333333333333334,8.0,7.929494223044838,125,37,3.0,3.0705057769551622
536870912038,2025-08,14,18.0,24.0,15.0,19.0,18.0,12.0,19.333333333333332,17.833333333333332,24.0,16.4006409129099,125,38,6.0,1.5993590870901002
536870912039,2025-08,16,15.0,12.0,20.0,13.0,23.0,11.0,15.0,15.666666666666666,12.0,14.943412167103466,125,39,3.0,0.05658783289653435
536870912040,2025-08,14,18.0,13.0,14.0,9.0,10.0,12.0,12.0,11.833333333333334,13.0,12.453526173328303,125,40,5.0,5.546473826671697
536870912041,2025-08,16,15.0,17.0,27.0,17.0,8.0,26.0,20.333333333333332,16.5,17.0,17.51332883399042,125,41,2.0,2.513328833990421
536870912042,2025-08,18,11.0,7.0,11.0,10.0,14.0,13.0,9.333333333333334,9.333333333333334,7.0,12.30696783497332,125,42,4.0,1.3069678349733191
536870912043,2025-08,15,18.0,16.0,15.0,13.0,10.0,18.0,14.666666666666666,12.5,16.0,14.248030302892584,125,43,2.0,3.751969697107416
536870912044,2025-08,11,8.0,9.0,13.0,14.0,18.0,16.0,12.0,13.0,9.0,12.496875065015274,125,44,1.0,4.496875065015274
536870912045,2025-08,4,3.0,4.0,4.0,3.0,4.0,6.0,3.6666666666666665,4.166666666666667,4.0,4.419119357515356,125,45,1.0,1.4191193575153562
536870912046,2025-08,8,3.0,1.0,2.0,1.0,2.0,3.0,1.3333333333333333,2.1666666666666665,1.0,3.9591911180640205,125,46,2.0,0.9591911180640205
536870912048,2025-08,7,5.0,3.0,4.0,2.0,2.0,8.0,3.0,2.6666666666666665,3.0,4.8113665010514115,125,48,2.0,0.1886334989485885
536870912050,2025-08,10,1.0,12.0,6.0,8.0,4.0,7.0,8.666666666666666,7.5,12.0,8.538501554759462,125,50,11.0,7.538501554759462
536870912051,2025-08,5,3.0,6.0,2.0,2.0,5.0,5.0,3.3333333333333335,4.5,6.0,4.844457254342515,125,51,3.0,1.8444572543425153
536870912052,2025-08,1,10.0,8.0,7.0,6.0,5.0,7.0,7.0,8.0,8.0,5.668870842447484,125,52,2.0,4.331129157552516
536870912053,2025-08,1,4.0,1.0,3.0,3.0,7.0,1.0,2.3333333333333335,3.5,1.0,2.438047742666522,125,53,3.0,1.5619522573334779
536870912055,2025-08,3,2.0,4.0,3.0,3.0,3.0,4.0,3.3333333333333335,3.1666666666666665,4.0,3.4660696455150255,125,55,2.0,1.4660696455150255
536870912056,2025-08,7,4.0,11.0,9.0,3.0,4.0,5.0,7.666666666666667,6.166666666666667,11.0,6.793672888197224,125,56,7.0,2.793672888197224
536870912065,2025-08,25,26.0,15.0,29.0,32.0,18.0,21.0,25.333333333333332,21.0,15.0,21.747229930427842,125,65,11.0,4.252770069572158
536870912066,2025-08,15,26.0,34.0,28.0,24.0,27.0,23.0,28.666666666666668,31.5,34.0,24.788227055158952,125,66,8.0,1.211772944841048
536870912067,2025-08,17,15.0,20.0,13.0,16.0,19.0,15.0,16.333333333333332,16.166666666666668,20.0,16.499721711439424,125,67,5.0,1.499721711439424
536870912068,2025-08,8,4.0,11.0,4.0,5.0,2.0,9.0,6.666666666666667,6.0,11.0,7.345264736628037,125,68,7.0,3.345264736628037
536870912069,2025-08,28,11.0,22.0,9.0,6.0,5.0,9.0,12.333333333333334,10.666666666666666,22.0,16.234343069627233,125,69,11.0,5.234343069627233
536870912070,2025-08,18,11.0,14.0,20.0,14.0,10.0,16.0,16.0,16.833333333333332,14.0,16.297408412401666,125,70,3.0,5.297408412401666
536870912071,2025-08,4,7.0,4.0,5.0,4.0,2.0,8.0,4.333333333333333,4.0,4.0,4.6134844910457735,125,71,3.0,2.3865155089542265
536870912072,2025-08,25,22.0,29.0,27.0,30.0,23.0,17.0,28.666666666666668,24.333333333333332,29.0,23.97126702479826,125,72,7.0,1.9712670247982587
536870912073,2025-08,12,16.0,14.0,22.0,9.0,9.0,11.0,15.0,12.666666666666666,14.0,12.397080629153846,125,73,2.0,3.6029193708461538
536870912074,2025-08,6,6.0,8.0,9.0,13.0,7.0,10.0,10.0,9.5,8.0,8.395906206832954,125,74,2.0,2.3959062068329544
536870912075,2025-08,27,19.0,28.0,19.0,31.0,19.0,18.0,26.0,21.833333333333332,28.0,23.31174142239327,125,75,9.0,4.311741422393268
536870912076,2025-08,20,41.0,24.0,21.0,20.0,29.0,16.0,21.666666666666668,26.166666666666668,24.0,22.107257597648026,125,76,17.0,18.892742402351974
536870912077,2025-08,53,46.0,45.0,34.0,51.0,39.0,57.0,43.333333333333336,39.5,45.0,45.638775976352065,125,77,1.0,0.36122402364793516
536870912078,2025-08,12,2.0,4.0,7.0,4.0,2.0,11.0,5.0,5.166666666666667,4.0,7.762983312917072,125,78,2.0,5.762983312917072
536870912079,2025-08,2,4.0,3.0,3.0,3.0,3.0,4.0,3.0,3.3333333333333335,3.0,3.1213532895755893,125,79,1.0,0.8786467104244107
536870912082,2025-08,1,1.0,2.0,1.0,2.0,2.0,1.0,1.6666666666666667,1.5,2.0,1.577383162426223,125,82,1.0,0.5773831624262229
536870912083,2025-08,16,16.0,15.0,24.0,31.0,23.0,32.0,23.333333333333332,22.5,15.0,21.03637342201241,125,83,1.0,5.03637342201241
536870912084,2025-08,9,17.0,5.0,3.0,15.0,10.0,14.0,7.666666666666667,10.333333333333334,5.0,9.678817118817836,125,84,12.0,7.321182881182164
536870912085,2025-08,5,8.0,3.0,4.0,14.0,2.0,2.0,7.0,5.833333333333333,3.0,4.956393959177774,125,85,5.0,3.043606040822226
536870912086,2025-08,1,1.0,4.0,2.0,1.0,1.0,1.0,2.3333333333333335,2.0,4.0,1.930668255280274,125,86,3.0,0.9306682552802741
536870912104,2025-08,1,1.0,3.0,3.0,2.0,2.0,2.0,2.6666666666666665,2.1666666666666665,3.0,2.113799524698752,125,104,2.0,1.1137995246987522
541165879320,2025-08,21,11.0,18.0,13.0,18.0,9.0,25.0,16.333333333333332,16.5,18.0,18.494510190999325,126,24,7.0,7.494510190999325
541165879322,2025-08,1,2.0,2.0,2.0,2.0,1.0,4.0,2.0,2.8333333333333335,2.0,2.4029047378136745,126,26,0.0,0.40290473781367453
541165879327,2025-08,1,4.0,1.0,2.0,2.0,2.0,2.0,1.6666666666666667,2.3333333333333335,1.0,1.9076035061010117,126,31,3.0,2.0923964938989883
541165879328,2025-08,8,3.0,6.0,1.0,4.0,4.0,2.0,3.6666666666666665,4.166666666666667,6.0,5.209502286742877,126,32,3.0,2.209502286742877
541165879332,2025-08,3,1.0,2.0,2.0,1.0,1.0,2.0,1.6666666666666667,2.0,2.0,2.4094683726400845,126,36,1.0,1.4094683726400845
541165879333,2025-08,5,9.0,8.0,14.0,15.0,6.0,7.0,12.333333333333334,11.333333333333334,8.0,8.553812467904324,126,37,1.0,0.4461875320956761
541165879334,2025-08,10,9.0,19.0,9.0,12.0,7.0,11.0,13.333333333333334,11.833333333333334,19.0,11.653446742453143,126,38,10.0,2.653446742453143
541165879335,2025-08,11,8.0,9.0,18.0,17.0,12.0,13.0,14.666666666666666,15.333333333333334,9.0,12.949135704297369,126,39,1.0,4.949135704297369
541165879336,2025-08,63,80.0,76.0,57.0,58.0,58.0,65.0,63.666666666666664,63.333333333333336,76.0,62.81853632992974,126,40,4.0,17.181463670070258
541165879337,2025-08,74,63.0,78.0,68.0,95.0,80.0,78.0,80.33333333333333,75.83333333333333,78.0,74.63919384137488,126,41,15.0,11.639193841374876
541165879338,2025-08,26,37.0,21.0,31.0,43.0,47.0,36.0,31.666666666666668,35.5,21.0,31.06747445825616,126,42,16.0,5.932525541743839
541165879339,2025-08,19,11.0,13.0,14.0,11.0,8.0,14.0,12.666666666666666,12.333333333333334,13.0,14.308662012369169,126,43,2.0,3.308662012369169
541165879340,2025-08,14,15.0,15.0,32.0,24.0,21.0,16.0,23.666666666666668,19.5,15.0,17.382613691987615,126,44,0.0,2.382613691987615
541165879341,2025-08,7,7.0,5.0,4.0,7.0,4.0,5.0,5.333333333333333,5.166666666666667,5.0,5.744717093956308,126,45,2.0,1.2552829060436919
541165879342,2025-08,2,1.0,4.0,1.0,2.0,3.0,8.0,2.3333333333333335,2.8333333333333335,4.0,3.4679544376002394,126,46,3.0,2.4679544376002394
541165879343,2025-08,5,3.0,2.0,4.0,6.0,1.0,5.0,4.0,3.3333333333333335,2.0,4.066815458579074,126,47,1.0,1.0668154585790743
541165879346,2025-08,1,1.0,2.0,1.0,2.0,3.0,1.0,1.6666666666666667,1.8333333333333333,2.0,1.727767179393794,126,50,1.0,0.7277671793937941
541165879347,2025-08,6,4.0,1.0,3.0,8.0,4.0,4.0,4.0,4.5,1.0,4.656227066168792,126,51,3.0,0.6562270661687917
541165879348,2025-08,9,18.0,25.0,6.0,19.0,14.0,20.0,16.666666666666668,16.0,25.0,14.993908709701444,126,52,7.0,3.0060912902985564
541165879349,2025-08,7,5.0,4.0,1.0,5.0,7.0,3.0,3.3333333333333335,4.0,4.0,4.922677642798789,126,53,1.0,0.07732235720121139
541165879350,2025-08,24,8.0,18.0,13.0,4.0,12.0,10.0,11.666666666666666,11.166666666666666,18.0,15.278502704354263,126,54,10.0,7.278502704354263
541165879351,2025-08,6,6.0,9.0,7.0,4.0,4.0,5.0,6.666666666666667,6.333333333333333,9.0,6.2984994566503865,126,55,3.0,0.29849945665038646
541165879352,2025-08,11,13.0,14.0,13.0,9.0,7.0,16.0,12.0,12.0,14.0,12.113909432072374,126,56,1.0,0.8860905679276261
541165879353,2025-08,17,6.0,16.0,20.0,15.0,6.0,8.0,17.0,12.5,16.0,13.646563236631934,126,57,10.0,7.646563236631934
541165879354,2025-08,4,8.0,14.0,10.0,2.0,7.0,8.0,8.666666666666666,10.166666666666666,14.0,8.102737616261017,126,58,6.0,0.10273761626101674
541165879357,2025-08,1,1.0,1.0,1.0,1.0,1.0,1.0,1.0,1.0,1.0,1.2231043023452841,126,61,0.0,0.2231043023452841
541165879361,2025-08,11,17.0,26.0,9.0,17.0,11.0,10.0,17.333333333333332,13.666666666666666,26.0,13.54824961477205,126,65,9.0,3.4517503852279496
541165879362,2025-08,4,5.0,4.0,7.0,6.0,6.0,8.0,5.666666666666667,5.333333333333333,4.0,5.360948882690732,126,66,1.0,0.36094888269073166
541165879363,2025-08,14,25.0,12.0,8.0,16.0,11.0,9.0,12.0,12.333333333333334,12.0,12.193469201714553,126,67,13.0,12.806530798285447
541165879364,2025-08,8,16.0,8.0,1.0,4.0,11.0,18.0,4.333333333333333,6.5,8.0,8.5306054654283,126,68,8.0,7.4693945345717
541165879365,2025-08,4,5.0,4.0,12.0,7.0,14.0,9.0,7.666666666666667,9.0,4.0,7.246197099735205,126,69,1.0,2.2461970997352054
541165879366,2025-08,37,35.0,40.0,41.0,43.0,44.0,39.0,41.333333333333336,39.5,40.0,38.33892994622457,126,70,5.0,3.3389299462245674
541165879367,2025-08,40,37.0,32.0,28.0,39.0,32.0,30.0,33.0,36.666666666666664,32.0,35.11348834123871,126,71,5.0,1.8865116587612931
541165879368,2025-08,22,30.0,22.0,24.0,15.0,7.0,19.0,20.333333333333332,17.333333333333332,22.0,18.964235267929773,126,72,8.0,11.035764732070227
541165879369,2025-08,20,12.0,8.0,17.0,18.0,10.0,10.0,14.333333333333334,12.166666666666666,8.0,13.909383906629493,126,73,4.0,1.9093839066294933
541165879370,2025-08,10,9.0,8.0,17.0,22.0,17.0,32.0,15.666666666666666,19.666666666666668,8.0,16.759474887516753,126,74,1.0,7.7594748875167525
541165879371,2025-08,29,31.0,23.0,43.0,34.0,27.0,27.0,33.333333333333336,29.166666666666668,23.0,28.230500591805228,126,75,8.0,2.769499408194772
541165879372,2025-08,46,23.0,43.0,26.0,26.0,17.0,32.0,31.666666666666668,28.666666666666668,43.0,34.53515134265682,126,76,20.0,11.535151342656818
541165879373,2025-08,9,17.0,15.0,12.0,17.0,18.0,17.0,14.666666666666666,15.0,15.0,13.460710855035058,126,77,2.0,3.5392891449649415
541165879374,2025-08,7,7.0,7.0,5.0,3.0,7.0,9.0,5.0,7.166666666666667,7.0,7.1581777598266285,126,78,0.0,0.15817775982662852
541165879375,2025-08,4,6.0,9.0,8.0,13.0,9.0,5.0,10.0,8.166666666666666,9.0,6.890723292532708,126,79,3.0,0.8907232925327078
541165879376,2025-08,2,3.0,1.0,2.0,1.0,1.0,3.0,1.3333333333333333,1.8333333333333333,1.0,2.0813403356250912,126,80,2.0,0.9186596643749088
541165879378,2025-08,7,15.0,21.0,19.0,26.0,11.0,18.0,22.0,17.0,21.0,14.661658680322434,126,82,6.0,0.338341319677566
541165879379,2025-08,16,27.0,23.0,20.0,13.0,14.0,31.0,18.666666666666668,16.5,23.0,18.658784935135316,126,83,4.0,8.341215064864684
541165879380,2025-08,8,10.0,8.0,8.0,10.0,4.0,11.0,8.666666666666666,8.166666666666666,8.0,8.392302691607666,126,84,2.0,1.6076973083923338
541165879381,2025-08,1,3.0,1.0,2.0,1.0,1.0,3.0,1.3333333333333333,1.1666666666666667,1.0,1.571147855058344,126,85,2.0,1.428852144941656
545460846614,2025-08,1,1.0,2.0,1.0,1.0,1.0,1.0,1.3333333333333333,1.5,2.0,1.5021908836943467,127,22,1.0,0.5021908836943467
545460846615,2025-08,6,2.0,7.0,7.0,8.0,5.0,13.0,7.333333333333333,6.166666666666667,7.0,7.2230490420428675,127,23,5.0,5.2230490420428675
545460846618,2025-08,6,2.0,3.0,3.0,5.0,3.0,6.0,3.6666666666666665,3.5,3.0,4.655924005490752,127,26,1.0,2.6559240054907516
545460846623,2025-08,2,3.0,1.0,1.0,1.0,2.0,1.0,1.0,1.3333333333333333,1.0,1.6613994468914122,127,31,2.0,1.3386005531085878
545460846624,2025-08,1,3.0,1.0,2.0,3.0,1.0,3.0,2.0,1.8333333333333333,1.0,1.865327084563333,127,32,2.0,1.134672915436667
545460846629,2025-08,1,8.0,1.0,3.0,6.0,2.0,1.0,3.3333333333333335,2.8333333333333335,1.0,2.1273965020861603,127,37,7.0,5.87260349791384
545460846630,2025-08,13,9.0,3.0,15.0,6.0,2.0,11.0,8.0,8.333333333333334,3.0,9.36237496612992,127,38,6.0,0.36237496612992004
545460846631,2025-08,10,18.0,31.0,18.0,14.0,13.0,9.0,21.0,18.0,31.0,15.443092998069998,127,39,13.0,2.5569070019300018
545460846632,2025-08,3,12.0,11.0,5.0,9.0,10.0,9.0,8.333333333333334,9.166666666666666,11.0,7.456303225879477,127,40,1.0,4.543696774120523
545460846633,2025-08,88,82.0,62.0,78.0,109.0,83.0,107.0,83.0,86.83333333333333,62.0,85.23489114651807,127,41,20.0,3.2348911465180663
545460846634,2025-08,16,31.0,14.0,14.0,18.0,20.0,23.0,15.333333333333334,20.0,14.0,17.985663367862916,127,42,17.0,13.014336632137084
545460846635,2025-08,11,10.0,13.0,12.0,13.0,8.0,23.0,12.666666666666666,12.5,13.0,13.208371718013488,127,43,3.0,3.2083717180134883
545460846636,2025-08,15,14.0,8.0,16.0,17.0,23.0,14.0,13.666666666666666,15.166666666666666,8.0,14.418209603125527,127,44,6.0,0.41820960312552735
545460846637,2025-08,16,20.0,17.0,16.0,15.0,10.0,9.0,16.0,16.0,17.0,14.774646241645964,127,45,3.0,5.225353758354036
545460846639,2025-08,7,6.0,10.0,5.0,12.0,5.0,11.0,9.0,7.666666666666667,10.0,8.16252722860727,127,47,4.0,2.1625272286072708
545460846640,2025-08,3,3.0,4.0,5.0,2.0,2.0,3.0,3.6666666666666665,3.0,4.0,3.2816084803754446,127,48,1.0,0.2816084803754446
545460846643,2025-08,2,3.0,1.0,3.0,1.0,2.0,3.0,1.6666666666666667,1.8333333333333333,1.0,2.157598899727507,127,51,2.0,0.8424011002724932
545460846644,2025-08,4,10.0,10.0,6.0,7.0,4.0,4.0,7.666666666666667,5.666666666666667,10.0,5.555874010840728,127,52,0.0,4.444125989159272
545460846645,2025-08,26,32.0,25.0,42.0,26.0,24.0,38.0,31.0,31.0,25.0,29.165474261490242,127,53,7.0,2.8345257385097575
545460846646,2025-08,17,17.0,29.0,14.0,11.0,15.0,32.0,18.0,17.833333333333332,29.0,19.93849528593936,127,54,12.0,2.9384952859393607
545460846647,2025-08,2,7.0,4.0,1.0,4.0,4.0,3.0,3.0,4.0,4.0,3.329443045227161,127,55,3.0,3.670556954772839
545460846648,2025-08,6,9.0,6.0,2.0,5.0,12.0,4.0,4.333333333333333,5.0,6.0,5.553900599333211,127,56,3.0,3.446099400666789
545460846649,2025-08,9,6.0,10.0,8.0,4.0,4.0,5.0,7.333333333333333,6.166666666666667,10.0,7.256053291375882,127,57,4.0,1.2560532913758822
545460846650,2025-08,25,16.0,20.0,9.0,6.0,14.0,9.0,11.666666666666666,13.0,20.0,16.277033353395645,127,58,4.0,0.2770333533956446
545460846651,2025-08,13,5.0,9.0,10.0,12.0,15.0,12.0,10.333333333333334,19.666666666666668,9.0,14.48392129955608,127,59,4.0,9.48392129955608
545460846652,2025-08,4,6.0,1.0,5.0,5.0,4.0,2.0,3.6666666666666665,3.0,1.0,3.290997408433852,127,60,5.0,2.709002591566148
545460846653,2025-08,7,6.0,13.0,4.0,5.0,3.0,3.0,7.333333333333333,5.333333333333333,13.0,6.33269275723939,127,61,7.0,0.33269275723939007
545460846656,2025-08,1,4.0,2.0,1.0,1.0,2.0,1.0,1.3333333333333333,1.5,2.0,1.5414342241678227,127,64,2.0,2.4585657758321773
545460846657,2025-08,8,10.0,9.0,7.0,10.0,8.0,8.0,8.666666666666666,8.833333333333334,9.0,8.463730763213128,127,65,1.0,1.5362692367868718
545460846659,2025-08,4,12.0,8.0,12.0,18.0,6.0,10.0,12.666666666666666,11.166666666666666,8.0,8.627334355851652,127,67,4.0,3.3726656441483485
545460846660,2025-08,10,19.0,10.0,10.0,19.0,20.0,26.0,13.0,15.833333333333334,10.0,14.690510909781942,127,68,9.0,4.309489090218058
545460846661,2025-08,5,11.0,7.0,11.0,21.0,5.0,6.0,13.0,11.166666666666666,7.0,8.323542185820926,127,69,4.0,2.6764578141790736
545460846662,2025-08,35,38.0,45.0,30.0,25.0,29.0,47.0,33.333333333333336,36.833333333333336,45.0,36.81479361983092,127,70,7.0,1.1852063801690775
545460846663,2025-08,29,25.0,23.0,20.0,20.0,9.0,29.0,21.0,17.166666666666668,23.0,22.423878821249136,127,71,2.0,2.5761211787508635
545460846664,2025-08,29,23.0,36.0,33.0,31.0,19.0,31.0,33.333333333333336,26.166666666666668,36.0,28.41008707608313,127,72,13.0,5.41008707608313
545460846665,2025-08,19,31.0,30.0,25.0,21.0,18.0,13.0,25.333333333333332,22.666666666666668,30.0,20.695768867839337,127,73,1.0,10.304231132160663
545460846666,2025-08,3,3.0,2.0,1.0,2.0,1.0,2.0,1.6666666666666667,2.1666666666666665,2.0,2.4639724255165927,127,74,1.0,0.5360275744834073
545460846667,2025-08,13,17.0,15.0,11.0,21.0,9.0,17.0,15.666666666666666,14.833333333333334,15.0,14.310375492245635,127,75,2.0,2.689624507754365
545460846668,2025-08,22,22.0,28.0,36.0,43.0,16.0,23.0,35.666666666666664,27.833333333333332,28.0,25.4542789778592,127,76,6.0,3.4542789778592002
545460846669,2025-08,23,21.0,17.0,24.0,26.0,28.0,19.0,22.333333333333332,26.0,17.0,22.799474622100558,127,77,4.0,1.7994746221005578
545460846670,2025-08,19,8.0,10.0,10.0,14.0,13.0,8.0,11.333333333333334,10.833333333333334,10.0,12.861030918437574,127,78,2.0,4.861030918437574
545460846671,2025-08,8,3.0,4.0,3.0,3.0,7.0,4.0,3.3333333333333335,4.833333333333333,4.0,5.618302027772198,127,79,1.0,2.618302027772198
545460846672,2025-08,14,18.0,19.0,19.0,17.0,12.0,13.0,18.333333333333332,16.5,19.0,15.36263234447055,127,80,1.0,2.6373676555294505
545460846673,2025-08,19,15.0,19.0,19.0,15.0,9.0,23.0,17.666666666666668,16.166666666666668,19.0,17.778709362117397,127,81,4.0,2.7787093621173966
545460846674,2025-08,37,29.0,29.0,37.0,43.0,28.0,77.0,36.333333333333336,36.166666666666664,29.0,40.069139432409514,127,82,0.0,11.069139432409514
545460846675,2025-08,31,32.0,34.0,32.0,27.0,27.0,37.0,31.0,28.0,34.0,30.2719416383784,127,83,2.0,1.7280583616215992
545460846676,2025-08,9,11.0,11.0,7.0,8.0,7.0,10.0,8.666666666666666,8.333333333333334,11.0,8.95399878311319,127,84,0.0,2.0460012168868094
545460846677,2025-08,3,14.0,3.0,1.0,2.0,1.0,2.0,2.0,1.8333333333333333,3.0,2.4652073156304226,127,85,11.0,11.534792684369577
545460846678,2025-08,7,4.0,4.0,1.0,5.0,4.0,6.0,3.3333333333333335,3.5,4.0,5.021423592892831,127,86,0.0,1.0214235928928312
545460846679,2025-08,1,4.0,2.0,3.0,1.0,1.0,1.0,2.0,1.8333333333333333,2.0,1.6873620074463211,127,87,2.0,2.312637992553679
549755813910,2025-08,2,9.0,1.0,5.0,3.0,1.0,3.0,3.0,3.3333333333333335,1.0,2.7644169272521344,128,22,8.0,6.235583072747866
549755813914,2025-08,1,1.0,2.0,4.0,2.0,2.0,1.0,2.6666666666666665,2.1666666666666665,2.0,1.9107101863012304,128,26,1.0,0.9107101863012304
549755813916,2025-08,1,4.0,2.0,1.0,5.0,1.0,2.0,2.6666666666666665,2.3333333333333335,2.0,2.0515673233817218,128,28,2.0,1.9484326766182782
549755813917,2025-08,1,2.0,1.0,7.0,6.0,4.0,1.0,4.666666666666667,4.5,1.0,2.909647460019338,128,29,1.0,0.9096474600193378
549755813923,2025-08,2,2.0,1.0,3.0,2.0,2.0,2.0,2.0,2.0,1.0,2.1213891808144183,128,35,1.0,0.1213891808144183
549755813925,2025-08,14,10.0,9.0,15.0,7.0,9.0,12.0,10.333333333333334,9.5,9.0,11.151913178076615,128,37,1.0,1.1519131780766152
549755813926,2025-08,4,4.0,8.0,15.0,9.0,8.0,6.0,10.666666666666666,9.166666666666666,8.0,7.3155662227211025,128,38,4.0,3.3155662227211025
549755813927,2025-08,5,4.0,2.0,4.0,3.0,2.0,4.0,3.0,2.5,2.0,3.5926312976235755,128,39,2.0,0.40736870237642453
549755813928,2025-08,15,5.0,8.0,10.0,15.0,13.0,13.0,11.0,13.833333333333334,8.0,13.15949527870542,128,40,3.0,8.15949527870542
549755813929,2025-08,1,2.0,1.0,2.0,2.0,2.0,1.0,1.6666666666666667,2.0,1.0,1.6687338341883802,128,41,1.0,0.33126616581161983
549755813930,2025-08,1,1.0,1.0,1.0,1.0,1.0,2.0,1.0,1.5,1.0,1.5175443125049615,128,42,0.0,0.5175443125049615
549755813931,2025-08,18,15.0,17.0,11.0,16.0,21.0,27.0,14.666666666666666,15.333333333333334,17.0,17.709858626670496,128,43,2.0,2.7098586266704956
549755813932,2025-08,8,8.0,7.0,16.0,12.0,12.0,13.0,11.666666666666666,11.666666666666666,7.0,10.384328608360926,128,44,1.0,2.384328608360926
549755813933,2025-08,6,13.0,11.0,16.0,15.0,12.0,10.0,14.0,11.833333333333334,11.0,10.038238786402138,128,45,2.0,2.961761213597862
549755813934,2025-08,21,21.0,13.0,22.0,12.0,7.0,19.0,15.666666666666666,15.833333333333334,13.0,16.9829337346234,128,46,8.0,4.017066265376599
549755813935,2025-08,7,8.0,7.0,3.0,6.0,10.0,11.0,5.333333333333333,6.5,7.0,7.3429007866132645,128,47,1.0,0.6570992133867355
549755813940,2025-08,4,2.0,2.0,1.0,2.0,1.0,1.0,1.6666666666666667,1.5,2.0,2.4018732046884272,128,52,0.0,0.40187320468842724
549755813941,2025-08,3,9.0,1.0,4.0,5.0,2.0,1.0,3.3333333333333335,4.5,1.0,3.2599884250842877,128,53,8.0,5.740011574915712
549755813948,2025-08,10,7.0,6.0,11.0,12.0,9.0,9.0,9.666666666666666,10.333333333333334,6.0,9.589490469694475,128,60,1.0,2.589490469694475
549755813949,2025-08,24,20.0,29.0,24.0,15.0,24.0,17.0,22.666666666666668,20.833333333333332,29.0,21.905342389742355,128,61,9.0,1.905342389742355
549755813950,2025-08,19,19.0,10.0,12.0,12.0,20.0,13.0,11.333333333333334,14.833333333333334,10.0,15.110199967514795,128,62,9.0,3.889800032485205
549755813951,2025-08,31,14.0,19.0,14.0,8.0,13.0,24.0,13.666666666666666,16.166666666666668,19.0,21.08162656441905,128,63,5.0,7.08162656441905
549755813952,2025-08,1,7.0,8.0,4.0,4.0,5.0,4.0,5.333333333333333,5.833333333333333,8.0,4.380325911576643,128,64,1.0,2.6196740884233574
549755813953,2025-08,9,14.0,14.0,16.0,11.0,12.0,23.0,13.666666666666666,12.166666666666666,14.0,12.866920732863058,128,65,0.0,1.1330792671369423
549755813954,2025-08,6,10.0,9.0,6.0,7.0,5.0,4.0,7.333333333333333,8.333333333333334,9.0,6.947689451816152,128,66,1.0,3.052310548183848
549755813955,2025-08,17,20.0,21.0,18.0,9.0,10.0,22.0,16.0,15.833333333333334,21.0,16.975303055557625,128,67,1.0,3.0246969444423755
549755813956,2025-08,11,10.0,11.0,7.0,7.0,14.0,18.0,8.333333333333334,9.166666666666666,11.0,11.068259137909768,128,68,1.0,1.0682591379097683
549755813957,2025-08,13,6.0,17.0,7.0,7.0,13.0,26.0,10.333333333333334,10.666666666666666,17.0,13.80105645981267,128,69,11.0,7.801056459812671
549755813958,2025-08,57,55.0,50.0,46.0,35.0,30.0,52.0,43.666666666666664,39.5,50.0,46.22946294976481,128,70,5.0,8.770537050235191
549755813959,2025-08,31,18.0,28.0,25.0,21.0,31.0,34.0,24.666666666666668,24.666666666666668,28.0,27.78526765447523,128,71,10.0,9.78526765447523
549755813960,2025-08,33,42.0,29.0,32.0,30.0,25.0,30.0,30.333333333333332,28.5,29.0,29.58785424113554,128,72,13.0,12.412145758864462
549755813961,2025-08,22,13.0,36.0,26.0,29.0,22.0,27.0,30.333333333333332,28.166666666666668,36.0,26.33736283982467,128,73,23.0,13.33736283982467
549755813962,2025-08,22,10.0,7.0,10.0,5.0,10.0,11.0,7.333333333333333,9.0,7.0,12.718280401141545,128,74,3.0,2.718280401141545
549755813963,2025-08,20,23.0,35.0,50.0,38.0,37.0,28.0,41.0,37.666666666666664,35.0,30.744959212082136,128,75,12.0,7.7449592120821364
549755813964,2025-08,40,31.0,34.0,36.0,31.0,26.0,30.0,33.666666666666664,32.0,34.0,33.555340243660694,128,76,3.0,2.5553402436606945
549755813965,2025-08,34,37.0,43.0,36.0,30.0,27.0,30.0,36.333333333333336,32.5,43.0,33.00925899461686,128,77,6.0,3.9907410053831427
549755813966,2025-08,9,10.0,17.0,11.0,10.0,16.0,3.0,12.666666666666666,12.0,17.0,10.529845491559845,128,78,7.0,0.5298454915598452
549755813967,2025-08,10,11.0,12.0,9.0,10.0,6.0,9.0,10.333333333333334,10.666666666666666,12.0,10.111226200641,128,79,1.0,0.8887737993590008
549755813968,2025-08,13,8.0,36.0,15.0,18.0,15.0,15.0,23.0,18.666666666666668,36.0,17.96859630243844,128,80,28.0,9.968596302438439
549755813969,2025-08,22,28.0,19.0,25.0,21.0,19.0,18.0,21.666666666666668,20.833333333333332,19.0,20.389985614736506,128,81,9.0,7.610014385263494
549755813970,2025-08,22,20.0,22.0,18.0,22.0,9.0,11.0,20.666666666666668,16.0,22.0,17.60587850558722,128,82,2.0,2.3941214944127793
549755813971,2025-08,31,27.0,19.0,19.0,23.0,9.0,29.0,20.333333333333332,18.5,19.0,23.0655931070972,128,83,8.0,3.9344068929027998
549755813972,2025-08,19,18.0,12.0,18.0,25.0,16.0,20.0,18.333333333333332,19.333333333333332,12.0,18.261907378569614,128,84,6.0,0.26190737856961377
549755813973,2025-08,17,14.0,23.0,17.0,21.0,20.0,12.0,20.333333333333332,19.5,23.0,17.93211711622976,128,85,9.0,3.9321171162297617
549755813974,2025-08,10,7.0,9.0,4.0,12.0,3.0,4.0,8.333333333333334,7.0,9.0,7.681998819241189,128,86,2.0,0.6819988192411888
549755813975,2025-08,7,9.0,3.0,7.0,6.0,11.0,6.0,5.333333333333333,7.166666666666667,3.0,6.66433913106631,128,87,6.0,2.33566086893369
554050781209,2025-08,3,1.0,2.0,2.0,3.0,5.0,4.0,2.3333333333333335,3.8333333333333335,2.0,3.50507132260538,129,25,1.0,2.50507132260538
554050781210,2025-08,1,1.0,4.0,5.0,3.0,4.0,10.0,4.0,3.6666666666666665,4.0,3.9366061653416233,129,26,3.0,2.9366061653416233
554050781221,2025-08,7,1.0,1.0,1.0,3.0,1.0,2.0,1.6666666666666667,2.1666666666666665,1.0,3.5391903074813102,129,37,0.0,2.5391903074813102
554050781222,2025-08,1,3.0,1.0,1.0,5.0,1.0,1.0,2.3333333333333335,2.5,1.0,1.8670330996023097,129,38,2.0,1.1329669003976903
554050781223,2025-08,5,4.0,1.0,2.0,3.0,5.0,3.0,2.0,2.6666666666666665,1.0,3.4517966480067095,129,39,3.0,0.5482033519932905
554050781224,2025-08,15,9.0,14.0,13.0,22.0,10.0,10.0,16.333333333333332,13.833333333333334,14.0,13.695519909372546,129,40,5.0,4.695519909372546
554050781225,2025-08,8,22.0,12.0,32.0,18.0,15.0,28.0,20.666666666666668,17.166666666666668,12.0,15.621629763865013,129,41,10.0,6.378370236134987
554050781226,2025-08,8,8.0,5.0,11.0,9.0,9.0,13.0,8.333333333333334,8.833333333333334,5.0,8.804228770604954,129,42,3.0,0.8042287706049542
554050781227,2025-08,2,3.0,8.0,9.0,5.0,4.0,1.0,7.333333333333333,6.833333333333333,8.0,4.800253798311497,129,43,5.0,1.8002537983114966
554050781228,2025-08,17,20.0,8.0,18.0,10.0,10.0,17.0,12.0,11.166666666666666,8.0,13.355755179903023,129,44,12.0,6.6442448200969775
554050781230,2025-08,18,14.0,20.0,19.0,10.0,10.0,17.0,16.333333333333332,16.666666666666668,20.0,16.86300949255815,129,46,6.0,2.863009492558149
554050781231,2025-08,3,4.0,1.0,1.0,4.0,2.0,18.0,2.0,1.8333333333333333,1.0,4.395261326101443,129,47,3.0,0.39526132610144327
554050781232,2025-08,1,5.0,1.0,9.0,9.0,1.0,4.0,6.333333333333333,4.166666666666667,1.0,3.2458410103935105,129,48,4.0,1.7541589896064895
554050781236,2025-08,1,2.0,3.0,2.0,1.0,1.0,2.0,2.0,1.8333333333333333,3.0,1.8904513458438412,129,52,1.0,0.10954865415615878
554050781238,2025-08,2,1.0,2.0,2.0,2.0,1.0,2.0,2.0,1.6666666666666667,2.0,2.046365506825831,129,54,1.0,1.0463655068258308
554050781244,2025-08,2,2.0,3.0,2.0,3.0,1.0,2.0,2.6666666666666665,2.6666666666666665,3.0,2.5281120411744373,129,60,1.0,0.5281120411744373
554050781245,2025-08,7,6.0,2.0,5.0,3.0,4.0,7.0,3.3333333333333335,3.3333333333333335,2.0,4.944994134847432,129,61,4.0,1.0550058651525678
554050781246,2025-08,12,12.0,16.0,7.0,7.0,8.0,23.0,10.0,11.333333333333334,16.0,13.043647429991386,129,62,4.0,1.0436474299913865
554050781247,2025-08,6,3.0,5.0,1.0,3.0,2.0,6.0,3.0,3.8333333333333335,5.0,4.806644150952536,129,63,2.0,1.8066441509525362
554050781248,2025-08,3,1.0,4.0,2.0,1.0,4.0,2.0,2.3333333333333335,2.8333333333333335,4.0,3.029801218511593,129,64,3.0,2.029801218511593
554050781249,2025-08,6,7.0,7.0,4.0,5.0,7.0,3.0,5.333333333333333,6.166666666666667,7.0,5.805353283142427,129,65,0.0,1.194646716857573
554050781250,2025-08,7,14.0,6.0,3.0,4.0,9.0,6.0,4.333333333333333,7.0,6.0,6.64745004066352,129,66,8.0,7.35254995933648
554050781251,2025-08,13,17.0,7.0,16.0,18.0,25.0,30.0,13.666666666666666,16.666666666666668,7.0,16.38824437148585,129,67,10.0,0.6117556285141497
554050781252,2025-08,28,21.0,31.0,30.0,27.0,32.0,43.0,29.333333333333332,28.333333333333332,31.0,30.070782459933767,129,68,10.0,9.070782459933767
554050781253,2025-08,23,21.0,19.0,21.0,29.0,17.0,25.0,23.0,24.333333333333332,19.0,22.800020744037308,129,69,2.0,1.8000207440373082
554050781254,2025-08,42,25.0,49.0,30.0,24.0,24.0,42.0,34.333333333333336,26.166666666666668,49.0,34.852361513783066,129,70,24.0,9.852361513783066
554050781255,2025-08,10,25.0,20.0,19.0,23.0,26.0,25.0,20.666666666666668,20.5,20.0,17.954899859894866,129,71,5.0,7.045100140105134
554050781256,2025-08,6,11.0,13.0,16.0,13.0,18.0,24.0,14.0,17.833333333333332,13.0,14.215290198695243,129,72,2.0,3.215290198695243
554050781257,2025-08,43,52.0,67.0,53.0,58.0,54.0,50.0,59.333333333333336,58.0,67.0,52.04971366729403,129,73,15.0,0.049713667294028596
554050781258,2025-08,55,59.0,58.0,53.0,63.0,47.0,67.0,58.0,58.0,58.0,56.56970132885823,129,74,1.0,2.4302986711417702
554050781259,2025-08,35,27.0,33.0,26.0,25.0,23.0,28.0,28.0,25.5,33.0,28.87713196942784,129,75,6.0,1.8771319694278397
554050781260,2025-08,56,30.0,33.0,27.0,35.0,30.0,35.0,31.666666666666668,31.5,33.0,38.48910878292833,129,76,3.0,8.489108782928326
554050781261,2025-08,19,18.0,19.0,21.0,30.0,19.0,28.0,23.333333333333332,26.0,19.0,22.7017022216545,129,77,1.0,4.7017022216545
554050781262,2025-08,7,11.0,19.0,14.0,17.0,14.0,11.0,16.666666666666668,15.333333333333334,19.0,12.596214655656482,129,78,8.0,1.5962146556564818
554050781263,2025-08,7,8.0,25.0,10.0,23.0,5.0,8.0,19.333333333333332,14.166666666666666,25.0,12.212731372092447,129,79,17.0,4.212731372092447
554050781264,2025-08,20,14.0,18.0,30.0,25.0,21.0,35.0,24.333333333333332,25.5,18.0,23.836508738129158,129,80,4.0,9.836508738129158
554050781265,2025-08,6,3.0,2.0,7.0,5.0,7.0,5.0,4.666666666666667,6.333333333333333,2.0,5.665549450073751,129,81,1.0,2.665549450073751
554050781266,2025-08,8,4.0,8.0,4.0,11.0,7.0,11.0,7.666666666666667,6.166666666666667,8.0,7.731076697806171,129,82,4.0,3.731076697806171
554050781267,2025-08,23,14.0,21.0,25.0,23.0,7.0,20.0,23.0,20.0,21.0,20.481231965967847,129,83,7.0,6.481231965967847
554050781268,2025-08,5,1.0,4.0,3.0,3.0,1.0,3.0,3.3333333333333335,2.5,4.0,3.6133948713184703,129,84,3.0,2.6133948713184703
554050781269,2025-08,5,2.0,7.0,5.0,4.0,3.0,4.0,5.333333333333333,4.166666666666667,7.0,4.822420015494478,129,85,5.0,2.822420015494478
554050781270,2025-08,2,4.0,4.0,2.0,4.0,3.0,3.0,3.3333333333333335,3.0,4.0,2.9937928989003435,129,86,0.0,1.0062071010996565
554050781271,2025-08,6,12.0,4.0,2.0,3.0,5.0,11.0,3.0,4.666666666666667,4.0,5.765510497721898,129,87,8.0,6.234489502278102
554050781272,2025-08,1,4.0,4.0,4.0,2.0,1.0,1.0,3.3333333333333335,2.1666666666666665,4.0,2.096217979043601,129,88,0.0,1.903782020956399
554050781280,2025-08,1,1.0,1.0,1.0,1.0,2.0,1.0,1.0,1.1666666666666667,1.0,1.3179179810658042,129,96,0.0,0.31791798106580416
554050781284,2025-08,2,1.0,1.0,2.0,2.0,1.0,3.0,1.6666666666666667,1.3333333333333333,1.0,1.9505782591423504,129,100,0.0,0.9505782591423504
558345748501,2025-08,1,1.0,1.0,1.0,1.0,1.0,3.0,1.0,1.0,1.0,1.4785622931823568,130,21,0.0,0.47856229318235677
558345748505,2025-08,2,4.0,7.0,5.0,5.0,3.0,11.0,5.666666666666667,5.0,7.0,5.166590230182192,130,25,3.0,1.1665902301821918
558345748506,2025-08,1,1.0,2.0,1.0,1.0,1.0,7.0,1.3333333333333333,1.5,2.0,2.2685648562055682,130,26,1.0,1.2685648562055682
558345748518,2025-08,1,5.0,1.0,3.0,1.0,2.0,2.0,1.6666666666666667,1.6666666666666667,1.0,1.6863884384833625,130,38,4.0,3.3136115615166375
558345748519,2025-08,3,1.0,5.0,6.0,2.0,1.0,2.0,4.333333333333333,2.8333333333333335,5.0,3.2084565964732494,130,39,4.0,2.2084565964732494
558345748520,2025-08,8,11.0,11.0,14.0,7.0,10.0,4.0,10.666666666666666,10.833333333333334,11.0,9.074156405293717,130,40,0.0,1.9258435947062829
558345748521,2025-08,14,10.0,7.0,15.0,17.0,7.0,9.0,13.0,11.0,7.0,11.325110804465638,130,41,3.0,1.3251108044656377
558345748522,2025-08,9,7.0,5.0,15.0,10.0,8.0,14.0,10.0,11.333333333333334,5.0,10.198190459608439,130,42,2.0,3.1981904596084387
558345748523,2025-08,11,11.0,12.0,9.0,11.0,8.0,15.0,10.666666666666666,11.5,12.0,11.557798611171368,130,43,1.0,0.5577986111713678
558345748525,2025-08,3,3.0,3.0,2.0,3.0,4.0,2.0,2.6666666666666665,3.5,3.0,3.2116048814086593,130,45,0.0,0.2116048814086593
558345748526,2025-08,11,11.0,15.0,7.0,13.0,16.0,32.0,11.666666666666666,12.166666666666666,15.0,14.600413739145178,130,46,4.0,3.6004137391451785
558345748527,2025-08,5,10.0,4.0,5.0,8.0,5.0,6.0,5.666666666666667,6.5,4.0,5.741018475946994,130,47,6.0,4.258981524053006
558345748528,2025-08,5,3.0,3.0,9.0,6.0,2.0,4.0,6.0,5.833333333333333,3.0,5.10933656209234,130,48,0.0,2.1093365620923397
558345748529,2025-08,5,6.0,2.0,2.0,3.0,7.0,12.0,2.3333333333333335,5.5,2.0,5.736915604528214,130,49,4.0,0.2630843954717861
558345748532,2025-08,1,1.0,3.0,1.0,2.0,2.0,2.0,2.0,1.8333333333333333,3.0,1.9286284009467778,130,52,2.0,0.9286284009467778
558345748533,2025-08,2,1.0,1.0,5.0,1.0,8.0,2.0,2.3333333333333335,4.833333333333333,1.0,3.3396264828545474,130,53,0.0,2.3396264828545474
558345748539,2025-08,8,20.0,11.0,7.0,4.0,8.0,4.0,7.333333333333333,7.666666666666667,11.0,7.572879917475094,130,59,9.0,12.427120082524906
558345748540,2025-08,4,1.0,5.0,3.0,3.0,2.0,1.0,3.6666666666666665,3.6666666666666665,5.0,3.6106370277135635,130,60,4.0,2.6106370277135635
558345748543,2025-08,3,1.0,3.0,1.0,1.0,3.0,3.0,1.6666666666666667,1.6666666666666667,3.0,2.5799037154904614,130,63,2.0,1.5799037154904614
558345748544,2025-08,4,8.0,5.0,5.0,4.0,2.0,5.0,4.666666666666667,3.6666666666666665,5.0,4.231532394903992,130,64,3.0,3.768467605096008
558345748545,2025-08,12,11.0,7.0,5.0,5.0,2.0,7.0,5.666666666666667,5.666666666666667,7.0,7.717823536808356,130,65,4.0,3.282176463191644
558345748546,2025-08,4,2.0,6.0,2.0,7.0,2.0,7.0,5.0,4.166666666666667,6.0,4.762878110978512,130,66,4.0,2.7628781109785123
558345748547,2025-08,2,1.0,3.0,1.0,2.0,1.0,4.0,2.0,2.0,3.0,2.4883245171359825,130,67,2.0,1.4883245171359825
558345748548,2025-08,11,12.0,9.0,9.0,16.0,5.0,22.0,11.333333333333334,9.666666666666666,9.0,11.565515828431417,130,68,3.0,0.43448417156858277
558345748549,2025-08,18,15.0,18.0,26.0,17.0,20.0,22.0,20.333333333333332,20.666666666666668,18.0,19.513773992310256,130,69,3.0,4.513773992310256
558345748550,2025-08,29,35.0,57.0,35.0,39.0,38.0,49.0,43.666666666666664,42.833333333333336,57.0,39.733375139409006,130,70,22.0,4.733375139409006
558345748551,2025-08,29,32.0,22.0,27.0,26.0,27.0,23.0,25.0,25.5,22.0,25.504826517957884,130,71,10.0,6.495173482042116
558345748552,2025-08,115,91.0,106.0,74.0,77.0,67.0,104.0,85.66666666666667,83.0,106.0,94.36539138958992,130,72,15.0,3.3653913895899166
558345748553,2025-08,109,112.0,99.0,79.0,86.0,74.0,85.0,88.0,83.83333333333333,99.0,90.48561638193075,130,73,13.0,21.514383618069246
558345748554,2025-08,173,202.0,206.0,192.0,209.0,213.0,259.0,202.33333333333334,209.83333333333334,206.0,199.2313990932659,130,74,4.0,2.7686009067340933
558345748555,2025-08,45,41.0,46.0,24.0,34.0,33.0,46.0,34.666666666666664,35.0,46.0,39.325700210534265,130,75,5.0,1.674299789465735
558345748556,2025-08,21,27.0,23.0,23.0,18.0,17.0,25.0,21.333333333333332,22.0,23.0,21.57430814626869,130,76,4.0,5.425691853731308
558345748557,2025-08,6,4.0,7.0,6.0,9.0,7.0,12.0,7.333333333333333,9.333333333333334,7.0,8.228576868894635,130,77,3.0,4.228576868894635
558345748558,2025-08,10,13.0,13.0,19.0,17.0,10.0,5.0,16.333333333333332,15.333333333333334,13.0,12.047423422484197,130,78,0.0,0.9525765775158028
558345748559,2025-08,2,2.0,1.0,2.0,2.0,2.0,1.0,1.6666666666666667,2.1666666666666665,1.0,2.012215300013988,130,79,1.0,0.012215300013988184
558345748560,2025-08,2,1.0,1.0,6.0,5.0,1.0,1.0,4.0,4.166666666666667,1.0,2.895723727796037,130,80,0.0,1.895723727796037
558345748561,2025-08,7,8.0,6.0,7.0,11.0,6.0,5.0,8.0,6.666666666666667,6.0,6.690553809655028,130,81,2.0,1.3094461903449721
558345748562,2025-08,13,6.0,6.0,7.0,5.0,3.0,28.0,6.0,4.5,6.0,10.299949421570293,130,82,0.0,4.299949421570293
558345748563,2025-08,6,4.0,9.0,16.0,13.0,13.0,13.0,12.666666666666666,12.5,9.0,10.386301456386764,130,83,5.0,6.386301456386764
558345748564,2025-08,6,4.0,7.0,1.0,5.0,4.0,10.0,4.333333333333333,3.5,7.0,5.581555146812189,130,84,3.0,1.581555146812189
558345748565,2025-08,4,3.0,2.0,2.0,1.0,2.0,2.0,1.6666666666666667,2.5,2.0,2.90333385543326,130,85,1.0,0.09666614456673983
558345748566,2025-08,5,3.0,8.0,6.0,1.0,2.0,6.0,5.0,3.6666666666666665,8.0,4.913467626578595,130,86,5.0,1.913467626578595
558345748580,2025-08,3,2.0,6.0,4.0,3.0,3.0,5.0,4.333333333333333,4.166666666666667,6.0,4.188987027260631,130,100,4.0,2.188987027260631
558345748581,2025-08,3,3.0,6.0,2.0,1.0,6.0,3.0,3.0,3.1666666666666665,6.0,3.5719087045870204,130,101,3.0,0.5719087045870204
562640715813,2025-08,1,1.0,1.0,1.0,2.0,2.0,1.0,1.3333333333333333,2.0,1.0,1.6317186105594423,131,37,0.0,0.6317186105594423
562640715814,2025-08,18,22.0,24.0,18.0,21.0,9.0,28.0,21.0,18.5,24.0,19.64798418605126,131,38,2.0,2.3520158139487393
562640715815,2025-08,13,5.0,11.0,6.0,22.0,1.0,4.0,13.0,11.333333333333334,11.0,10.570345278510874,131,39,6.0,5.5703452785108745
562640715816,2025-08,8,5.0,8.0,11.0,8.0,1.0,2.0,9.0,6.5,8.0,6.608456123319955,131,40,3.0,1.6084561233199546
562640715817,2025-08,7,7.0,8.0,5.0,5.0,5.0,7.0,6.0,6.0,8.0,6.619514163438,131,41,1.0,0.3804858365620003
562640715818,2025-08,12,15.0,17.0,9.0,12.0,5.0,13.0,12.666666666666666,9.0,17.0,11.236793424084741,131,42,2.0,3.763206575915259
562640715822,2025-08,4,5.0,9.0,7.0,3.0,8.0,9.0,6.333333333333333,6.5,9.0,6.410187945049962,131,46,4.0,1.4101879450499624
562640715823,2025-08,1,1.0,1.0,1.0,1.0,2.0,1.0,1.0,1.5,1.0,1.4290586575598994,131,47,0.0,0.42905865755989936
562640715824,2025-08,10,13.0,24.0,5.0,14.0,13.0,18.0,14.333333333333334,14.833333333333334,24.0,14.26899065671126,131,48,11.0,1.26899065671126
562640715825,2025-08,5,1.0,1.0,3.0,1.0,1.0,1.0,1.6666666666666667,1.6666666666666667,1.0,2.671060612905589,131,49,0.0,1.6710606129055892
562640715835,2025-08,10,5.0,11.0,5.0,6.0,7.0,3.0,7.333333333333333,6.333333333333333,11.0,7.535034560022748,131,59,6.0,2.5350345600227477
562640715836,2025-08,2,1.0,5.0,3.0,2.0,2.0,1.0,3.3333333333333335,2.3333333333333335,5.0,2.554303128321668,131,60,4.0,1.554303128321668
562640715839,2025-08,3,1.0,3.0,4.0,2.0,3.0,2.0,3.0,2.5,3.0,2.8770210204523803,131,63,2.0,1.8770210204523803
562640715840,2025-08,1,4.0,4.0,4.0,5.0,2.0,3.0,4.333333333333333,3.3333333333333335,4.0,2.8877584928586817,131,64,0.0,1.1122415071413183
562640715841,2025-08,4,4.0,1.0,1.0,1.0,2.0,1.0,1.0,1.3333333333333333,1.0,2.237221702048533,131,65,3.0,1.762778297951467
562640715843,2025-08,3,2.0,1.0,2.0,1.0,3.0,5.0,1.3333333333333333,1.8333333333333333,1.0,2.7031961349876763,131,67,1.0,0.7031961349876763
562640715844,2025-08,2,6.0,1.0,9.0,3.0,2.0,3.0,4.333333333333333,4.833333333333333,1.0,3.451854206464791,131,68,5.0,2.548145793535209
562640715845,2025-08,20,12.0,13.0,15.0,18.0,17.0,18.0,15.333333333333334,16.166666666666668,13.0,17.02745475700298,131,69,1.0,5.027454757002982
562640715846,2025-08,9,2.0,8.0,8.0,10.0,2.0,2.0,8.666666666666666,6.166666666666667,8.0,6.785322120507879,131,70,6.0,4.785322120507879
562640715847,2025-08,3,5.0,7.0,7.0,8.0,7.0,10.0,7.333333333333333,7.166666666666667,7.0,6.3880373834808095,131,71,2.0,1.3880373834808095
562640715848,2025-08,4,8.0,13.0,5.0,8.0,5.0,2.0,8.666666666666666,7.333333333333333,13.0,6.23142315740083,131,72,5.0,1.7685768425991704
562640715849,2025-08,15,8.0,9.0,7.0,12.0,5.0,9.0,9.333333333333334,7.0,9.0,9.949731786060443,131,73,1.0,1.9497317860604433
562640715850,2025-08,107,124.0,109.0,111.0,105.0,119.0,96.0,108.33333333333333,106.5,109.0,103.62960204839725,131,74,15.0,20.370397951602754
562640715851,2025-08,8,9.0,20.0,13.0,11.0,13.0,19.0,14.666666666666666,14.5,20.0,13.448529428303203,131,75,11.0,4.448529428303203
562640715852,2025-08,20,18.0,19.0,24.0,6.0,15.0,23.0,16.333333333333332,14.833333333333334,19.0,17.719053500379523,131,76,1.0,0.2809464996204767
562640715853,2025-08,6,3.0,6.0,21.0,3.0,7.0,4.0,10.0,9.5,6.0,7.4894744020691535,131,77,3.0,4.4894744020691535
562640715854,2025-08,16,5.0,12.0,14.0,11.0,16.0,21.0,12.333333333333334,13.333333333333334,12.0,14.874024784225409,131,78,7.0,9.874024784225409
562640715855,2025-08,10,12.0,18.0,8.0,11.0,7.0,10.0,12.333333333333334,10.666666666666666,18.0,10.951385650810014,131,79,6.0,1.048614349189986
562640715856,2025-08,3,11.0,9.0,11.0,1.0,10.0,7.0,7.0,6.666666666666667,9.0,6.077038863827283,131,80,2.0,4.922961136172717
562640715857,2025-08,9,12.0,4.0,7.0,2.0,11.0,16.0,4.333333333333333,7.166666666666667,4.0,8.486031153983118,131,81,8.0,3.5139688460168816
562640715858,2025-08,2,3.0,2.0,2.0,5.0,3.0,2.0,3.0,2.8333333333333335,2.0,2.621691370277315,131,82,1.0,0.3783086297226852
562640715859,2025-08,3,1.0,6.0,3.0,5.0,1.0,8.0,4.666666666666667,3.5,6.0,4.306288632468965,131,83,5.0,3.3062886324689647
562640715860,2025-08,10,5.0,6.0,10.0,2.0,1.0,3.0,6.0,5.166666666666667,6.0,6.389984681524044,131,84,1.0,1.3899846815240444
562640715861,2025-08,1,3.0,1.0,1.0,1.0,1.0,1.0,1.0,1.1666666666666667,1.0,1.27867464059233,131,85,2.0,1.72132535940767
562640715862,2025-08,4,2.0,5.0,1.0,1.0,1.0,2.0,2.3333333333333335,2.1666666666666665,5.0,3.053061314660521,131,86,3.0,1.0530613146605212
562640715863,2025-08,1,1.0,3.0,3.0,3.0,1.0,2.0,3.0,2.3333333333333335,3.0,2.166075460730724,131,87,2.0,1.166075460730724
562640715867,2025-08,1,2.0,1.0,1.0,1.0,2.0,1.0,1.0,1.1666666666666667,1.0,1.3179179810658042,131,91,1.0,0.6820820189341958
562640715871,2025-08,3,3.0,6.0,3.0,3.0,3.0,2.0,4.0,3.6666666666666665,6.0,3.6020738026349406,131,95,3.0,0.6020738026349406
562640715872,2025-08,1,1.0,1.0,1.0,1.0,1.0,1.0,1.0,1.0,1.0,1.2231043023452841,131,96,0.0,0.2231043023452841
562640715875,2025-08,1,1.0,3.0,1.0,3.0,4.0,4.0,2.3333333333333335,2.1666666666666665,3.0,2.409662687483298,131,99,2.0,1.4096626874832978
562640715876,2025-08,5,2.0,6.0,7.0,9.0,6.0,8.0,7.333333333333333,7.0,6.0,6.537161340730811,131,100,4.0,4.537161340730811
566935683111,2025-08,11,10.0,13.0,13.0,27.0,11.0,13.0,17.666666666666668,15.5,13.0,13.589378232941943,132,39,3.0,3.589378232941943
566935683112,2025-08,21,14.0,19.0,15.0,18.0,15.0,17.0,17.333333333333332,18.666666666666668,19.0,18.616958681569297,132,40,5.0,4.616958681569297
566935683113,2025-08,6,6.0,6.0,8.0,10.0,7.0,10.0,8.0,8.666666666666666,6.0,7.7484413439777295,132,41,0.0,1.7484413439777295
566935683114,2025-08,9,5.0,2.0,4.0,1.0,6.0,1.0,2.3333333333333335,4.5,2.0,5.113008366023869,132,42,3.0,0.11300836602386877
566935683115,2025-08,2,1.0,5.0,2.0,4.0,2.0,2.0,3.6666666666666665,3.0,5.0,2.9391961296162545,132,43,4.0,1.9391961296162545
566935683120,2025-08,6,3.0,7.0,9.0,10.0,4.0,8.0,8.666666666666666,7.833333333333333,7.0,7.246792430721857,132,48,4.0,4.246792430721857
566935683121,2025-08,2,3.0,2.0,1.0,1.0,1.0,1.0,1.3333333333333333,1.6666666666666667,2.0,1.8456723495199547,132,49,1.0,1.1543276504800453
566935683128,2025-08,6,4.0,2.0,5.0,3.0,2.0,10.0,3.3333333333333335,5.5,2.0,5.684197709789142,132,56,2.0,1.6841977097891423
566935683129,2025-08,3,4.0,12.0,3.0,5.0,2.0,4.0,6.666666666666667,4.666666666666667,12.0,4.897861758645162,132,57,8.0,0.8978617586451616
566935683135,2025-08,4,6.0,1.0,5.0,7.0,2.0,1.0,4.333333333333333,3.6666666666666665,1.0,3.3789609615733536,132,63,5.0,2.6210390384266464
566935683136,2025-08,2,2.0,1.0,1.0,2.0,1.0,3.0,1.3333333333333333,1.5,1.0,1.9691333737604602,132,64,1.0,0.03086662623953984
566935683137,2025-08,4,7.0,9.0,3.0,3.0,8.0,3.0,5.0,5.0,9.0,4.995620033799559,132,65,2.0,2.0043799662004407
566935683138,2025-08,1,4.0,3.0,2.0,1.0,4.0,1.0,2.0,2.1666666666666665,3.0,1.9915930483398245,132,66,1.0,2.0084069516601755
566935683140,2025-08,5,4.0,5.0,3.0,6.0,5.0,2.0,4.666666666666667,4.333333333333333,5.0,4.474135339894477,132,68,1.0,0.4741353398944774
566935683141,2025-08,2,5.0,5.0,1.0,4.0,1.0,5.0,3.3333333333333335,3.6666666666666665,5.0,3.4684059047576374,132,69,0.0,1.5315940952423626
566935683142,2025-08,14,7.0,10.0,9.0,6.0,4.0,6.0,8.333333333333334,6.0,10.0,8.876680686585914,132,70,3.0,1.8766806865859138
566935683143,2025-08,38,35.0,34.0,23.0,32.0,21.0,17.0,29.666666666666668,28.166666666666668,34.0,29.399457597095324,132,71,1.0,5.600542402904676
566935683144,2025-08,18,19.0,15.0,11.0,16.0,7.0,14.0,14.0,13.5,15.0,14.663950065667493,132,72,4.0,4.336049934332507
566935683145,2025-08,10,13.0,8.0,7.0,8.0,8.0,3.0,7.666666666666667,7.5,8.0,7.772071892176463,132,73,5.0,5.227928107823537
566935683146,2025-08,21,22.0,32.0,16.0,28.0,14.0,13.0,25.333333333333332,23.5,32.0,21.535726140701986,132,74,10.0,0.46427385929801446
566935683147,2025-08,40,35.0,25.0,22.0,32.0,32.0,35.0,26.333333333333332,31.333333333333332,25.0,32.71351961858798,132,75,10.0,2.2864803814120194
566935683148,2025-08,32,27.0,24.0,31.0,18.0,14.0,18.0,24.333333333333332,21.666666666666668,24.0,24.026854239428012,132,76,3.0,2.973145760571988
566935683149,2025-08,10,7.0,20.0,11.0,10.0,9.0,7.0,13.666666666666666,10.0,20.0,10.72425185835743,132,77,13.0,3.7242518583574302
566935683150,2025-08,13,8.0,13.0,12.0,6.0,5.0,13.0,10.333333333333334,9.0,13.0,10.97055432656802,132,78,5.0,2.9705543265680205
566935683151,2025-08,16,13.0,23.0,11.0,9.0,4.0,8.0,14.333333333333334,11.5,23.0,13.184541722668742,132,79,10.0,0.18454172266874203
566935683152,2025-08,21,15.0,17.0,10.0,23.0,29.0,15.0,16.666666666666668,19.0,17.0,18.791965573786435,132,80,2.0,3.7919655737864346
566935683153,2025-08,22,20.0,10.0,12.0,12.0,13.0,26.0,11.333333333333334,10.666666666666666,10.0,15.97044845120095,132,81,10.0,4.02955154879905
566935683154,2025-08,5,1.0,2.0,5.0,4.0,1.0,2.0,3.6666666666666665,3.1666666666666665,2.0,3.5931754811885543,132,82,1.0,2.5931754811885543
566935683155,2025-08,1,8.0,2.0,1.0,6.0,2.0,2.0,3.0,2.5,2.0,2.1823299403606455,132,83,6.0,5.8176700596393545
566935683156,2025-08,6,2.0,1.0,5.0,7.0,1.0,3.0,4.333333333333333,3.3333333333333335,1.0,4.0598571905999785,132,84,1.0,2.0598571905999785
566935683157,2025-08,11,3.0,8.0,4.0,4.0,1.0,1.0,5.333333333333333,5.333333333333333,8.0,6.552565824471587,132,85,5.0,3.5525658244715874
566935683159,2025-08,1,3.0,1.0,1.0,3.0,3.0,1.0,1.6666666666666667,2.5,1.0,1.8736219040324578,132,87,2.0,1.1263780959675422
566935683165,2025-08,1,1.0,2.0,3.0,2.0,1.0,1.0,2.3333333333333335,1.8333333333333333,2.0,1.7233109457047213,132,93,1.0,0.7233109457047213
566935683166,2025-08,1,1.0,1.0,6.0,2.0,1.0,2.0,3.0,2.1666666666666665,1.0,1.9608507218962483,132,94,0.0,0.9608507218962483
566935683167,2025-08,5,6.0,13.0,7.0,5.0,4.0,7.0,8.333333333333334,6.666666666666667,13.0,6.8626382010930875,132,95,7.0,0.8626382010930875
571230650407,2025-08,7,2.0,5.0,1.0,3.0,1.0,1.0,3.0,2.6666666666666665,5.0,4.027674593235607,133,39,3.0,2.0276745932356066
571230650408,2025-08,5,4.0,7.0,8.0,7.0,11.0,12.0,7.333333333333333,7.166666666666667,7.0,7.377357276739445,133,40,3.0,3.3773572767394446
571230650409,2025-08,15,16.0,28.0,10.0,8.0,8.0,14.0,15.333333333333334,12.166666666666666,28.0,14.531172953635767,133,41,12.0,1.4688270463642326
571230650411,2025-08,1,1.0,1.0,1.0,1.0,1.0,4.0,1.0,1.1666666666666667,1.0,1.6618616268479407,133,43,0.0,0.6618616268479407
571230650416,2025-08,2,1.0,2.0,3.0,6.0,2.0,4.0,3.6666666666666665,4.166666666666667,2.0,3.3554328885046285,133,48,1.0,2.3554328885046285
571230650417,2025-08,2,1.0,3.0,1.0,1.0,2.0,1.0,1.6666666666666667,1.8333333333333333,3.0,2.0528615948484017,133,49,2.0,1.0528615948484017
571230650423,2025-08,3,10.0,8.0,9.0,5.0,12.0,7.0,7.333333333333333,11.0,8.0,7.557744078365257,133,55,2.0,2.442255921634743
571230650424,2025-08,3,5.0,9.0,5.0,9.0,4.0,13.0,7.666666666666667,7.666666666666667,9.0,7.006874987273502,133,56,4.0,2.006874987273502
571230650426,2025-08,1,4.0,4.0,1.0,9.0,1.0,1.0,4.666666666666667,3.0,4.0,2.5146665672008233,133,58,0.0,1.4853334327991767
571230650427,2025-08,1,1.0,3.0,2.0,2.0,2.0,2.0,2.3333333333333335,2.3333333333333335,3.0,2.1323546393168584,133,59,2.0,1.1323546393168584
571230650431,2025-08,1,2.0,1.0,1.0,1.0,2.0,5.0,1.0,1.1666666666666667,1.0,1.828833962739953,133,63,1.0,0.17116603726004698
571230650434,2025-08,9,4.0,3.0,8.0,5.0,2.0,6.0,5.333333333333333,4.0,3.0,5.832201180638796,133,66,1.0,1.832201180638796
571230650435,2025-08,15,6.0,13.0,14.0,12.0,9.0,21.0,13.0,12.333333333333334,13.0,14.126312748716561,133,67,7.0,8.126312748716561
571230650436,2025-08,15,11.0,6.0,14.0,17.0,29.0,27.0,12.333333333333334,21.333333333333332,6.0,18.07146752107437,133,68,5.0,7.071467521074371
571230650437,2025-08,14,19.0,16.0,12.0,28.0,20.0,31.0,18.666666666666668,17.5,16.0,18.108328070890362,133,69,3.0,0.8916719291096378
571230650438,2025-08,8,11.0,4.0,7.0,7.0,3.0,5.0,6.0,4.5,4.0,5.7697736323521,133,70,7.0,5.2302263676479
571230650439,2025-08,11,14.0,7.0,26.0,13.0,12.0,7.0,15.333333333333334,13.0,7.0,11.332351899109558,133,71,7.0,2.6676481008904425
571230650440,2025-08,2,5.0,10.0,1.0,6.0,4.0,3.0,5.666666666666667,4.833333333333333,10.0,4.353446012626737,133,72,5.0,0.6465539873732631
571230650441,2025-08,15,16.0,25.0,21.0,22.0,25.0,12.0,22.666666666666668,20.833333333333332,25.0,18.4058352354064,133,73,9.0,2.4058352354064
571230650442,2025-08,26,18.0,24.0,26.0,30.0,23.0,16.0,26.666666666666668,25.0,24.0,23.75483745327791,133,74,6.0,5.754837453277911
571230650443,2025-08,31,16.0,32.0,51.0,45.0,21.0,32.0,42.666666666666664,35.833333333333336,32.0,33.1352615204413,133,75,16.0,17.135261520441297
571230650444,2025-08,14,20.0,37.0,17.0,20.0,18.0,12.0,24.666666666666668,23.666666666666668,37.0,19.916464502975828,133,76,17.0,0.0835354970241724
571230650445,2025-08,15,11.0,18.0,26.0,18.0,24.0,22.0,20.666666666666668,20.5,18.0,18.78739257147983,133,77,7.0,7.787392571479831
571230650446,2025-08,15,12.0,12.0,16.0,5.0,8.0,30.0,11.0,10.5,12.0,14.335368959133552,133,78,0.0,2.335368959133552
571230650447,2025-08,7,9.0,13.0,15.0,6.0,6.0,17.0,11.333333333333334,11.5,13.0,10.737847627836809,133,79,4.0,1.7378476278368087
571230650448,2025-08,7,9.0,10.0,8.0,4.0,7.0,13.0,7.333333333333333,6.5,10.0,7.930933697481578,133,80,1.0,1.0690663025184222
571230650449,2025-08,24,13.0,32.0,20.0,39.0,34.0,27.0,30.333333333333332,30.666666666666668,32.0,27.905556028747878,133,81,19.0,14.905556028747878
571230650450,2025-08,13,15.0,15.0,12.0,13.0,5.0,13.0,13.333333333333334,12.833333333333334,15.0,12.725065807274754,133,82,0.0,2.2749341927252456
571230650451,2025-08,14,12.0,4.0,8.0,9.0,8.0,12.0,7.0,10.0,4.0,10.530294330418887,133,83,8.0,1.4697056695811135
571230650452,2025-08,9,5.0,7.0,8.0,14.0,3.0,5.0,9.666666666666666,7.166666666666667,7.0,7.572594663144928,133,84,2.0,2.572594663144928
571230650453,2025-08,1,8.0,9.0,6.0,23.0,3.0,9.0,12.666666666666666,9.333333333333334,9.0,6.9768971516857805,133,85,1.0,1.0231028483142195
571230650457,2025-08,3,4.0,1.0,1.0,1.0,3.0,2.0,1.0,1.5,1.0,2.1718532486090325,133,89,3.0,1.8281467513909675
571230650459,2025-08,1,2.0,2.0,1.0,2.0,2.0,1.0,1.6666666666666667,1.8333333333333333,2.0,1.688523838920318,133,91,0.0,0.3114761610796819
571230650461,2025-08,2,1.0,2.0,1.0,1.0,5.0,1.0,1.3333333333333333,2.6666666666666665,2.0,2.3360677408961372,133,93,1.0,1.3360677408961372
571230650462,2025-08,5,3.0,4.0,7.0,4.0,9.0,1.0,5.0,6.166666666666667,4.0,5.078440878478394,133,94,1.0,2.0784408784783936
571230650463,2025-08,5,1.0,5.0,2.0,1.0,1.0,4.0,2.6666666666666665,2.8333333333333335,5.0,3.8557270096932825,133,95,4.0,2.8557270096932825
575525617693,2025-08,1,2.0,1.0,1.0,4.0,1.0,1.0,2.0,1.8333333333333333,1.0,1.6088028083557209,134,29,1.0,0.39119719164427913
575525617703,2025-08,5,3.0,13.0,6.0,5.0,5.0,5.0,8.0,6.333333333333333,13.0,6.498267650606456,134,39,10.0,3.498267650606456
575525617707,2025-08,3,3.0,4.0,6.0,1.0,1.0,5.0,3.6666666666666665,2.3333333333333335,4.0,3.276608063121394,134,43,1.0,0.27660806312139385
575525617708,2025-08,16,4.0,14.0,6.0,11.0,13.0,7.0,10.333333333333334,9.666666666666666,14.0,11.674170729694762,134,44,10.0,7.674170729694762
575525617714,2025-08,3,5.0,5.0,9.0,9.0,6.0,1.0,7.666666666666667,6.166666666666667,5.0,4.751039307058654,134,50,0.0,0.24896069294134637
575525617719,2025-08,9,10.0,15.0,10.0,13.0,2.0,11.0,12.666666666666666,9.833333333333334,15.0,10.125936748998289,134,55,5.0,0.12593674899828855
575525617720,2025-08,15,12.0,10.0,7.0,8.0,6.0,8.0,8.333333333333334,10.0,10.0,10.830092033136548,134,56,2.0,1.1699079668634518
575525617722,2025-08,7,9.0,10.0,10.0,8.0,8.0,7.0,9.333333333333334,8.166666666666666,10.0,7.977332648205785,134,58,1.0,1.0226673517942153
575525617723,2025-08,10,33.0,27.0,20.0,16.0,17.0,21.0,21.0,18.833333333333332,27.0,17.107092053564564,134,59,6.0,15.892907946435436
575525617724,2025-08,11,4.0,7.0,4.0,2.0,5.0,2.0,4.333333333333333,5.333333333333333,7.0,6.652994738659302,134,60,3.0,2.6529947386593022
575525617731,2025-08,16,14.0,29.0,17.0,24.0,11.0,19.0,23.333333333333332,16.0,29.0,17.800242003554434,134,67,15.0,3.800242003554434
575525617732,2025-08,12,13.0,12.0,9.0,9.0,10.0,16.0,10.0,10.666666666666666,12.0,11.70217584736338,134,68,1.0,1.29782415263662
575525617733,2025-08,8,11.0,9.0,11.0,23.0,8.0,14.0,14.333333333333334,11.5,9.0,10.734627239552072,134,69,2.0,0.2653727604479279
575525617734,2025-08,18,24.0,22.0,15.0,23.0,22.0,8.0,20.0,18.5,22.0,17.33966877624984,134,70,2.0,6.660331223750159
575525617735,2025-08,3,3.0,1.0,1.0,3.0,3.0,5.0,1.6666666666666667,2.5,1.0,2.9603601408637257,134,71,2.0,0.039639859136274325
575525617736,2025-08,5,3.0,8.0,2.0,6.0,5.0,9.0,5.333333333333333,5.0,8.0,5.8906311370072535,134,72,5.0,2.8906311370072535
575525617737,2025-08,22,13.0,12.0,14.0,20.0,12.0,8.0,15.333333333333334,13.0,12.0,14.996441015193401,134,73,1.0,1.9964410151934011
575525617738,2025-08,57,68.0,42.0,59.0,47.0,32.0,33.0,49.333333333333336,44.333333333333336,42.0,45.506219160337565,134,74,26.0,22.493780839662435
575525617739,2025-08,16,14.0,17.0,14.0,15.0,17.0,11.0,15.333333333333334,17.333333333333332,17.0,15.675339874515862,134,75,3.0,1.6753398745158616
575525617740,2025-08,18,17.0,20.0,21.0,16.0,14.0,12.0,19.0,17.666666666666668,20.0,17.004483983649934,134,76,3.0,0.004483983649933521
575525617741,2025-08,14,14.0,17.0,19.0,16.0,19.0,20.0,17.333333333333332,15.666666666666666,17.0,15.992886933005154,134,77,3.0,1.9928869330051544
575525617742,2025-08,22,25.0,22.0,17.0,20.0,16.0,9.0,19.666666666666668,18.5,22.0,18.34976587162444,134,78,3.0,6.650234128375558
575525617743,2025-08,45,36.0,29.0,40.0,33.0,22.0,16.0,34.0,28.5,29.0,31.540820418605033,134,79,7.0,4.459179581394967
575525617744,2025-08,17,14.0,9.0,25.0,19.0,16.0,20.0,17.666666666666668,17.666666666666668,9.0,16.836667976970425,134,80,5.0,2.836667976970425
575525617745,2025-08,22,21.0,30.0,23.0,26.0,18.0,27.0,26.333333333333332,22.166666666666668,30.0,23.28671141572752,134,81,9.0,2.2867114157275203
575525617746,2025-08,23,35.0,25.0,18.0,26.0,17.0,23.0,23.0,21.5,25.0,22.055227916985952,134,82,10.0,12.944772083014048
575525617747,2025-08,12,18.0,14.0,16.0,8.0,15.0,13.0,12.666666666666666,13.833333333333334,14.0,13.018950750529063,134,83,4.0,4.981049249470937
575525617748,2025-08,9,3.0,3.0,5.0,7.0,6.0,6.0,5.0,5.833333333333333,3.0,6.561300468880197,134,84,0.0,3.561300468880197
575525617752,2025-08,4,1.0,2.0,3.0,4.0,2.0,4.0,3.0,3.0,2.0,3.4703648994156175,134,88,1.0,2.4703648994156175
575525617754,2025-08,4,2.0,1.0,1.0,1.0,2.0,3.0,1.0,1.8333333333333333,1.0,2.6593907076267467,134,90,1.0,0.6593907076267467
575525617755,2025-08,3,2.0,1.0,1.0,1.0,1.0,3.0,1.0,1.1666666666666667,1.0,2.109954886586525,134,91,1.0,0.10995488658652519
575525617756,2025-08,10,6.0,10.0,5.0,4.0,4.0,8.0,6.333333333333333,6.0,10.0,7.760535396076187,134,92,4.0,1.760535396076187
575525617757,2025-08,3,1.0,9.0,4.0,3.0,4.0,2.0,5.333333333333333,4.833333333333333,9.0,4.404451434290453,134,93,8.0,3.4044514342904533
579820584998,2025-08,2,3.0,1.0,2.0,1.0,3.0,2.0,1.3333333333333333,1.6666666666666667,1.0,1.9765276829064575,135,38,2.0,1.0234723170935425
579820585009,2025-08,4,1.0,5.0,3.0,6.0,2.0,3.0,4.666666666666667,4.0,5.0,4.085082509819934,135,49,4.0,3.0850825098199337
579820585016,2025-08,5,3.0,1.0,3.0,2.0,4.0,3.0,2.0,2.5,1.0,3.358049254656726,135,56,2.0,0.3580492546567262
579820585017,2025-08,2,3.0,3.0,2.0,3.0,1.0,1.0,2.6666666666666665,3.1666666666666665,3.0,2.567094060497041,135,57,0.0,0.43290593950295886
579820585018,2025-08,36,32.0,25.0,40.0,39.0,21.0,44.0,34.666666666666664,29.166666666666668,25.0,32.475261517750454,135,58,7.0,0.4752615177504538
579820585019,2025-08,16,19.0,13.0,27.0,13.0,18.0,15.0,17.666666666666668,17.833333333333332,13.0,16.352007975632347,135,59,6.0,2.647992024367653
579820585020,2025-08,2,5.0,5.0,3.0,9.0,4.0,5.0,5.666666666666667,4.166666666666667,5.0,4.006622079469089,135,60,0.0,0.9933779205309108
579820585021,2025-08,1,2.0,2.0,3.0,1.0,2.0,6.0,2.0,1.8333333333333333,2.0,2.3652503250124806,135,61,0.0,0.36525032501248056
579820585022,2025-08,1,1.0,1.0,1.0,1.0,2.0,6.0,1.0,1.6666666666666667,1.0,2.1232739728996304,135,62,0.0,1.1232739728996304
579820585027,2025-08,1,3.0,2.0,1.0,1.0,3.0,1.0,1.3333333333333333,2.0,2.0,1.7473885793824397,135,67,1.0,1.2526114206175603
579820585028,2025-08,8,4.0,6.0,10.0,7.0,13.0,19.0,7.666666666666667,8.5,6.0,9.619897894978166,135,68,2.0,5.619897894978166
579820585029,2025-08,10,14.0,16.0,11.0,12.0,9.0,15.0,13.0,12.166666666666666,16.0,12.090893829002445,135,69,2.0,1.9091061709975552
579820585030,2025-08,19,27.0,10.0,29.0,12.0,16.0,21.0,17.0,17.833333333333332,10.0,17.604583459108007,135,70,17.0,9.395416540891993
579820585031,2025-08,12,7.0,13.0,7.0,9.0,2.0,10.0,9.666666666666666,8.666666666666666,13.0,9.993356211449834,135,71,6.0,2.993356211449834
579820585032,2025-08,37,27.0,27.0,29.0,25.0,24.0,39.0,27.0,25.0,27.0,30.16729777116048,135,72,0.0,3.167297771160481
579820585033,2025-08,8,11.0,20.0,22.0,15.0,12.0,13.0,19.0,17.833333333333332,20.0,14.231251645953506,135,73,9.0,3.231251645953506
579820585034,2025-08,26,23.0,23.0,30.0,31.0,27.0,26.0,28.0,28.833333333333332,23.0,26.538852815205498,135,74,0.0,3.538852815205498
579820585035,2025-08,35,29.0,22.0,19.0,21.0,18.0,26.0,20.666666666666668,19.333333333333332,22.0,24.730321209959314,135,75,7.0,4.269678790040686
579820585036,2025-08,17,16.0,8.0,16.0,12.0,12.0,14.0,12.0,16.0,8.0,14.660462113017648,135,76,8.0,1.3395378869823524
579820585037,2025-08,16,13.0,32.0,15.0,14.0,12.0,18.0,20.333333333333332,17.5,32.0,18.115496262814677,135,77,19.0,5.115496262814677
579820585038,2025-08,8,17.0,10.0,9.0,7.0,8.0,15.0,8.666666666666666,8.666666666666666,10.0,9.38082259198644,135,78,7.0,7.6191774080135595
579820585039,2025-08,11,16.0,22.0,16.0,19.0,16.0,23.0,19.0,19.0,22.0,17.064696256973598,135,79,6.0,1.0646962569735976
579820585040,2025-08,15,12.0,7.0,5.0,4.0,11.0,6.0,5.333333333333333,7.5,7.0,9.382342770845895,135,80,5.0,2.617657229154105
579820585041,2025-08,9,9.0,9.0,10.0,9.0,13.0,15.0,9.333333333333334,10.666666666666666,9.0,10.52833201443476,135,81,0.0,1.5283320144347599
579820585042,2025-08,24,27.0,17.0,13.0,23.0,14.0,23.0,17.666666666666668,18.166666666666668,17.0,19.922074792419863,135,82,10.0,7.077925207580137
579820585043,2025-08,3,9.0,6.0,3.0,5.0,5.0,2.0,4.666666666666667,4.166666666666667,6.0,3.919169374839834,135,83,3.0,5.080830625160166
579820585044,2025-08,2,1.0,1.0,1.0,2.0,1.0,1.0,1.3333333333333333,1.3333333333333333,1.0,1.6581050446763381,135,84,0.0,0.6581050446763381
579820585051,2025-08,7,4.0,8.0,8.0,6.0,3.0,7.0,7.333333333333333,7.0,8.0,7.0214441211185505,135,91,4.0,3.0214441211185505
579820585052,2025-08,10,4.0,5.0,3.0,4.0,9.0,5.0,4.0,4.833333333333333,5.0,6.54866446416113,135,92,1.0,2.5486644641611296
579820585053,2025-08,1,4.0,1.0,3.0,3.0,3.0,1.0,2.3333333333333335,3.0,1.0,2.11436336603148,135,93,3.0,1.8856366339685202
579820585057,2025-08,5,3.0,4.0,7.0,2.0,1.0,4.0,4.333333333333333,3.5,4.0,4.186657852476647,135,97,1.0,1.186657852476647
579820585060,2025-08,1,1.0,1.0,1.0,2.0,1.0,1.0,1.3333333333333333,1.1666666666666667,1.0,1.3146235788507301,135,100,0.0,0.3146235788507301
584115552283,2025-08,2,4.0,3.0,2.0,2.0,1.0,7.0,2.3333333333333335,3.8333333333333335,3.0,3.5198004477380502,136,27,1.0,0.48019955226194977
584115552294,2025-08,8,8.0,24.0,8.0,10.0,2.0,6.0,14.0,9.0,24.0,9.751031790530037,136,38,16.0,1.7510317905300372
584115552301,2025-08,4,2.0,2.0,1.0,1.0,1.0,1.0,1.3333333333333333,1.6666666666666667,2.0,2.421494604677074,136,45,0.0,0.4214946046770738
584115552304,2025-08,2,2.0,3.0,6.0,1.0,1.0,1.0,3.3333333333333335,2.1666666666666665,3.0,2.309835049013717,136,48,1.0,0.30983504901371717
584115552307,2025-08,1,1.0,1.0,1.0,3.0,2.0,1.0,1.6666666666666667,2.1666666666666665,1.0,1.7232378870648901,136,51,0.0,0.7232378870648901
584115552309,2025-08,2,2.0,4.0,5.0,3.0,4.0,1.0,4.0,3.0,4.0,2.852674981165163,136,53,2.0,0.8526749811651628
584115552311,2025-08,2,3.0,4.0,2.0,1.0,1.0,1.0,2.3333333333333335,1.8333333333333333,4.0,2.163009044611787,136,55,1.0,0.8369909553882131
584115552313,2025-08,4,10.0,3.0,4.0,4.0,4.0,6.0,3.6666666666666665,3.1666666666666665,3.0,4.009270699683553,136,57,7.0,5.990729300316447
584115552314,2025-08,15,16.0,13.0,25.0,12.0,16.0,10.0,16.666666666666668,17.166666666666668,13.0,15.014704451509685,136,58,3.0,0.9852955484903152
584115552315,2025-08,5,2.0,1.0,3.0,6.0,3.0,4.0,3.3333333333333335,3.0,1.0,3.757041677376532,136,59,1.0,1.7570416773765318
584115552317,2025-08,2,1.0,2.0,2.0,1.0,1.0,2.0,1.6666666666666667,1.3333333333333333,2.0,1.8992758920733372,136,61,1.0,0.8992758920733372
584115552323,2025-08,1,1.0,1.0,3.0,2.0,1.0,1.0,2.0,1.5,1.0,1.4997947026027028,136,67,0.0,0.49979470260270276
584115552324,2025-08,25,22.0,30.0,20.0,27.0,29.0,28.0,25.666666666666668,25.833333333333332,30.0,25.857301247896583,136,68,8.0,3.857301247896583
584115552325,2025-08,36,49.0,36.0,34.0,28.0,53.0,26.0,32.666666666666664,36.5,36.0,34.495622948309176,136,69,13.0,14.504377051690824
584115552326,2025-08,60,20.0,31.0,23.0,32.0,19.0,41.0,28.666666666666668,29.5,31.0,38.82794761907418,136,70,11.0,18.82794761907418
584115552327,2025-08,35,31.0,36.0,54.0,29.0,32.0,42.0,39.666666666666664,34.666666666666664,36.0,35.5922452876039,136,71,5.0,4.592245287603902
584115552328,2025-08,42,29.0,24.0,23.0,20.0,20.0,46.0,22.333333333333332,25.333333333333332,24.0,31.716160958693816,136,72,5.0,2.7161609586938162
584115552329,2025-08,27,14.0,20.0,30.0,20.0,11.0,53.0,23.333333333333332,18.833333333333332,20.0,25.58076805601995,136,73,6.0,11.580768056019949
584115552330,2025-08,18,7.0,20.0,19.0,10.0,13.0,23.0,16.333333333333332,12.666666666666666,20.0,16.413425368560674,136,74,13.0,9.413425368560674
584115552331,2025-08,24,20.0,16.0,20.0,18.0,36.0,22.0,18.0,23.5,16.0,22.402936418825938,136,75,4.0,2.402936418825938
584115552332,2025-08,24,22.0,24.0,28.0,20.0,18.0,24.0,24.0,22.666666666666668,24.0,22.941186788316923,136,76,2.0,0.9411867883169229
584115552333,2025-08,9,8.0,7.0,8.0,3.0,4.0,16.0,6.0,6.0,7.0,8.23242626465057,136,77,1.0,0.23242626465057015
584115552334,2025-08,6,2.0,2.0,2.0,5.0,1.0,1.0,3.0,2.3333333333333335,2.0,3.4004091894849244,136,78,0.0,1.4004091894849244
584115552335,2025-08,29,26.0,22.0,16.0,23.0,20.0,19.0,20.333333333333332,19.0,22.0,22.036949686641034,136,79,4.0,3.9630503133589663
584115552336,2025-08,20,15.0,26.0,12.0,23.0,26.0,13.0,20.333333333333332,23.166666666666668,26.0,20.605535436855735,136,80,11.0,5.605535436855735
584115552337,2025-08,20,13.0,9.0,19.0,9.0,10.0,21.0,12.333333333333334,12.166666666666666,9.0,15.177268425773594,136,81,4.0,2.177268425773594
584115552338,2025-08,13,13.0,7.0,29.0,28.0,23.0,30.0,21.333333333333332,21.833333333333332,7.0,18.87312546595758,136,82,6.0,5.873125465957578
584115552339,2025-08,5,8.0,2.0,4.0,3.0,3.0,9.0,3.0,3.3333333333333335,2.0,4.54837130642497,136,83,6.0,3.4516286935750298
584115552340,2025-08,3,1.0,1.0,1.0,2.0,2.0,2.0,1.3333333333333333,1.6666666666666667,1.0,2.2241291846410043,136,84,0.0,1.2241291846410043
584115552347,2025-08,15,21.0,12.0,18.0,28.0,21.0,17.0,19.333333333333332,22.833333333333332,12.0,18.19811650233033,136,91,9.0,2.801883497669671
584115552348,2025-08,18,8.0,12.0,14.0,30.0,9.0,4.0,18.666666666666668,16.833333333333332,12.0,14.853757664050676,136,92,4.0,6.853757664050676
584115552349,2025-08,3,2.0,5.0,1.0,3.0,1.0,3.0,3.0,2.6666666666666665,5.0,3.131488073758441,136,93,3.0,1.1314880737584412
584115552354,2025-08,5,4.0,2.0,1.0,3.0,1.0,4.0,2.0,2.1666666666666665,2.0,3.3312016097691863,136,98,2.0,0.6687983902308137
584115552356,2025-08,3,9.0,6.0,5.0,6.0,9.0,8.0,5.666666666666667,5.666666666666667,6.0,5.45262913898466,136,100,3.0,3.54737086101534
588410519582,2025-08,1,1.0,1.0,1.0,2.0,3.0,2.0,1.3333333333333333,2.0,1.0,1.7986909464514547,137,30,0.0,0.7986909464514547
588410519585,2025-08,4,1.0,3.0,3.0,1.0,2.0,4.0,2.3333333333333335,2.3333333333333335,3.0,3.25261229826015,137,33,2.0,2.25261229826015
588410519586,2025-08,4,2.0,1.0,4.0,9.0,7.0,3.0,4.666666666666667,4.833333333333333,1.0,4.254510675394996,137,34,1.0,2.2545106753949957
588410519590,2025-08,2,1.0,4.0,11.0,1.0,4.0,5.0,5.333333333333333,3.6666666666666665,4.0,3.736065781084335,137,38,3.0,2.736065781084335
588410519598,2025-08,1,2.0,2.0,1.0,1.0,2.0,1.0,1.3333333333333333,1.8333333333333333,2.0,1.6525749006619161,137,46,0.0,0.34742509933808385
588410519599,2025-08,1,2.0,4.0,4.0,3.0,4.0,4.0,3.6666666666666665,3.6666666666666665,4.0,3.133216969201462,137,47,2.0,1.1332169692014622
588410519600,2025-08,12,15.0,11.0,8.0,6.0,8.0,9.0,8.333333333333334,7.166666666666667,11.0,9.30537149028662,137,48,4.0,5.694628509713381
588410519601,2025-08,2,3.0,6.0,11.0,5.0,2.0,12.0,7.333333333333333,6.166666666666667,6.0,5.753784028022297,137,49,3.0,2.753784028022297
588410519602,2025-08,17,20.0,12.0,23.0,20.0,14.0,9.0,18.333333333333332,15.333333333333334,12.0,14.874222801785203,137,50,8.0,5.125777198214797
588410519604,2025-08,2,6.0,2.0,2.0,3.0,1.0,3.0,2.3333333333333335,2.0,2.0,2.3211841169968626,137,52,4.0,3.6788158830031374
588410519605,2025-08,3,4.0,5.0,2.0,2.0,1.0,7.0,3.0,3.3333333333333335,5.0,3.8657516937913154,137,53,1.0,0.13424830620868455
588410519607,2025-08,4,5.0,3.0,1.0,2.0,3.0,3.0,2.0,2.6666666666666665,3.0,3.237185810809704,137,55,2.0,1.762814189190296
588410519608,2025-08,2,1.0,1.0,1.0,1.0,1.0,1.0,1.0,1.3333333333333333,1.0,1.6221561064179362,137,56,0.0,0.6221561064179362
588410519609,2025-08,4,4.0,5.0,7.0,6.0,9.0,5.0,6.0,6.166666666666667,5.0,5.485719175698707,137,57,1.0,1.4857191756987067
588410519617,2025-08,1,2.0,3.0,1.0,1.0,4.0,1.0,1.6666666666666667,1.8333333333333333,3.0,1.8434371482167915,137,65,1.0,0.1565628517832085
588410519618,2025-08,3,3.0,5.0,4.0,11.0,5.0,6.0,6.666666666666667,7.0,5.0,5.5151143932852005,137,66,2.0,2.5151143932852005
588410519619,2025-08,5,9.0,10.0,10.0,17.0,7.0,6.0,12.333333333333334,10.0,10.0,8.169352222199777,137,67,1.0,0.8306477778002233
588410519620,2025-08,6,4.0,8.0,5.0,8.0,10.0,11.0,7.0,8.0,8.0,7.813426593640732,137,68,4.0,3.813426593640732
588410519621,2025-08,29,26.0,25.0,20.0,14.0,16.0,15.0,19.666666666666668,19.166666666666668,25.0,21.586277831333952,137,69,1.0,4.413722168666048
588410519622,2025-08,36,13.0,48.0,35.0,20.0,25.0,32.0,34.333333333333336,30.666666666666668,48.0,33.31615206577325,137,70,35.0,20.316152065773252
588410519625,2025-08,14,7.0,17.0,10.0,8.0,26.0,12.0,11.666666666666666,14.333333333333334,17.0,14.18046712826715,137,73,10.0,7.18046712826715
588410519627,2025-08,22,10.0,16.0,18.0,9.0,14.0,9.0,14.333333333333334,13.166666666666666,16.0,15.460351869910978,137,75,6.0,5.460351869910978
588410519628,2025-08,28,8.0,23.0,19.0,22.0,16.0,16.0,21.333333333333332,18.0,23.0,21.062928480667022,137,76,15.0,13.062928480667022
588410519633,2025-08,1,1.0,1.0,1.0,2.0,4.0,3.0,1.3333333333333333,2.1666666666666665,1.0,2.021233620590513,137,81,0.0,1.0212336205905128
588410519636,2025-08,2,3.0,2.0,3.0,1.0,3.0,2.0,2.0,2.1666666666666665,2.0,2.2926294878844615,137,84,1.0,0.7073705121155385
588410519640,2025-08,1,3.0,3.0,4.0,2.0,2.0,1.0,3.0,3.0,3.0,2.300937444144388,137,88,0.0,0.6990625558556118
588410519641,2025-08,9,6.0,9.0,13.0,7.0,17.0,10.0,9.666666666666666,11.0,9.0,10.196948870100089,137,89,3.0,4.196948870100089
588410519642,2025-08,33,25.0,11.0,13.0,12.0,9.0,11.0,12.0,15.166666666666666,11.0,18.714352484300285,137,90,14.0,6.285647515699715
588410519643,2025-08,9,6.0,13.0,2.0,11.0,2.0,6.0,8.666666666666666,7.0,13.0,7.949825222941641,137,91,7.0,1.9498252229416408
588410519644,2025-08,5,6.0,3.0,2.0,9.0,1.0,5.0,4.666666666666667,3.0,3.0,4.1018667162102265,137,92,3.0,1.8981332837897735
588410519645,2025-08,1,1.0,1.0,2.0,2.0,1.0,2.0,1.6666666666666667,1.6666666666666667,1.0,1.6460788126393489,137,93,0.0,0.6460788126393489
588410519650,2025-08,4,3.0,10.0,6.0,5.0,3.0,10.0,7.0,6.0,10.0,6.322247442855765,137,98,7.0,3.3222474428557653
588410519652,2025-08,8,6.0,5.0,3.0,8.0,1.0,5.0,5.333333333333333,5.166666666666667,5.0,5.913831914743903,137,100,1.0,0.0861680852560971
592705486878,2025-08,1,1.0,1.0,3.0,2.0,1.0,3.0,2.0,2.1666666666666665,1.0,1.9775340464279658,138,30,0.0,0.9775340464279658
592705486881,2025-08,1,1.0,1.0,3.0,2.0,2.0,1.0,2.0,1.6666666666666667,1.0,1.5946083813232264,138,33,0.0,0.5946083813232264
592705486882,2025-08,4,3.0,3.0,6.0,1.0,1.0,1.0,3.3333333333333335,3.1666666666666665,3.0,3.2190793336531183,138,34,0.0,0.21907933365311827
592705486886,2025-08,1,1.0,2.0,1.0,6.0,1.0,2.0,3.0,2.1666666666666665,2.0,2.031945923393076,138,38,1.0,1.0319459233930761
592705486894,2025-08,8,10.0,7.0,6.0,4.0,6.0,6.0,5.666666666666667,6.0,7.0,6.707630354834114,138,46,3.0,3.292369645165886
592705486895,2025-08,7,16.0,11.0,16.0,17.0,9.0,12.0,14.666666666666666,12.833333333333334,11.0,10.869197789396429,138,47,5.0,5.130802210603571
592705486896,2025-08,7,5.0,6.0,11.0,12.0,5.0,9.0,9.666666666666666,7.333333333333333,6.0,7.568517636618047,138,48,1.0,2.568517636618047
592705486897,2025-08,3,5.0,4.0,5.0,4.0,1.0,2.0,4.333333333333333,3.5,4.0,3.3532450357413754,138,49,1.0,1.6467549642586246
592705486898,2025-08,20,18.0,15.0,13.0,11.0,14.0,12.0,13.0,17.0,15.0,16.32028057245573,138,50,3.0,1.6797194275442706
592705486899,2025-08,4,6.0,4.0,2.0,4.0,4.0,4.0,3.3333333333333335,4.333333333333333,4.0,4.181150195925851,138,51,2.0,1.8188498040741488
592705486901,2025-08,1,4.0,3.0,2.0,6.0,3.0,2.0,3.6666666666666665,3.5,3.0,2.7043861005532666,138,53,1.0,1.2956138994467334
592705486902,2025-08,2,1.0,3.0,5.0,5.0,13.0,10.0,4.333333333333333,7.166666666666667,3.0,5.704206770278328,138,54,2.0,4.704206770278328
592705486903,2025-08,12,7.0,9.0,7.0,7.0,4.0,12.0,7.666666666666667,7.333333333333333,9.0,9.36133803430899,138,55,2.0,2.3613380343089894
592705486904,2025-08,5,2.0,6.0,3.0,5.0,7.0,12.0,4.666666666666667,4.5,6.0,5.961908941623367,138,56,4.0,3.961908941623367
592705486906,2025-08,1,3.0,1.0,2.0,1.0,3.0,1.0,1.3333333333333333,1.5,1.0,1.505317221662315,138,58,2.0,1.494682778337685
592705486907,2025-08,15,11.0,9.0,13.0,8.0,9.0,15.0,10.0,8.5,9.0,11.451507753429025,138,59,2.0,0.45150775342902527
592705486908,2025-08,3,2.0,1.0,7.0,2.0,6.0,2.0,3.3333333333333335,4.0,1.0,3.3811786237672017,138,60,1.0,1.3811786237672017
592705486911,2025-08,6,3.0,1.0,3.0,1.0,4.0,6.0,1.6666666666666667,2.6666666666666665,1.0,4.048768768479542,138,63,2.0,1.0487687684795421
592705486912,2025-08,3,2.0,4.0,8.0,13.0,6.0,24.0,8.333333333333334,7.333333333333333,4.0,8.072203532211072,138,64,2.0,6.072203532211072
592705486913,2025-08,11,3.0,2.0,10.0,3.0,3.0,9.0,5.0,4.333333333333333,2.0,6.83135144315225,138,65,1.0,3.8313514431522497
592705486915,2025-08,1,4.0,4.0,4.0,1.0,5.0,2.0,3.0,3.6666666666666665,4.0,2.8451044423210625,138,67,0.0,1.1548955576789375
592705486917,2025-08,3,3.0,1.0,1.0,1.0,2.0,2.0,1.0,1.3333333333333333,1.0,2.077039569888509,138,69,2.0,0.9229604301114911
592705486920,2025-08,1,1.0,2.0,1.0,3.0,2.0,2.0,2.0,1.8333333333333333,2.0,1.8522017725972546,138,72,1.0,0.8522017725972546
592705486922,2025-08,8,6.0,2.0,2.0,14.0,4.0,5.0,6.0,4.666666666666667,2.0,5.706402627520884,138,74,4.0,0.2935973724791161
592705486923,2025-08,7,16.0,13.0,7.0,8.0,9.0,9.0,9.333333333333334,11.0,13.0,9.442810758653083,138,75,3.0,6.557189241346917
592705486924,2025-08,19,8.0,9.0,7.0,6.0,3.0,9.0,7.333333333333333,6.666666666666667,9.0,10.696055309383233,138,76,1.0,2.696055309383233
592705486925,2025-08,5,5.0,14.0,3.0,3.0,2.0,11.0,6.666666666666667,4.5,14.0,6.465069900184036,138,77,9.0,1.4650699001840364
592705486929,2025-08,7,15.0,8.0,7.0,3.0,6.0,6.0,6.0,7.5,8.0,7.033294123457439,138,81,7.0,7.966705876542561
592705486930,2025-08,7,2.0,2.0,1.0,5.0,3.0,2.0,2.6666666666666665,2.3333333333333335,2.0,3.8575207698000336,138,82,0.0,1.8575207698000336
592705486935,2025-08,1,2.0,4.0,2.0,1.0,3.0,1.0,2.3333333333333335,2.6666666666666665,4.0,2.231436289215413,138,87,2.0,0.23143628921541293
592705486936,2025-08,9,5.0,3.0,3.0,1.0,4.0,5.0,2.3333333333333335,3.1666666666666665,3.0,5.176235303753673,138,88,2.0,0.17623530375367302
592705486937,2025-08,6,4.0,6.0,7.0,4.0,4.0,9.0,5.666666666666667,4.333333333333333,6.0,5.805444679536201,138,89,2.0,1.8054446795362011
592705486938,2025-08,4,3.0,8.0,2.0,1.0,2.0,3.0,3.6666666666666665,3.3333333333333335,8.0,3.983167941734572,138,90,5.0,0.983167941734572
592705486939,2025-08,18,26.0,25.0,19.0,11.0,7.0,13.0,18.333333333333332,15.0,25.0,16.276486878291124,138,91,1.0,9.723513121708876
592705486940,2025-08,2,3.0,1.0,1.0,3.0,3.0,2.0,1.6666666666666667,2.1666666666666665,1.0,2.178121350535461,138,92,2.0,0.8218786494645389
592705486946,2025-08,13,13.0,15.0,17.0,23.0,16.0,15.0,18.333333333333332,17.166666666666668,15.0,15.401594838471986,138,98,2.0,2.4015948384719863
592705486947,2025-08,11,4.0,18.0,9.0,19.0,7.0,7.0,15.333333333333334,12.0,18.0,11.625279227805486,138,99,14.0,7.6252792278054855
592705486948,2025-08,2,5.0,6.0,6.0,4.0,2.0,5.0,5.333333333333333,4.666666666666667,6.0,4.138522959466016,138,100,1.0,0.861477040533984
592705486949,2025-08,1,2.0,5.0,2.0,5.0,2.0,2.0,4.0,3.1666666666666665,5.0,2.742804278543142,138,101,3.0,0.7428042785431419
597000454174,2025-08,1,1.0,2.0,2.0,1.0,1.0,1.0,1.6666666666666667,2.1666666666666665,2.0,1.761487460311475,139,30,1.0,0.761487460311475
597000454190,2025-08,1,2.0,1.0,1.0,2.0,1.0,1.0,1.3333333333333333,1.5,1.0,1.4257642553448235,139,46,1.0,0.5742357446551765
597000454192,2025-08,4,5.0,1.0,2.0,4.0,6.0,6.0,2.3333333333333335,3.1666666666666665,1.0,3.788975800156777,139,48,4.0,1.211024199843223
597000454193,2025-08,3,7.0,2.0,6.0,2.0,4.0,1.0,3.3333333333333335,3.6666666666666665,2.0,3.1391826138866037,139,49,5.0,3.8608173861133963
597000454194,2025-08,4,2.0,6.0,15.0,5.0,9.0,3.0,8.666666666666666,9.5,6.0,6.714216367183611,139,50,4.0,4.714216367183611
597000454195,2025-08,1,2.0,2.0,3.0,1.0,1.0,1.0,2.0,1.8333333333333333,2.0,1.6873620074463211,139,51,0.0,0.31263799255367886
597000454197,2025-08,2,2.0,1.0,6.0,2.0,1.0,1.0,3.0,2.8333333333333335,1.0,2.3433142070444575,139,53,1.0,0.3433142070444575
597000454198,2025-08,3,4.0,5.0,1.0,4.0,6.0,10.0,3.3333333333333335,3.8333333333333335,5.0,4.646749050043307,139,54,1.0,0.6467490500433071
597000454199,2025-08,21,14.0,24.0,11.0,17.0,13.0,21.0,17.333333333333332,16.833333333333332,24.0,18.815982261844432,139,55,10.0,4.815982261844432
597000454200,2025-08,11,13.0,15.0,17.0,16.0,13.0,12.0,16.0,15.666666666666666,15.0,13.5730799636066,139,56,2.0,0.5730799636066006
597000454201,2025-08,2,2.0,3.0,2.0,2.0,1.0,1.0,2.3333333333333335,1.8333333333333333,3.0,2.0865824162622655,139,57,1.0,0.08658241626226548
597000454202,2025-08,1,3.0,2.0,3.0,1.0,1.0,4.0,2.0,2.0,2.0,2.1261193319489777,139,58,1.0,0.8738806680510223
597000454203,2025-08,13,16.0,13.0,23.0,20.0,4.0,16.0,18.666666666666668,17.0,13.0,14.892326803744359,139,59,3.0,1.1076731962556412
597000454204,2025-08,3,7.0,2.0,5.0,4.0,1.0,2.0,3.6666666666666665,3.0,2.0,2.9617828877843877,139,60,5.0,4.038217112215612
597000454205,2025-08,2,7.0,2.0,4.0,3.0,3.0,6.0,3.0,3.8333333333333335,2.0,3.468161952174821,139,61,5.0,3.531838047825179
597000454206,2025-08,3,1.0,1.0,1.0,1.0,2.0,1.0,1.0,1.5,1.0,2.00488091271702,139,62,0.0,1.0048809127170202
597000454207,2025-08,15,8.0,3.0,9.0,7.0,3.0,5.0,6.333333333333333,7.666666666666667,3.0,8.802642832745867,139,63,5.0,0.8026428327458675
597000454208,2025-08,1,1.0,7.0,10.0,6.0,2.0,12.0,7.666666666666667,5.0,7.0,5.188189813951793,139,64,6.0,4.188189813951793
597000454209,2025-08,2,1.0,5.0,1.0,1.0,1.0,1.0,2.3333333333333335,2.0,5.0,2.2939397258378165,139,65,4.0,1.2939397258378165
597000454210,2025-08,1,1.0,2.0,1.0,1.0,1.0,1.0,1.3333333333333333,1.1666666666666667,2.0,1.3910502072002533,139,66,1.0,0.3910502072002533
597000454211,2025-08,1,1.0,5.0,4.0,1.0,7.0,2.0,3.3333333333333335,3.1666666666666665,5.0,2.869255675134797,139,67,4.0,1.8692556751347968
597000454218,2025-08,3,1.0,4.0,2.0,4.0,2.0,4.0,3.3333333333333335,3.3333333333333335,4.0,3.4813303579180594,139,74,3.0,2.4813303579180594
597000454219,2025-08,6,9.0,9.0,12.0,11.0,7.0,6.0,10.666666666666666,9.166666666666666,9.0,7.925372909642653,139,75,0.0,1.074627090357347
597000454220,2025-08,11,4.0,4.0,3.0,3.0,4.0,8.0,3.3333333333333335,3.1666666666666665,4.0,6.319517988291128,139,76,0.0,2.3195179882911283
597000454221,2025-08,3,4.0,2.0,2.0,1.0,2.0,1.0,1.6666666666666667,1.6666666666666667,2.0,2.209842041200929,139,77,2.0,1.790157958799071
597000454222,2025-08,3,2.0,3.0,4.0,2.0,1.0,2.0,3.0,2.0,3.0,2.631823324764288,139,78,1.0,0.6318233247642882
597000454225,2025-08,6,4.0,7.0,5.0,3.0,9.0,8.0,5.0,5.166666666666667,7.0,6.15418025881192,139,81,3.0,2.1541802588119197
597000454226,2025-08,2,1.0,1.0,3.0,3.0,2.0,1.0,2.3333333333333335,2.5,1.0,2.196320138395423,139,82,0.0,1.1963201383954232
597000454231,2025-08,7,8.0,3.0,2.0,7.0,6.0,10.0,4.0,5.0,3.0,6.107496833275171,139,87,5.0,1.892503166724829
597000454232,2025-08,6,8.0,3.0,7.0,3.0,2.0,7.0,4.333333333333333,3.8333333333333335,3.0,4.931713354928865,139,88,5.0,3.068286645071135
597000454233,2025-08,18,18.0,9.0,12.0,7.0,9.0,20.0,9.333333333333334,9.333333333333334,9.0,13.158773642605283,139,89,9.0,4.841226357394717
597000454234,2025-08,30,29.0,29.0,25.0,26.0,34.0,47.0,26.666666666666668,31.833333333333332,29.0,31.957208291281024,139,90,0.0,2.957208291281024
597000454235,2025-08,7,6.0,5.0,4.0,3.0,3.0,5.0,4.0,3.8333333333333335,5.0,5.117115294472853,139,91,1.0,0.8828847055271467
597000454242,2025-08,5,4.0,7.0,1.0,4.0,1.0,11.0,4.0,4.166666666666667,7.0,5.489975407961526,139,98,3.0,1.4899754079615262
601295421470,2025-08,2,1.0,2.0,4.0,1.0,1.0,2.0,2.3333333333333335,1.6666666666666667,2.0,2.08444701582531,140,30,1.0,1.08444701582531
601295421487,2025-08,3,7.0,3.0,5.0,1.0,2.0,4.0,3.0,2.5,3.0,3.0943019561865173,140,47,4.0,3.9056980438134827
601295421488,2025-08,6,1.0,2.0,2.0,4.0,3.0,2.0,2.6666666666666665,2.1666666666666665,2.0,3.515105589344966,140,48,1.0,2.515105589344966
601295421489,2025-08,3,1.0,1.0,1.0,1.0,3.0,1.0,1.0,1.8333333333333333,1.0,2.1552649296845896,140,49,0.0,1.1552649296845896
601295421493,2025-08,3,6.0,3.0,3.0,1.0,2.0,1.0,2.3333333333333335,2.5,3.0,2.637084522673028,140,53,3.0,3.362915477326972
601295421494,2025-08,15,25.0,21.0,31.0,32.0,16.0,13.0,28.0,19.0,21.0,17.849239798287854,140,54,4.0,7.150760201712146
601295421495,2025-08,15,11.0,10.0,9.0,14.0,11.0,10.0,11.0,10.833333333333334,10.0,11.84934249438452,140,55,1.0,0.8493424943845191
601295421496,2025-08,7,8.0,7.0,17.0,11.0,7.0,7.0,11.666666666666666,9.5,7.0,8.412478694062695,140,56,1.0,0.41247869406269544
601295421497,2025-08,9,3.0,16.0,4.0,6.0,2.0,9.0,8.666666666666666,7.833333333333333,16.0,8.842276356222131,140,57,13.0,5.842276356222131
601295421499,2025-08,2,1.0,1.0,2.0,1.0,4.0,4.0,1.3333333333333333,2.0,1.0,2.3823696907111014,140,59,0.0,1.3823696907111014
601295421501,2025-08,4,2.0,1.0,3.0,1.0,2.0,2.0,1.6666666666666667,2.1666666666666665,1.0,2.716832835960183,140,61,1.0,0.716832835960183
601295421503,2025-08,3,1.0,2.0,1.0,1.0,3.0,3.0,1.3333333333333333,1.6666666666666667,2.0,2.467528148882538,140,63,1.0,1.467528148882538
601295421506,2025-08,10,8.0,2.0,1.0,3.0,1.0,3.0,2.0,1.8333333333333333,2.0,4.531887575749356,140,66,6.0,3.468112424250644
601295421509,2025-08,3,3.0,1.0,2.0,1.0,2.0,2.0,1.3333333333333333,1.5,1.0,2.169625131764496,140,69,2.0,0.8303748682355039
601295421513,2025-08,5,5.0,1.0,2.0,5.0,5.0,4.0,2.6666666666666665,3.0,1.0,3.7625641964361423,140,73,4.0,1.2374358035638577
601295421514,2025-08,18,9.0,18.0,12.0,15.0,9.0,5.0,15.0,12.0,18.0,13.430935728818497,140,74,9.0,4.430935728818497
601295421515,2025-08,1,3.0,4.0,1.0,6.0,2.0,4.0,3.6666666666666665,4.333333333333333,4.0,3.2738127851310823,140,75,1.0,0.2738127851310823
601295421516,2025-08,9,8.0,1.0,10.0,4.0,3.0,2.0,5.0,4.333333333333333,1.0,5.28499959171585,140,76,7.0,2.7150004082841503
601295421517,2025-08,8,9.0,5.0,7.0,9.0,6.0,3.0,7.0,6.666666666666667,5.0,6.538733503271789,140,77,4.0,2.4612664967282107
601295421518,2025-08,9,5.0,3.0,6.0,3.0,6.0,1.0,4.0,4.5,3.0,5.371312256406473,140,78,2.0,0.3713122564064726
601295421519,2025-08,2,2.0,3.0,3.0,1.0,1.0,1.0,2.3333333333333335,1.6666666666666667,3.0,2.0320783633857573,140,79,1.0,0.032078363385757314
601295421527,2025-08,5,3.0,3.0,2.0,3.0,2.0,4.0,2.6666666666666665,2.8333333333333335,3.0,3.742117093467713,140,87,0.0,0.742117093467713
601295421528,2025-08,9,7.0,6.0,10.0,7.0,1.0,12.0,7.666666666666667,5.0,6.0,7.375808865757274,140,88,1.0,0.375808865757274
601295421529,2025-08,2,7.0,4.0,13.0,6.0,1.0,5.0,7.666666666666667,5.833333333333333,4.0,4.594525295425402,140,89,3.0,2.4054747045745977
601295421530,2025-08,6,10.0,6.0,15.0,9.0,5.0,9.0,10.0,8.666666666666666,6.0,7.765383294756419,140,90,4.0,2.234616705243581
601295421531,2025-08,1,3.0,4.0,3.0,5.0,2.0,2.0,4.0,3.8333333333333335,4.0,2.889725288552347,140,91,1.0,0.11027471144765322
601295421536,2025-08,1,2.0,2.0,2.0,1.0,2.0,1.0,1.6666666666666667,1.5,2.0,1.5784494477967623,140,96,0.0,0.42155055220323767
605590388783,2025-08,1,1.0,4.0,2.0,1.0,2.0,7.0,2.3333333333333335,1.8333333333333333,4.0,2.680715230017925,141,47,3.0,1.6807152300179249
605590388784,2025-08,13,15.0,17.0,15.0,20.0,11.0,19.0,17.333333333333332,13.666666666666666,17.0,14.592190885773535,141,48,2.0,0.40780911422646504
605590388785,2025-08,17,17.0,4.0,8.0,15.0,8.0,8.0,9.0,8.666666666666666,4.0,10.65424265505445,141,49,13.0,6.34575734494555
605590388786,2025-08,3,4.0,3.0,2.0,1.0,2.0,2.0,2.0,1.6666666666666667,3.0,2.4499466032273904,141,50,1.0,1.5500533967726096
605590388790,2025-08,22,14.0,29.0,23.0,32.0,52.0,45.0,28.0,37.666666666666664,29.0,32.1914664292772,141,54,15.0,18.1914664292772
605590388791,2025-08,21,16.0,15.0,13.0,28.0,22.0,24.0,18.666666666666668,20.0,15.0,20.066284407684197,141,55,1.0,4.066284407684197
605590388792,2025-08,7,14.0,5.0,10.0,16.0,9.0,6.0,10.333333333333334,8.833333333333334,5.0,7.836842019276502,141,56,9.0,6.163157980723498
605590388793,2025-08,3,4.0,8.0,3.0,3.0,10.0,6.0,4.666666666666667,6.166666666666667,8.0,5.445999374544967,141,57,4.0,1.445999374544967
605590388796,2025-08,3,5.0,2.0,2.0,1.0,3.0,1.0,1.6666666666666667,2.0,2.0,2.3602260581684984,141,60,3.0,2.6397739418315016
605590388797,2025-08,11,5.0,6.0,2.0,8.0,1.0,12.0,5.333333333333333,4.666666666666667,6.0,7.580317593647184,141,61,1.0,2.580317593647184
605590388798,2025-08,1,1.0,2.0,1.0,1.0,1.0,3.0,1.3333333333333333,1.1666666666666667,2.0,1.6465081980373277,141,62,1.0,0.6465081980373277
605590388800,2025-08,5,8.0,3.0,1.0,7.0,2.0,4.0,3.6666666666666665,4.333333333333333,3.0,4.3490306670958,141,64,5.0,3.6509693329042
605590388802,2025-08,1,2.0,1.0,3.0,4.0,2.0,1.0,2.6666666666666665,2.3333333333333335,1.0,1.8887876108282153,141,66,1.0,0.11121238917178466
605590388804,2025-08,4,5.0,1.0,3.0,1.0,2.0,2.0,1.6666666666666667,2.1666666666666665,1.0,2.716832835960183,141,68,4.0,2.283167164039817
605590388807,2025-08,1,5.0,2.0,1.0,2.0,1.0,1.0,1.6666666666666667,1.3333333333333333,2.0,1.482569483705701,141,71,3.0,3.517430516294299
605590388808,2025-08,2,1.0,4.0,1.0,1.0,3.0,1.0,2.0,5.333333333333333,4.0,3.3714576051177847,141,72,3.0,2.3714576051177847
605590388809,2025-08,11,7.0,10.0,11.0,12.0,20.0,11.0,11.0,12.166666666666666,10.0,11.625312320467549,141,73,3.0,4.625312320467549
605590388810,2025-08,9,2.0,5.0,4.0,2.0,1.0,6.0,3.6666666666666665,2.8333333333333335,5.0,5.372808896360877,141,74,3.0,3.372808896360877
605590388811,2025-08,9,14.0,10.0,22.0,15.0,17.0,12.0,15.666666666666666,16.833333333333332,10.0,13.130472784919393,141,75,4.0,0.8695272150806073
605590388812,2025-08,30,34.0,34.0,38.0,49.0,36.0,27.0,40.333333333333336,44.0,34.0,35.407651076050726,141,76,0.0,1.4076510760507261
605590388813,2025-08,8,13.0,12.0,9.0,13.0,3.0,6.0,11.333333333333334,11.0,12.0,9.253474429077139,141,77,1.0,3.746525570922861
605590388814,2025-08,14,14.0,20.0,19.0,14.0,17.0,25.0,17.666666666666668,19.0,20.0,17.929680817398797,141,78,6.0,3.929680817398797
605590388815,2025-08,3,2.0,2.0,2.0,1.0,1.0,1.0,1.6666666666666667,1.5,2.0,2.115028362480407,141,79,0.0,0.11502836248040715
605590388816,2025-08,5,1.0,3.0,1.0,1.0,2.0,1.0,1.6666666666666667,2.1666666666666665,3.0,3.0277356540781737,141,80,2.0,2.0277356540781737
605590388817,2025-08,1,1.0,2.0,3.0,3.0,3.0,7.0,2.6666666666666665,2.8333333333333335,2.0,2.937542566903577,141,81,1.0,1.937542566903577
605590388819,2025-08,2,2.0,6.0,3.0,3.0,2.0,2.0,4.0,3.1666666666666665,6.0,3.108208319841763,141,83,4.0,1.1082083198417632
605590388822,2025-08,4,2.0,4.0,3.0,6.0,2.0,2.0,4.333333333333333,3.6666666666666665,4.0,3.7338372712993797,141,86,2.0,1.7338372712993797
605590388825,2025-08,1,1.0,7.0,2.0,1.0,7.0,7.0,3.3333333333333335,3.5,7.0,3.769762014679541,141,89,6.0,2.769762014679541
605590388826,2025-08,18,15.0,23.0,12.0,31.0,10.0,15.0,22.0,15.166666666666666,23.0,16.940366295345264,141,90,8.0,1.9403662953452638
605590388829,2025-08,1,1.0,1.0,7.0,1.0,2.0,4.0,3.0,2.8333333333333335,1.0,2.478899691565524,141,93,0.0,1.4788996915655241
605590388832,2025-08,3,1.0,2.0,4.0,1.0,1.0,2.0,2.3333333333333335,2.1666666666666665,2.0,2.5390691581450113,141,96,1.0,1.5390691581450113
609885356071,2025-08,2,5.0,1.0,6.0,3.0,3.0,2.0,3.3333333333333335,3.0,1.0,2.6410491599153945,142,39,4.0,2.3589508400846055
609885356072,2025-08,1,1.0,1.0,2.0,2.0,1.0,1.0,1.6666666666666667,2.1666666666666665,1.0,1.6850608319619518,142,40,0.0,0.6850608319619518
609885356075,2025-08,2,2.0,1.0,1.0,1.0,1.0,1.0,1.0,1.1666666666666667,1.0,1.5665857681708886,142,43,1.0,0.43341423182911143
609885356080,2025-08,53,35.0,54.0,36.0,42.0,15.0,22.0,44.0,34.166666666666664,54.0,39.21004024383794,142,48,19.0,4.210040243837938
609885356081,2025-08,25,17.0,25.0,25.0,19.0,16.0,12.0,23.0,20.333333333333332,25.0,20.805259511930135,142,49,8.0,3.805259511930135
609885356085,2025-08,2,5.0,10.0,3.0,11.0,6.0,15.0,8.0,6.166666666666667,10.0,6.66301848312239,142,53,5.0,1.6630184831223902
609885356086,2025-08,6,2.0,7.0,9.0,10.0,3.0,5.0,8.666666666666666,7.833333333333333,7.0,6.8243621039927715,142,54,5.0,4.8243621039927715
609885356087,2025-08,12,13.0,16.0,12.0,10.0,13.0,9.0,12.666666666666666,15.0,16.0,12.967128570854182,142,55,3.0,0.03287142914581764
609885356088,2025-08,14,10.0,12.0,14.0,11.0,8.0,17.0,12.333333333333334,11.5,12.0,12.86206610288882,142,56,2.0,2.8620661028888197
609885356089,2025-08,3,5.0,9.0,8.0,9.0,6.0,5.0,8.666666666666666,7.833333333333333,9.0,6.230145714006024,142,57,4.0,1.2301457140060243
609885356090,2025-08,6,5.0,2.0,3.0,2.0,2.0,8.0,2.3333333333333335,2.0,2.0,4.151783230247801,142,58,3.0,0.8482167697521987
609885356091,2025-08,2,1.0,1.0,2.0,3.0,3.0,2.0,2.0,2.0,1.0,2.159566235917355,142,59,0.0,1.1595662359173549
609885356092,2025-08,26,17.0,13.0,24.0,20.0,12.0,22.0,19.0,17.833333333333332,13.0,20.03035907342884,142,60,4.0,3.0303590734288406
609885356093,2025-08,5,4.0,1.0,4.0,7.0,1.0,4.0,4.0,3.0,1.0,3.7515191583169205,142,61,3.0,0.2484808416830795
609885356094,2025-08,3,2.0,4.0,4.0,5.0,2.0,1.0,4.333333333333333,2.8333333333333335,4.0,3.041411742437587,142,62,2.0,1.041411742437587
609885356096,2025-08,2,1.0,2.0,2.0,1.0,2.0,2.0,1.6666666666666667,1.5,2.0,1.9940895707938608,142,64,1.0,0.9940895707938608
609885356097,2025-08,10,8.0,1.0,10.0,8.0,5.0,9.0,6.333333333333333,5.666666666666667,1.0,7.133858827181098,142,65,7.0,0.8661411728189021
609885356098,2025-08,1,1.0,3.0,1.0,1.0,2.0,1.0,1.6666666666666667,2.0,3.0,1.820520805516887,142,66,2.0,0.8205208055168871
609885356101,2025-08,5,3.0,3.0,13.0,3.0,8.0,2.0,6.333333333333333,5.166666666666667,3.0,4.907271340848487,142,69,0.0,1.907271340848487
609885356104,2025-08,6,11.0,16.0,12.0,9.0,7.0,9.0,12.333333333333334,9.833333333333334,16.0,9.245572338625113,142,72,5.0,1.754427661374887
609885356105,2025-08,7,4.0,6.0,1.0,5.0,3.0,4.0,4.0,3.8333333333333335,6.0,5.062614071292223,142,73,2.0,1.0626140712922227
609885356106,2025-08,17,22.0,37.0,49.0,26.0,16.0,22.0,37.333333333333336,28.666666666666668,37.0,25.04629209203781,142,74,15.0,3.0462920920378096
609885356107,2025-08,15,20.0,18.0,21.0,16.0,15.0,10.0,18.333333333333332,14.5,18.0,14.643948390640919,142,75,2.0,5.356051609359081
609885356108,2025-08,8,11.0,13.0,8.0,5.0,10.0,15.0,8.666666666666666,9.5,13.0,9.965374563846655,142,76,2.0,1.0346254361533447
609885356109,2025-08,16,17.0,10.0,5.0,5.0,4.0,11.0,6.666666666666667,7.5,10.0,10.40727113028498,142,77,7.0,6.592728869715019
609885356110,2025-08,2,2.0,2.0,10.0,3.0,1.0,3.0,5.0,3.1666666666666665,2.0,3.006298273757709,142,78,0.0,1.006298273757709
609885356111,2025-08,7,7.0,1.0,1.0,2.0,4.0,3.0,1.3333333333333333,1.8333333333333333,1.0,3.6375597095677783,142,79,6.0,3.3624402904322217
609885356112,2025-08,8,3.0,2.0,8.0,7.0,2.0,6.0,5.666666666666667,3.8333333333333335,2.0,5.4482420247220675,142,80,1.0,2.4482420247220675
609885356113,2025-08,1,2.0,1.0,2.0,6.0,3.0,1.0,3.0,2.5,1.0,2.0184839424366015,142,81,1.0,0.018483942436601453
609885356114,2025-08,14,1.0,1.0,10.0,3.0,4.0,2.0,4.666666666666667,4.0,1.0,6.6167089553296305,142,82,0.0,5.6167089553296305
609885356115,2025-08,2,1.0,1.0,1.0,1.0,2.0,1.0,1.0,1.3333333333333333,1.0,1.6613994468914122,142,83,0.0,0.6613994468914122
609885356117,2025-08,1,2.0,1.0,3.0,1.0,2.0,2.0,1.6666666666666667,1.6666666666666667,1.0,1.6863884384833625,142,85,1.0,0.3136115615166375
614180323350,2025-08,1,2.0,1.0,3.0,5.0,1.0,1.0,3.0,2.1666666666666665,1.0,1.8299228703660937,143,22,1.0,0.1700771296339063
614180323353,2025-08,1,2.0,1.0,5.0,2.0,3.0,1.0,2.6666666666666665,2.3333333333333335,1.0,1.9301635220427684,143,25,1.0,0.06983647795723158
614180323357,2025-08,2,1.0,1.0,1.0,3.0,2.0,2.0,1.6666666666666667,2.0,1.0,2.0833076718149393,143,29,0.0,1.0833076718149393
614180323376,2025-08,13,7.0,5.0,6.0,2.0,4.0,9.0,4.333333333333333,3.5,5.0,7.321682214597221,143,48,2.0,0.3216822145972209
614180323377,2025-08,9,4.0,5.0,3.0,3.0,3.0,9.0,3.6666666666666665,3.5,5.0,6.055697631181087,143,49,1.0,2.0556976311810873
614180323378,2025-08,6,8.0,20.0,10.0,5.0,12.0,10.0,11.666666666666666,11.5,20.0,10.356897485021706,143,50,12.0,2.3568974850217064
614180323379,2025-08,17,14.0,13.0,15.0,12.0,17.0,14.0,13.333333333333334,14.166666666666666,13.0,14.770267704078185,143,51,1.0,0.7702677040781847
614180323380,2025-08,36,25.0,41.0,40.0,25.0,31.0,44.0,35.333333333333336,30.166666666666668,41.0,34.49584088207665,143,52,16.0,9.49584088207665
614180323381,2025-08,10,12.0,19.0,14.0,17.0,9.0,17.0,16.666666666666668,13.5,19.0,13.418831587818488,143,53,7.0,1.418831587818488
614180323382,2025-08,9,15.0,19.0,20.0,10.0,11.0,17.0,16.333333333333332,14.0,19.0,13.346566929892852,143,54,4.0,1.6534330701071482
614180323383,2025-08,16,18.0,12.0,24.0,17.0,14.0,17.0,17.666666666666668,18.833333333333332,12.0,16.70428914959666,143,55,6.0,1.2957108504033386
614180323384,2025-08,10,5.0,7.0,7.0,7.0,5.0,5.0,7.0,5.833333333333333,7.0,7.205771974256317,143,56,2.0,2.205771974256317
614180323385,2025-08,8,9.0,7.0,9.0,8.0,3.0,1.0,8.0,7.833333333333333,7.0,6.817370500958942,143,57,2.0,2.1826294990410577
614180323386,2025-08,1,2.0,1.0,2.0,2.0,1.0,4.0,1.6666666666666667,1.8333333333333333,1.0,1.9571071417234691,143,58,1.0,0.04289285827653089
614180323387,2025-08,14,5.0,2.0,3.0,5.0,6.0,8.0,3.3333333333333335,3.6666666666666665,2.0,7.275595810015856,143,59,3.0,2.275595810015856
614180323388,2025-08,2,3.0,4.0,11.0,2.0,6.0,4.0,5.666666666666667,6.166666666666667,4.0,4.556327478576854,143,60,1.0,1.5563274785768542
614180323389,2025-08,10,9.0,6.0,7.0,6.0,5.0,7.0,6.333333333333333,6.166666666666667,6.0,7.424046136721161,143,61,3.0,1.5759538632788388
614180323390,2025-08,10,12.0,16.0,12.0,20.0,9.0,28.0,16.0,12.0,16.0,14.020407160892525,143,62,4.0,2.0204071608925247
614180323393,2025-08,9,6.0,4.0,10.0,4.0,8.0,7.0,6.0,7.5,4.0,7.512824397693573,143,65,2.0,1.5128243976935734
614180323394,2025-08,4,3.0,6.0,2.0,2.0,1.0,4.0,3.3333333333333335,3.1666666666666665,6.0,3.827281063475141,143,66,3.0,0.8272810634751409
614180323400,2025-08,5,5.0,4.0,5.0,5.0,4.0,4.0,4.666666666666667,4.5,4.0,4.671626270896678,143,72,1.0,0.32837372910332174
614180323401,2025-08,3,6.0,7.0,10.0,6.0,7.0,15.0,7.666666666666667,7.333333333333333,7.0,7.121400493190558,143,73,1.0,1.1214004931905581
614180323402,2025-08,9,14.0,7.0,18.0,15.0,18.0,5.0,13.333333333333334,14.166666666666666,7.0,10.90130015117083,143,74,7.0,3.0986998488291704
614180323403,2025-08,10,10.0,12.0,7.0,10.0,8.0,4.0,9.666666666666666,9.0,12.0,8.921334074766918,143,75,2.0,1.0786659252330821
614180323405,2025-08,21,20.0,10.0,7.0,18.0,19.0,12.0,11.666666666666666,15.0,10.0,15.605237736432654,143,77,10.0,4.394762263567346
614180323406,2025-08,7,10.0,8.0,16.0,12.0,10.0,3.0,12.0,11.333333333333334,8.0,8.741875735763875,143,78,2.0,1.258124264236125
614180323407,2025-08,5,4.0,21.0,5.0,2.0,6.0,8.0,9.333333333333334,7.666666666666667,21.0,8.119403177771161,143,79,17.0,4.1194031777711615
614180323408,2025-08,5,2.0,7.0,6.0,5.0,6.0,7.0,6.0,5.0,7.0,5.67415287629309,143,80,5.0,3.67415287629309
614180323411,2025-08,1,1.0,2.0,1.0,1.0,2.0,3.0,1.3333333333333333,1.3333333333333333,2.0,1.7413218767578496,143,83,1.0,0.7413218767578496
614180323412,2025-08,1,3.0,3.0,1.0,2.0,3.0,1.0,2.0,2.0,3.0,1.8957130842487633,143,84,0.0,1.1042869157512367
618475290649,2025-08,5,2.0,1.0,7.0,13.0,1.0,2.0,7.0,4.0,1.0,4.156222497399353,144,25,1.0,2.1562224973993533
618475290650,2025-08,1,2.0,5.0,4.0,1.0,1.0,2.0,3.3333333333333335,2.5,5.0,2.411514279305755,144,26,3.0,0.4115142793057549
618475290652,2025-08,8,4.0,9.0,6.0,2.0,1.0,1.0,5.666666666666667,4.5,9.0,5.525488887849674,144,28,5.0,1.525488887849674
618475290653,2025-08,9,4.0,9.0,4.0,4.0,6.0,6.0,5.666666666666667,5.166666666666667,9.0,6.868410477135407,144,29,5.0,2.8684104771354066
618475290654,2025-08,5,2.0,2.0,1.0,1.0,1.0,4.0,1.3333333333333333,1.5,2.0,3.0370223802641974,144,30,0.0,1.0370223802641974
618475290661,2025-08,1,1.0,3.0,1.0,1.0,2.0,1.0,1.6666666666666667,1.6666666666666667,3.0,1.7093801290227937,144,37,2.0,0.7093801290227937
618475290664,2025-08,2,1.0,2.0,1.0,2.0,1.0,2.0,1.6666666666666667,1.6666666666666667,2.0,2.0093502831968912,144,40,1.0,1.0093502831968912
618475290671,2025-08,4,1.0,2.0,1.0,1.0,2.0,2.0,1.3333333333333333,1.5,2.0,2.5328966023220385,144,47,1.0,1.5328966023220385
618475290673,2025-08,10,10.0,16.0,6.0,12.0,7.0,24.0,11.333333333333334,9.333333333333334,16.0,12.03219623847783,144,49,6.0,2.0321962384778303
618475290674,2025-08,10,9.0,29.0,12.0,12.0,5.0,17.0,17.666666666666668,15.5,29.0,14.798682812418498,144,50,20.0,5.798682812418498
618475290675,2025-08,2,3.0,6.0,5.0,5.0,5.0,4.0,5.333333333333333,5.333333333333333,6.0,4.349739053085555,144,51,3.0,1.349739053085555
618475290676,2025-08,28,14.0,34.0,31.0,25.0,10.0,25.0,30.0,23.833333333333332,34.0,25.710151966249278,144,52,20.0,11.710151966249278
618475290677,2025-08,28,21.0,12.0,24.0,10.0,18.0,19.0,15.333333333333334,17.166666666666668,12.0,19.764308082991082,144,53,9.0,1.2356919170089178
618475290678,2025-08,24,11.0,10.0,4.0,15.0,10.0,12.0,9.666666666666666,9.833333333333334,10.0,14.174208083586578,144,54,1.0,3.174208083586578
618475290679,2025-08,3,6.0,14.0,9.0,16.0,4.0,11.0,13.0,9.5,14.0,8.324272012518126,144,55,8.0,2.3242720125181258
618475290680,2025-08,9,12.0,12.0,8.0,8.0,6.0,6.0,9.333333333333334,7.833333333333333,12.0,8.38651923646129,144,56,0.0,3.6134807635387105
618475290681,2025-08,8,9.0,6.0,9.0,11.0,4.0,7.0,8.666666666666666,12.333333333333334,6.0,9.118858194781186,144,57,3.0,0.1188581947811862
618475290682,2025-08,14,23.0,16.0,17.0,15.0,11.0,17.0,16.0,14.5,16.0,14.684405903108209,144,58,7.0,8.315594096891791
618475290683,2025-08,2,3.0,3.0,3.0,4.0,2.0,6.0,3.3333333333333335,2.8333333333333335,3.0,3.2068058634564487,144,59,0.0,0.2068058634564487
618475290684,2025-08,3,12.0,6.0,6.0,6.0,3.0,10.0,6.0,5.0,6.0,5.287360957621632,144,60,6.0,6.712639042378368
618475290685,2025-08,2,4.0,3.0,5.0,11.0,5.0,9.0,6.333333333333333,5.666666666666667,3.0,4.978091636398969,144,61,1.0,0.9780916363989691
618475290688,2025-08,8,11.0,6.0,9.0,9.0,14.0,12.0,8.0,9.333333333333334,6.0,9.07777261164498,144,64,5.0,1.9222273883550205
618475290689,2025-08,1,2.0,1.0,1.0,3.0,1.0,3.0,1.6666666666666667,1.6666666666666667,1.0,1.7727415226873457,144,65,1.0,0.22725847731265425
618475290691,2025-08,1,1.0,1.0,1.0,1.0,2.0,1.0,1.0,1.6666666666666667,1.0,1.484628995806947,144,67,0.0,0.48462899580694696
618475290696,2025-08,5,1.0,2.0,3.0,4.0,1.0,5.0,3.0,2.3333333333333335,2.0,3.6244803289510514,144,72,1.0,2.6244803289510514
618475290697,2025-08,4,12.0,6.0,9.0,13.0,1.0,1.0,9.333333333333334,7.333333333333333,6.0,5.487897419640691,144,73,6.0,6.512102580359309
618475290698,2025-08,12,3.0,4.0,4.0,2.0,2.0,8.0,3.3333333333333335,3.5,4.0,6.6411493967873705,144,74,1.0,3.6411493967873705
618475290699,2025-08,26,19.0,12.0,23.0,17.0,23.0,13.0,17.333333333333332,20.5,12.0,19.944362666810925,144,75,7.0,0.9443626668109246
618475290700,2025-08,6,2.0,15.0,6.0,8.0,7.0,9.0,9.666666666666666,9.333333333333334,15.0,8.708445477244009,144,76,13.0,6.708445477244009
618475290701,2025-08,12,10.0,16.0,29.0,27.0,25.0,15.0,24.0,26.0,16.0,19.112455705437,144,77,6.0,9.112455705437
618475290702,2025-08,11,23.0,13.0,27.0,17.0,15.0,22.0,19.0,16.333333333333332,13.0,15.33248799305906,144,78,10.0,7.667512006940941
618475290703,2025-08,4,7.0,8.0,3.0,6.0,5.0,10.0,5.666666666666667,5.333333333333333,8.0,5.878604904970264,144,79,1.0,1.1213950950297358
618475290706,2025-08,7,6.0,5.0,3.0,4.0,1.0,3.0,4.0,4.0,5.0,4.837674675565337,144,82,1.0,1.1623253244346632
618475290707,2025-08,6,4.0,5.0,9.0,3.0,3.0,6.0,5.666666666666667,5.5,5.0,5.697712662927999,144,83,1.0,1.6977126629279988
622770257948,2025-08,4,6.0,5.0,8.0,5.0,2.0,2.0,6.0,4.333333333333333,5.0,4.217621370781789,145,28,1.0,1.7823786292182113
622770257949,2025-08,1,1.0,1.0,1.0,1.0,1.0,1.0,1.0,1.0,1.0,1.2231043023452841,145,29,0.0,0.2231043023452841
622770257964,2025-08,1,2.0,2.0,2.0,2.0,2.0,1.0,2.0,2.3333333333333335,2.0,1.8922500772903987,145,44,0.0,0.10774992270960126
622770257966,2025-08,2,1.0,4.0,2.0,1.0,1.0,2.0,2.3333333333333335,2.1666666666666665,4.0,2.4018787165244184,145,46,3.0,1.4018787165244184
622770257967,2025-08,14,13.0,13.0,22.0,10.0,5.0,12.0,15.0,10.0,13.0,11.978106477533327,145,47,0.0,1.021893522466673
622770257969,2025-08,4,2.0,3.0,3.0,9.0,4.0,5.0,5.0,4.0,3.0,4.302122863163316,145,49,1.0,2.3021228631633157
622770257970,2025-08,9,8.0,8.0,7.0,6.0,4.0,11.0,7.0,7.0,8.0,8.110410474794353,145,50,0.0,0.11041047479435306
622770257971,2025-08,20,29.0,21.0,21.0,23.0,11.0,31.0,21.666666666666668,20.0,21.0,21.031430000214215,145,51,8.0,7.968569999785785
622770257972,2025-08,6,9.0,10.0,12.0,4.0,5.0,4.0,8.666666666666666,7.666666666666667,10.0,6.952028192434323,145,52,1.0,2.047971807565677
622770257973,2025-08,9,6.0,12.0,4.0,6.0,8.0,9.0,7.333333333333333,8.5,12.0,8.850515485619479,145,53,6.0,2.8505154856194785
622770257974,2025-08,10,4.0,7.0,6.0,12.0,9.0,6.0,8.333333333333334,8.333333333333334,7.0,8.466758872937525,145,54,3.0,4.466758872937525
622770257975,2025-08,19,21.0,15.0,12.0,8.0,9.0,11.0,11.666666666666666,12.5,15.0,14.063162576016843,145,55,6.0,6.936837423983157
622770257976,2025-08,32,20.0,25.0,8.0,22.0,9.0,33.0,18.333333333333332,19.5,25.0,24.428979247302994,145,56,5.0,4.428979247302994
622770257977,2025-08,9,9.0,5.0,13.0,10.0,9.0,5.0,9.333333333333334,10.166666666666666,5.0,8.624850026327874,145,57,4.0,0.37514997367212644
622770257978,2025-08,2,2.0,4.0,3.0,5.0,2.0,5.0,4.0,3.6666666666666665,4.0,3.5052530641394704,145,58,2.0,1.5052530641394704
622770257979,2025-08,1,1.0,4.0,2.0,1.0,3.0,1.0,2.3333333333333335,2.1666666666666665,4.0,2.064725274474272,145,59,3.0,1.064725274474272
622770257980,2025-08,2,3.0,5.0,3.0,3.0,3.0,11.0,3.6666666666666665,3.3333333333333335,5.0,4.240207390721196,145,60,2.0,1.2402073907211957
622770257981,2025-08,13,10.0,22.0,13.0,14.0,8.0,15.0,16.333333333333332,13.333333333333334,22.0,14.124557962416198,145,61,12.0,4.124557962416198
622770257984,2025-08,16,13.0,3.0,5.0,4.0,4.0,5.0,4.0,6.0,3.0,8.318186209036472,145,64,10.0,4.681813790963528
622770257987,2025-08,4,4.0,3.0,1.0,3.0,4.0,1.0,2.3333333333333335,2.1666666666666665,3.0,2.8902090839633665,145,67,1.0,1.1097909160366335
622770257991,2025-08,4,2.0,1.0,1.0,1.0,2.0,1.0,1.0,1.5,1.0,2.292792040295579,145,71,1.0,0.2927920402955788
622770257994,2025-08,1,1.0,1.0,3.0,1.0,1.0,1.0,1.6666666666666667,1.3333333333333333,1.0,1.4082754260972568,145,74,0.0,0.40827542609725676
622770257995,2025-08,12,11.0,18.0,16.0,11.0,17.0,11.0,15.0,14.166666666666666,18.0,13.51046919833993,145,75,7.0,2.51046919833993
622770257996,2025-08,20,14.0,18.0,13.0,9.0,11.0,15.0,13.333333333333334,14.5,18.0,16.017411286892177,145,76,4.0,2.0174112868921767
622770257997,2025-08,15,19.0,18.0,19.0,12.0,16.0,19.0,16.333333333333332,16.5,18.0,16.281770548554306,145,77,1.0,2.718229451445694
622770257998,2025-08,5,5.0,6.0,3.0,5.0,4.0,3.0,4.666666666666667,5.0,6.0,4.86132897617725,145,78,1.0,0.13867102382275043
622770257999,2025-08,3,1.0,5.0,5.0,6.0,3.0,3.0,5.333333333333333,4.0,5.0,3.9104451699727285,145,79,4.0,2.9104451699727285
622770258001,2025-08,4,4.0,1.0,4.0,2.0,6.0,6.0,2.3333333333333335,4.0,1.0,4.06896006213309,145,81,3.0,0.06896006213309036
622770258002,2025-08,5,10.0,12.0,10.0,13.0,11.0,9.0,11.666666666666666,9.166666666666666,12.0,8.512616259296298,145,82,2.0,1.4873837407037023
622770258003,2025-08,7,10.0,14.0,13.0,16.0,11.0,28.0,14.333333333333334,14.166666666666666,14.0,13.626043193694896,145,83,4.0,3.626043193694896
622770258004,2025-08,11,15.0,10.0,19.0,29.0,22.0,9.0,19.333333333333332,22.5,10.0,15.80095572131867,145,84,5.0,0.8009557213186707
622770258006,2025-08,2,3.0,4.0,2.0,3.0,3.0,1.0,3.0,2.6666666666666665,4.0,2.5912452933107746,145,86,1.0,0.4087547066892254
622770258007,2025-08,1,3.0,1.0,1.0,1.0,2.0,1.0,1.0,1.5,1.0,1.4290586575598994,145,87,2.0,1.5709413424401006
622770258016,2025-08,4,1.0,2.0,3.0,1.0,1.0,1.0,2.0,2.1666666666666665,2.0,2.662236066676094,145,96,1.0,1.662236066676094
627065225249,2025-08,2,1.0,2.0,4.0,3.0,1.0,3.0,3.0,2.1666666666666665,2.0,2.4507849025017894,146,33,1.0,1.4507849025017894
627065225250,2025-08,1,1.0,2.0,1.0,1.0,3.0,2.0,1.3333333333333333,1.5,2.0,1.708406560059835,146,34,1.0,0.708406560059835
627065225254,2025-08,6,8.0,9.0,3.0,5.0,3.0,6.0,5.666666666666667,5.666666666666667,9.0,6.052591802349903,146,38,1.0,1.9474081976500974
627065225260,2025-08,10,25.0,8.0,9.0,10.0,4.0,3.0,9.0,8.166666666666666,8.0,7.983308207045431,146,44,17.0,17.016691792954568
627065225261,2025-08,4,6.0,5.0,4.0,6.0,2.0,6.0,5.0,5.0,5.0,4.838706749186766,146,45,1.0,1.1612932508132339
627065225262,2025-08,2,2.0,2.0,4.0,1.0,3.0,3.0,2.3333333333333335,2.3333333333333335,2.0,2.512944045178986,146,46,0.0,0.512944045178986
627065225263,2025-08,24,16.0,13.0,15.0,20.0,10.0,13.0,16.0,16.166666666666668,13.0,17.33764878342701,146,47,3.0,1.33764878342701
627065225264,2025-08,2,6.0,2.0,2.0,2.0,3.0,1.0,2.0,2.1666666666666665,2.0,2.1638342070953858,146,48,4.0,3.8361657929046142
627065225265,2025-08,4,4.0,3.0,9.0,3.0,4.0,11.0,5.0,4.666666666666667,3.0,5.297175900885957,146,49,1.0,1.2971759008859571
627065225266,2025-08,21,24.0,21.0,19.0,17.0,17.0,24.0,19.0,18.666666666666668,21.0,19.926411419919212,146,50,3.0,4.073588580080788
627065225267,2025-08,32,41.0,40.0,45.0,49.0,33.0,48.0,44.666666666666664,39.333333333333336,40.0,37.92544270770949,146,51,1.0,3.074557292290507
627065225268,2025-08,27,34.0,29.0,13.0,16.0,22.0,29.0,19.333333333333332,19.5,29.0,23.407555808917213,146,52,5.0,10.592444191082787
627065225269,2025-08,17,16.0,15.0,10.0,5.0,10.0,13.0,10.0,11.166666666666666,15.0,13.155601684160816,146,53,1.0,2.844398315839184
627065225270,2025-08,5,26.0,12.0,6.0,10.0,3.0,6.0,9.333333333333334,8.333333333333334,12.0,7.2817231487266865,146,54,14.0,18.718276851273313
627065225271,2025-08,10,9.0,2.0,9.0,10.0,3.0,3.0,7.0,7.166666666666667,2.0,6.936389437442134,146,55,7.0,2.063610562557866
627065225272,2025-08,17,38.0,32.0,32.0,25.0,19.0,23.0,29.666666666666668,29.166666666666668,32.0,24.23137655062792,146,56,6.0,13.768623449372079
627065225273,2025-08,22,15.0,10.0,11.0,11.0,13.0,11.0,10.666666666666666,10.166666666666666,10.0,13.814838343294415,146,57,5.0,1.185161656705585
627065225279,2025-08,6,1.0,9.0,2.0,3.0,14.0,8.0,4.666666666666667,8.166666666666666,9.0,7.46436851195517,146,63,8.0,6.46436851195517
627065225280,2025-08,3,5.0,3.0,2.0,3.0,4.0,2.0,2.6666666666666665,3.0,3.0,3.0448938666675183,146,64,2.0,1.9551061333324817
627065225281,2025-08,7,4.0,8.0,2.0,6.0,3.0,8.0,5.333333333333333,5.0,8.0,6.260237715798885,146,65,4.0,2.260237715798885
627065225282,2025-08,4,8.0,8.0,7.0,3.0,2.0,5.0,6.0,6.0,8.0,5.384725339185897,146,66,0.0,2.6152746608141033
627065225283,2025-08,4,3.0,7.0,8.0,2.0,3.0,3.0,5.666666666666667,4.833333333333333,7.0,4.6682090398555856,146,67,4.0,1.6682090398555856
627065225290,2025-08,2,2.0,4.0,4.0,5.0,1.0,2.0,4.333333333333333,2.8333333333333335,4.0,2.8419862698040896,146,74,2.0,0.8419862698040896
627065225291,2025-08,11,3.0,9.0,11.0,8.0,8.0,2.0,9.333333333333334,7.0,9.0,8.025979470719028,146,75,6.0,5.025979470719028
627065225292,2025-08,9,20.0,13.0,18.0,31.0,22.0,20.0,20.666666666666668,22.0,13.0,16.835450753735948,146,76,7.0,3.164549246264052
627065225293,2025-08,13,19.0,21.0,20.0,21.0,14.0,29.0,20.666666666666668,17.666666666666668,21.0,17.99142630214325,146,77,2.0,1.0085736978567503
627065225294,2025-08,10,6.0,19.0,11.0,14.0,12.0,17.0,14.666666666666666,12.666666666666666,19.0,13.039817432341657,146,78,13.0,7.039817432341657
627065225295,2025-08,15,22.0,19.0,22.0,16.0,13.0,15.0,19.0,17.166666666666668,19.0,16.242622888976264,146,79,3.0,5.757377111023736
627065225296,2025-08,2,2.0,2.0,7.0,2.0,3.0,1.0,3.6666666666666665,2.8333333333333335,2.0,2.5711916782282724,146,80,0.0,0.5711916782282724
627065225298,2025-08,19,7.0,10.0,10.0,9.0,7.0,13.0,9.666666666666666,7.833333333333333,10.0,12.084205072950557,146,82,3.0,5.084205072950557
627065225299,2025-08,2,4.0,6.0,6.0,9.0,9.0,5.0,7.0,7.5,6.0,5.537666784272147,146,83,2.0,1.5376667842721474
627065225300,2025-08,9,9.0,13.0,11.0,6.0,6.0,7.0,10.0,8.833333333333334,13.0,8.99919362234005,146,84,4.0,0.0008063776599502859
627065225301,2025-08,9,8.0,12.0,7.0,8.0,9.0,12.0,9.0,8.5,12.0,9.455889359752186,146,85,4.0,1.4558893597521863
627065225302,2025-08,5,5.0,4.0,3.0,2.0,1.0,9.0,3.0,3.5,4.0,4.677241935053572,146,86,1.0,0.3227580649464281
627065225304,2025-08,1,1.0,2.0,2.0,1.0,1.0,1.0,1.6666666666666667,1.6666666666666667,2.0,1.594776445570334,146,88,1.0,0.5947764455703339
627065225314,2025-08,1,2.0,9.0,1.0,4.0,2.0,2.0,4.666666666666667,3.3333333333333335,9.0,3.1749127213345414,146,98,7.0,1.1749127213345414
631360192540,2025-08,1,9.0,2.0,1.0,2.0,4.0,5.0,1.6666666666666667,3.5,2.0,2.833629884011886,147,28,7.0,6.166370115988114
631360192541,2025-08,2,1.0,3.0,1.0,2.0,3.0,2.0,2.0,1.8333333333333333,3.0,2.255782868998814,147,29,2.0,1.2557828689988142
631360192545,2025-08,1,2.0,1.0,1.0,3.0,2.0,1.0,1.6666666666666667,2.1666666666666665,1.0,1.7232378870648901,147,33,1.0,0.2767621129351099
631360192556,2025-08,6,10.0,5.0,13.0,5.0,3.0,11.0,7.666666666666667,7.166666666666667,5.0,7.1120197935237135,147,44,5.0,2.8879802064762865
631360192557,2025-08,17,10.0,19.0,19.0,17.0,16.0,8.0,18.333333333333332,16.333333333333332,19.0,15.6891237737604,147,45,9.0,5.6891237737604
631360192558,2025-08,5,7.0,10.0,5.0,6.0,9.0,10.0,7.0,6.5,10.0,7.0112633426457815,147,46,3.0,0.011263342645781549
631360192559,2025-08,5,11.0,10.0,4.0,10.0,6.0,17.0,8.0,9.333333333333334,10.0,8.839112568759575,147,47,1.0,2.1608874312404254
631360192560,2025-08,4,1.0,5.0,2.0,2.0,2.0,3.0,3.0,3.1666666666666665,5.0,3.6264198419221554,147,48,4.0,2.6264198419221554
631360192561,2025-08,10,5.0,9.0,5.0,8.0,7.0,16.0,7.333333333333333,6.833333333333333,9.0,9.209369258505824,147,49,4.0,4.2093692585058236
631360192562,2025-08,3,4.0,2.0,1.0,4.0,3.0,3.0,2.3333333333333335,2.5,2.0,2.8532266548929766,147,50,2.0,1.1467733451070234
631360192563,2025-08,51,60.0,66.0,57.0,65.0,41.0,71.0,62.666666666666664,59.333333333333336,66.0,57.25703876724961,147,51,6.0,2.742961232750389
631360192564,2025-08,17,5.0,11.0,16.0,7.0,15.0,10.0,11.333333333333334,11.833333333333334,11.0,13.035399705119518,147,52,6.0,8.035399705119518
631360192566,2025-08,14,4.0,11.0,6.0,5.0,5.0,8.0,7.333333333333333,6.666666666666667,11.0,9.359044328347354,147,54,7.0,5.359044328347354
631360192567,2025-08,11,8.0,22.0,8.0,12.0,6.0,12.0,14.0,11.333333333333334,22.0,12.163243986430453,147,55,14.0,4.163243986430453
631360192568,2025-08,41,43.0,41.0,46.0,29.0,31.0,41.0,38.666666666666664,37.166666666666664,41.0,38.25205083489705,147,56,2.0,4.747949165102952
631360192569,2025-08,1,2.0,4.0,1.0,4.0,1.0,1.0,3.0,2.1666666666666665,4.0,2.0570701846735844,147,57,2.0,0.05707018467358438
631360192574,2025-08,1,3.0,1.0,2.0,1.0,1.0,2.0,1.3333333333333333,1.6666666666666667,1.0,1.6101298743809487,147,62,2.0,1.3898701256190513
631360192575,2025-08,3,5.0,4.0,6.0,5.0,4.0,4.0,5.0,4.5,4.0,4.132819239368498,147,63,1.0,0.8671807606315021
631360192576,2025-08,3,1.0,5.0,2.0,1.0,2.0,3.0,2.6666666666666665,2.6666666666666665,5.0,3.1358487613440547,147,64,4.0,2.1358487613440547
631360192577,2025-08,6,8.0,4.0,5.0,3.0,4.0,3.0,4.0,3.8333333333333335,4.0,4.5376291735517125,147,65,4.0,3.4623708264482875
631360192578,2025-08,7,8.0,4.0,7.0,3.0,1.0,6.0,4.666666666666667,4.0,4.0,5.2205980514703825,147,66,4.0,2.7794019485296175
631360192582,2025-08,5,4.0,9.0,12.0,17.0,7.0,15.0,12.666666666666666,11.666666666666666,9.0,9.836271444087034,147,70,5.0,5.836271444087034
631360192584,2025-08,3,9.0,5.0,3.0,6.0,4.0,2.0,4.666666666666667,4.5,5.0,3.91464008251093,147,72,4.0,5.08535991748907
631360192585,2025-08,11,9.0,12.0,7.0,13.0,11.0,23.0,10.666666666666666,8.833333333333334,12.0,11.806102613246262,147,73,3.0,2.806102613246262
631360192586,2025-08,18,21.0,19.0,11.0,12.0,14.0,16.0,14.0,13.5,19.0,15.499817953216985,147,74,2.0,5.500182046783015
631360192587,2025-08,9,16.0,22.0,13.0,17.0,13.0,16.0,17.333333333333332,17.666666666666668,22.0,14.849534759086296,147,75,6.0,1.1504652409137037
631360192588,2025-08,16,12.0,15.0,15.0,12.0,6.0,6.0,14.0,10.333333333333334,15.0,11.975481221476866,147,76,3.0,0.024518778523134444
631360192589,2025-08,18,28.0,25.0,16.0,19.0,24.0,42.0,20.0,21.666666666666668,25.0,23.047123898540043,147,77,3.0,4.952876101459957
631360192590,2025-08,37,32.0,35.0,34.0,26.0,34.0,33.0,31.666666666666668,32.833333333333336,35.0,33.52519269026171,147,78,3.0,1.5251926902617114
631360192591,2025-08,13,23.0,28.0,25.0,23.0,26.0,19.0,25.333333333333332,24.333333333333332,28.0,20.451472924438427,147,79,5.0,2.548527075561573
631360192592,2025-08,4,1.0,6.0,3.0,2.0,2.0,2.0,3.6666666666666665,2.6666666666666665,6.0,3.481370621999341,147,80,5.0,2.481370621999341
631360192593,2025-08,4,1.0,1.0,3.0,5.0,3.0,5.0,3.0,2.8333333333333335,1.0,3.505340268711061,147,81,0.0,2.505340268711061
631360192594,2025-08,3,2.0,5.0,5.0,3.0,1.0,1.0,4.333333333333333,2.6666666666666665,5.0,3.024090977437126,147,82,3.0,1.024090977437126
631360192595,2025-08,5,4.0,5.0,4.0,8.0,3.0,5.0,5.666666666666667,4.666666666666667,5.0,4.998889421842973,147,83,1.0,0.9988894218429731
631360192596,2025-08,12,13.0,13.0,16.0,18.0,24.0,8.0,15.666666666666666,18.5,13.0,14.536579124591057,147,84,0.0,1.5365791245910572
631360192597,2025-08,5,2.0,6.0,10.0,4.0,5.0,8.0,6.666666666666667,8.166666666666666,6.0,6.818211347581478,147,85,4.0,4.818211347581478
631360192598,2025-08,4,9.0,7.0,3.0,6.0,4.0,5.0,5.333333333333333,4.5,7.0,4.810489329560946,147,86,2.0,4.189510670439054
631360192599,2025-08,1,2.0,2.0,2.0,2.0,3.0,2.0,2.0,2.3333333333333335,2.0,2.059222413182411,147,87,0.0,0.05922241318241106
631360192600,2025-08,1,2.0,8.0,8.0,5.0,2.0,2.0,7.0,4.5,8.0,3.746585026116925,147,88,6.0,1.7465850261169251
631360192610,2025-08,1,1.0,5.0,5.0,3.0,2.0,2.0,4.333333333333333,3.1666666666666665,5.0,2.7819520729131586,147,98,4.0,1.7819520729131586
635655159836,2025-08,1,1.0,3.0,1.0,2.0,1.0,5.0,2.0,1.6666666666666667,3.0,2.2170017084818667,148,28,2.0,1.2170017084818667
635655159837,2025-08,13,6.0,6.0,2.0,3.0,10.0,11.0,3.6666666666666665,6.333333333333333,6.0,8.757559608825511,148,29,0.0,2.7575596088255114
635655159838,2025-08,2,7.0,3.0,4.0,9.0,5.0,4.0,5.333333333333333,4.833333333333333,3.0,3.9526818679253086,148,30,4.0,3.0473181320746914
635655159852,2025-08,9,5.0,5.0,3.0,10.0,9.0,3.0,6.0,8.333333333333334,5.0,7.387966078483887,148,44,0.0,2.3879660784838874
635655159853,2025-08,6,5.0,8.0,6.0,5.0,5.0,7.0,6.333333333333333,5.333333333333333,8.0,6.146336906500192,148,45,3.0,1.146336906500192
635655159854,2025-08,2,2.0,1.0,3.0,4.0,5.0,3.0,2.6666666666666665,2.6666666666666665,1.0,2.66102742715837,148,46,1.0,0.6610274271583698
635655159858,2025-08,1,4.0,2.0,1.0,2.0,2.0,1.0,1.6666666666666667,1.6666666666666667,2.0,1.6329535006732705,148,50,2.0,2.3670464993267295
635655159859,2025-08,4,3.0,1.0,1.0,5.0,2.0,2.0,2.3333333333333335,3.3333333333333335,1.0,3.175590509465236,148,51,2.0,0.1755905094652359
635655159861,2025-08,5,4.0,6.0,5.0,2.0,3.0,1.0,4.333333333333333,3.6666666666666665,6.0,4.088248571373001,148,53,2.0,0.08824857137300057
635655159862,2025-08,5,5.0,5.0,3.0,4.0,3.0,5.0,4.0,3.3333333333333335,5.0,4.373515739204054,148,54,0.0,0.6264842607959462
635655159863,2025-08,2,2.0,3.0,2.0,4.0,7.0,3.0,3.0,3.8333333333333335,3.0,3.3162423854215577,148,55,1.0,1.3162423854215577
635655159864,2025-08,15,12.0,22.0,13.0,16.0,9.0,12.0,17.0,12.5,22.0,14.150482757072751,148,56,10.0,2.1504827570727514
635655159865,2025-08,1,1.0,7.0,2.0,3.0,3.0,2.0,4.0,6.666666666666667,7.0,4.101877978903649,148,57,6.0,3.101877978903649
635655159869,2025-08,7,1.0,1.0,4.0,1.0,1.0,2.0,2.0,2.1666666666666665,1.0,3.578338101851327,148,61,0.0,2.578338101851327
635655159870,2025-08,3,6.0,3.0,17.0,1.0,3.0,3.0,7.0,6.333333333333333,3.0,4.728116764470812,148,62,3.0,1.271883235529188
635655159872,2025-08,1,2.0,1.0,1.0,1.0,1.0,1.0,1.0,1.0,1.0,1.2231043023452841,148,64,1.0,0.7768956976547159
635655159874,2025-08,2,1.0,4.0,1.0,1.0,1.0,2.0,2.0,1.6666666666666667,4.0,2.198152478154338,148,66,3.0,1.1981524781543378
635655159878,2025-08,3,5.0,4.0,4.0,2.0,5.0,4.0,3.3333333333333335,4.0,4.0,3.8234743030677514,148,70,1.0,1.1765256969322486
635655159880,2025-08,16,12.0,19.0,32.0,22.0,14.0,9.0,24.333333333333332,18.666666666666668,19.0,16.889382294580304,148,72,7.0,4.8893822945803045
635655159881,2025-08,26,54.0,50.0,57.0,56.0,45.0,26.0,54.333333333333336,50.0,50.0,39.23494069395835,148,73,4.0,14.76505930604165
635655159882,2025-08,22,22.0,27.0,35.0,26.0,18.0,28.0,29.333333333333332,24.833333333333332,27.0,24.410621806822313,148,74,5.0,2.410621806822313
635655159883,2025-08,8,15.0,13.0,11.0,14.0,8.0,15.0,12.666666666666666,11.0,13.0,10.821607042335552,148,75,2.0,4.178392957664448
635655159884,2025-08,11,11.0,11.0,12.0,8.0,10.0,9.0,10.333333333333334,7.833333333333333,11.0,9.538187167675758,148,76,0.0,1.4618128323242416
635655159885,2025-08,8,5.0,13.0,6.0,13.0,9.0,10.0,10.666666666666666,8.666666666666666,13.0,9.223195613854587,148,77,8.0,4.223195613854587
635655159886,2025-08,26,15.0,26.0,31.0,34.0,23.0,25.0,30.333333333333332,26.833333333333332,26.0,26.06929513715641,148,78,11.0,11.06929513715641
635655159887,2025-08,31,21.0,38.0,27.0,26.0,15.0,20.0,30.333333333333332,25.666666666666668,38.0,27.080121105151505,148,79,17.0,6.080121105151505
635655159889,2025-08,17,3.0,8.0,13.0,11.0,6.0,7.0,10.666666666666666,9.0,8.0,11.049950286725844,148,81,5.0,8.049950286725844
635655159890,2025-08,8,15.0,7.0,15.0,18.0,13.0,6.0,13.333333333333334,13.666666666666666,7.0,10.374991445790672,148,82,8.0,4.625008554209328
635655159891,2025-08,13,6.0,8.0,6.0,4.0,9.0,19.0,6.0,6.666666666666667,8.0,10.260049874184432,148,83,2.0,4.260049874184432
635655159893,2025-08,2,5.0,8.0,3.0,6.0,4.0,5.0,5.666666666666667,4.833333333333333,8.0,4.458183317505844,148,85,3.0,0.5418166824941562
635655159894,2025-08,6,9.0,7.0,11.0,7.0,13.0,5.0,8.333333333333334,9.333333333333334,7.0,7.683112185433627,148,86,2.0,1.316887814566373
635655159895,2025-08,3,5.0,6.0,4.0,2.0,2.0,8.0,4.0,3.3333333333333335,6.0,4.21913004354913,148,87,1.0,0.7808699564508697
635655159896,2025-08,1,6.0,3.0,3.0,3.0,1.0,2.0,3.0,3.0,3.0,2.388356813718911,148,88,3.0,3.611643186281089
635655159897,2025-08,5,2.0,4.0,1.0,3.0,1.0,8.0,2.6666666666666665,2.6666666666666665,4.0,4.233579739400321,148,89,2.0,2.233579739400321
635655159902,2025-08,5,4.0,3.0,2.0,2.0,4.0,7.0,2.3333333333333335,2.6666666666666665,3.0,4.112271484164827,148,94,1.0,0.11227148416482713
639950127133,2025-08,5,5.0,9.0,5.0,4.0,4.0,6.0,6.0,4.333333333333333,9.0,5.39744281826792,149,29,4.0,0.39744281826791994
639950127134,2025-08,1,1.0,3.0,4.0,2.0,1.0,2.0,3.0,2.5,3.0,2.2227120843483092,149,30,2.0,1.2227120843483092
639950127135,2025-08,1,1.0,1.0,2.0,2.0,1.0,2.0,1.6666666666666667,1.3333333333333333,1.0,1.5349381361452537,149,31,0.0,0.5349381361452537
639950127143,2025-08,7,27.0,8.0,9.0,9.0,10.0,6.0,8.666666666666666,10.5,8.0,8.480257650606472,149,39,19.0,18.51974234939353
639950127145,2025-08,1,4.0,1.0,2.0,1.0,1.0,3.0,1.3333333333333333,1.3333333333333333,1.0,1.6267181933053898,149,41,3.0,2.37328180669461
639950127148,2025-08,7,12.0,11.0,10.0,11.0,4.0,8.0,10.666666666666666,9.333333333333334,11.0,8.557303030842874,149,44,1.0,3.442696969157126
639950127149,2025-08,1,3.0,2.0,1.0,1.0,1.0,1.0,1.3333333333333333,1.1666666666666667,2.0,1.3910502072002533,149,45,1.0,1.6089497927997467
639950127153,2025-08,3,3.0,4.0,3.0,4.0,4.0,5.0,3.6666666666666665,3.0,4.0,3.613420581418392,149,49,1.0,0.6134205814183922
639950127154,2025-08,5,7.0,17.0,12.0,10.0,5.0,16.0,13.0,10.833333333333334,17.0,10.255024032377966,149,50,10.0,3.255024032377966
639950127155,2025-08,6,12.0,7.0,9.0,11.0,12.0,12.0,9.0,10.666666666666666,7.0,9.05229982464201,149,51,5.0,2.9477001753579906
639950127156,2025-08,5,13.0,3.0,10.0,5.0,3.0,9.0,6.0,5.166666666666667,3.0,5.56600981204085,149,52,10.0,7.43399018795915
639950127157,2025-08,2,3.0,5.0,5.0,3.0,2.0,1.0,4.333333333333333,2.8333333333333335,5.0,2.8309935285790884,149,53,2.0,0.16900647142091163
639950127158,2025-08,2,3.0,1.0,3.0,1.0,3.0,3.0,1.6666666666666667,3.1666666666666665,1.0,2.6414049461773574,149,54,2.0,0.35859505382264256
639950127159,2025-08,6,6.0,8.0,5.0,6.0,4.0,3.0,6.333333333333333,6.333333333333333,8.0,5.928533328464312,149,55,2.0,0.07146667153568842
639950127160,2025-08,1,8.0,10.0,10.0,2.0,5.0,13.0,7.333333333333333,5.666666666666667,10.0,5.8492611305691105,149,56,2.0,2.1507388694308895
639950127165,2025-08,16,10.0,19.0,5.0,6.0,22.0,5.0,10.0,13.666666666666666,19.0,13.450708839166767,149,61,9.0,3.450708839166767
639950127166,2025-08,5,12.0,9.0,5.0,8.0,8.0,16.0,7.333333333333333,7.0,9.0,7.864627299333547,149,62,3.0,4.135372700666453
639950127167,2025-08,8,5.0,7.0,5.0,5.0,5.0,4.0,5.666666666666667,5.666666666666667,7.0,6.300722061658933,149,63,2.0,1.3007220616589326
639950127168,2025-08,17,16.0,13.0,5.0,3.0,9.0,5.0,7.0,7.666666666666667,13.0,10.445824149273712,149,64,3.0,5.554175850726288
639950127169,2025-08,5,4.0,9.0,9.0,8.0,6.0,5.0,8.666666666666666,9.333333333333334,9.0,7.307167298757106,149,65,5.0,3.307167298757106
639950127175,2025-08,4,4.0,3.0,2.0,2.0,4.0,7.0,2.3333333333333335,5.833333333333333,3.0,4.88019678328016,149,71,1.0,0.8801967832801596
639950127176,2025-08,24,19.0,23.0,30.0,15.0,20.0,25.0,22.666666666666668,23.5,23.0,23.207164345275597,149,72,4.0,4.207164345275597
639950127177,2025-08,2,8.0,4.0,4.0,6.0,4.0,14.0,4.666666666666667,4.833333333333333,4.0,5.195257233469922,149,73,4.0,2.8047427665300777
639950127178,2025-08,13,23.0,22.0,23.0,12.0,11.0,22.0,19.0,18.666666666666668,22.0,17.21289613544448,149,74,1.0,5.787103864555519
639950127179,2025-08,14,14.0,14.0,19.0,22.0,16.0,15.0,18.333333333333332,19.666666666666668,14.0,16.44876698214781,149,75,0.0,2.4487669821478093
639950127180,2025-08,22,26.0,18.0,22.0,15.0,8.0,22.0,18.333333333333332,17.166666666666668,18.0,18.80756254272224,149,76,8.0,7.192437457277759
639950127181,2025-08,36,19.0,30.0,26.0,31.0,18.0,22.0,29.0,24.166666666666668,30.0,27.63645664587806,149,77,11.0,8.63645664587806
639950127182,2025-08,12,11.0,11.0,12.0,13.0,15.0,21.0,12.0,12.666666666666666,11.0,13.346347443100505,149,78,0.0,2.3463474431005054
639950127183,2025-08,1,5.0,4.0,3.0,2.0,1.0,2.0,3.0,2.3333333333333335,4.0,2.2425020890802454,149,79,1.0,2.7574979109197546
639950127184,2025-08,1,6.0,2.0,2.0,2.0,1.0,3.0,2.0,1.5,2.0,1.830613036418761,149,80,4.0,4.169386963581239
639950127185,2025-08,6,6.0,10.0,3.0,20.0,6.0,4.0,11.0,8.666666666666666,10.0,7.566739561864036,149,81,4.0,1.5667395618640363
639950127186,2025-08,9,1.0,6.0,9.0,9.0,3.0,4.0,8.0,7.166666666666667,6.0,7.1897606334554025,149,82,5.0,6.1897606334554025
639950127187,2025-08,16,8.0,25.0,29.0,19.0,26.0,21.0,24.333333333333332,23.0,25.0,20.793240033693195,149,83,17.0,12.793240033693195
639950127188,2025-08,1,1.0,1.0,1.0,3.0,1.0,1.0,1.6666666666666667,2.0,1.0,1.6284242083443665,149,84,0.0,0.6284242083443665
639950127189,2025-08,6,4.0,18.0,10.0,16.0,9.0,7.0,14.666666666666666,11.666666666666666,18.0,10.08223800321928,149,85,14.0,6.082238003219279
639950127190,2025-08,13,15.0,20.0,7.0,2.0,5.0,4.0,9.666666666666666,8.833333333333334,20.0,10.223180124631304,149,86,5.0,4.776819875368696
639950127191,2025-08,1,3.0,3.0,3.0,4.0,3.0,1.0,3.3333333333333335,2.5,3.0,2.2083524227645857,149,87,0.0,0.7916475772354143
639950127192,2025-08,44,36.0,30.0,19.0,29.0,26.0,37.0,26.0,24.5,30.0,31.949763556147115,149,88,6.0,4.050236443852885
639950127197,2025-08,1,1.0,1.0,1.0,1.0,3.0,2.0,1.0,2.1666666666666665,1.0,1.8183123464401003,149,93,0.0,0.8183123464401003
639950127198,2025-08,1,2.0,2.0,2.0,2.0,3.0,4.0,2.0,2.5,2.0,2.3702507422665313,149,94,0.0,0.3702507422665313
644245094441,2025-08,4,1.0,1.0,1.0,3.0,1.0,3.0,1.6666666666666667,1.8333333333333333,1.0,2.692045243670073,150,41,0.0,1.6920452436700728
644245094442,2025-08,1,3.0,3.0,7.0,2.0,5.0,5.0,4.0,5.166666666666667,3.0,3.763043515337392,150,42,0.0,0.763043515337392
644245094449,2025-08,7,9.0,7.0,5.0,5.0,6.0,10.0,5.666666666666667,6.166666666666667,7.0,6.98513926180621,150,49,2.0,2.01486073819379
644245094450,2025-08,22,21.0,29.0,29.0,16.0,20.0,30.0,24.666666666666668,22.666666666666668,29.0,23.665322490252926,150,50,8.0,2.665322490252926
644245094451,2025-08,5,2.0,5.0,8.0,21.0,8.0,8.0,11.333333333333334,11.0,5.0,8.305363055728716,150,51,3.0,6.305363055728716
644245094453,2025-08,4,7.0,7.0,7.0,5.0,6.0,9.0,6.333333333333333,6.333333333333333,7.0,6.12327766915692,150,53,0.0,0.87672233084308
644245094454,2025-08,6,11.0,17.0,20.0,6.0,3.0,10.0,14.333333333333334,10.0,17.0,9.572548851261033,150,54,6.0,1.4274511487389674
644245094460,2025-08,3,4.0,3.0,2.0,1.0,1.0,1.0,2.0,1.5,3.0,2.2274039290883305,150,60,1.0,1.7725960709116695
644245094461,2025-08,7,13.0,10.0,7.0,10.0,6.0,6.0,9.0,7.666666666666667,10.0,7.565258162729139,150,61,3.0,5.434741837270861
644245094462,2025-08,20,21.0,20.0,12.0,12.0,24.0,7.0,14.666666666666666,15.5,20.0,16.134747503543455,150,62,1.0,4.865252496456545
644245094463,2025-08,49,80.0,54.0,35.0,58.0,51.0,94.0,49.0,51.166666666666664,54.0,54.87398595040773,150,63,26.0,25.12601404959227
644245094464,2025-08,17,15.0,14.0,21.0,19.0,13.0,7.0,18.0,17.333333333333332,14.0,15.361137277138784,150,64,1.0,0.3611372771387842
644245094465,2025-08,8,5.0,11.0,4.0,8.0,7.0,3.0,7.666666666666667,6.666666666666667,11.0,7.105235634247585,150,65,6.0,2.1052356342475846
644245094466,2025-08,6,8.0,16.0,8.0,1.0,1.0,5.0,8.333333333333334,5.333333333333333,16.0,6.563144780856878,150,66,8.0,1.4368552191431219
644245094468,2025-08,3,3.0,2.0,1.0,4.0,1.0,1.0,2.3333333333333335,2.8333333333333335,2.0,2.6304226596030453,150,68,1.0,0.36957734039695467
644245094471,2025-08,26,17.0,14.0,22.0,16.0,19.0,25.0,17.333333333333332,16.666666666666668,14.0,20.19380644158589,150,71,3.0,3.1938064415858918
644245094472,2025-08,7,8.0,7.0,8.0,6.0,4.0,5.0,7.0,6.666666666666667,7.0,6.581713227652935,150,72,1.0,1.4182867723470647
644245094473,2025-08,4,6.0,4.0,7.0,4.0,4.0,7.0,5.0,3.8333333333333335,4.0,4.58270228558502,150,73,2.0,1.41729771441498
644245094474,2025-08,31,39.0,36.0,19.0,33.0,30.0,46.0,29.333333333333332,30.333333333333332,36.0,32.276464209614346,150,74,3.0,6.723535790385654
644245094475,2025-08,28,25.0,36.0,18.0,22.0,18.0,35.0,25.333333333333332,23.0,36.0,26.659243364251648,150,75,11.0,1.6592433642516475
644245094476,2025-08,4,2.0,2.0,3.0,1.0,1.0,3.0,2.0,1.8333333333333333,2.0,2.8065533810190733,150,76,0.0,0.8065533810190733
644245094478,2025-08,20,22.0,27.0,19.0,17.0,26.0,38.0,21.0,22.833333333333332,27.0,23.84340814828516,150,78,5.0,1.8434081482851603
644245094479,2025-08,20,29.0,22.0,19.0,11.0,19.0,39.0,17.333333333333332,19.0,22.0,21.640744518117266,150,79,7.0,7.359255481882734
644245094480,2025-08,10,8.0,10.0,12.0,14.0,8.0,12.0,12.0,9.833333333333334,10.0,10.325138467312904,150,80,2.0,2.325138467312904
644245094481,2025-08,5,2.0,4.0,1.0,3.0,10.0,7.0,2.6666666666666665,5.5,4.0,5.403736558442864,150,81,2.0,3.403736558442864
644245094482,2025-08,34,25.0,20.0,20.0,21.0,18.0,23.0,20.333333333333332,21.0,20.0,24.427190569008708,150,82,5.0,0.5728094309912919
644245094483,2025-08,13,9.0,13.0,12.0,8.0,9.0,10.0,11.0,9.0,13.0,10.816238578723114,150,83,4.0,1.8162385787231141
644245094484,2025-08,10,4.0,8.0,15.0,7.0,3.0,6.0,10.0,9.0,8.0,8.719348071061235,150,84,4.0,4.719348071061235
644245094485,2025-08,16,9.0,20.0,20.0,14.0,11.0,11.0,18.0,15.5,20.0,15.3518752142965,150,85,11.0,6.3518752142965
644245094486,2025-08,7,7.0,4.0,5.0,4.0,8.0,6.0,4.333333333333333,5.166666666666667,4.0,5.8462122935145615,150,86,3.0,1.1537877064854385
644245094487,2025-08,7,4.0,6.0,2.0,5.0,7.0,1.0,4.333333333333333,5.333333333333333,6.0,5.373548714782876,150,87,2.0,1.373548714782876
644245094488,2025-08,7,5.0,18.0,10.0,13.0,7.0,28.0,13.666666666666666,13.333333333333334,18.0,13.42182792133543,150,88,13.0,8.42182792133543
644245094493,2025-08,8,4.0,2.0,6.0,1.0,7.0,4.0,3.0,4.0,2.0,5.154846997691133,150,93,2.0,1.1548469976911333
648540061738,2025-08,2,5.0,2.0,8.0,1.0,7.0,13.0,3.6666666666666665,4.0,2.0,4.650971638244485,151,42,3.0,0.349028361755515
648540061746,2025-08,15,24.0,15.0,20.0,12.0,16.0,16.0,15.666666666666666,15.0,15.0,15.098339041880443,151,50,9.0,8.901660958119557
648540061747,2025-08,8,9.0,15.0,5.0,9.0,3.0,7.0,9.666666666666666,8.166666666666666,15.0,8.481777726570286,151,51,6.0,0.5182222734297142
648540061749,2025-08,14,12.0,12.0,20.0,21.0,15.0,11.0,17.666666666666668,14.5,12.0,13.952242326496421,151,53,0.0,1.952242326496421
648540061750,2025-08,15,6.0,5.0,12.0,5.0,8.0,14.0,7.333333333333333,7.666666666666667,5.0,10.412319421465943,151,54,1.0,4.412319421465943
648540061751,2025-08,2,1.0,3.0,7.0,5.0,3.0,1.0,5.0,4.333333333333333,3.0,3.291547103834821,151,55,2.0,2.291547103834821
648540061752,2025-08,2,1.0,1.0,1.0,2.0,3.0,1.0,1.3333333333333333,1.5,1.0,1.792162063870336,151,56,0.0,0.7921620638703359
648540061753,2025-08,1,2.0,1.0,2.0,4.0,2.0,1.0,2.3333333333333335,1.8333333333333333,1.0,1.6850613724581365,151,57,1.0,0.3149386275418635
648540061756,2025-08,3,1.0,2.0,2.0,2.0,3.0,5.0,2.0,4.166666666666667,2.0,3.6295053753126574,151,60,1.0,2.6295053753126574
648540061757,2025-08,12,14.0,9.0,10.0,19.0,13.0,12.0,12.666666666666666,12.333333333333334,9.0,11.924071175969306,151,61,5.0,2.0759288240306937
648540061758,2025-08,14,12.0,16.0,8.0,15.0,12.0,19.0,13.0,14.5,16.0,14.6459702217583,151,62,4.0,2.6459702217583008
648540061759,2025-08,34,40.0,18.0,27.0,35.0,50.0,29.0,26.666666666666668,32.666666666666664,18.0,30.876915681768775,151,63,22.0,9.123084318231225
648540061760,2025-08,10,9.0,11.0,4.0,8.0,4.0,6.0,7.666666666666667,7.166666666666667,11.0,8.11322586898103,151,64,2.0,0.8867741310189707
648540061762,2025-08,4,2.0,6.0,3.0,6.0,2.0,4.0,5.0,3.5,6.0,4.158476057105253,151,66,4.0,2.1584760571052533
648540061763,2025-08,4,5.0,6.0,2.0,4.0,2.0,7.0,4.0,3.0,6.0,4.266038928473982,151,67,1.0,0.7339610715260179
648540061766,2025-08,2,6.0,1.0,3.0,2.0,4.0,1.0,2.0,2.3333333333333335,1.0,2.1832875428369256,151,70,5.0,3.8167124571630744
648540061767,2025-08,4,11.0,8.0,14.0,10.0,8.0,6.0,10.666666666666666,9.833333333333334,8.0,7.536781290338752,151,71,3.0,3.4632187096612483
648540061768,2025-08,4,6.0,11.0,6.0,11.0,3.0,5.0,9.333333333333334,6.833333333333333,11.0,6.289523353156644,151,72,5.0,0.28952335315664435
648540061769,2025-08,11,15.0,9.0,10.0,8.0,9.0,14.0,9.0,8.166666666666666,9.0,9.949947900315335,151,73,6.0,5.050052099684665
648540061770,2025-08,26,24.0,45.0,54.0,36.0,24.0,39.0,45.0,37.0,45.0,34.34491883209222,151,74,21.0,10.344918832092219
648540061771,2025-08,22,17.0,38.0,30.0,20.0,31.0,25.0,29.333333333333332,27.166666666666668,38.0,26.150944467172593,151,75,21.0,9.150944467172593
648540061774,2025-08,18,13.0,14.0,16.0,16.0,7.0,13.0,15.333333333333334,12.5,14.0,14.275499592303449,151,78,1.0,1.275499592303449
648540061775,2025-08,11,9.0,6.0,8.0,4.0,7.0,3.0,6.0,7.333333333333333,6.0,7.63363767841399,151,79,3.0,1.36636232158601
648540061776,2025-08,4,8.0,18.0,3.0,10.0,9.0,3.0,10.333333333333334,9.5,18.0,7.798285174223418,151,80,10.0,0.20171482577658217
648540061778,2025-08,1,2.0,2.0,2.0,3.0,1.0,4.0,2.3333333333333335,2.3333333333333335,2.0,2.2721426613309355,151,82,0.0,0.27214266133093545
648540061779,2025-08,7,2.0,3.0,8.0,3.0,7.0,7.0,4.666666666666667,6.166666666666667,3.0,6.230841143962399,151,83,1.0,4.230841143962399
648540061780,2025-08,4,3.0,4.0,3.0,4.0,5.0,5.0,3.6666666666666665,4.333333333333333,4.0,4.385137755446803,151,84,1.0,1.3851377554468032
648540061782,2025-08,1,2.0,3.0,2.0,2.0,1.0,2.0,2.3333333333333335,2.3333333333333335,3.0,2.0931112988433824,151,86,1.0,0.09311129884338243
648540061783,2025-08,1,2.0,13.0,11.0,9.0,6.0,6.0,11.0,8.5,13.0,6.564881744574141,151,87,11.0,4.564881744574141
648540061784,2025-08,4,16.0,22.0,15.0,16.0,5.0,1.0,17.666666666666668,11.166666666666666,22.0,9.050935783492287,151,88,6.0,6.949064216507713
648540061787,2025-08,4,1.0,8.0,4.0,5.0,3.0,2.0,5.666666666666667,3.8333333333333335,8.0,4.279219501822135,151,91,7.0,3.2792195018221353
652835029029,2025-08,1,3.0,3.0,6.0,3.0,1.0,1.0,4.0,2.8333333333333335,3.0,2.3161031509401475,152,37,0.0,0.6838968490598525
652835029040,2025-08,8,7.0,8.0,9.0,10.0,3.0,10.0,9.0,5.833333333333333,8.0,7.484360843885936,152,48,1.0,0.4843608438859359
652835029041,2025-08,14,7.0,6.0,7.0,7.0,10.0,11.0,6.666666666666667,5.666666666666667,6.0,9.152061254594186,152,49,1.0,2.1520612545941855
652835029042,2025-08,3,6.0,6.0,4.0,3.0,2.0,6.0,4.333333333333333,4.5,6.0,4.388613358699787,152,50,0.0,1.6113866413002134
652835029043,2025-08,7,6.0,4.0,10.0,11.0,9.0,10.0,8.333333333333334,8.5,4.0,7.944497066556628,152,51,2.0,1.944497066556628
652835029044,2025-08,2,4.0,5.0,2.0,3.0,2.0,3.0,3.3333333333333335,3.5,5.0,3.1976872015175317,152,52,1.0,0.8023127984824683
652835029050,2025-08,2,4.0,4.0,1.0,7.0,1.0,7.0,4.0,3.5,4.0,3.663764805514944,152,58,0.0,0.3362351944850559
652835029051,2025-08,2,2.0,3.0,4.0,2.0,5.0,4.0,3.0,3.3333333333333335,3.0,3.20090625589308,152,59,1.0,1.2009062558930799
652835029052,2025-08,1,2.0,2.0,6.0,1.0,1.0,4.0,3.0,2.6666666666666665,2.0,2.4594463558239843,152,60,0.0,0.4594463558239843
652835029053,2025-08,2,2.0,1.0,6.0,8.0,7.0,2.0,5.0,4.666666666666667,1.0,3.533470595571771,152,61,1.0,1.533470595571771
652835029054,2025-08,2,3.0,7.0,8.0,2.0,3.0,1.0,5.666666666666667,4.333333333333333,7.0,3.670217779120252,152,62,4.0,0.6702177791202519
652835029055,2025-08,10,13.0,15.0,13.0,13.0,13.0,10.0,13.666666666666666,11.666666666666666,15.0,11.440115017970879,152,63,2.0,1.5598849820291214
652835029056,2025-08,2,14.0,3.0,4.0,13.0,2.0,4.0,6.666666666666667,4.5,3.0,3.8676069230443915,152,64,11.0,10.132393076955609
652835029058,2025-08,2,1.0,2.0,1.0,3.0,3.0,3.0,2.0,2.3333333333333335,2.0,2.4737962508089684,152,66,1.0,1.4737962508089684
652835029059,2025-08,13,4.0,7.0,8.0,9.0,8.0,12.0,8.0,7.0,7.0,9.579243814217252,152,67,3.0,5.579243814217252
652835029060,2025-08,7,7.0,3.0,15.0,8.0,5.0,16.0,8.666666666666666,7.666666666666667,3.0,8.240899722700284,152,68,4.0,1.2408997227002843
652835029061,2025-08,5,5.0,7.0,10.0,5.0,7.0,8.0,7.333333333333333,6.0,7.0,6.322608136183144,152,69,2.0,1.3226081361831437
652835029062,2025-08,2,3.0,1.0,7.0,2.0,2.0,1.0,3.3333333333333335,2.6666666666666665,1.0,2.3640024328998273,152,70,2.0,0.6359975671001727
652835029063,2025-08,5,5.0,6.0,8.0,1.0,2.0,3.0,5.0,4.166666666666667,6.0,4.546270969106159,152,71,1.0,0.4537290308938413
652835029064,2025-08,14,6.0,7.0,8.0,11.0,4.0,11.0,8.666666666666666,8.333333333333334,7.0,10.098913166976551,152,72,1.0,4.098913166976551
652835029065,2025-08,13,11.0,11.0,8.0,15.0,9.0,7.0,11.333333333333334,10.333333333333334,11.0,10.75644483852108,152,73,0.0,0.24355516147891976
652835029066,2025-08,59,40.0,51.0,47.0,40.0,37.0,35.0,46.0,43.333333333333336,51.0,46.51584892733209,152,74,11.0,6.515848927332087
652835029067,2025-08,56,46.0,58.0,49.0,57.0,33.0,41.0,54.666666666666664,50.5,58.0,50.122832063742905,152,75,12.0,4.122832063742905
652835029068,2025-08,3,2.0,5.0,2.0,3.0,2.0,4.0,3.3333333333333335,2.6666666666666665,5.0,3.335475633279393,152,76,3.0,1.3354756332793931
652835029069,2025-08,21,22.0,32.0,44.0,17.0,28.0,23.0,31.0,29.833333333333332,32.0,26.1150836556717,152,77,10.0,4.1150836556717
652835029070,2025-08,8,12.0,14.0,9.0,8.0,12.0,11.0,10.333333333333334,11.333333333333334,14.0,10.40145658884904,152,78,2.0,1.5985434111509598
652835029071,2025-08,13,14.0,13.0,12.0,10.0,27.0,17.0,11.666666666666666,14.666666666666666,13.0,14.378011052091832,152,79,1.0,0.37801105209183206
652835029072,2025-08,11,13.0,10.0,9.0,8.0,10.0,9.0,9.0,8.166666666666666,10.0,9.42590660667511,152,80,3.0,3.5740933933248904
652835029073,2025-08,3,3.0,5.0,3.0,4.0,2.0,5.0,4.0,4.666666666666667,5.0,4.203012849549834,152,81,2.0,1.2030128495498342
652835029074,2025-08,7,2.0,3.0,3.0,5.0,4.0,13.0,3.6666666666666665,4.666666666666667,3.0,6.266173809201875,152,82,1.0,4.266173809201875
652835029075,2025-08,1,1.0,4.0,2.0,1.0,1.0,2.0,2.3333333333333335,2.3333333333333335,4.0,2.1695379271929056,152,83,3.0,1.1695379271929056
652835029076,2025-08,1,2.0,1.0,1.0,1.0,1.0,2.0,1.0,1.3333333333333333,1.0,1.4619739742579139,152,84,1.0,0.5380260257420861
652835029077,2025-08,3,4.0,7.0,2.0,2.0,9.0,1.0,3.6666666666666665,4.833333333333333,7.0,4.138208622507168,152,85,3.0,0.13820862250716814
652835029078,2025-08,4,5.0,1.0,1.0,5.0,1.0,9.0,2.3333333333333335,2.1666666666666665,1.0,3.64145776919219,152,86,4.0,1.3585422308078101
652835029080,2025-08,3,2.0,3.0,1.0,2.0,1.0,1.0,2.0,1.5,3.0,2.226337643717791,152,88,1.0,0.22633764371779108
657129996328,2025-08,8,5.0,6.0,3.0,2.0,3.0,3.0,3.6666666666666665,3.8333333333333335,6.0,5.188979835934923,153,40,1.0,0.18897983593492285
657129996331,2025-08,1,1.0,2.0,2.0,1.0,2.0,2.0,1.6666666666666667,1.6666666666666667,2.0,1.7617487814623463,153,43,1.0,0.7617487814623463
657129996336,2025-08,9,12.0,10.0,13.0,8.0,10.0,13.0,10.333333333333334,9.833333333333334,10.0,10.064764610178367,153,48,2.0,1.9352353898216332
657129996337,2025-08,14,30.0,14.0,26.0,26.0,18.0,22.0,22.0,19.666666666666668,14.0,17.8242589494607,153,49,16.0,12.175741050539301
657129996338,2025-08,12,5.0,11.0,14.0,6.0,6.0,9.0,10.333333333333334,10.0,11.0,10.393671901313104,153,50,6.0,5.393671901313104
657129996339,2025-08,13,10.0,14.0,8.0,11.0,11.0,9.0,11.0,10.0,14.0,11.172579780601177,153,51,4.0,1.1725797806011773
657129996344,2025-08,2,2.0,2.0,1.0,1.0,2.0,1.0,1.3333333333333333,1.5,2.0,1.8293453517463831,153,56,0.0,0.17065464825361687
657129996345,2025-08,2,1.0,1.0,1.0,1.0,2.0,1.0,1.0,1.1666666666666667,1.0,1.6058291086443646,153,57,0.0,0.6058291086443646
657129996346,2025-08,8,1.0,4.0,1.0,5.0,4.0,5.0,3.3333333333333335,3.8333333333333335,4.0,5.292746401546949,153,58,3.0,4.292746401546949
657129996347,2025-08,3,4.0,9.0,3.0,4.0,2.0,3.0,5.333333333333333,3.8333333333333335,9.0,4.119205433909219,153,59,5.0,0.11920543390921878
657129996348,2025-08,3,1.0,6.0,2.0,4.0,5.0,1.0,4.0,3.3333333333333335,6.0,3.4406245262987216,153,60,5.0,2.4406245262987216
657129996350,2025-08,2,1.0,1.0,1.0,2.0,1.0,1.0,1.3333333333333333,1.3333333333333333,1.0,1.6581050446763381,153,62,0.0,0.6581050446763381
657129996351,2025-08,10,4.0,11.0,3.0,4.0,8.0,4.0,6.0,7.666666666666667,11.0,8.000641278116454,153,63,7.0,4.000641278116454
657129996352,2025-08,9,17.0,14.0,12.0,8.0,5.0,9.0,11.333333333333334,9.5,14.0,9.6589782924455,153,64,3.0,7.3410217075545
657129996355,2025-08,2,1.0,7.0,7.0,3.0,4.0,7.0,5.666666666666667,5.166666666666667,7.0,4.7526204979696445,153,67,6.0,3.7526204979696445
657129996356,2025-08,29,25.0,21.0,35.0,41.0,14.0,32.0,32.333333333333336,24.5,21.0,26.53378231738686,153,68,4.0,1.5337823173868586
657129996357,2025-08,5,4.0,9.0,6.0,10.0,5.0,15.0,8.333333333333334,6.666666666666667,9.0,7.616940706146231,153,69,5.0,3.616940706146231
657129996358,2025-08,2,1.0,2.0,1.0,2.0,1.0,1.0,1.6666666666666667,1.6666666666666667,2.0,1.881621287778355,153,70,1.0,0.8816212877783549
657129996359,2025-08,4,4.0,4.0,6.0,2.0,3.0,2.0,4.0,4.333333333333333,4.0,3.962611882614259,153,71,0.0,0.037388117385741104
657129996360,2025-08,4,6.0,10.0,5.0,4.0,1.0,6.0,6.333333333333333,4.833333333333333,10.0,5.270888250617998,153,72,4.0,0.7291117493820023
657129996361,2025-08,19,19.0,18.0,29.0,31.0,13.0,12.0,26.0,23.166666666666668,18.0,19.69757766259925,153,73,1.0,0.6975776625992509
657129996362,2025-08,23,19.0,17.0,15.0,14.0,10.0,14.0,15.333333333333334,13.5,17.0,16.52214987619552,153,74,2.0,2.4778501238044797
657129996363,2025-08,19,21.0,33.0,17.0,16.0,12.0,19.0,22.0,17.333333333333332,33.0,19.30969219310445,153,75,12.0,1.6903078068955502
657129996364,2025-08,20,14.0,14.0,18.0,19.0,9.0,8.0,17.0,14.0,14.0,14.97317385757134,153,76,0.0,0.9731738575713393
657129996365,2025-08,21,11.0,26.0,26.0,20.0,21.0,19.0,24.0,22.666666666666668,26.0,21.707259135866952,153,77,15.0,10.707259135866952
657129996366,2025-08,18,19.0,12.0,23.0,23.0,22.0,24.0,19.333333333333332,20.666666666666668,12.0,19.278113223110328,153,78,7.0,0.2781132231103278
657129996367,2025-08,5,15.0,13.0,20.0,10.0,15.0,18.0,14.333333333333334,14.0,13.0,11.805371377243512,153,79,2.0,3.194628622756488
657129996368,2025-08,45,40.0,43.0,50.0,45.0,29.0,46.0,46.0,40.0,43.0,41.85654443142285,153,80,3.0,1.8565444314228472
657129996369,2025-08,16,4.0,3.0,9.0,6.0,6.0,7.0,6.0,6.333333333333333,3.0,8.983230328347153,153,81,1.0,4.983230328347153
657129996370,2025-08,4,1.0,3.0,2.0,1.0,2.0,3.0,2.0,1.6666666666666667,3.0,2.8655867262244854,153,82,2.0,1.8655867262244854
657129996373,2025-08,2,3.0,1.0,7.0,1.0,3.0,5.0,3.0,3.0,1.0,2.9893534932831436,153,85,2.0,0.010646506716856408
657129996374,2025-08,6,3.0,3.0,8.0,5.0,3.0,1.0,5.333333333333333,4.166666666666667,3.0,4.424636499530954,153,86,0.0,1.424636499530954
661424963626,2025-08,1,1.0,3.0,1.0,1.0,2.0,1.0,1.6666666666666667,1.5,3.0,1.653809790775746,154,42,2.0,0.6538097907757461
661424963628,2025-08,4,4.0,2.0,8.0,3.0,7.0,5.0,4.333333333333333,5.333333333333333,2.0,4.7214225125464875,154,44,2.0,0.7214225125464875
661424963630,2025-08,8,7.0,3.0,10.0,5.0,2.0,5.0,6.0,4.5,3.0,5.657302519640719,154,46,4.0,1.3426974803592806
661424963631,2025-08,4,1.0,4.0,3.0,2.0,2.0,7.0,3.0,3.3333333333333335,4.0,4.117545818864366,154,47,3.0,3.1175458188643663
661424963632,2025-08,7,11.0,17.0,12.0,9.0,4.0,9.0,12.666666666666666,10.333333333333334,17.0,9.69484002613231,154,48,6.0,1.3051599738676902
661424963633,2025-08,6,4.0,5.0,7.0,6.0,3.0,2.0,6.0,6.5,5.0,5.554035078253456,154,49,1.0,1.554035078253456
661424963640,2025-08,2,7.0,2.0,3.0,3.0,4.0,3.0,2.6666666666666665,2.8333333333333335,2.0,2.7537810532814646,154,56,5.0,4.246218946718535
661424963641,2025-08,3,1.0,2.0,1.0,1.0,1.0,1.0,1.3333333333333333,1.8333333333333333,2.0,2.189153815345561,154,57,1.0,1.189153815345561
661424963642,2025-08,4,4.0,2.0,3.0,4.0,4.0,2.0,3.0,2.6666666666666665,2.0,3.1822529130314017,154,58,2.0,0.8177470869685983
661424963643,2025-08,5,2.0,1.0,3.0,1.0,4.0,8.0,1.6666666666666667,2.3333333333333335,1.0,3.9051749552439627,154,59,1.0,1.9051749552439627
661424963644,2025-08,4,5.0,3.0,1.0,2.0,3.0,1.0,2.0,2.0,3.0,2.7594464669844427,154,60,2.0,2.2405535330155573
661424963647,2025-08,3,3.0,11.0,2.0,3.0,4.0,3.0,5.333333333333333,6.666666666666667,11.0,5.2941748363844745,154,63,8.0,2.2941748363844745
661424963650,2025-08,59,58.0,58.0,49.0,53.0,42.0,72.0,53.333333333333336,50.833333333333336,58.0,55.26669929217499,154,66,0.0,2.733300707825009
661424963651,2025-08,9,3.0,7.0,4.0,3.0,11.0,5.0,4.666666666666667,5.333333333333333,7.0,6.731768450857047,154,67,4.0,3.7317684508570466
661424963652,2025-08,4,4.0,8.0,9.0,2.0,8.0,1.0,6.333333333333333,6.166666666666667,8.0,5.202921247599129,154,68,4.0,1.2029212475991287
661424963653,2025-08,3,11.0,15.0,7.0,17.0,3.0,6.0,13.0,11.666666666666666,15.0,8.44309214977202,154,69,4.0,2.5569078502279794
661424963654,2025-08,34,62.0,48.0,52.0,69.0,60.0,49.0,56.333333333333336,60.0,48.0,48.456375957136785,154,70,14.0,13.543624042863215
661424963655,2025-08,1,2.0,3.0,4.0,7.0,3.0,5.0,4.666666666666667,3.5,3.0,3.1975524723251567,154,71,1.0,1.1975524723251567
661424963656,2025-08,5,3.0,1.0,1.0,1.0,3.0,1.0,1.0,1.8333333333333333,1.0,2.7310871848417086,154,72,2.0,0.26891281515829135
661424963657,2025-08,47,57.0,31.0,33.0,29.0,28.0,23.0,31.0,31.0,31.0,33.901609573018135,154,73,26.0,23.098390426981865
661424963658,2025-08,25,36.0,32.0,31.0,25.0,25.0,22.0,29.333333333333332,26.333333333333332,32.0,25.66068564484998,154,74,4.0,10.33931435515002
661424963659,2025-08,20,16.0,10.0,12.0,7.0,7.0,9.0,9.666666666666666,7.5,10.0,11.752192113101952,154,75,6.0,4.247807886898048
661424963660,2025-08,17,14.0,11.0,15.0,12.0,9.0,3.0,12.666666666666666,11.666666666666666,11.0,11.992995823764923,154,76,3.0,2.0070041762350765
661424963661,2025-08,21,35.0,25.0,44.0,31.0,38.0,32.0,33.333333333333336,36.333333333333336,25.0,29.54097738017027,154,77,10.0,5.459022619829732
661424963662,2025-08,23,14.0,24.0,31.0,31.0,22.0,36.0,28.666666666666668,24.833333333333332,24.0,25.571895356595547,154,78,10.0,11.571895356595547
661424963663,2025-08,7,10.0,7.0,3.0,7.0,2.0,6.0,5.666666666666667,5.333333333333333,7.0,6.037265656261848,154,79,3.0,3.962734343738152
661424963664,2025-08,7,5.0,6.0,5.0,8.0,8.0,3.0,6.333333333333333,5.666666666666667,6.0,5.998283208249541,154,80,1.0,0.998283208249541
661424963665,2025-08,5,9.0,8.0,7.0,7.0,13.0,15.0,7.333333333333333,8.333333333333334,8.0,8.303383654650318,154,81,1.0,0.6966163453496819
661424963666,2025-08,9,5.0,18.0,14.0,6.0,8.0,10.0,12.666666666666666,10.166666666666666,18.0,10.578353499445422,154,82,13.0,5.578353499445422
661424963667,2025-08,1,1.0,1.0,1.0,1.0,2.0,1.0,1.0,1.5,1.0,1.4290586575598994,154,83,0.0,0.42905865755989936
661424963668,2025-08,1,2.0,1.0,2.0,2.0,1.0,2.0,1.6666666666666667,2.3333333333333335,1.0,1.8683601656275357,154,84,1.0,0.1316398343724643
661424963671,2025-08,2,1.0,1.0,3.0,1.0,2.0,1.0,1.6666666666666667,1.5,1.0,1.791000232396339,154,87,0.0,0.791000232396339
665719930915,2025-08,1,1.0,1.0,3.0,2.0,2.0,2.0,2.0,2.3333333333333335,1.0,1.9446187297299513,155,35,0.0,0.9446187297299513
665719930924,2025-08,2,5.0,3.0,3.0,4.0,2.0,3.0,3.3333333333333335,3.1666666666666665,3.0,2.9347595536949314,155,44,2.0,2.0652404463050686
665719930925,2025-08,2,1.0,6.0,3.0,3.0,3.0,6.0,4.0,3.3333333333333335,6.0,3.713937980236434,155,45,5.0,2.713937980236434
665719930927,2025-08,7,7.0,1.0,8.0,6.0,5.0,9.0,5.0,6.666666666666667,1.0,6.457619150153018,155,47,6.0,0.5423808498469818
665719930928,2025-08,10,7.0,5.0,2.0,4.0,1.0,3.0,3.6666666666666665,3.8333333333333335,5.0,5.60882249642503,155,48,2.0,1.39117750357497
665719930929,2025-08,1,1.0,1.0,1.0,1.0,1.0,3.0,1.0,1.3333333333333333,1.0,1.589702969676452,155,49,0.0,0.589702969676452
665719930930,2025-08,3,1.0,1.0,1.0,1.0,1.0,4.0,1.0,1.3333333333333333,1.0,2.2932542202521073,155,50,0.0,1.2932542202521073
665719930937,2025-08,3,1.0,3.0,2.0,1.0,1.0,1.0,2.0,1.5,3.0,2.2274039290883305,155,57,2.0,1.2274039290883305
665719930938,2025-08,13,7.0,8.0,7.0,9.0,7.0,11.0,8.0,8.0,8.0,9.821053850786505,155,58,1.0,2.8210538507865053
665719930939,2025-08,15,9.0,16.0,8.0,21.0,8.0,12.0,15.0,12.0,16.0,13.2649435753579,155,59,7.0,4.264943575357901
665719930940,2025-08,2,3.0,2.0,1.0,1.0,1.0,6.0,1.3333333333333333,1.3333333333333333,2.0,2.3731766501185447,155,60,1.0,0.6268233498814553
665719930945,2025-08,2,6.0,1.0,4.0,1.0,1.0,2.0,2.0,1.5,1.0,1.9165011109703407,155,65,5.0,4.083498889029659
665719930946,2025-08,3,12.0,11.0,7.0,9.0,8.0,6.0,9.0,8.0,11.0,6.679667638205466,155,66,1.0,5.320332361794534
665719930947,2025-08,22,20.0,15.0,20.0,25.0,9.0,18.0,20.0,16.666666666666668,15.0,18.11751112228279,155,67,5.0,1.8824888777172113
665719930948,2025-08,20,16.0,16.0,12.0,16.0,9.0,18.0,14.666666666666666,11.666666666666666,16.0,15.367292052965057,155,68,0.0,0.6327079470349428
665719930949,2025-08,18,18.0,27.0,24.0,29.0,13.0,26.0,26.666666666666668,22.833333333333332,27.0,21.841137899195925,155,69,9.0,3.8411378991959246
665719930950,2025-08,18,13.0,21.0,10.0,18.0,14.0,28.0,16.333333333333332,17.0,21.0,18.602972540564725,155,70,8.0,5.602972540564725
665719930951,2025-08,13,15.0,20.0,24.0,22.0,20.0,18.0,22.0,19.166666666666668,20.0,17.393634705769855,155,71,5.0,2.3936347057698555
665719930952,2025-08,10,14.0,20.0,19.0,17.0,7.0,10.0,18.666666666666668,13.166666666666666,20.0,12.632552947200306,155,72,6.0,1.3674470527996938
665719930953,2025-08,8,15.0,4.0,9.0,10.0,8.0,9.0,7.666666666666667,8.5,4.0,7.992471696355835,155,73,11.0,7.007528303644165
665719930954,2025-08,7,13.0,14.0,7.0,20.0,7.0,11.0,13.666666666666666,13.0,14.0,10.830388953216502,155,74,1.0,2.1696110467834977
665719930955,2025-08,55,59.0,81.0,37.0,28.0,43.0,25.0,48.666666666666664,45.666666666666664,81.0,47.67008674397948,155,75,22.0,11.329913256020518
665719930956,2025-08,31,23.0,19.0,15.0,36.0,29.0,26.0,23.333333333333332,23.666666666666668,19.0,25.50922871881301,155,76,4.0,2.5092287188130094
665719930957,2025-08,19,22.0,19.0,21.0,30.0,14.0,28.0,23.333333333333332,23.333333333333332,19.0,21.61636010733437,155,77,3.0,0.3836398926656308
665719930958,2025-08,15,26.0,45.0,36.0,39.0,31.0,18.0,40.0,32.166666666666664,45.0,26.60032388854304,155,78,19.0,0.6003238885430413
665719930959,2025-08,11,9.0,6.0,13.0,13.0,7.0,11.0,10.666666666666666,11.166666666666666,6.0,10.442203983914672,155,79,3.0,1.4422039839146716
665719930960,2025-08,2,1.0,6.0,5.0,12.0,2.0,2.0,7.666666666666667,5.666666666666667,6.0,4.339334285130954,155,80,5.0,3.3393342851309544
665719930961,2025-08,19,16.0,12.0,16.0,14.0,15.0,17.0,14.0,14.833333333333334,12.0,15.86960915106997,155,81,4.0,0.1303908489300305
665719930962,2025-08,15,23.0,20.0,20.0,26.0,13.0,8.0,22.0,16.666666666666668,20.0,15.57964340823942,155,82,3.0,7.42035659176058
665719930963,2025-08,2,1.0,1.0,3.0,3.0,2.0,5.0,2.3333333333333335,2.5,1.0,2.7072361200695703,155,83,0.0,1.7072361200695703
665719930964,2025-08,4,3.0,6.0,5.0,6.0,3.0,1.0,5.666666666666667,5.0,6.0,4.38869590280442,155,84,3.0,1.38869590280442
665719930965,2025-08,7,4.0,3.0,2.0,2.0,2.0,6.0,2.3333333333333335,2.6666666666666665,3.0,4.48187806295646,155,85,1.0,0.48187806295645963
665719930968,2025-08,5,8.0,7.0,6.0,1.0,6.0,8.0,4.666666666666667,4.5,7.0,5.491375103936884,155,88,1.0,2.5086248960631163
665719930972,2025-08,1,1.0,1.0,1.0,2.0,1.0,1.0,1.3333333333333333,1.1666666666666667,1.0,1.3146235788507301,155,92,0.0,0.3146235788507301
670014898219,2025-08,1,1.0,1.0,5.0,5.0,1.0,2.0,3.6666666666666665,3.3333333333333335,1.0,2.42067468077184,156,43,0.0,1.4206746807718398
670014898220,2025-08,11,9.0,7.0,12.0,20.0,16.0,17.0,13.0,13.333333333333334,7.0,12.611185328686574,156,44,2.0,3.611185328686574
670014898221,2025-08,12,15.0,7.0,9.0,6.0,7.0,12.0,7.333333333333333,7.333333333333333,7.0,9.292398431513048,156,45,8.0,5.707601568486952
670014898223,2025-08,4,3.0,6.0,3.0,5.0,2.0,4.0,4.666666666666667,4.666666666666667,6.0,4.511519486576181,156,47,3.0,1.511519486576181
670014898224,2025-08,7,3.0,11.0,4.0,7.0,3.0,4.0,7.333333333333333,5.833333333333333,11.0,6.474279510700023,156,48,8.0,3.474279510700023
670014898226,2025-08,4,3.0,3.0,3.0,6.0,1.0,9.0,4.0,3.1666666666666665,3.0,4.309610317406598,156,50,0.0,1.309610317406598
670014898235,2025-08,20,19.0,25.0,20.0,20.0,13.0,29.0,21.666666666666668,17.333333333333332,25.0,20.26997350639889,156,59,6.0,1.269973506398891
670014898237,2025-08,1,2.0,1.0,2.0,4.0,1.0,1.0,2.3333333333333335,1.8333333333333333,1.0,1.6458180319846605,156,61,1.0,0.3541819680153395
670014898238,2025-08,4,1.0,6.0,5.0,1.0,4.0,5.0,4.0,5.833333333333333,6.0,5.036962224895274,156,62,5.0,4.036962224895274
670014898239,2025-08,15,7.0,13.0,16.0,10.0,13.0,11.0,13.0,13.333333333333334,13.0,13.341550756648456,156,63,6.0,6.341550756648456
670014898240,2025-08,28,19.0,15.0,15.0,21.0,10.0,37.0,17.0,15.166666666666666,15.0,21.4820672257781,156,64,4.0,2.482067225778099
670014898241,2025-08,3,1.0,3.0,1.0,1.0,1.0,2.0,1.6666666666666667,1.3333333333333333,3.0,2.2625473626308796,156,65,2.0,1.2625473626308796
670014898242,2025-08,1,1.0,3.0,2.0,1.0,1.0,4.0,2.0,1.8333333333333333,3.0,2.1459093366809157,156,66,2.0,1.1459093366809157
670014898243,2025-08,3,1.0,2.0,2.0,3.0,3.0,3.0,2.3333333333333335,2.0,2.0,2.687581925522374,156,67,1.0,1.687581925522374
670014898244,2025-08,13,21.0,21.0,20.0,15.0,12.0,23.0,18.666666666666668,17.166666666666668,21.0,16.764161004393532,156,68,0.0,4.235838995606468
670014898245,2025-08,9,16.0,22.0,21.0,13.0,8.0,16.0,18.666666666666668,14.5,22.0,13.74980766602294,156,69,6.0,2.2501923339770595
670014898246,2025-08,27,18.0,13.0,14.0,24.0,18.0,13.0,17.0,16.333333333333332,13.0,18.677679757602203,156,70,5.0,0.6776797576022027
670014898247,2025-08,36,20.0,30.0,37.0,37.0,32.0,28.0,34.666666666666664,31.333333333333332,30.0,31.9646230191097,156,71,10.0,11.964623019109698
670014898248,2025-08,26,29.0,23.0,30.0,34.0,26.0,28.0,29.0,28.0,23.0,26.585062589109068,156,72,6.0,2.414937410890932
670014898249,2025-08,3,7.0,2.0,2.0,4.0,4.0,2.0,2.6666666666666665,2.6666666666666665,2.0,2.8573265618239017,156,73,5.0,4.142673438176098
670014898250,2025-08,14,17.0,19.0,12.0,10.0,6.0,16.0,13.666666666666666,11.666666666666666,19.0,13.388070345509561,156,74,2.0,3.6119296544904387
670014898251,2025-08,17,41.0,22.0,22.0,20.0,21.0,42.0,21.333333333333332,21.666666666666668,22.0,22.562396329749326,156,75,19.0,18.437603670250674
670014898252,2025-08,15,16.0,19.0,15.0,23.0,13.0,10.0,19.0,16.5,19.0,15.374232561301621,156,76,3.0,0.6257674386983787
670014898253,2025-08,9,6.0,8.0,8.0,16.0,13.0,9.0,10.666666666666666,11.666666666666666,8.0,10.160616625348823,156,77,2.0,4.160616625348823
670014898254,2025-08,9,17.0,19.0,20.0,25.0,13.0,22.0,21.333333333333332,17.666666666666668,19.0,15.825480103243533,156,78,2.0,1.1745198967564665
670014898255,2025-08,5,17.0,22.0,16.0,26.0,17.0,9.0,21.333333333333332,18.833333333333332,22.0,13.784339125677956,156,79,5.0,3.215660874322044
670014898256,2025-08,7,4.0,22.0,4.0,12.0,2.0,18.0,12.666666666666666,8.333333333333334,22.0,10.472673103770928,156,80,18.0,6.472673103770928
670014898257,2025-08,21,16.0,9.0,16.0,15.0,13.0,18.0,13.333333333333334,14.0,9.0,15.915644267898072,156,81,7.0,0.08435573210192793
670014898258,2025-08,8,12.0,11.0,13.0,8.0,15.0,14.0,10.666666666666666,12.666666666666666,11.0,11.157870497193443,156,82,1.0,0.8421295028065572
670014898260,2025-08,7,3.0,5.0,9.0,9.0,1.0,1.0,7.666666666666667,5.166666666666667,5.0,5.373045085523234,156,84,2.0,2.373045085523234
670014898261,2025-08,19,12.0,30.0,28.0,24.0,20.0,19.0,27.333333333333332,22.666666666666668,30.0,21.759522006959532,156,85,18.0,9.759522006959532
670014898262,2025-08,11,7.0,13.0,25.0,7.0,28.0,11.0,15.0,19.166666666666668,13.0,14.948808389968248,156,86,6.0,7.948808389968248
670014898263,2025-08,7,5.0,7.0,3.0,3.0,4.0,4.0,4.333333333333333,3.6666666666666665,7.0,5.160795210867652,156,87,2.0,0.16079521086765158
670014898265,2025-08,2,3.0,7.0,5.0,3.0,3.0,6.0,5.0,3.6666666666666665,7.0,4.01148467059633,156,89,4.0,1.0114846705963298
674309865515,2025-08,2,3.0,4.0,1.0,8.0,6.0,3.0,4.333333333333333,5.5,4.0,4.051858523431139,157,43,1.0,1.0518585234311386
674309865516,2025-08,5,6.0,6.0,9.0,16.0,8.0,7.0,10.333333333333334,9.5,6.0,7.647147115031615,157,44,0.0,1.6471471150316148
674309865517,2025-08,6,4.0,4.0,4.0,9.0,4.0,11.0,5.666666666666667,6.166666666666667,4.0,6.516124278280129,157,45,0.0,2.516124278280129
674309865525,2025-08,1,1.0,2.0,1.0,2.0,8.0,1.0,1.6666666666666667,3.5,2.0,2.4796872642316403,157,53,1.0,1.4796872642316403
674309865529,2025-08,1,1.0,1.0,1.0,1.0,1.0,1.0,1.0,1.0,1.0,1.2231043023452841,157,57,0.0,0.2231043023452841
674309865530,2025-08,2,1.0,1.0,1.0,2.0,3.0,4.0,1.3333333333333333,1.6666666666666667,1.0,2.2309193883729925,157,58,0.0,1.2309193883729925
674309865531,2025-08,14,14.0,8.0,7.0,7.0,3.0,16.0,7.333333333333333,6.333333333333333,8.0,9.963035334576576,157,59,6.0,4.036964665423424
674309865534,2025-08,12,16.0,29.0,17.0,17.0,14.0,29.0,21.0,17.0,29.0,18.125396930519464,157,62,13.0,2.1253969305194644
674309865535,2025-08,21,14.0,25.0,20.0,17.0,20.0,25.0,20.666666666666668,20.166666666666668,25.0,21.15852097104223,157,63,11.0,7.158520971042229
674309865536,2025-08,8,6.0,5.0,9.0,11.0,5.0,12.0,8.333333333333334,7.0,5.0,7.90612012183392,157,64,1.0,1.9061201218339203
674309865539,2025-08,5,1.0,1.0,1.0,1.0,2.0,2.0,1.0,1.6666666666666667,1.0,2.764002501539723,157,67,0.0,1.7640025015397232
674309865540,2025-08,1,2.0,1.0,1.0,1.0,3.0,2.0,1.0,2.3333333333333335,1.0,1.8738826846871461,157,68,1.0,0.12611731531285386
674309865541,2025-08,76,72.0,85.0,77.0,60.0,62.0,48.0,74.0,72.5,85.0,69.42691248038429,157,69,13.0,2.5730875196157115
674309865542,2025-08,61,38.0,75.0,49.0,51.0,30.0,37.0,58.333333333333336,49.0,75.0,52.12829965710199,157,70,37.0,14.12829965710199
674309865543,2025-08,34,29.0,37.0,37.0,49.0,28.0,57.0,41.0,35.5,37.0,37.5432429507287,157,71,8.0,8.543242950728697
674309865544,2025-08,1,9.0,4.0,2.0,7.0,6.0,4.0,4.333333333333333,4.5,4.0,3.559320647159373,157,72,5.0,5.440679352840627
674309865545,2025-08,29,15.0,35.0,20.0,29.0,27.0,20.0,28.0,26.0,35.0,26.59797316171904,157,73,20.0,11.59797316171904
674309865546,2025-08,56,66.0,74.0,45.0,57.0,60.0,64.0,58.666666666666664,57.833333333333336,74.0,58.21521220523417,157,74,8.0,7.784787794765833
674309865547,2025-08,87,105.0,87.0,82.0,106.0,113.0,108.0,91.66666666666667,99.83333333333333,87.0,93.4360988567706,157,75,18.0,11.563901143229401
674309865548,2025-08,34,40.0,38.0,33.0,35.0,52.0,53.0,35.333333333333336,43.666666666666664,38.0,40.15814325099781,157,76,2.0,0.15814325099781001
674309865549,2025-08,17,26.0,26.0,32.0,26.0,20.0,32.0,28.0,26.666666666666668,26.0,23.948321314773388,157,77,0.0,2.0516786852266122
674309865550,2025-08,15,20.0,29.0,17.0,14.0,23.0,25.0,20.0,17.166666666666668,29.0,18.77912791931412,157,78,9.0,1.2208720806858793
674309865551,2025-08,8,16.0,23.0,17.0,17.0,10.0,15.0,19.0,16.5,23.0,14.187608708063127,157,79,7.0,1.8123912919368728
674309865552,2025-08,1,2.0,3.0,2.0,5.0,5.0,3.0,3.3333333333333335,3.6666666666666665,3.0,2.9302231769074005,157,80,1.0,0.9302231769074005
674309865553,2025-08,13,9.0,10.0,14.0,13.0,9.0,19.0,12.333333333333334,10.666666666666666,10.0,12.438151358686529,157,81,1.0,3.438151358686529
674309865554,2025-08,1,1.0,6.0,6.0,6.0,2.0,7.0,6.0,5.0,6.0,4.289108375735426,157,82,5.0,3.2891083757354256
674309865555,2025-08,5,3.0,4.0,4.0,7.0,2.0,4.0,5.0,5.333333333333333,4.0,4.905873934072823,157,83,1.0,1.9058739340728232
674309865556,2025-08,6,3.0,5.0,4.0,6.0,3.0,4.0,5.0,3.8333333333333335,5.0,4.809321986250959,157,84,2.0,1.8093219862509589
674309865557,2025-08,20,13.0,15.0,16.0,14.0,22.0,6.0,15.0,16.5,15.0,15.920034794653192,157,85,2.0,2.9200347946531924
674309865558,2025-08,12,6.0,17.0,13.0,15.0,9.0,14.0,15.0,12.5,17.0,12.944380593876128,157,86,11.0,6.944380593876128
674309865559,2025-08,2,3.0,4.0,4.0,8.0,7.0,2.0,5.333333333333333,4.833333333333333,4.0,3.8521371863847076,157,87,1.0,0.8521371863847076
674309865561,2025-08,4,2.0,2.0,4.0,4.0,5.0,3.0,3.3333333333333335,3.3333333333333335,2.0,3.6085218255405414,157,89,0.0,1.6085218255405414
678604832804,2025-08,3,1.0,2.0,3.0,4.0,3.0,1.0,3.0,2.5,2.0,2.671799111313783,158,36,1.0,1.6717991113137831
678604832811,2025-08,7,2.0,7.0,12.0,8.0,6.0,3.0,9.0,6.833333333333333,7.0,6.68027102704242,158,43,5.0,4.68027102704242
678604832812,2025-08,7,9.0,11.0,9.0,13.0,7.0,13.0,11.0,11.5,11.0,10.070975079455458,158,44,2.0,1.070975079455458
678604832813,2025-08,4,1.0,1.0,3.0,1.0,1.0,2.0,1.6666666666666667,1.8333333333333333,1.0,2.5664488189926136,158,45,0.0,1.5664488189926136
678604832815,2025-08,18,11.0,22.0,21.0,10.0,12.0,19.0,17.666666666666668,14.5,22.0,16.77332134760429,158,47,11.0,5.773321347604291
678604832816,2025-08,17,20.0,20.0,21.0,11.0,14.0,15.0,17.333333333333332,18.333333333333332,20.0,17.142296504023168,158,48,0.0,2.857703495976832
678604832817,2025-08,12,14.0,16.0,20.0,18.0,11.0,10.0,18.0,16.5,16.0,14.100217224647915,158,49,2.0,0.10021722464791516
678604832820,2025-08,2,1.0,1.0,1.0,1.0,1.0,2.0,1.0,1.1666666666666667,1.0,1.6943147635894267,158,52,0.0,0.6943147635894267
678604832826,2025-08,8,8.0,12.0,16.0,15.0,6.0,23.0,14.333333333333334,10.5,12.0,11.706890799790932,158,58,4.0,3.7068907997909317
678604832828,2025-08,1,1.0,2.0,1.0,4.0,1.0,7.0,2.3333333333333335,2.6666666666666665,2.0,2.7654040387101,158,60,1.0,1.7654040387101002
678604832830,2025-08,20,23.0,11.0,10.0,16.0,12.0,19.0,12.333333333333334,16.0,11.0,16.421671583929747,158,62,12.0,6.578328416070253
678604832831,2025-08,17,22.0,36.0,15.0,19.0,19.0,29.0,23.333333333333332,24.666666666666668,36.0,23.10190122565819,158,63,14.0,1.1019012256581888
678604832832,2025-08,18,16.0,14.0,19.0,11.0,10.0,13.0,14.666666666666666,12.666666666666666,14.0,14.380100931565737,158,64,2.0,1.619899068434263
678604832833,2025-08,19,4.0,9.0,9.0,9.0,1.0,9.0,9.0,6.0,9.0,10.577164537481176,158,65,5.0,6.577164537481176
678604832837,2025-08,9,2.0,20.0,14.0,20.0,9.0,14.0,18.0,17.5,20.0,14.30164397329657,158,69,18.0,12.30164397329657
678604832838,2025-08,59,46.0,63.0,65.0,55.0,46.0,66.0,61.0,57.5,63.0,58.106131499059,158,70,17.0,12.106131499059003
678604832839,2025-08,9,7.0,14.0,13.0,9.0,14.0,18.0,12.0,12.333333333333334,14.0,12.179389227560751,158,71,7.0,5.179389227560751
678604832840,2025-08,2,2.0,1.0,4.0,2.0,2.0,3.0,2.3333333333333335,2.8333333333333335,1.0,2.5639850910971296,158,72,1.0,0.5639850910971296
678604832841,2025-08,27,45.0,50.0,28.0,26.0,28.0,32.0,34.666666666666664,34.166666666666664,50.0,32.190997239538305,158,73,5.0,12.809002760461695
678604832842,2025-08,306,253.0,276.0,236.0,259.0,257.0,330.0,257.0,266.3333333333333,276.0,278.44979579766033,158,74,23.0,25.44979579766033
678604832843,2025-08,261,241.0,296.0,227.0,275.0,242.0,277.0,266.0,274.0,296.0,263.1813010833372,158,75,55.0,22.18130108333719
678604832844,2025-08,33,57.0,47.0,46.0,61.0,69.0,85.0,51.333333333333336,58.5,47.0,51.99770727021465,158,76,10.0,5.002292729785353
678604832845,2025-08,27,23.0,29.0,32.0,35.0,28.0,24.0,32.0,31.833333333333332,29.0,28.502894980806328,158,77,6.0,5.502894980806328
678604832846,2025-08,7,3.0,3.0,4.0,5.0,6.0,1.0,4.0,4.166666666666667,3.0,4.682216754014181,158,78,0.0,1.6822167540141812
678604832847,2025-08,14,4.0,10.0,17.0,9.0,8.0,7.0,12.0,12.333333333333334,10.0,11.677024501092857,158,79,6.0,7.677024501092857
678604832848,2025-08,17,10.0,12.0,9.0,17.0,13.0,11.0,12.666666666666666,12.166666666666666,12.0,13.408541079874551,158,80,2.0,3.408541079874551
678604832849,2025-08,5,9.0,5.0,10.0,4.0,1.0,10.0,6.333333333333333,6.5,5.0,6.248617027446257,158,81,4.0,2.751382972553743
678604832850,2025-08,28,35.0,23.0,5.0,15.0,7.0,9.0,14.333333333333334,11.166666666666666,23.0,16.767395881733098,158,82,12.0,18.232604118266902
678604832851,2025-08,4,5.0,2.0,3.0,2.0,2.0,3.0,2.3333333333333335,2.8333333333333335,2.0,3.2151676892332324,158,83,3.0,1.7848323107667676
678604832852,2025-08,3,2.0,4.0,8.0,6.0,4.0,2.0,6.0,5.666666666666667,4.0,4.376333001777033,158,84,2.0,2.3763330017770334
678604832853,2025-08,17,8.0,33.0,12.0,19.0,12.0,28.0,21.333333333333332,17.166666666666668,33.0,19.750631255097623,158,85,25.0,11.750631255097623
678604832854,2025-08,10,5.0,12.0,8.0,15.0,2.0,12.0,11.666666666666666,9.5,12.0,10.091176924936445,158,86,7.0,5.091176924936445
678604832855,2025-08,7,6.0,5.0,6.0,10.0,8.0,7.0,7.0,8.0,5.0,7.283721458920165,158,87,1.0,1.2837214589201649
682899800105,2025-08,11,2.0,8.0,17.0,8.0,5.0,8.0,11.0,8.5,8.0,9.28447224119896,159,41,6.0,7.28447224119896
682899800106,2025-08,3,2.0,1.0,3.0,2.0,1.0,5.0,2.0,1.5,1.0,2.5865329394339716,159,42,1.0,0.5865329394339716
682899800110,2025-08,27,29.0,33.0,33.0,29.0,20.0,35.0,31.666666666666668,28.833333333333332,33.0,28.86452497868581,159,46,4.0,0.1354750213141891
682899800111,2025-08,16,15.0,42.0,27.0,20.0,19.0,16.0,29.666666666666668,26.0,42.0,22.752460885068242,159,47,27.0,7.752460885068242
682899800112,2025-08,20,6.0,23.0,11.0,10.0,7.0,24.0,14.666666666666666,13.166666666666666,23.0,17.089232501828867,159,48,17.0,11.089232501828867
682899800113,2025-08,5,5.0,4.0,13.0,12.0,7.0,5.0,9.666666666666666,8.0,4.0,6.631826747763951,159,49,1.0,1.6318267477639514
682899800114,2025-08,3,6.0,5.0,6.0,9.0,3.0,4.0,6.666666666666667,6.333333333333333,5.0,4.961020939254065,159,50,1.0,1.0389790607459348
682899800115,2025-08,1,9.0,13.0,5.0,5.0,3.0,5.0,7.666666666666667,7.666666666666667,13.0,5.675683941692701,159,51,4.0,3.324316058307299
682899800116,2025-08,1,5.0,9.0,6.0,11.0,7.0,2.0,8.666666666666666,8.333333333333334,9.0,5.474958257066833,159,52,4.0,0.4749582570668327
682899800120,2025-08,2,5.0,1.0,1.0,3.0,1.0,3.0,1.6666666666666667,1.6666666666666667,1.0,2.060652650265906,159,56,4.0,2.939347349734094
682899800121,2025-08,3,1.0,1.0,1.0,2.0,3.0,3.0,1.3333333333333333,2.1666666666666665,1.0,2.5578125352741576,159,57,0.0,1.5578125352741576
682899800122,2025-08,3,3.0,1.0,2.0,7.0,1.0,2.0,3.3333333333333335,2.5,1.0,2.679497450323707,159,58,2.0,0.3205025496762932
682899800123,2025-08,4,1.0,3.0,3.0,2.0,4.0,5.0,2.6666666666666665,3.3333333333333335,3.0,3.8281989423663214,159,59,2.0,2.8281989423663214
682899800124,2025-08,2,1.0,1.0,1.0,1.0,2.0,2.0,1.0,1.5,1.0,1.844698780556996,159,60,0.0,0.8446987805569961
682899800125,2025-08,1,3.0,3.0,6.0,7.0,1.0,1.0,5.333333333333333,4.166666666666667,3.0,2.9044616099501255,159,61,0.0,0.09553839004987452
682899800126,2025-08,10,7.0,11.0,6.0,6.0,5.0,7.0,7.666666666666667,7.0,11.0,8.226760437367073,159,62,4.0,1.2267604373670729
682899800127,2025-08,4,5.0,4.0,5.0,4.0,3.0,8.0,4.333333333333333,4.5,4.0,4.81943884626039,159,63,1.0,0.18056115373961035
682899800128,2025-08,12,9.0,10.0,14.0,16.0,9.0,19.0,13.333333333333334,11.666666666666666,10.0,12.591509075365455,159,64,1.0,3.5915090753654546
682899800129,2025-08,6,6.0,10.0,9.0,12.0,2.0,7.0,10.333333333333334,7.0,10.0,7.171749639461707,159,65,4.0,1.1717496394617068
682899800130,2025-08,7,1.0,9.0,4.0,3.0,3.0,2.0,5.333333333333333,6.0,9.0,5.905844971860546,159,66,8.0,4.905844971860546
682899800131,2025-08,6,12.0,9.0,18.0,16.0,9.0,13.0,14.333333333333334,13.333333333333334,9.0,10.689057047761178,159,67,3.0,1.3109429522388218
682899800132,2025-08,28,15.0,26.0,36.0,14.0,11.0,15.0,25.333333333333332,22.5,26.0,22.918175910999913,159,68,11.0,7.9181759109999135
682899800133,2025-08,43,37.0,39.0,42.0,48.0,39.0,47.0,43.0,39.5,39.0,40.996396320989874,159,69,2.0,3.9963963209898736
682899800134,2025-08,1,2.0,4.0,5.0,3.0,4.0,2.0,4.0,3.0,4.0,2.6924928490051405,159,70,2.0,0.6924928490051405
682899800135,2025-08,12,11.0,9.0,14.0,12.0,6.0,16.0,11.666666666666666,10.0,9.0,11.278717365577421,159,71,2.0,0.2787173655774211
682899800136,2025-08,7,14.0,13.0,12.0,20.0,13.0,13.0,15.0,12.5,13.0,11.227296523690065,159,72,1.0,2.7727034763099354
682899800137,2025-08,12,13.0,14.0,8.0,19.0,6.0,14.0,13.666666666666666,11.0,14.0,11.948110463297413,159,73,1.0,1.0518895367025873
682899800138,2025-08,110,111.0,121.0,111.0,110.0,84.0,126.0,114.0,107.33333333333333,121.0,108.7577915589397,159,74,10.0,2.242208441060299
682899800139,2025-08,146,133.0,123.0,104.0,143.0,114.0,144.0,123.33333333333333,126.0,123.0,129.97485169751556,159,75,10.0,3.025148302484439
682899800140,2025-08,25,22.0,34.0,26.0,29.0,25.0,45.0,29.666666666666668,30.5,34.0,30.171181763757257,159,76,12.0,8.171181763757257
682899800141,2025-08,2,4.0,6.0,4.0,8.0,4.0,1.0,6.0,5.166666666666667,6.0,3.942569979255685,159,77,2.0,0.0574300207443148
682899800142,2025-08,21,12.0,11.0,19.0,16.0,12.0,30.0,15.333333333333334,14.666666666666666,11.0,18.00317596779629,159,78,1.0,6.003175967796292
682899800143,2025-08,30,19.0,20.0,21.0,23.0,23.0,29.0,21.333333333333332,20.0,20.0,24.013627804236528,159,79,1.0,5.013627804236528
682899800144,2025-08,14,10.0,19.0,15.0,14.0,13.0,28.0,16.0,15.166666666666666,19.0,16.617340200954743,159,80,9.0,6.617340200954743
682899800145,2025-08,19,19.0,18.0,22.0,27.0,9.0,17.0,22.333333333333332,20.5,18.0,18.8872215474091,159,81,1.0,0.11277845259089858
682899800146,2025-08,11,12.0,14.0,17.0,19.0,3.0,10.0,16.666666666666668,12.166666666666666,14.0,11.753682713014065,159,82,2.0,0.2463172869859349
682899800147,2025-08,4,1.0,6.0,1.0,4.0,2.0,1.0,3.6666666666666665,3.1666666666666665,6.0,3.518220070580867,159,83,5.0,2.518220070580867
682899800148,2025-08,6,21.0,2.0,2.0,5.0,8.0,8.0,3.0,5.833333333333333,2.0,5.736192643916998,159,84,19.0,15.263807356083003
682899800149,2025-08,7,8.0,15.0,12.0,4.0,9.0,10.0,10.333333333333334,8.666666666666666,15.0,9.058586516939904,159,85,7.0,1.0585865169399042
682899800150,2025-08,7,4.0,8.0,11.0,12.0,2.0,8.0,10.333333333333334,7.5,8.0,7.603380091241977,159,86,4.0,3.603380091241977
682899800151,2025-08,2,2.0,2.0,4.0,1.0,2.0,2.0,2.3333333333333335,2.8333333333333335,2.0,2.5126827240281147,159,87,0.0,0.5126827240281147
682899800152,2025-08,2,1.0,3.0,3.0,3.0,2.0,1.0,3.0,2.5,3.0,2.421071271611269,159,88,2.0,1.421071271611269
687194767398,2025-08,4,2.0,1.0,1.0,2.0,1.0,2.0,1.3333333333333333,1.5,1.0,2.417226633499041,160,38,1.0,0.4172266334990411
687194767399,2025-08,7,12.0,10.0,9.0,5.0,18.0,20.0,8.0,11.0,10.0,10.830076705177175,160,39,2.0,1.1699232948228246
687194767400,2025-08,1,8.0,2.0,4.0,2.0,2.0,4.0,2.6666666666666665,2.5,2.0,2.4050378490509354,160,40,6.0,5.594962150949065
687194767401,2025-08,7,2.0,3.0,2.0,4.0,3.0,1.0,3.0,2.8333333333333335,3.0,4.009944641101099,160,41,1.0,2.0099446411010993
687194767402,2025-08,3,1.0,4.0,2.0,1.0,1.0,1.0,2.3333333333333335,2.0,4.0,2.506490510437394,160,42,3.0,1.506490510437394
687194767406,2025-08,6,9.0,9.0,6.0,3.0,2.0,9.0,6.0,5.0,9.0,6.213401889513867,160,46,0.0,2.786598110486133
687194767407,2025-08,24,11.0,20.0,16.0,22.0,18.0,23.0,19.333333333333332,21.833333333333332,20.0,21.713819028200984,160,47,9.0,10.713819028200984
687194767408,2025-08,18,16.0,28.0,23.0,20.0,14.0,40.0,23.666666666666668,21.666666666666668,28.0,23.031414706452964,160,48,12.0,7.0314147064529635
687194767409,2025-08,16,17.0,16.0,22.0,9.0,6.0,9.0,15.666666666666666,11.666666666666666,16.0,13.06686623094415,160,49,1.0,3.93313376905585
687194767410,2025-08,13,11.0,19.0,13.0,21.0,12.0,15.0,17.666666666666668,17.5,19.0,15.58530564847131,160,50,8.0,4.58530564847131
687194767411,2025-08,1,2.0,4.0,3.0,2.0,3.0,4.0,3.0,2.5,4.0,2.6320170991113176,160,51,2.0,0.6320170991113176
687194767412,2025-08,2,3.0,4.0,8.0,2.0,1.0,8.0,4.666666666666667,3.5,4.0,3.870855675044054,160,52,1.0,0.8708556750440541
687194767413,2025-08,4,1.0,2.0,1.0,2.0,1.0,2.0,1.6666666666666667,1.6666666666666667,2.0,2.585172538354011,160,53,1.0,1.5851725383540112
687194767416,2025-08,4,3.0,7.0,2.0,1.0,3.0,3.0,3.3333333333333335,2.5,7.0,3.6321840243648893,160,56,4.0,0.6321840243648893
687194767417,2025-08,1,1.0,2.0,1.0,2.0,1.0,2.0,1.6666666666666667,1.5,2.0,1.665868817371285,160,57,1.0,0.665868817371285
687194767419,2025-08,8,2.0,6.0,1.0,2.0,10.0,16.0,3.0,4.833333333333333,6.0,7.3835517419146335,160,59,4.0,5.3835517419146335
687194767420,2025-08,4,10.0,6.0,4.0,6.0,1.0,1.0,5.333333333333333,3.8333333333333335,6.0,3.8842016304992004,160,60,4.0,6.1157983695008
687194767421,2025-08,1,1.0,5.0,2.0,2.0,1.0,2.0,3.0,2.5,5.0,2.3734327703062768,160,61,4.0,1.3734327703062768
687194767423,2025-08,13,17.0,6.0,9.0,8.0,5.0,6.0,7.666666666666667,6.666666666666667,6.0,8.472689862554125,160,63,11.0,8.527310137445875
687194767424,2025-08,54,29.0,37.0,30.0,30.0,29.0,25.0,32.333333333333336,35.166666666666664,37.0,38.200103920573895,160,64,8.0,9.200103920573895
687194767425,2025-08,9,13.0,8.0,9.0,14.0,6.0,7.0,10.333333333333334,9.333333333333334,8.0,8.817587862850901,160,65,5.0,4.1824121371490985
687194767426,2025-08,19,35.0,32.0,30.0,18.0,11.0,30.0,26.666666666666668,24.5,32.0,23.505712563942993,160,66,3.0,11.494287436057007
687194767427,2025-08,17,17.0,11.0,15.0,8.0,13.0,12.0,11.333333333333334,13.0,11.0,13.60029709736843,160,67,6.0,3.399702902631571
687194767428,2025-08,21,20.0,15.0,12.0,16.0,20.0,19.0,14.333333333333334,16.0,15.0,17.54706214898568,160,68,5.0,2.452937851014319
687194767429,2025-08,21,19.0,24.0,11.0,16.0,20.0,17.0,17.0,16.833333333333332,24.0,18.54382072522621,160,69,5.0,0.4561792747737883
687194767430,2025-08,10,9.0,11.0,18.0,10.0,16.0,13.0,13.0,12.833333333333334,11.0,11.957751430314048,160,70,2.0,2.9577514303140475
687194767431,2025-08,27,24.0,32.0,35.0,31.0,24.0,24.0,32.666666666666664,33.166666666666664,32.0,29.094860942565788,160,71,8.0,5.094860942565788
687194767432,2025-08,14,17.0,19.0,12.0,16.0,6.0,12.0,15.666666666666666,12.166666666666666,19.0,13.25955900812696,160,72,2.0,3.74044099187304
687194767433,2025-08,14,16.0,11.0,17.0,9.0,5.0,7.0,12.333333333333334,11.666666666666666,11.0,11.449388693292166,160,73,5.0,4.550611306707834
687194767434,2025-08,17,9.0,28.0,20.0,18.0,23.0,14.0,22.0,23.666666666666668,28.0,20.259640273814668,160,74,19.0,11.259640273814668
687194767435,2025-08,6,11.0,15.0,18.0,7.0,13.0,9.0,13.333333333333334,13.166666666666666,15.0,10.630257045055817,160,75,4.0,0.36974295494418286
687194767436,2025-08,46,41.0,51.0,69.0,43.0,37.0,57.0,54.333333333333336,47.333333333333336,51.0,47.83891202055962,160,76,10.0,6.8389120205596186
687194767437,2025-08,25,22.0,26.0,14.0,28.0,18.0,21.0,22.666666666666668,21.166666666666668,26.0,22.339907393894347,160,77,4.0,0.33990739389434665
687194767438,2025-08,18,28.0,21.0,27.0,19.0,15.0,21.0,22.333333333333332,20.5,21.0,19.580297756246804,160,78,7.0,8.419702243753196
687194767439,2025-08,34,31.0,43.0,42.0,30.0,18.0,37.0,38.333333333333336,29.333333333333332,43.0,32.71642681336509,160,79,12.0,1.7164268133650893
687194767440,2025-08,7,11.0,5.0,7.0,10.0,5.0,12.0,7.333333333333333,6.5,5.0,7.3415185939979395,160,80,6.0,3.6584814060020605
687194767441,2025-08,3,5.0,5.0,2.0,5.0,2.0,5.0,4.0,4.5,5.0,4.146376225932248,160,81,0.0,0.8536237740677519
687194767442,2025-08,1,1.0,4.0,4.0,3.0,2.0,1.0,3.6666666666666665,2.8333333333333335,4.0,2.393691610763666,160,82,3.0,1.3936916107636659
687194767443,2025-08,9,16.0,20.0,15.0,16.0,17.0,10.0,17.0,17.833333333333332,20.0,14.109034862499657,160,83,4.0,1.8909651375003431
687194767444,2025-08,11,11.0,11.0,21.0,11.0,4.0,9.0,14.333333333333334,12.5,11.0,11.29968042318788,160,84,0.0,0.2996804231878798
687194767445,2025-08,6,5.0,8.0,1.0,3.0,1.0,8.0,4.0,4.833333333333333,8.0,5.693407530622186,160,85,3.0,0.6934075306221859
687194767446,2025-08,6,3.0,6.0,7.0,2.0,3.0,4.0,5.0,4.333333333333333,6.0,5.05565848545324,160,86,3.0,2.0556584854532396
687194767447,2025-08,3,2.0,3.0,2.0,4.0,5.0,2.0,3.0,3.5,3.0,3.2867971601405355,160,87,1.0,1.2867971601405355
687194767449,2025-08,1,2.0,3.0,1.0,4.0,2.0,1.0,2.6666666666666665,2.6666666666666665,3.0,2.1506489732802763,160,89,1.0,0.15064897328027627
691489734693,2025-08,1,5.0,2.0,3.0,2.0,1.0,4.0,2.3333333333333335,1.8333333333333333,2.0,2.106497931960332,161,37,3.0,2.893502068039668
691489734694,2025-08,21,4.0,15.0,8.0,8.0,10.0,10.0,10.333333333333334,10.0,15.0,13.568883208007438,161,38,11.0,9.568883208007438
691489734696,2025-08,1,3.0,4.0,2.0,1.0,1.0,3.0,2.3333333333333335,2.8333333333333335,4.0,2.463977937352583,161,40,1.0,0.536022062647417
691489734697,2025-08,2,2.0,1.0,2.0,1.0,1.0,3.0,1.3333333333333333,1.6666666666666667,1.0,2.0257699973780436,161,41,1.0,0.02576999737804364
691489734698,2025-08,4,1.0,4.0,5.0,6.0,7.0,6.0,5.0,6.666666666666667,4.0,5.5152664910456295,161,42,3.0,4.5152664910456295
691489734702,2025-08,4,1.0,3.0,4.0,4.0,3.0,1.0,3.6666666666666665,3.6666666666666665,3.0,3.4980933968585326,161,46,2.0,2.4980933968585326
691489734703,2025-08,32,15.0,21.0,21.0,25.0,14.0,14.0,22.333333333333332,21.0,21.0,22.83802053646132,161,47,6.0,7.838020536461318
691489734704,2025-08,12,15.0,17.0,38.0,18.0,18.0,24.0,24.333333333333332,22.166666666666668,17.0,18.831167636150198,161,48,2.0,3.831167636150198
691489734705,2025-08,29,21.0,18.0,29.0,20.0,14.0,20.0,22.333333333333332,21.0,18.0,22.519911524152604,161,49,3.0,1.5199115241526044
691489734706,2025-08,23,17.0,25.0,15.0,26.0,17.0,13.0,22.0,17.5,25.0,19.333204173984637,161,50,8.0,2.3332041739846368
691489734707,2025-08,5,2.0,2.0,4.0,7.0,4.0,1.0,4.333333333333333,3.6666666666666665,2.0,3.820719113077848,161,51,0.0,1.820719113077848
691489734708,2025-08,4,5.0,15.0,6.0,9.0,3.0,6.0,10.0,7.833333333333333,15.0,7.128278767972354,161,52,10.0,2.128278767972354
691489734709,2025-08,6,6.0,4.0,2.0,5.0,3.0,3.0,3.6666666666666665,4.0,4.0,4.514808376955266,161,53,2.0,1.4851916230447344
691489734710,2025-08,11,1.0,15.0,13.0,9.0,2.0,3.0,12.333333333333334,10.5,15.0,9.869458311648517,161,54,14.0,8.869458311648517
691489734711,2025-08,5,2.0,5.0,8.0,5.0,2.0,1.0,6.0,4.5,5.0,4.433373841188859,161,55,3.0,2.4333738411888586
691489734715,2025-08,1,1.0,2.0,1.0,1.0,3.0,1.0,1.3333333333333333,1.8333333333333333,2.0,1.6918182411353921,161,59,1.0,0.6918182411353921
691489734716,2025-08,2,1.0,1.0,1.0,2.0,1.0,2.0,1.3333333333333333,1.1666666666666667,1.0,1.7302637018478286,161,60,0.0,0.7302637018478286
691489734717,2025-08,2,2.0,1.0,3.0,2.0,1.0,2.0,2.0,1.8333333333333333,1.0,2.0265755020938947,161,61,1.0,0.0265755020938947
691489734719,2025-08,3,2.0,3.0,1.0,1.0,1.0,6.0,1.6666666666666667,2.0,3.0,2.9957446972932154,161,63,1.0,0.9957446972932154
691489734720,2025-08,11,2.0,5.0,5.0,6.0,6.0,26.0,5.333333333333333,7.833333333333333,5.0,10.547348886330065,161,64,3.0,8.547348886330065
691489734721,2025-08,13,17.0,13.0,15.0,12.0,11.0,20.0,13.333333333333334,11.666666666666666,13.0,13.315982049728609,161,65,4.0,3.6840179502713912
691489734722,2025-08,9,11.0,9.0,19.0,17.0,6.0,18.0,15.0,15.0,9.0,12.702372930526927,161,66,2.0,1.702372930526927
691489734723,2025-08,3,4.0,2.0,7.0,6.0,2.0,5.0,5.0,4.333333333333333,2.0,3.9747042442645304,161,67,2.0,0.025295755735469605
691489734724,2025-08,2,10.0,5.0,9.0,7.0,3.0,6.0,7.0,6.0,5.0,4.856574920388503,161,68,5.0,5.143425079611497
691489734725,2025-08,5,5.0,4.0,6.0,3.0,2.0,5.0,4.333333333333333,4.166666666666667,4.0,4.574845255986308,161,69,1.0,0.4251547440136916
691489734726,2025-08,17,10.0,21.0,26.0,10.0,17.0,21.0,19.0,19.333333333333332,21.0,18.62132527393132,161,70,11.0,8.621325273931319
691489734729,2025-08,36,42.0,25.0,29.0,39.0,17.0,37.0,31.0,26.833333333333332,25.0,30.2390329925498,161,73,17.0,11.760967007450201
691489734730,2025-08,44,22.0,43.0,32.0,25.0,23.0,28.0,33.333333333333336,29.666666666666668,43.0,34.20343758166392,161,74,21.0,12.20343758166392
691489734731,2025-08,26,15.0,32.0,28.0,30.0,24.0,23.0,30.0,26.0,32.0,25.994640771284693,161,75,17.0,10.994640771284693
691489734732,2025-08,14,21.0,22.0,40.0,28.0,27.0,32.0,30.0,30.666666666666668,22.0,24.61149683239779,161,76,1.0,3.6114968323977905
691489734733,2025-08,69,54.0,62.0,44.0,69.0,57.0,56.0,58.333333333333336,58.166666666666664,62.0,59.97550079165761,161,77,8.0,5.975500791657609
691489734734,2025-08,59,55.0,79.0,94.0,72.0,62.0,65.0,81.66666666666667,76.33333333333333,79.0,68.36832667449121,161,78,24.0,13.368326674491215
691489734735,2025-08,102,54.0,74.0,55.0,77.0,51.0,70.0,68.66666666666667,67.16666666666667,74.0,76.0733779253899,161,79,20.0,22.073377925389906
691489734736,2025-08,24,10.0,12.0,11.0,9.0,16.0,17.0,10.666666666666666,10.5,12.0,15.538758525576322,161,80,2.0,5.538758525576322
691489734737,2025-08,1,1.0,2.0,6.0,5.0,2.0,2.0,4.333333333333333,3.1666666666666665,2.0,2.5537384732351303,161,81,1.0,1.5537384732351303
691489734738,2025-08,7,4.0,8.0,3.0,8.0,1.0,2.0,6.333333333333333,5.5,8.0,5.691001177227595,161,82,4.0,1.6910011772275952
691489734739,2025-08,8,4.0,9.0,4.0,5.0,4.0,9.0,6.0,5.0,9.0,6.86557825487686,161,83,5.0,2.8655782548768602
691489734740,2025-08,4,2.0,5.0,5.0,3.0,1.0,4.0,4.333333333333333,5.0,5.0,4.473173826729954,161,84,3.0,2.473173826729954
691489734741,2025-08,5,8.0,6.0,7.0,11.0,6.0,12.0,8.0,6.333333333333333,6.0,6.897693845933572,161,85,2.0,1.1023061540664276
691489734742,2025-08,1,3.0,4.0,2.0,1.0,3.0,1.0,2.3333333333333335,3.5,4.0,2.5092879804506483,161,86,1.0,0.49071201954935173
691489734743,2025-08,4,4.0,3.0,2.0,3.0,3.0,6.0,2.6666666666666665,2.6666666666666665,3.0,3.6933369589526555,161,87,1.0,0.30666304104734454
691489734744,2025-08,1,1.0,2.0,4.0,3.0,3.0,2.0,3.0,3.8333333333333335,2.0,2.6693348429221135,161,88,1.0,1.6693348429221135
695784701986,2025-08,3,1.0,1.0,1.0,1.0,1.0,1.0,1.0,1.1666666666666667,1.0,1.854496895749449,162,34,0.0,0.854496895749449
695784701991,2025-08,31,9.0,11.0,20.0,10.0,8.0,9.0,13.666666666666666,11.333333333333334,11.0,16.752919807036314,162,39,2.0,7.752919807036314
695784701992,2025-08,13,4.0,11.0,13.0,22.0,3.0,10.0,15.333333333333334,12.0,11.0,11.896593850359812,162,40,7.0,7.896593850359812
695784701995,2025-08,3,2.0,1.0,3.0,2.0,3.0,3.0,2.0,2.5,1.0,2.7429836590261303,162,43,1.0,0.7429836590261303
695784701997,2025-08,2,1.0,1.0,1.0,2.0,1.0,3.0,1.3333333333333333,2.0,1.0,2.1358443885015994,162,45,0.0,1.1358443885015994
695784701998,2025-08,1,1.0,14.0,11.0,9.0,7.0,5.0,11.333333333333334,8.666666666666666,14.0,6.6443419944840505,162,46,13.0,5.6443419944840505
695784702000,2025-08,19,17.0,28.0,26.0,16.0,12.0,19.0,23.333333333333332,22.0,28.0,20.636920843642606,162,48,11.0,3.6369208436426064
695784702001,2025-08,19,10.0,25.0,16.0,17.0,8.0,21.0,19.333333333333332,14.666666666666666,25.0,17.618980591860947,162,49,15.0,7.618980591860947
695784702002,2025-08,21,23.0,25.0,19.0,29.0,13.0,25.0,24.333333333333332,23.833333333333332,25.0,22.500737064634805,162,50,2.0,0.49926293536519495
695784702003,2025-08,9,4.0,13.0,11.0,11.0,10.0,7.0,11.666666666666666,9.666666666666666,13.0,9.61376336676119,162,51,9.0,5.613763366761191
695784702004,2025-08,6,2.0,7.0,8.0,3.0,10.0,7.0,6.0,6.833333333333333,7.0,6.732443657224147,162,52,5.0,4.732443657224147
695784702005,2025-08,4,1.0,3.0,1.0,3.0,8.0,5.0,2.3333333333333335,2.8333333333333335,3.0,3.7803797805196044,162,53,2.0,2.7803797805196044
695784702006,2025-08,5,10.0,9.0,2.0,5.0,4.0,6.0,5.333333333333333,6.166666666666667,9.0,5.933619806357019,162,54,1.0,4.066380193642981
695784702008,2025-08,4,7.0,7.0,7.0,13.0,6.0,11.0,9.0,7.166666666666667,7.0,6.944178857296436,162,56,0.0,0.05582114270356442
695784702009,2025-08,3,2.0,2.0,6.0,2.0,1.0,4.0,3.3333333333333335,2.1666666666666665,2.0,2.904506534498365,162,57,0.0,0.9045065344983652
695784702014,2025-08,3,3.0,3.0,1.0,5.0,4.0,4.0,3.0,3.1666666666666665,3.0,3.390804848639501,162,62,0.0,0.39080484863950105
695784702024,2025-08,1,2.0,1.0,1.0,6.0,2.0,4.0,2.6666666666666665,2.0,1.0,2.1587013498486556,162,72,1.0,0.15870134984865558
695784702025,2025-08,4,5.0,6.0,15.0,6.0,6.0,6.0,9.0,6.333333333333333,6.0,5.959785843583304,162,73,1.0,0.9597858435833038
695784702026,2025-08,29,29.0,58.0,58.0,73.0,65.0,20.0,63.0,64.16666666666667,58.0,46.38779737153645,162,74,29.0,17.38779737153645
695784702027,2025-08,16,13.0,20.0,15.0,17.0,9.0,14.0,17.333333333333332,15.5,20.0,15.579346216235663,162,75,7.0,2.5793462162356633
695784702028,2025-08,7,9.0,15.0,5.0,10.0,7.0,10.0,10.0,11.833333333333334,15.0,9.992523326834673,162,76,6.0,0.9925233268346734
695784702029,2025-08,95,97.0,116.0,93.0,92.0,51.0,63.0,100.33333333333333,87.16666666666667,116.0,86.49792402336436,162,77,19.0,10.502075976635638
695784702030,2025-08,56,50.0,72.0,75.0,54.0,77.0,102.0,67.0,81.16666666666667,72.0,72.29375693465137,162,78,22.0,22.29375693465137
695784702031,2025-08,32,23.0,33.0,19.0,32.0,22.0,19.0,28.0,27.0,33.0,27.317263334081503,162,79,10.0,4.3172633340815025
695784702032,2025-08,23,8.0,19.0,10.0,15.0,11.0,18.0,14.666666666666666,16.333333333333332,19.0,18.092628901872494,162,80,11.0,10.092628901872494
695784702033,2025-08,15,12.0,13.0,11.0,15.0,10.0,6.0,13.0,12.333333333333334,13.0,12.246422301800369,162,81,1.0,0.24642230180036861
695784702034,2025-08,5,12.0,6.0,11.0,8.0,2.0,1.0,8.333333333333334,6.0,6.0,5.264774937682226,162,82,6.0,6.735225062317774
695784702035,2025-08,4,3.0,12.0,1.0,2.0,5.0,4.0,5.0,4.833333333333333,12.0,5.1771959838581125,162,83,9.0,2.1771959838581125
695784702036,2025-08,2,5.0,9.0,4.0,2.0,1.0,4.0,5.0,3.1666666666666665,9.0,3.66261595539967,162,84,4.0,1.3373840446003298
695784702037,2025-08,6,7.0,8.0,15.0,16.0,5.0,10.0,13.0,9.666666666666666,8.0,8.70292802068189,162,85,1.0,1.70292802068189
695784702038,2025-08,4,6.0,10.0,6.0,10.0,3.0,11.0,8.666666666666666,6.666666666666667,10.0,6.852002482554495,162,86,4.0,0.8520024825544947
695784702039,2025-08,8,7.0,1.0,8.0,8.0,3.0,9.0,5.666666666666667,5.833333333333333,1.0,6.461089782066194,162,87,6.0,0.5389102179338057
695784702040,2025-08,4,1.0,1.0,1.0,2.0,1.0,1.0,1.3333333333333333,1.6666666666666667,1.0,2.3450679763275506,162,88,0.0,1.3450679763275506
700079669286,2025-08,2,1.0,1.0,6.0,1.0,1.0,2.0,2.6666666666666665,2.3333333333333335,1.0,2.2683832494634544,163,38,0.0,1.2683832494634544
700079669287,2025-08,1,1.0,1.0,3.0,3.0,2.0,1.0,2.3333333333333335,1.8333333333333333,1.0,1.6861276578286741,163,39,0.0,0.6861276578286741
700079669288,2025-08,8,6.0,8.0,6.0,10.0,7.0,9.0,8.0,8.0,8.0,8.124973936686093,163,40,2.0,2.124973936686093
700079669289,2025-08,1,5.0,1.0,5.0,3.0,2.0,3.0,3.0,2.6666666666666665,1.0,2.2934677871588622,163,41,4.0,2.7065322128411378
700079669293,2025-08,3,5.0,2.0,5.0,6.0,15.0,16.0,4.333333333333333,8.166666666666666,2.0,7.093973952447819,163,45,3.0,2.0939739524478194
700079669294,2025-08,9,4.0,10.0,7.0,7.0,2.0,11.0,8.0,6.5,10.0,8.125912850580509,163,46,6.0,4.125912850580509
700079669296,2025-08,14,9.0,23.0,26.0,29.0,19.0,20.0,26.0,23.166666666666668,23.0,19.8942483165316,163,48,14.0,10.894248316531598
700079669297,2025-08,26,27.0,29.0,31.0,32.0,34.0,25.0,30.666666666666668,29.166666666666668,29.0,27.544185441130264,163,49,2.0,0.5441854411302636
700079669298,2025-08,5,16.0,14.0,11.0,18.0,12.0,9.0,14.333333333333334,14.333333333333334,14.0,10.71605113356502,163,50,2.0,5.283948866434979
700079669299,2025-08,5,5.0,8.0,7.0,12.0,12.0,11.0,9.0,8.5,8.0,7.988539362041746,163,51,3.0,2.988539362041746
700079669300,2025-08,15,13.0,13.0,6.0,15.0,3.0,26.0,11.333333333333334,12.333333333333334,13.0,14.341222708712078,163,52,0.0,1.3412227087120776
700079669301,2025-08,6,5.0,1.0,2.0,4.0,1.0,8.0,2.3333333333333335,2.8333333333333335,1.0,4.312898667289501,163,53,4.0,0.6871013327104993
700079669302,2025-08,3,3.0,3.0,4.0,3.0,6.0,9.0,3.3333333333333335,5.333333333333333,3.0,4.869498698260765,163,54,0.0,1.8694986982607649
700079669303,2025-08,23,12.0,15.0,14.0,18.0,17.0,18.0,15.666666666666666,14.5,15.0,17.5232206668551,163,55,3.0,5.523220666855099
700079669304,2025-08,8,3.0,7.0,4.0,8.0,2.0,7.0,6.333333333333333,5.666666666666667,7.0,6.637010617640379,163,56,4.0,3.637010617640379
700079669305,2025-08,3,1.0,1.0,1.0,5.0,1.0,1.0,2.3333333333333335,1.8333333333333333,1.0,2.22057400177124,163,57,0.0,1.22057400177124
700079669308,2025-08,4,3.0,10.0,4.0,4.0,3.0,4.0,6.0,6.333333333333333,10.0,5.557034761322358,163,60,7.0,2.557034761322358
700079669309,2025-08,5,5.0,6.0,3.0,4.0,6.0,6.0,4.333333333333333,5.166666666666667,6.0,5.342624043368457,163,61,1.0,0.3426240433684571
700079669310,2025-08,1,10.0,4.0,1.0,3.0,4.0,2.0,2.6666666666666665,3.0,4.0,2.544431954489382,163,62,6.0,7.455568045510618
700079669311,2025-08,4,6.0,1.0,6.0,4.0,3.0,5.0,3.6666666666666665,4.833333333333333,1.0,4.247281060304042,163,63,5.0,1.7527189396959582
700079669312,2025-08,1,5.0,1.0,5.0,6.0,1.0,1.0,4.0,2.6666666666666665,1.0,2.106613270623516,163,64,4.0,2.893386729376484
700079669314,2025-08,4,1.0,3.0,4.0,2.0,4.0,1.0,3.0,3.1666666666666665,3.0,3.2987278460740663,163,66,2.0,2.2987278460740663
700079669322,2025-08,2,4.0,3.0,5.0,5.0,2.0,2.0,4.333333333333333,4.166666666666667,3.0,3.2504319732749565,163,74,1.0,0.7495680267250435
700079669323,2025-08,20,23.0,20.0,26.0,32.0,23.0,12.0,26.0,22.0,20.0,20.138584227770668,163,75,3.0,2.861415772229332
700079669324,2025-08,29,35.0,36.0,40.0,44.0,41.0,34.0,40.0,40.833333333333336,36.0,35.27326008125712,163,76,1.0,0.27326008125712065
700079669325,2025-08,52,63.0,56.0,47.0,48.0,52.0,45.0,50.333333333333336,49.833333333333336,56.0,49.38312362631133,163,77,7.0,13.616876373688669
700079669326,2025-08,35,22.0,28.0,23.0,17.0,14.0,19.0,22.666666666666668,20.5,28.0,24.746755788994676,163,78,6.0,2.746755788994676
700079669327,2025-08,21,22.0,25.0,25.0,24.0,19.0,18.0,24.666666666666668,21.666666666666668,25.0,21.162026392815925,163,79,3.0,0.8379736071840753
700079669328,2025-08,8,14.0,14.0,10.0,17.0,10.0,14.0,13.666666666666666,13.833333333333334,14.0,11.90026763581795,163,80,0.0,2.0997323641820493
700079669329,2025-08,7,7.0,11.0,19.0,13.0,2.0,17.0,14.333333333333334,10.833333333333334,11.0,10.533545242063436,163,81,4.0,3.533545242063436
700079669330,2025-08,7,2.0,4.0,12.0,3.0,2.0,2.0,6.333333333333333,4.333333333333333,4.0,5.045142204908503,163,82,2.0,3.045142204908503
700079669332,2025-08,2,2.0,4.0,6.0,2.0,2.0,8.0,4.0,3.5,4.0,3.83606856825965,163,84,2.0,1.83606856825965
700079669333,2025-08,10,5.0,4.0,2.0,8.0,1.0,7.0,4.666666666666667,4.0,4.0,6.206729002771905,163,85,1.0,1.2067290027719046
700079669334,2025-08,3,1.0,2.0,1.0,2.0,1.0,3.0,1.6666666666666667,1.6666666666666667,2.0,2.424990406193988,163,86,1.0,1.424990406193988
700079669336,2025-08,7,4.0,5.0,7.0,4.0,5.0,6.0,5.333333333333333,6.0,5.0,6.192739977195171,163,88,1.0,2.1927399771951714
704374636581,2025-08,2,2.0,3.0,2.0,1.0,1.0,1.0,2.0,1.6666666666666667,3.0,1.995063139756816,164,37,1.0,0.004936860243184071
704374636583,2025-08,1,3.0,1.0,2.0,1.0,1.0,2.0,1.3333333333333333,1.6666666666666667,1.0,1.6101298743809487,164,39,2.0,1.3898701256190513
704374636584,2025-08,4,4.0,4.0,4.0,2.0,3.0,5.0,3.3333333333333335,3.0,4.0,3.827205715635614,164,40,0.0,0.17279428436438593
704374636585,2025-08,3,12.0,6.0,9.0,9.0,11.0,8.0,8.0,9.166666666666666,6.0,6.954000632410558,164,41,6.0,5.045999367589442
704374636586,2025-08,9,8.0,8.0,13.0,11.0,8.0,8.0,10.666666666666666,9.833333333333334,8.0,9.230728633698087,164,42,0.0,1.230728633698087
704374636589,2025-08,12,11.0,12.0,8.0,12.0,9.0,10.0,10.666666666666666,10.166666666666666,12.0,10.800679110783804,164,45,1.0,0.19932088921619595
704374636591,2025-08,2,7.0,2.0,9.0,5.0,11.0,5.0,5.333333333333333,6.5,2.0,4.80047908715834,164,47,5.0,2.1995209128416597
704374636592,2025-08,27,18.0,27.0,25.0,17.0,27.0,32.0,23.0,20.0,27.0,24.409051000871173,164,48,9.0,6.409051000871173
704374636593,2025-08,111,95.0,97.0,89.0,104.0,87.0,116.0,96.66666666666667,104.33333333333333,97.0,103.15883451732924,164,49,2.0,8.15883451732924
704374636594,2025-08,63,69.0,68.0,78.0,95.0,87.0,113.0,80.33333333333333,89.33333333333333,68.0,79.96498362919482,164,50,1.0,10.964983629194819
704374636595,2025-08,11,5.0,11.0,3.0,5.0,6.0,10.0,6.333333333333333,7.666666666666667,11.0,9.012388635517686,164,51,6.0,4.012388635517686
704374636596,2025-08,10,13.0,12.0,15.0,12.0,21.0,17.0,13.0,15.333333333333334,12.0,13.571666960299183,164,52,1.0,0.5716669602991828
704374636597,2025-08,1,2.0,1.0,3.0,4.0,2.0,1.0,2.6666666666666665,2.1666666666666665,1.0,1.8332172725811695,164,53,1.0,0.1667827274188305
704374636599,2025-08,9,10.0,6.0,3.0,6.0,5.0,6.0,5.0,5.5,6.0,6.638063766220117,164,55,4.0,3.3619362337798826
704374636600,2025-08,11,11.0,10.0,9.0,10.0,3.0,9.0,9.666666666666666,10.166666666666666,10.0,9.889945158842146,164,56,1.0,1.1100548411578544
704374636601,2025-08,3,2.0,9.0,6.0,9.0,2.0,2.0,8.0,5.166666666666667,9.0,4.726829506645881,164,57,7.0,2.726829506645881
704374636602,2025-08,1,2.0,4.0,2.0,3.0,3.0,2.0,3.0,3.5,4.0,2.7089148523859867,164,58,2.0,0.7089148523859867
704374636603,2025-08,4,3.0,1.0,4.0,3.0,1.0,3.0,2.6666666666666665,2.5,1.0,3.0253722675450803,164,59,2.0,0.025372267545080263
704374636604,2025-08,2,2.0,4.0,5.0,2.0,3.0,3.0,3.6666666666666665,3.6666666666666665,4.0,3.255222046258549,164,60,2.0,1.2552220462585488
704374636607,2025-08,3,8.0,5.0,8.0,4.0,4.0,6.0,5.666666666666667,5.333333333333333,5.0,4.816585997048208,164,63,3.0,3.1834140029517917
704374636609,2025-08,2,1.0,2.0,7.0,4.0,3.0,10.0,4.333333333333333,4.166666666666667,2.0,4.237213219488282,164,65,1.0,3.2372132194882823
704374636610,2025-08,4,5.0,5.0,3.0,4.0,1.0,10.0,4.0,4.666666666666667,5.0,5.090325613747602,164,66,0.0,0.09032561374760206
704374636611,2025-08,3,3.0,3.0,1.0,1.0,2.0,8.0,1.6666666666666667,2.1666666666666665,3.0,3.3460163668508116,164,67,0.0,0.3460163668508116
704374636616,2025-08,1,5.0,1.0,3.0,3.0,2.0,2.0,2.3333333333333335,2.0,1.0,1.869426991494258,164,72,4.0,3.130573008505742
704374636617,2025-08,10,13.0,11.0,6.0,9.0,2.0,10.0,8.666666666666666,10.5,11.0,9.767041320165445,164,73,2.0,3.232958679834555
704374636618,2025-08,8,6.0,7.0,2.0,7.0,4.0,1.0,5.333333333333333,5.166666666666667,7.0,5.672432925818688,164,74,1.0,0.3275670741813119
704374636619,2025-08,13,15.0,23.0,21.0,19.0,11.0,7.0,21.0,16.5,23.0,14.864534494113668,164,75,8.0,0.13546550588633188
704374636620,2025-08,15,12.0,14.0,9.0,12.0,6.0,14.0,11.666666666666666,9.0,14.0,11.930372442888663,164,76,2.0,0.06962755711133717
704374636621,2025-08,40,35.0,12.0,8.0,8.0,11.0,12.0,9.333333333333334,9.333333333333334,12.0,18.77448791049867,164,77,23.0,16.22551208950133
704374636622,2025-08,28,28.0,29.0,16.0,19.0,22.0,22.0,21.333333333333332,20.5,29.0,23.35367848371032,164,78,1.0,4.646321516289682
704374636623,2025-08,20,18.0,29.0,14.0,16.0,14.0,19.0,19.666666666666668,16.833333333333332,29.0,18.94883104957031,164,79,11.0,0.948831049570309
704374636624,2025-08,23,18.0,30.0,17.0,19.0,11.0,16.0,22.0,16.833333333333332,30.0,19.642915476899898,164,80,12.0,1.6429154768998977
704374636625,2025-08,4,5.0,6.0,7.0,4.0,5.0,5.0,5.666666666666667,5.0,6.0,4.980231136166597,164,81,1.0,0.01976886383340304
704374636626,2025-08,2,1.0,4.0,4.0,2.0,3.0,3.0,3.3333333333333335,3.0,4.0,2.9959254696414215,164,82,3.0,1.9959254696414215
704374636628,2025-08,2,4.0,6.0,5.0,3.0,3.0,7.0,4.666666666666667,4.0,6.0,4.137978775901038,164,84,2.0,0.13797877590103802
704374636631,2025-08,2,1.0,2.0,2.0,2.0,1.0,1.0,2.0,1.5,2.0,1.863066173160247,164,87,1.0,0.8630661731602469
708669603882,2025-08,3,2.0,4.0,4.0,2.0,4.0,9.0,3.3333333333333335,3.5,4.0,4.2561649249458195,165,42,2.0,2.2561649249458195
708669603884,2025-08,2,3.0,4.0,1.0,3.0,1.0,1.0,2.6666666666666665,2.8333333333333335,4.0,2.5313137269819315,165,44,1.0,0.46868627301806853
708669603885,2025-08,20,16.0,25.0,23.0,17.0,9.0,19.0,21.666666666666668,19.833333333333332,25.0,19.672464120136944,165,45,9.0,3.6724641201369437
708669603886,2025-08,6,8.0,14.0,12.0,10.0,9.0,15.0,12.0,10.833333333333334,14.0,10.235052826608122,165,46,6.0,2.235052826608122
708669603887,2025-08,7,17.0,13.0,10.0,6.0,15.0,12.0,9.666666666666666,12.166666666666666,13.0,10.489597949848893,165,47,4.0,6.510402050151107
708669603888,2025-08,24,17.0,16.0,19.0,26.0,20.0,34.0,20.333333333333332,19.833333333333332,16.0,22.335819757276006,165,48,1.0,5.335819757276006
708669603889,2025-08,40,42.0,40.0,52.0,45.0,28.0,44.0,45.666666666666664,37.666666666666664,40.0,39.08120647419494,165,49,2.0,2.9187935258050572
708669603890,2025-08,19,22.0,12.0,26.0,20.0,8.0,30.0,19.333333333333332,17.5,12.0,18.730353985989172,165,50,10.0,3.269646014010828
708669603891,2025-08,29,39.0,25.0,24.0,23.0,25.0,24.0,24.0,27.0,25.0,26.172436090814642,165,51,14.0,12.827563909185358
708669603892,2025-08,1,5.0,1.0,5.0,5.0,10.0,1.0,3.6666666666666665,4.5,1.0,3.035128117343911,165,52,4.0,1.9648718826560891
708669603896,2025-08,3,3.0,1.0,1.0,2.0,1.0,3.0,1.3333333333333333,1.8333333333333333,1.0,2.368185177833112,165,56,2.0,0.6318148221668878
708669603901,2025-08,2,2.0,1.0,2.0,1.0,1.0,2.0,1.3333333333333333,1.1666666666666667,1.0,1.7313299872183663,165,61,1.0,0.2686700127816337
708669603902,2025-08,8,10.0,2.0,6.0,14.0,7.0,4.0,7.333333333333333,6.5,2.0,6.455738268756049,165,62,8.0,3.5442617312439513
708669603903,2025-08,4,2.0,3.0,1.0,2.0,1.0,3.0,2.0,2.0,3.0,2.936417776874565,165,63,1.0,0.9364177768745652
708669603904,2025-08,9,3.0,12.0,17.0,13.0,5.0,3.0,14.0,11.5,12.0,9.699518055119698,165,64,9.0,6.6995180551196984
708669603905,2025-08,9,12.0,17.0,12.0,19.0,11.0,22.0,16.0,16.166666666666668,17.0,14.51029382627539,165,65,5.0,2.51029382627539
708669603906,2025-08,1,3.0,3.0,2.0,4.0,1.0,1.0,3.0,2.3333333333333335,3.0,2.0372801799416465,165,66,0.0,0.9627198200583535
708669603912,2025-08,1,5.0,4.0,7.0,7.0,2.0,7.0,6.0,4.833333333333333,4.0,4.081751066159873,165,72,1.0,0.9182489338401272
708669603914,2025-08,9,8.0,7.0,15.0,4.0,6.0,4.0,8.666666666666666,7.0,7.0,7.406642533718339,165,74,1.0,0.5933574662816614
708669603915,2025-08,18,12.0,12.0,17.0,15.0,17.0,22.0,14.666666666666666,18.0,12.0,17.427630270112278,165,75,0.0,5.427630270112278
708669603916,2025-08,20,18.0,16.0,22.0,25.0,8.0,18.0,21.0,17.5,16.0,17.96670323175323,165,76,2.0,0.03329676824677108
708669603917,2025-08,14,31.0,11.0,15.0,16.0,21.0,16.0,14.0,16.333333333333332,11.0,14.960424691102848,165,77,20.0,16.039575308897152
708669603918,2025-08,16,14.0,13.0,22.0,7.0,12.0,14.0,14.0,12.666666666666666,13.0,13.865368704019398,165,78,1.0,0.13463129598060242
708669603919,2025-08,17,3.0,8.0,12.0,3.0,8.0,13.0,7.666666666666667,7.166666666666667,8.0,10.958930489770353,165,79,5.0,7.958930489770353
708669603920,2025-08,9,9.0,17.0,23.0,11.0,12.0,13.0,17.0,13.0,17.0,12.463715735139271,165,80,8.0,3.463715735139271
708669603921,2025-08,6,11.0,11.0,28.0,11.0,4.0,8.0,16.666666666666668,12.0,11.0,9.82479134053798,165,81,0.0,1.1752086594620206
712964571169,2025-08,2,1.0,1.0,1.0,1.0,1.0,1.0,1.0,1.0,1.0,1.5110154299238445,166,33,0.0,0.5110154299238445
712964571177,2025-08,2,2.0,1.0,2.0,1.0,1.0,1.0,1.3333333333333333,1.1666666666666667,1.0,1.60360099179983,166,41,1.0,0.39639900820017004
712964571180,2025-08,8,10.0,6.0,9.0,8.0,10.0,8.0,7.666666666666667,7.166666666666667,6.0,7.651519932606918,166,44,4.0,2.3484800673930817
712964571181,2025-08,14,7.0,13.0,10.0,12.0,9.0,10.0,11.666666666666666,10.166666666666666,13.0,11.562907379806727,166,45,6.0,4.5629073798067274
712964571182,2025-08,20,24.0,40.0,26.0,26.0,17.0,31.0,30.666666666666668,25.166666666666668,40.0,25.417629227183966,166,46,16.0,1.4176292271839657
712964571183,2025-08,11,12.0,17.0,12.0,12.0,9.0,16.0,13.666666666666666,12.666666666666666,17.0,12.822635756977546,166,47,5.0,0.8226357569775455
712964571185,2025-08,16,7.0,16.0,22.0,17.0,11.0,8.0,18.333333333333332,17.833333333333332,16.0,15.479047959100935,166,49,9.0,8.479047959100935
712964571186,2025-08,12,12.0,9.0,16.0,7.0,7.0,19.0,10.666666666666666,11.5,9.0,12.095566492495804,166,50,3.0,0.09556649249580396
712964571187,2025-08,16,13.0,22.0,26.0,16.0,16.0,15.0,21.333333333333332,18.166666666666668,22.0,17.466873661797063,166,51,9.0,4.466873661797063
712964571188,2025-08,8,3.0,6.0,1.0,12.0,2.0,4.0,6.333333333333333,4.833333333333333,6.0,5.896346455688395,166,52,3.0,2.896346455688395
712964571189,2025-08,1,3.0,3.0,6.0,7.0,7.0,12.0,5.333333333333333,4.833333333333333,3.0,4.7672219553830715,166,53,0.0,1.7672219553830715
712964571192,2025-08,2,2.0,1.0,10.0,5.0,2.0,4.0,5.333333333333333,3.6666666666666665,1.0,3.299503934299741,166,56,1.0,1.2995039342997412
712964571199,2025-08,3,3.0,4.0,6.0,8.0,6.0,8.0,6.0,5.166666666666667,4.0,5.052350069752988,166,63,1.0,2.052350069752988
712964571200,2025-08,9,14.0,15.0,19.0,17.0,24.0,10.0,17.0,16.5,15.0,13.561307539572153,166,64,1.0,0.4386924604278466
712964571201,2025-08,9,11.0,24.0,17.0,6.0,10.0,12.0,15.666666666666666,11.833333333333334,24.0,12.253300624234274,166,65,13.0,1.2533006242342744
712964571202,2025-08,4,1.0,1.0,1.0,2.0,1.0,1.0,1.3333333333333333,1.1666666666666667,1.0,2.1783569615864096,166,66,0.0,1.1783569615864096
712964571206,2025-08,2,6.0,9.0,11.0,9.0,2.0,2.0,9.666666666666666,7.166666666666667,9.0,5.290838556176583,166,70,3.0,0.7091614438234171
712964571209,2025-08,14,36.0,10.0,20.0,19.0,6.0,12.0,16.333333333333332,12.333333333333334,10.0,12.707717850709418,166,73,26.0,23.292282149290582
712964571210,2025-08,18,14.0,14.0,12.0,31.0,15.0,26.0,19.0,17.666666666666668,14.0,18.363776921550944,166,74,0.0,4.363776921550944
712964571211,2025-08,23,35.0,13.0,34.0,28.0,23.0,34.0,25.0,19.5,13.0,22.34449750575091,166,75,22.0,12.655502494249092
712964571212,2025-08,8,4.0,3.0,11.0,7.0,2.0,7.0,7.0,6.333333333333333,3.0,6.63294733134105,166,76,1.0,2.6329473313410503
712964571213,2025-08,9,9.0,5.0,14.0,13.0,3.0,11.0,10.666666666666666,8.166666666666666,5.0,8.63378193543782,166,77,4.0,0.36621806456217953
712964571214,2025-08,16,15.0,11.0,16.0,11.0,5.0,8.0,12.666666666666666,10.333333333333334,11.0,11.74325989077931,166,78,4.0,3.25674010922069
712964571215,2025-08,5,1.0,11.0,7.0,18.0,6.0,10.0,12.0,9.5,11.0,8.511592682638813,166,79,10.0,7.511592682638813
712964571216,2025-08,9,11.0,20.0,20.0,10.0,15.0,10.0,16.666666666666668,16.833333333333332,20.0,13.666508640664716,166,80,9.0,2.6665086406647163
712964571217,2025-08,9,9.0,11.0,16.0,7.0,16.0,18.0,11.333333333333334,12.0,11.0,11.848756326559855,166,81,2.0,2.8487563265598546
712964571223,2025-08,1,1.0,2.0,1.0,1.0,2.0,1.0,1.3333333333333333,1.6666666666666667,2.0,1.5970045624148685,166,87,1.0,0.5970045624148685
717259538477,2025-08,8,4.0,8.0,5.0,3.0,4.0,2.0,5.333333333333333,4.333333333333333,8.0,5.601935714463129,167,45,4.0,1.6019357144631288
717259538478,2025-08,33,41.0,45.0,34.0,36.0,37.0,39.0,38.333333333333336,39.833333333333336,45.0,37.074851428918336,167,46,4.0,3.925148571081664
717259538479,2025-08,14,4.0,5.0,12.0,5.0,1.0,3.0,7.333333333333333,8.0,5.0,8.555826637463241,167,47,1.0,4.555826637463241
717259538481,2025-08,11,6.0,8.0,8.0,5.0,6.0,7.0,7.0,7.666666666666667,8.0,8.477151067583005,167,49,2.0,2.477151067583005
717259538482,2025-08,12,18.0,16.0,9.0,19.0,18.0,15.0,14.666666666666666,15.166666666666666,16.0,14.197784357418616,167,50,2.0,3.802215642581384
717259538483,2025-08,16,21.0,13.0,29.0,21.0,16.0,18.0,21.0,21.0,13.0,18.074166660959985,167,51,8.0,2.9258333390400146
717259538484,2025-08,10,19.0,12.0,13.0,5.0,5.0,8.0,10.0,8.5,12.0,9.190155670761133,167,52,7.0,9.809844329238867
717259538485,2025-08,9,10.0,6.0,4.0,7.0,5.0,1.0,5.666666666666667,6.333333333333333,6.0,6.350234642250008,167,53,4.0,3.649765357749992
717259538488,2025-08,7,5.0,13.0,8.0,8.0,6.0,6.0,9.666666666666666,8.166666666666666,13.0,8.034213224406187,167,56,8.0,3.0342132244061872
717259538489,2025-08,2,1.0,4.0,1.0,1.0,1.0,2.0,2.0,2.1666666666666665,4.0,2.364863492895479,167,57,3.0,1.3648634928954788
717259538495,2025-08,5,3.0,3.0,3.0,5.0,2.0,1.0,3.6666666666666665,3.1666666666666665,3.0,3.5789838838519383,167,63,0.0,0.5789838838519383
717259538496,2025-08,9,15.0,17.0,13.0,17.0,19.0,6.0,15.666666666666666,15.166666666666666,17.0,12.41227194099646,167,64,2.0,2.58772805900354
717259538497,2025-08,4,1.0,7.0,6.0,4.0,1.0,10.0,5.666666666666667,4.666666666666667,7.0,5.4261224178502685,167,65,6.0,4.4261224178502685
717259538498,2025-08,11,3.0,4.0,6.0,7.0,5.0,8.0,5.666666666666667,7.333333333333333,4.0,8.002861208861201,167,66,1.0,5.0028612088612014
717259538501,2025-08,3,1.0,5.0,6.0,4.0,3.0,5.0,5.0,4.0,5.0,4.13102050792194,167,69,4.0,3.1310205079219404
717259538506,2025-08,26,18.0,11.0,7.0,26.0,4.0,14.0,14.666666666666666,10.333333333333334,11.0,15.555598859818211,167,74,7.0,2.444401140181789
717259538507,2025-08,6,8.0,2.0,7.0,3.0,5.0,4.0,4.0,3.1666666666666665,2.0,4.331599470497569,167,75,6.0,3.6684005295024313
717259538508,2025-08,20,9.0,12.0,7.0,11.0,12.0,5.0,10.0,9.5,12.0,12.287807660864498,167,76,3.0,3.287807660864498
717259538509,2025-08,20,16.0,30.0,15.0,27.0,14.0,30.0,24.0,27.666666666666668,30.0,24.510751096311537,167,77,14.0,8.510751096311537
717259538510,2025-08,17,19.0,29.0,22.0,17.0,31.0,27.0,22.666666666666668,22.666666666666668,29.0,22.051098984168572,167,78,10.0,3.051098984168572
717259538511,2025-08,26,24.0,21.0,20.0,24.0,19.0,17.0,21.666666666666668,23.333333333333332,21.0,22.394978033184266,167,79,3.0,1.605021966815734
717259538512,2025-08,5,5.0,9.0,12.0,10.0,4.0,6.0,10.333333333333334,10.166666666666666,9.0,7.8172048518675465,167,80,4.0,2.8172048518675465
717259538513,2025-08,24,17.0,17.0,29.0,27.0,12.0,17.0,24.333333333333332,21.833333333333332,17.0,21.03580091149336,167,81,0.0,4.035800911493361
717259538514,2025-08,13,6.0,11.0,9.0,11.0,6.0,12.0,10.333333333333334,9.0,11.0,10.726016558812299,167,82,5.0,4.726016558812299
717259538515,2025-08,14,10.0,9.0,22.0,12.0,15.0,21.0,14.333333333333334,13.833333333333334,9.0,14.420614230802103,167,83,1.0,4.420614230802103
717259538516,2025-08,4,4.0,6.0,9.0,1.0,4.0,3.0,5.333333333333333,6.5,6.0,5.151846481562146,167,84,2.0,1.1518464815621456
717259538519,2025-08,1,1.0,1.0,2.0,1.0,1.0,1.0,1.3333333333333333,1.1666666666666667,1.0,1.3156898642212695,167,87,0.0,0.31568986422126954
721554505770,2025-08,1,2.0,1.0,1.0,2.0,1.0,1.0,1.3333333333333333,1.8333333333333333,1.0,1.5369049318389187,168,42,1.0,0.46309506816108126
721554505773,2025-08,2,1.0,3.0,1.0,2.0,2.0,1.0,2.0,2.3333333333333335,3.0,2.255521547847941,168,45,2.0,1.2555215478479411
721554505775,2025-08,1,2.0,4.0,4.0,1.0,2.0,5.0,3.0,2.5,4.0,2.7215690394269183,168,47,2.0,0.7215690394269183
721554505779,2025-08,1,1.0,2.0,2.0,1.0,1.0,2.0,1.6666666666666667,1.3333333333333333,2.0,1.6113647644947768,168,51,1.0,0.6113647644947768
721554505781,2025-08,1,3.0,1.0,2.0,2.0,1.0,1.0,1.6666666666666667,1.5,1.0,1.462779478973765,168,53,2.0,1.537220521026235
721554505789,2025-08,2,4.0,2.0,8.0,3.0,3.0,2.0,4.333333333333333,3.8333333333333335,2.0,3.1053068650164324,168,61,2.0,0.8946931349835676
721554505791,2025-08,1,1.0,3.0,2.0,1.0,1.0,1.0,2.0,1.5,3.0,1.6515816739312097,168,63,2.0,0.6515816739312097
721554505793,2025-08,4,4.0,7.0,5.0,10.0,12.0,3.0,7.333333333333333,9.0,7.0,6.587203395473428,168,65,3.0,2.587203395473428
721554505794,2025-08,14,7.0,8.0,5.0,26.0,10.0,8.0,13.0,11.0,8.0,11.380875605111662,168,66,1.0,4.380875605111662
721554505797,2025-08,1,5.0,4.0,7.0,1.0,3.0,4.0,4.0,3.5,4.0,3.077551084850957,168,69,1.0,1.922448915149043
721554505798,2025-08,2,7.0,5.0,1.0,1.0,2.0,2.0,2.3333333333333335,2.5,5.0,2.6276230764709707,168,70,2.0,4.372376923529029
721554505800,2025-08,14,6.0,5.0,14.0,43.0,8.0,24.0,20.666666666666668,14.166666666666666,5.0,15.009031540784694,168,72,1.0,9.009031540784694
721554505801,2025-08,2,1.0,1.0,2.0,1.0,1.0,4.0,1.3333333333333333,1.3333333333333333,1.0,2.0423583163024865,168,73,0.0,1.0423583163024865
721554505802,2025-08,5,6.0,10.0,18.0,5.0,11.0,11.0,11.0,11.833333333333334,10.0,9.440978811834587,168,74,4.0,3.4409788118345865
721554505803,2025-08,5,4.0,8.0,9.0,11.0,4.0,4.0,9.333333333333334,7.5,8.0,6.48514914984138,168,75,4.0,2.48514914984138
721554505804,2025-08,4,1.0,4.0,1.0,8.0,3.0,1.0,4.333333333333333,3.5,4.0,3.587648707366194,168,76,3.0,2.587648707366194
721554505805,2025-08,14,19.0,16.0,20.0,22.0,13.0,15.0,19.333333333333332,17.5,16.0,15.870388920360556,168,77,3.0,3.129611079639444
721554505806,2025-08,34,29.0,31.0,36.0,31.0,16.0,33.0,32.666666666666664,28.166666666666668,31.0,30.203382580204345,168,78,2.0,1.2033825802043445
721554505807,2025-08,15,16.0,23.0,33.0,24.0,16.0,11.0,26.666666666666668,20.333333333333332,23.0,18.049534587833673,168,79,7.0,2.049534587833673
721554505808,2025-08,23,9.0,17.0,23.0,18.0,14.0,17.0,19.333333333333332,15.166666666666666,17.0,18.057931148880627,168,80,8.0,9.057931148880627
721554505809,2025-08,13,9.0,7.0,8.0,8.0,14.0,7.0,7.666666666666667,9.833333333333334,7.0,10.08480569190682,168,81,2.0,1.0848056919068192
721554505810,2025-08,14,15.0,8.0,17.0,12.0,6.0,13.0,12.333333333333334,11.166666666666666,8.0,11.859015106487155,168,82,7.0,3.1409848935128455
721554505811,2025-08,14,11.0,4.0,5.0,4.0,1.0,6.0,4.333333333333333,4.666666666666667,4.0,7.420175788509011,168,83,7.0,3.5798242114909886
721554505812,2025-08,4,5.0,7.0,6.0,6.0,4.0,6.0,6.333333333333333,6.5,7.0,5.716108054830865,168,84,2.0,0.7161080548308654
721554505813,2025-08,3,1.0,2.0,1.0,2.0,1.0,2.0,1.6666666666666667,1.6666666666666667,2.0,2.2972614107754517,168,85,1.0,1.2972614107754517
721554505815,2025-08,1,1.0,1.0,3.0,2.0,1.0,1.0,2.0,1.6666666666666667,1.0,1.5553650408497504,168,87,0.0,0.5553650408497504
725849473057,2025-08,2,1.0,3.0,1.0,3.0,3.0,2.0,2.3333333333333335,2.3333333333333335,3.0,2.4584428219983554,169,33,2.0,1.4584428219983554
725849473065,2025-08,1,1.0,1.0,2.0,1.0,4.0,1.0,1.3333333333333333,2.3333333333333335,1.0,1.8224122533710254,169,41,0.0,0.8224122533710254
725849473066,2025-08,5,3.0,2.0,5.0,5.0,5.0,5.0,4.0,3.3333333333333335,2.0,4.224855105843515,169,42,1.0,1.224855105843515
725849473077,2025-08,3,3.0,1.0,1.0,1.0,1.0,3.0,1.0,1.6666666666666667,1.0,2.2766659013276644,169,53,2.0,0.7233340986723356
725849473081,2025-08,6,1.0,11.0,10.0,5.0,1.0,8.0,8.666666666666666,6.0,11.0,6.824561487352543,169,57,10.0,5.824561487352543
725849473082,2025-08,2,4.0,1.0,1.0,3.0,2.0,3.0,1.6666666666666667,2.6666666666666665,1.0,2.4333180202216624,169,58,3.0,1.5666819797783376
725849473089,2025-08,7,5.0,10.0,6.0,11.0,5.0,6.0,9.0,7.333333333333333,10.0,7.41380786039103,169,65,5.0,2.41380786039103
725849473090,2025-08,3,1.0,2.0,1.0,1.0,2.0,2.0,1.3333333333333333,1.3333333333333333,2.0,2.1894151364964323,169,66,1.0,1.1894151364964323
725849473097,2025-08,1,2.0,6.0,4.0,8.0,3.0,11.0,6.0,4.166666666666667,6.0,4.559283435906737,169,73,4.0,2.559283435906737
725849473098,2025-08,1,1.0,2.0,3.0,5.0,1.0,3.0,3.3333333333333335,2.1666666666666665,2.0,2.1977564278110915,169,74,1.0,1.1977564278110915
725849473099,2025-08,8,4.0,6.0,7.0,7.0,12.0,7.0,6.666666666666667,6.833333333333333,6.0,7.3811575561249585,169,75,2.0,3.3811575561249585
725849473100,2025-08,5,2.0,8.0,6.0,7.0,8.0,6.0,7.0,7.833333333333333,8.0,6.753879755146028,169,76,6.0,4.753879755146028
725849473101,2025-08,22,7.0,10.0,18.0,13.0,20.0,26.0,13.666666666666666,16.0,10.0,18.28144293845282,169,77,3.0,11.28144293845282
725849473102,2025-08,28,16.0,18.0,14.0,13.0,26.0,21.0,15.0,15.5,18.0,20.189957393278835,169,78,2.0,4.189957393278835
725849473103,2025-08,8,14.0,10.0,12.0,8.0,3.0,14.0,10.0,8.0,10.0,8.981590150357558,169,79,4.0,5.018409849642442
725849473104,2025-08,51,38.0,36.0,45.0,38.0,37.0,42.0,39.666666666666664,36.333333333333336,36.0,40.94114684536386,169,80,2.0,2.9411468453638605
725849473105,2025-08,17,22.0,9.0,10.0,11.0,13.0,10.0,10.0,10.833333333333334,9.0,12.320444272734404,169,81,13.0,9.679555727265596
725849473106,2025-08,5,11.0,6.0,14.0,7.0,2.0,3.0,9.0,7.5,6.0,6.0954627053711405,169,82,5.0,4.9045372946288595
725849473107,2025-08,13,18.0,16.0,21.0,12.0,8.0,17.0,16.333333333333332,13.5,16.0,13.985556804367496,169,83,2.0,4.014443195632504
725849473108,2025-08,3,4.0,2.0,5.0,1.0,4.0,3.0,2.6666666666666665,3.5,2.0,3.266106104589289,169,84,2.0,0.733893895410711
730144440362,2025-08,1,2.0,1.0,3.0,1.0,1.0,1.0,1.6666666666666667,2.0,1.0,1.6305567790854454,170,42,1.0,0.3694432209145546
730144440365,2025-08,2,1.0,4.0,1.0,2.0,1.0,2.0,2.3333333333333335,2.5,4.0,2.5119531076479733,170,45,3.0,1.5119531076479733
730144440367,2025-08,4,4.0,1.0,1.0,1.0,2.0,2.0,1.0,1.3333333333333333,1.0,2.3649506974670693,170,47,3.0,1.6350493025329307
730144440377,2025-08,1,3.0,2.0,1.0,4.0,1.0,1.0,2.3333333333333335,2.0,2.0,1.77674871321069,170,57,1.0,1.22325128678931
730144440382,2025-08,9,5.0,6.0,2.0,5.0,4.0,4.0,4.333333333333333,5.333333333333333,6.0,6.21482793477518,170,62,1.0,1.2148279347751796
730144440384,2025-08,19,11.0,6.0,11.0,13.0,8.0,9.0,10.0,9.5,6.0,11.899544524451205,170,64,5.0,0.8995445244512048
730144440385,2025-08,7,7.0,12.0,2.0,7.0,14.0,8.0,7.0,11.0,12.0,9.177897842590902,170,65,5.0,2.1778978425909017
730144440386,2025-08,4,2.0,1.0,1.0,1.0,6.0,8.0,1.0,2.1666666666666665,1.0,3.5661497231074275,170,66,1.0,1.5661497231074275
730144440394,2025-08,1,4.0,2.0,3.0,2.0,1.0,1.0,2.3333333333333335,2.0,2.0,1.778881283951769,170,74,2.0,2.221118716048231
730144440395,2025-08,6,6.0,10.0,5.0,4.0,5.0,5.0,6.333333333333333,6.5,10.0,6.431658254720952,170,75,4.0,0.43165825472095243
730144440396,2025-08,5,3.0,4.0,3.0,12.0,7.0,5.0,6.333333333333333,5.666666666666667,4.0,5.483689776015897,170,76,1.0,2.483689776015897
730144440397,2025-08,38,32.0,35.0,35.0,28.0,27.0,31.0,32.666666666666664,29.166666666666668,35.0,32.16930810239957,170,77,3.0,0.16930810239956884
730144440398,2025-08,5,6.0,5.0,7.0,3.0,4.0,3.0,5.0,4.666666666666667,5.0,4.713975751074189,170,78,1.0,1.286024248925811
730144440399,2025-08,7,17.0,11.0,14.0,3.0,6.0,16.0,9.333333333333334,9.166666666666666,11.0,9.462520725339624,170,79,6.0,7.537479274660376
730144440400,2025-08,25,12.0,10.0,16.0,16.0,10.0,27.0,14.0,12.333333333333334,10.0,17.69174083795457,170,80,2.0,5.691740837954569
730144440401,2025-08,23,12.0,21.0,28.0,15.0,15.0,20.0,21.333333333333332,20.166666666666668,21.0,20.67420319282231,170,81,9.0,8.674203192822311
730144440402,2025-08,11,9.0,9.0,9.0,11.0,5.0,11.0,9.666666666666666,10.5,9.0,10.258603878770742,170,82,0.0,1.2586038787707423
730144440403,2025-08,4,3.0,4.0,2.0,6.0,9.0,6.0,4.0,6.166666666666667,4.0,5.315996486364621,170,83,1.0,2.3159964863646207
730144440404,2025-08,1,3.0,3.0,2.0,1.0,2.0,1.0,2.0,1.6666666666666667,3.0,1.7463953526517333,170,84,0.0,1.2536046473482667
730144440411,2025-08,5,3.0,1.0,1.0,2.0,1.0,3.0,1.3333333333333333,1.6666666666666667,1.0,2.8884370947431846,170,91,2.0,0.11156290525681545
730144440416,2025-08,1,1.0,1.0,4.0,1.0,1.0,2.0,2.0,1.8333333333333333,1.0,1.7397306598858755,170,96,0.0,0.7397306598858755
734439407666,2025-08,2,3.0,4.0,3.0,5.0,1.0,5.0,4.0,2.8333333333333335,4.0,3.18815803243076,171,50,1.0,0.1881580324307599
734439407675,2025-08,1,1.0,1.0,3.0,1.0,2.0,1.0,1.6666666666666667,1.6666666666666667,1.0,1.5586594430648262,171,59,0.0,0.5586594430648262
734439407681,2025-08,12,9.0,5.0,5.0,8.0,3.0,9.0,6.0,5.166666666666667,5.0,7.72890953493712,171,65,4.0,1.2710904650628798
734439407682,2025-08,9,3.0,8.0,3.0,5.0,6.0,4.0,5.333333333333333,5.5,8.0,6.610651310813964,171,66,5.0,3.6106513108139637
734439407689,2025-08,1,3.0,1.0,2.0,1.0,3.0,1.0,1.3333333333333333,1.5,1.0,1.505317221662315,171,73,2.0,1.494682778337685
734439407690,2025-08,3,2.0,1.0,6.0,2.0,2.0,2.0,3.0,4.5,1.0,3.353901052985501,171,74,1.0,1.353901052985501
734439407691,2025-08,5,7.0,4.0,2.0,9.0,4.0,6.0,5.0,5.333333333333333,4.0,5.237686035115771,171,75,3.0,1.7623139648842292
734439407692,2025-08,5,2.0,2.0,6.0,4.0,9.0,1.0,4.0,4.5,2.0,4.2609711391631375,171,76,0.0,2.2609711391631375
734439407693,2025-08,6,5.0,8.0,6.0,8.0,3.0,4.0,7.333333333333333,7.0,8.0,6.348213436543302,171,77,3.0,1.3482134365433023
734439407694,2025-08,5,10.0,9.0,10.0,4.0,3.0,3.0,7.666666666666667,7.833333333333333,9.0,6.327065712871518,171,78,1.0,3.6729342871284816
734439407695,2025-08,11,22.0,27.0,22.0,24.0,10.0,18.0,24.333333333333332,20.5,27.0,17.65443814736874,171,79,5.0,4.34556185263126
734439407696,2025-08,71,28.0,22.0,27.0,34.0,59.0,43.0,27.666666666666668,39.666666666666664,22.0,46.418530936845556,171,80,6.0,18.418530936845556
734439407697,2025-08,9,6.0,4.0,10.0,11.0,4.0,1.0,8.333333333333334,7.166666666666667,4.0,6.729978954603162,171,81,2.0,0.7299789546031619
734439407708,2025-08,1,1.0,2.0,2.0,1.0,3.0,1.0,1.6666666666666667,2.5,2.0,1.9511148177525204,171,92,1.0,0.9511148177525204
738734374956,2025-08,4,8.0,2.0,4.0,4.0,5.0,6.0,3.3333333333333335,3.8333333333333335,2.0,4.158419826537293,172,44,6.0,3.841580173462707
738734374957,2025-08,1,1.0,1.0,2.0,4.0,1.0,1.0,2.3333333333333335,2.0,1.0,1.7013883702317063,172,45,0.0,0.7013883702317063
738734374966,2025-08,6,1.0,4.0,3.0,2.0,1.0,3.0,3.0,2.3333333333333335,4.0,3.809786722391583,172,54,3.0,2.809786722391583
738734374985,2025-08,3,2.0,4.0,2.0,3.0,11.0,1.0,3.0,4.0,4.0,3.637665850653515,172,73,2.0,1.6376658506535149
738734374986,2025-08,12,11.0,6.0,6.0,8.0,17.0,11.0,6.666666666666667,10.5,6.0,10.461415906545218,172,74,5.0,0.5385840934547819
738734374987,2025-08,2,1.0,1.0,1.0,2.0,2.0,1.0,1.3333333333333333,1.6666666666666667,1.0,1.8084890616439075,172,75,0.0,0.8084890616439075
738734374988,2025-08,3,2.0,1.0,4.0,6.0,2.0,1.0,3.6666666666666665,2.6666666666666665,1.0,2.6846636426251713,172,76,1.0,0.6846636426251713
738734374989,2025-08,6,2.0,7.0,1.0,7.0,5.0,5.0,5.0,4.833333333333333,7.0,5.498614092686157,172,77,5.0,3.4986140926861573
738734374990,2025-08,5,5.0,4.0,2.0,3.0,4.0,4.0,3.0,3.8333333333333335,4.0,4.26640137050487,172,78,1.0,0.7335986294951304
738734374991,2025-08,8,5.0,9.0,7.0,15.0,9.0,8.0,10.333333333333334,10.666666666666666,9.0,9.293992515696125,172,79,4.0,4.293992515696125
738734374992,2025-08,1,2.0,2.0,2.0,3.0,6.0,1.0,2.3333333333333335,3.0,2.0,2.3074537304308897,172,80,0.0,0.30745373043088975
743029342251,2025-08,5,1.0,2.0,4.0,5.0,3.0,3.0,3.6666666666666665,3.5,2.0,3.9094655486775975,173,43,1.0,2.9094655486775975
743029342252,2025-08,3,2.0,4.0,3.0,2.0,5.0,4.0,3.0,3.5,4.0,3.6197480646976707,173,44,2.0,1.6197480646976707
743029342257,2025-08,1,3.0,2.0,1.0,1.0,3.0,2.0,1.3333333333333333,1.5,2.0,1.708406560059835,173,49,1.0,1.291593439940165
743029342260,2025-08,1,1.0,2.0,8.0,4.0,1.0,3.0,4.666666666666667,3.3333333333333335,2.0,2.735875975426718,173,52,1.0,1.7358759754267181
743029342262,2025-08,7,7.0,16.0,7.0,7.0,2.0,9.0,10.0,8.0,16.0,8.469019048457278,173,54,9.0,1.4690190484572785
743029342263,2025-08,2,3.0,8.0,5.0,3.0,4.0,4.0,5.333333333333333,5.0,8.0,4.35220829281703,173,55,5.0,1.3522082928170303
743029342264,2025-08,1,1.0,2.0,1.0,1.0,2.0,1.0,1.3333333333333333,1.5,2.0,1.5414342241678227,173,56,1.0,0.5414342241678227
743029342268,2025-08,1,1.0,2.0,1.0,3.0,1.0,1.0,2.0,1.5,2.0,1.5740887602111489,173,60,1.0,0.5740887602111489
743029342282,2025-08,1,1.0,1.0,4.0,8.0,7.0,2.0,4.333333333333333,5.0,1.0,3.2826696972294256,173,74,0.0,2.2826696972294256
743029342283,2025-08,11,18.0,5.0,16.0,9.0,13.0,6.0,10.0,10.833333333333334,5.0,9.78275272441404,173,75,13.0,8.21724727558596
743029342284,2025-08,1,5.0,4.0,6.0,3.0,2.0,1.0,4.333333333333333,3.3333333333333335,4.0,2.634433072762686,173,76,1.0,2.365566927237314
743029342285,2025-08,5,1.0,1.0,11.0,1.0,5.0,3.0,4.333333333333333,3.8333333333333335,1.0,4.102028151879694,173,77,0.0,3.1020281518796944
743029342290,2025-08,2,2.0,4.0,1.0,1.0,2.0,1.0,2.0,2.0,4.0,2.220807499703371,173,82,2.0,0.22080749970337088
743029342291,2025-08,1,3.0,3.0,1.0,2.0,3.0,2.0,2.0,3.0,3.0,2.3568641091495834,173,83,0.0,0.6431358908504166
743029342296,2025-08,6,2.0,2.0,2.0,1.0,1.0,3.0,1.6666666666666667,1.6666666666666667,2.0,3.289790074300207,173,88,0.0,1.2897900743002069
743029342297,2025-08,1,2.0,1.0,1.0,1.0,1.0,1.0,1.0,1.1666666666666667,1.0,1.27867464059233,173,89,1.0,0.7213253594076701
747324309540,2025-08,1,7.0,5.0,1.0,1.0,4.0,5.0,2.3333333333333335,2.5,5.0,2.801385616094973,174,36,2.0,4.198614383905027
747324309546,2025-08,5,4.0,1.0,4.0,2.0,2.0,6.0,2.3333333333333335,2.3333333333333335,1.0,3.644194445347278,174,42,3.0,0.3558055546527221
747324309547,2025-08,4,2.0,5.0,2.0,4.0,6.0,6.0,3.6666666666666665,3.8333333333333335,5.0,4.460759419576659,174,43,3.0,2.460759419576659
747324309552,2025-08,2,1.0,4.0,2.0,1.0,1.0,2.0,2.3333333333333335,2.3333333333333335,4.0,2.457449054771466,174,48,3.0,1.457449054771466
747324309554,2025-08,12,5.0,2.0,7.0,7.0,4.0,3.0,5.333333333333333,6.0,2.0,6.980585403310318,174,50,3.0,1.980585403310318
747324309555,2025-08,4,10.0,6.0,7.0,7.0,5.0,6.0,6.666666666666667,6.833333333333333,6.0,5.827080667077853,174,51,4.0,4.172919332922147
747324309556,2025-08,19,15.0,16.0,18.0,17.0,13.0,24.0,17.0,15.833333333333334,16.0,17.650026995999834,174,52,1.0,2.650026995999834
747324309557,2025-08,25,17.0,25.0,16.0,25.0,19.0,31.0,22.0,26.666666666666668,25.0,25.344069916580494,174,53,8.0,8.344069916580494
747324309560,2025-08,1,1.0,2.0,2.0,5.0,1.0,1.0,3.0,2.8333333333333335,2.0,2.127564566333266,174,56,1.0,1.127564566333266
747324309567,2025-08,4,2.0,2.0,1.0,1.0,1.0,1.0,1.3333333333333333,1.1666666666666667,2.0,2.2547835899359328,174,63,0.0,0.25478358993593275
747324309572,2025-08,9,5.0,5.0,6.0,6.0,10.0,5.0,5.666666666666667,7.0,5.0,7.205354621671276,174,68,0.0,2.205354621671276
747324309573,2025-08,4,5.0,3.0,2.0,2.0,3.0,1.0,2.3333333333333335,3.3333333333333335,3.0,3.2410243965897587,174,69,2.0,1.7589756034102413
747324309577,2025-08,7,5.0,4.0,8.0,3.0,4.0,7.0,5.0,5.0,4.0,5.836494321420567,174,73,1.0,0.8364943214205667
747324309580,2025-08,8,8.0,9.0,10.0,13.0,11.0,2.0,10.666666666666666,10.0,9.0,8.422971665513685,174,76,1.0,0.4229716655136855
747324309584,2025-08,1,3.0,2.0,1.0,1.0,1.0,1.0,1.3333333333333333,1.1666666666666667,2.0,1.3910502072002533,174,80,1.0,1.6089497927997467
747324309593,2025-08,1,5.0,1.0,1.0,2.0,2.0,2.0,1.3333333333333333,1.8333333333333333,1.0,1.703877267730931,174,89,4.0,3.296122732269069
747324309603,2025-08,1,2.0,1.0,3.0,1.0,1.0,1.0,1.6666666666666667,1.6666666666666667,1.0,1.5194161025913502,174,99,1.0,0.4805838974086498
751619276835,2025-08,3,3.0,4.0,2.0,1.0,1.0,5.0,2.3333333333333335,1.6666666666666667,4.0,2.9062658156174477,175,35,1.0,0.09373418438255232
751619276836,2025-08,7,7.0,8.0,5.0,5.0,6.0,15.0,6.0,7.166666666666667,8.0,8.0695818349891,175,36,1.0,1.0695818349890995
751619276837,2025-08,3,3.0,1.0,2.0,3.0,2.0,1.0,2.0,1.8333333333333333,1.0,2.2249346893568553,175,37,2.0,0.7750653106431447
751619276842,2025-08,5,9.0,4.0,4.0,4.0,2.0,12.0,4.0,3.0,4.0,5.0418743471872585,175,42,5.0,3.9581256528127415
751619276843,2025-08,1,1.0,1.0,2.0,1.0,2.0,1.0,1.3333333333333333,1.3333333333333333,1.0,1.4105035429417931,175,43,0.0,0.41050354294179314
751619276844,2025-08,3,1.0,1.0,1.0,1.0,2.0,2.0,1.0,1.1666666666666667,1.0,2.0214692316414613,175,44,0.0,1.0214692316414613
751619276846,2025-08,4,4.0,7.0,6.0,6.0,6.0,4.0,6.333333333333333,6.166666666666667,7.0,5.4279960684466495,175,46,3.0,1.4279960684466495
751619276847,2025-08,2,2.0,1.0,3.0,1.0,1.0,1.0,1.6666666666666667,1.6666666666666667,1.0,1.8073272301699106,175,47,1.0,0.1926727698300894
751619276850,2025-08,8,4.0,12.0,18.0,10.0,1.0,8.0,13.333333333333334,10.833333333333334,12.0,9.60016559860547,175,50,8.0,5.60016559860547
751619276851,2025-08,23,21.0,9.0,21.0,12.0,18.0,22.0,14.0,14.5,9.0,17.442539525207355,175,51,12.0,3.557460474792645
751619276852,2025-08,2,4.0,2.0,9.0,6.0,3.0,9.0,5.666666666666667,5.166666666666667,2.0,4.5888345773267085,175,52,2.0,0.5888345773267085
751619276853,2025-08,12,16.0,15.0,17.0,20.0,19.0,15.0,17.333333333333332,19.5,15.0,15.901551652997309,175,53,1.0,0.0984483470026909
751619276854,2025-08,1,2.0,9.0,4.0,2.0,3.0,2.0,5.0,4.333333333333333,9.0,3.586725885660316,175,54,7.0,1.5867258856603161
751619276856,2025-08,4,3.0,1.0,6.0,1.0,1.0,2.0,2.6666666666666665,2.1666666666666665,1.0,2.7886351663735267,175,56,2.0,0.2113648336264733
751619276857,2025-08,1,1.0,1.0,2.0,2.0,1.0,1.0,1.6666666666666667,1.8333333333333333,1.0,1.5739201554678584,175,57,0.0,0.5739201554678584
751619276862,2025-08,5,2.0,1.0,4.0,2.0,2.0,1.0,2.3333333333333335,2.5,1.0,3.061119806501641,175,62,1.0,1.0611198065016412
751619276867,2025-08,3,2.0,4.0,3.0,3.0,2.0,2.0,3.3333333333333335,2.5,4.0,2.949086961216289,175,67,2.0,0.9490869612162891
751619276868,2025-08,2,5.0,3.0,1.0,2.0,3.0,4.0,2.0,2.3333333333333335,3.0,2.677951874577028,175,68,2.0,2.322048125422972
751619276899,2025-08,2,1.0,1.0,1.0,1.0,9.0,2.0,1.0,2.8333333333333335,1.0,2.563964869847701,175,99,0.0,1.563964869847701
755914244132,2025-08,11,19.0,13.0,21.0,17.0,13.0,7.0,17.0,16.166666666666668,13.0,13.060404700813372,176,36,6.0,5.939595299186628
755914244142,2025-08,4,1.0,3.0,7.0,6.0,4.0,4.0,5.333333333333333,5.0,3.0,4.548029976967616,176,46,2.0,3.548029976967616
755914244143,2025-08,3,2.0,5.0,4.0,5.0,3.0,1.0,4.666666666666667,4.333333333333333,5.0,3.6931636937424086,176,47,3.0,1.6931636937424086
755914244144,2025-08,5,2.0,5.0,7.0,7.0,5.0,7.0,6.333333333333333,4.666666666666667,5.0,5.4079308262554155,176,48,3.0,3.4079308262554155
755914244148,2025-08,1,2.0,5.0,1.0,1.0,5.0,4.0,2.3333333333333335,3.1666666666666665,5.0,2.9351813141380996,176,52,3.0,0.9351813141380996
755914244149,2025-08,12,8.0,6.0,6.0,1.0,2.0,12.0,4.333333333333333,5.333333333333333,6.0,8.026171741394359,176,53,2.0,0.02617174139435896
755914244150,2025-08,10,15.0,17.0,20.0,19.0,13.0,24.0,18.666666666666668,16.333333333333332,17.0,15.48384175291654,176,54,2.0,0.48384175291653975
755914244151,2025-08,2,1.0,2.0,2.0,3.0,1.0,2.0,2.3333333333333335,2.5,2.0,2.3601661363194673,176,55,1.0,1.3601661363194673
755914244152,2025-08,2,1.0,7.0,1.0,7.0,1.0,1.0,5.0,4.0,7.0,3.4012285475686337,176,56,6.0,2.4012285475686337
755914244155,2025-08,4,2.0,1.0,3.0,2.0,4.0,2.0,2.0,2.3333333333333335,1.0,2.886838793412582,176,59,1.0,0.8868387934125819
755914244157,2025-08,2,4.0,1.0,1.0,4.0,4.0,3.0,2.0,2.0,1.0,2.3254722864388278,176,61,3.0,1.6745277135611722
755914244158,2025-08,3,1.0,1.0,2.0,1.0,1.0,1.0,1.3333333333333333,1.6666666666666667,1.0,2.0582231341195296,176,62,0.0,1.0582231341195296
755914244169,2025-08,3,2.0,6.0,2.0,3.0,3.0,3.0,3.6666666666666665,3.3333333333333335,6.0,3.581646897930444,176,73,4.0,1.5816468979304439
755914244201,2025-08,1,1.0,1.0,1.0,1.0,1.0,2.0,1.0,1.0,1.0,1.3508332977638204,176,105,0.0,0.35083329776382044
760209211425,2025-08,3,3.0,4.0,1.0,3.0,2.0,3.0,2.6666666666666665,2.0,4.0,2.836074494635805,177,33,1.0,0.1639255053641948
760209211426,2025-08,1,1.0,1.0,1.0,2.0,1.0,1.0,1.3333333333333333,1.1666666666666667,1.0,1.3146235788507301,177,34,0.0,0.3146235788507301
760209211429,2025-08,6,4.0,8.0,6.0,3.0,3.0,4.0,5.666666666666667,4.5,8.0,5.3349136715455945,177,37,4.0,1.3349136715455945
760209211440,2025-08,10,9.0,15.0,11.0,12.0,13.0,7.0,12.666666666666666,13.833333333333334,15.0,11.669363043410598,177,48,6.0,2.6693630434105984
760209211444,2025-08,3,3.0,4.0,3.0,5.0,3.0,3.0,4.0,3.3333333333333335,4.0,3.465808864860338,177,52,1.0,0.465808864860338
760209211446,2025-08,3,5.0,6.0,3.0,4.0,3.0,5.0,4.333333333333333,4.833333333333333,6.0,4.410202094878279,177,54,1.0,0.5897979051217206
760209211451,2025-08,1,1.0,1.0,1.0,1.0,1.0,1.0,1.0,1.1666666666666667,1.0,1.27867464059233,177,59,0.0,0.27867464059232994
760209211454,2025-08,3,2.0,1.0,1.0,3.0,2.0,2.0,1.6666666666666667,3.1666666666666665,1.0,2.7602111671228275,177,62,1.0,0.7602111671228275
760209211464,2025-08,3,2.0,1.0,2.0,2.0,1.0,6.0,1.6666666666666667,1.5,1.0,2.6772467112235683,177,72,1.0,0.6772467112235683
760209211465,2025-08,5,2.0,5.0,5.0,7.0,2.0,2.0,5.666666666666667,5.166666666666667,5.0,4.744236395225567,177,73,3.0,2.744236395225567
760209211466,2025-08,1,4.0,1.0,1.0,1.0,1.0,1.0,1.0,1.1666666666666667,1.0,1.27867464059233,177,74,3.0,2.72132535940767
760209211474,2025-08,2,1.0,6.0,2.0,7.0,3.0,1.0,5.0,4.333333333333333,6.0,3.5154955620306945,177,82,5.0,2.5154955620306945
760209211475,2025-08,2,1.0,1.0,1.0,1.0,2.0,2.0,1.0,1.1666666666666667,1.0,1.733558104062901,177,83,0.0,0.7335581040629009
760209211496,2025-08,2,1.0,1.0,1.0,1.0,1.0,3.0,1.0,1.0,1.0,1.7664734207609172,177,104,0.0,0.7664734207609172
760209211498,2025-08,10,5.0,6.0,2.0,3.0,3.0,1.0,3.6666666666666665,5.0,6.0,5.897270182613759,177,106,1.0,0.8972701826137586
760209211499,2025-08,2,1.0,1.0,1.0,2.0,1.0,1.0,1.3333333333333333,1.5,1.0,1.713675382923384,177,107,0.0,0.713675382923384
764504178720,2025-08,9,8.0,4.0,3.0,3.0,5.0,2.0,3.3333333333333335,3.5,4.0,5.127705777590357,178,32,4.0,2.872294222409643
764504178721,2025-08,2,3.0,5.0,3.0,4.0,5.0,2.0,4.0,3.5,5.0,3.2606523894067614,178,33,2.0,0.2606523894067614
764504178736,2025-08,2,2.0,5.0,5.0,3.0,1.0,1.0,4.333333333333333,3.0,5.0,2.84732052635266,178,48,3.0,0.84732052635266
764504178744,2025-08,1,6.0,5.0,1.0,3.0,2.0,3.0,3.0,4.833333333333333,5.0,3.317323556286407,178,56,1.0,2.682676443713593
764504178745,2025-08,4,2.0,8.0,2.0,2.0,1.0,2.0,4.0,2.6666666666666665,8.0,3.629863191112772,178,57,6.0,1.6298631911127721
764504178750,2025-08,6,1.0,2.0,5.0,3.0,1.0,2.0,3.3333333333333335,3.0,2.0,3.789567332261667,178,62,1.0,2.789567332261667
764504178753,2025-08,4,1.0,1.0,3.0,5.0,4.0,1.0,3.0,3.3333333333333335,1.0,3.20037864225153,178,65,0.0,2.20037864225153
764504178755,2025-08,1,6.0,6.0,9.0,1.0,3.0,4.0,5.333333333333333,4.0,6.0,3.543043680065823,178,67,0.0,2.456956319934177
764504178760,2025-08,2,1.0,1.0,1.0,1.0,4.0,4.0,1.0,2.1666666666666665,1.0,2.4009248053292085,178,72,0.0,1.4009248053292085
764504178761,2025-08,1,8.0,3.0,4.0,7.0,3.0,6.0,4.666666666666667,4.833333333333333,3.0,3.7698441737200694,178,73,5.0,4.230155826279931
764504178762,2025-08,16,21.0,15.0,16.0,19.0,10.0,21.0,16.666666666666668,15.333333333333334,15.0,16.004157453497974,178,74,6.0,4.9958425465020255
764504178763,2025-08,2,2.0,4.0,1.0,9.0,2.0,1.0,4.666666666666667,3.3333333333333335,4.0,2.952961711746953,178,75,2.0,0.9529617117469531
764504178769,2025-08,1,1.0,2.0,1.0,3.0,1.0,3.0,2.0,2.0,2.0,1.9962577657893625,178,81,1.0,0.9962577657893625
764504178770,2025-08,1,2.0,2.0,1.0,1.0,1.0,3.0,1.3333333333333333,1.3333333333333333,2.0,1.7020785362843736,178,82,0.0,0.29792146371562644
764504178792,2025-08,7,14.0,14.0,13.0,10.0,13.0,15.0,12.333333333333334,13.5,14.0,11.606077951662275,178,104,0.0,2.393922048337725
764504178793,2025-08,6,2.0,3.0,7.0,5.0,2.0,5.0,5.0,3.5,3.0,4.637012564114499,178,105,1.0,2.6370125641144986
764504178794,2025-08,4,3.0,8.0,7.0,7.0,7.0,6.0,7.333333333333333,6.666666666666667,8.0,6.074748142993603,178,106,5.0,3.074748142993603
764504178795,2025-08,6,1.0,1.0,1.0,2.0,1.0,1.0,1.3333333333333333,1.1666666666666667,1.0,2.7541792167435304,178,107,0.0,1.7541792167435304
768799146037,2025-08,32,56.0,28.0,37.0,49.0,38.0,51.0,38.0,37.833333333333336,28.0,36.36008476378245,179,53,28.0,19.639915236217547
768799146040,2025-08,12,11.0,7.0,8.0,11.0,12.0,17.0,8.666666666666666,8.333333333333334,7.0,10.603411608118456,179,56,4.0,0.3965883918815436
768799146041,2025-08,4,1.0,1.0,2.0,1.0,2.0,2.0,1.3333333333333333,1.3333333333333333,1.0,2.401965921096008,179,57,0.0,1.401965921096008
768799146042,2025-08,4,2.0,6.0,1.0,6.0,6.0,2.0,4.333333333333333,3.8333333333333335,6.0,4.097101657398296,179,58,4.0,2.097101657398296
768799146046,2025-08,1,1.0,4.0,1.0,2.0,2.0,2.0,2.3333333333333335,2.0,4.0,2.096574305801747,179,62,3.0,1.096574305801747
768799146048,2025-08,9,1.0,2.0,2.0,3.0,2.0,3.0,2.3333333333333335,2.1666666666666665,2.0,4.4313756887673055,179,64,1.0,3.4313756887673055
768799146049,2025-08,9,6.0,7.0,10.0,9.0,1.0,4.0,8.666666666666666,8.666666666666666,7.0,7.760797786968737,179,65,1.0,1.7607977869687366
768799146050,2025-08,1,2.0,2.0,5.0,6.0,2.0,1.0,4.333333333333333,3.3333333333333335,2.0,2.480513530693102,179,66,0.0,0.4805135306931021
768799146051,2025-08,2,5.0,11.0,8.0,8.0,3.0,5.0,9.0,6.666666666666667,11.0,5.624314392235155,179,67,6.0,0.6243143922351546
768799146054,2025-08,1,2.0,4.0,3.0,1.0,1.0,1.0,2.6666666666666665,2.5,4.0,2.1343944936503547,179,70,2.0,0.13439449365035472
768799146056,2025-08,4,4.0,3.0,2.0,1.0,1.0,4.0,2.0,2.0,3.0,3.065213057663641,179,72,1.0,0.9347869423363591
768799146057,2025-08,3,1.0,1.0,2.0,2.0,1.0,4.0,1.6666666666666667,1.6666666666666667,1.0,2.4773590586335414,179,73,0.0,1.4773590586335414
768799146058,2025-08,2,6.0,3.0,6.0,6.0,8.0,2.0,5.0,5.5,3.0,4.003418883979526,179,74,3.0,1.996581116020474
768799146059,2025-08,5,10.0,10.0,9.0,2.0,3.0,5.0,7.0,6.0,10.0,5.974712449453258,179,75,0.0,4.025287550546742
768799146077,2025-08,50,13.0,1.0,3.0,3.0,3.0,3.0,2.3333333333333335,2.5,1.0,16.31075559347685,179,93,12.0,3.3107555934768484
768799146087,2025-08,3,1.0,1.0,1.0,1.0,1.0,4.0,1.0,1.5,1.0,2.348824558499155,179,103,0.0,1.348824558499155
768799146088,2025-08,7,11.0,8.0,16.0,20.0,16.0,18.0,14.666666666666666,16.833333333333332,8.0,13.01468337810254,179,104,3.0,2.0146833781025393
768799146089,2025-08,6,7.0,13.0,4.0,15.0,11.0,10.0,10.666666666666666,10.666666666666666,13.0,9.390571527867904,179,105,6.0,2.3905715278679036
768799146090,2025-08,2,1.0,3.0,6.0,7.0,2.0,2.0,5.333333333333333,4.166666666666667,3.0,3.3593450734206973,179,106,2.0,2.3593450734206973
773094113317,2025-08,1,3.0,10.0,5.0,3.0,8.0,4.0,6.0,5.833333333333333,10.0,4.723873351583453,180,37,7.0,1.7238733515834532
773094113318,2025-08,11,6.0,5.0,10.0,7.0,6.0,9.0,7.333333333333333,9.5,5.0,9.152684403088506,180,38,1.0,3.1526844030885055
773094113319,2025-08,13,11.0,11.0,3.0,11.0,12.0,1.0,8.333333333333334,9.5,11.0,9.501077325016748,180,39,0.0,1.4989226749832518
773094113331,2025-08,1,3.0,1.0,3.0,8.0,1.0,2.0,4.0,2.8333333333333335,1.0,2.287780033548021,180,51,2.0,0.712219966451979
773094113336,2025-08,5,6.0,9.0,5.0,13.0,5.0,9.0,9.0,7.166666666666667,9.0,7.088109339522413,180,56,3.0,1.088109339522413
773094113337,2025-08,3,2.0,3.0,5.0,1.0,7.0,6.0,3.0,4.0,3.0,4.046109693614391,180,57,1.0,2.046109693614391
773094113338,2025-08,4,5.0,12.0,4.0,6.0,5.0,4.0,7.333333333333333,6.833333333333333,12.0,6.098881466743098,180,58,7.0,1.098881466743098
773094113339,2025-08,4,3.0,3.0,1.0,1.0,5.0,1.0,1.6666666666666667,2.0,3.0,2.8019842096729928,180,59,0.0,0.19801579032700722
773094113344,2025-08,5,7.0,2.0,4.0,6.0,2.0,2.0,4.0,3.3333333333333335,2.0,3.7228718127969396,180,64,5.0,3.2771281872030604
773094113348,2025-08,9,5.0,14.0,5.0,11.0,3.0,2.0,10.0,8.5,14.0,8.201706863459133,180,68,9.0,3.2017068634591332
773094113349,2025-08,7,5.0,5.0,5.0,4.0,2.0,3.0,4.666666666666667,3.6666666666666665,5.0,4.839807786802598,180,69,0.0,0.1601922131974023
773094113350,2025-08,3,6.0,2.0,3.0,4.0,3.0,2.0,3.0,2.5,2.0,2.7995281067323194,180,70,4.0,3.2004718932676806
773094113352,2025-08,4,7.0,2.0,5.0,4.0,3.0,1.0,3.6666666666666665,4.833333333333333,2.0,3.8117254216088785,180,72,5.0,3.1882745783911215
773094113353,2025-08,15,4.0,4.0,2.0,6.0,2.0,2.0,4.0,2.8333333333333335,4.0,6.585992759799366,180,73,0.0,2.5859927597993657
773094113354,2025-08,4,1.0,8.0,1.0,6.0,2.0,4.0,5.0,4.5,8.0,4.642618772545502,180,74,7.0,3.642618772545502
773094113355,2025-08,5,3.0,4.0,4.0,3.0,2.0,3.0,3.6666666666666665,3.8333333333333335,4.0,4.134216141397261,180,75,1.0,1.1342161413972613
773094113384,2025-08,5,2.0,2.0,6.0,5.0,7.0,2.0,4.333333333333333,4.833333333333333,2.0,4.457303068387217,180,104,0.0,2.4573030683872172
773094113385,2025-08,1,1.0,1.0,2.0,1.0,3.0,2.0,1.3333333333333333,1.6666666666666667,1.0,1.688616555327899,180,105,0.0,0.6886165553278989
773094113386,2025-08,19,32.0,26.0,14.0,24.0,10.0,17.0,21.333333333333332,20.666666666666668,26.0,19.47707115518629,180,106,6.0,12.522928844813709
777389080612,2025-08,24,16.0,33.0,14.0,18.0,12.0,18.0,21.666666666666668,17.166666666666668,33.0,20.52680070296165,181,36,17.0,4.526800702961651
777389080613,2025-08,8,9.0,10.0,9.0,4.0,6.0,8.0,7.666666666666667,6.333333333333333,10.0,7.522401392875871,181,37,1.0,1.4775986071241292
777389080623,2025-08,13,8.0,8.0,6.0,8.0,4.0,4.0,7.333333333333333,6.5,8.0,8.236123655325557,181,47,0.0,0.23612365532555657
777389080624,2025-08,7,3.0,7.0,3.0,3.0,3.0,4.0,4.333333333333333,3.6666666666666665,7.0,5.1215518703941765,181,48,4.0,2.1215518703941765
777389080625,2025-08,1,1.0,2.0,3.0,1.0,1.0,3.0,2.0,1.5,2.0,1.8316793217893004,181,49,1.0,0.8316793217893004
777389080631,2025-08,5,10.0,8.0,5.0,4.0,1.0,5.0,5.666666666666667,5.0,8.0,5.261889587809222,181,55,2.0,4.738110412190778
777389080632,2025-08,3,8.0,16.0,8.0,4.0,5.0,3.0,9.333333333333334,5.833333333333333,16.0,5.87548459869437,181,56,8.0,2.12451540130563
777389080633,2025-08,4,13.0,5.0,4.0,6.0,7.0,6.0,5.0,5.5,5.0,5.201634466295285,181,57,8.0,7.798365533704715
777389080634,2025-08,11,3.0,2.0,10.0,8.0,5.0,4.0,6.666666666666667,7.166666666666667,2.0,7.3956335884983195,181,58,1.0,4.3956335884983195
777389080635,2025-08,8,7.0,10.0,8.0,2.0,4.0,7.0,6.666666666666667,7.0,10.0,7.429553969352829,181,59,3.0,0.4295539693528294
777389080639,2025-08,5,6.0,8.0,3.0,1.0,5.0,11.0,4.0,3.8333333333333335,8.0,5.614367292451934,181,63,2.0,0.38563270754806567
777389080643,2025-08,2,3.0,1.0,2.0,2.0,4.0,1.0,1.6666666666666667,2.3333333333333335,1.0,2.146272319207986,181,67,2.0,0.853727680792014
777389080644,2025-08,19,14.0,14.0,14.0,21.0,15.0,11.0,16.333333333333332,15.5,14.0,15.72787978531371,181,68,0.0,1.7278797853137107
777389080645,2025-08,2,5.0,4.0,4.0,2.0,4.0,1.0,3.3333333333333335,3.3333333333333335,4.0,2.8908514957719174,181,69,1.0,2.1091485042280826
777389080649,2025-08,3,2.0,1.0,3.0,2.0,3.0,2.0,2.0,2.1666666666666665,1.0,2.5041139871134996,181,73,1.0,0.5041139871134996
777389080650,2025-08,1,5.0,5.0,3.0,1.0,3.0,2.0,3.0,2.8333333333333335,5.0,2.5641264131178607,181,74,0.0,2.4358735868821393
777389080651,2025-08,1,3.0,1.0,1.0,3.0,1.0,1.0,1.6666666666666667,1.8333333333333333,1.0,1.572853870097319,181,75,2.0,1.427146129902681
777389080675,2025-08,3,1.0,5.0,3.0,2.0,3.0,3.0,3.3333333333333335,2.8333333333333335,5.0,3.303626601951919,181,99,4.0,2.303626601951919
781684047904,2025-08,1,1.0,1.0,1.0,1.0,1.0,1.0,1.0,1.5,1.0,1.3898153170864234,182,32,0.0,0.38981531708642336
781684047905,2025-08,17,12.0,6.0,13.0,14.0,11.0,7.0,11.0,12.166666666666666,6.0,12.18509909734647,182,33,6.0,0.18509909734646968
781684047906,2025-08,20,16.0,14.0,8.0,11.0,12.0,13.0,11.0,10.0,14.0,13.73811699579872,182,34,2.0,2.2618830042012803
781684047908,2025-08,7,6.0,3.0,4.0,11.0,1.0,2.0,6.0,4.666666666666667,3.0,4.996133691356887,182,36,3.0,1.0038663086431132
781684047909,2025-08,2,2.0,1.0,1.0,1.0,2.0,1.0,1.0,1.1666666666666667,1.0,1.6058291086443646,182,37,1.0,0.39417089135563543
781684047919,2025-08,29,24.0,30.0,24.0,32.0,35.0,23.0,28.666666666666668,31.5,30.0,28.822957910166352,182,47,6.0,4.822957910166352
781684047920,2025-08,12,9.0,11.0,18.0,14.0,6.0,18.0,14.333333333333334,12.666666666666666,11.0,12.868010672615654,182,48,2.0,3.868010672615654
781684047921,2025-08,2,2.0,5.0,3.0,5.0,1.0,2.0,4.333333333333333,3.1666666666666665,5.0,3.028487289277167,182,49,3.0,1.0284872892771668
781684047924,2025-08,6,8.0,10.0,2.0,8.0,9.0,8.0,6.666666666666667,7.5,10.0,7.337990714499532,182,52,2.0,0.662009285500468
781684047927,2025-08,3,4.0,10.0,12.0,7.0,2.0,4.0,9.666666666666666,6.333333333333333,10.0,5.633848897077042,182,55,6.0,1.6338488970770424
781684047928,2025-08,9,9.0,11.0,11.0,12.0,9.0,17.0,11.333333333333334,10.0,11.0,10.774148462009732,182,56,2.0,1.774148462009732
781684047929,2025-08,11,20.0,18.0,15.0,18.0,16.0,21.0,17.0,15.166666666666666,18.0,15.008654058135411,182,57,2.0,4.991345941864589
781684047930,2025-08,8,9.0,17.0,16.0,25.0,23.0,18.0,19.333333333333332,20.166666666666668,17.0,15.87982944469968,182,58,8.0,6.879829444699681
781684047931,2025-08,26,29.0,27.0,18.0,33.0,28.0,39.0,26.0,34.166666666666664,27.0,30.094041379426674,182,59,2.0,1.094041379426674
781684047932,2025-08,1,5.0,5.0,6.0,5.0,4.0,1.0,5.333333333333333,4.0,5.0,3.1194745498225505,182,60,0.0,1.8805254501774495
781684047935,2025-08,14,5.0,7.0,7.0,8.0,9.0,11.0,7.333333333333333,8.166666666666666,7.0,10.094697492692738,182,63,2.0,5.094697492692738
781684047940,2025-08,2,1.0,5.0,7.0,2.0,5.0,5.0,4.666666666666667,4.0,5.0,3.8867134084024704,182,68,4.0,2.8867134084024704
781684047941,2025-08,2,1.0,6.0,2.0,1.0,2.0,1.0,3.0,2.1666666666666665,6.0,2.538144194795203,182,69,5.0,1.538144194795203
781684047965,2025-08,2,1.0,2.0,2.0,2.0,1.0,1.0,2.0,2.1666666666666665,2.0,2.0853475261484355,182,93,1.0,1.0853475261484355
781684047971,2025-08,6,1.0,3.0,2.0,3.0,3.0,6.0,2.6666666666666665,2.6666666666666665,3.0,4.269159214109775,182,99,2.0,3.2691592141097754
781684047972,2025-08,3,4.0,2.0,2.0,1.0,1.0,1.0,1.6666666666666667,1.3333333333333333,2.0,2.0594580242333596,182,100,2.0,1.9405419757666404
785979015200,2025-08,5,1.0,1.0,6.0,4.0,4.0,2.0,3.6666666666666665,4.333333333333333,1.0,4.0245375273593265,183,32,0.0,3.0245375273593265
785979015201,2025-08,18,15.0,21.0,29.0,42.0,21.0,14.0,30.666666666666668,28.666666666666668,21.0,22.5454574324643,183,33,6.0,7.5454574324643
785979015202,2025-08,16,17.0,21.0,25.0,34.0,38.0,12.0,26.666666666666668,27.0,21.0,21.389958191465755,183,34,4.0,4.389958191465755
785979015203,2025-08,5,3.0,2.0,4.0,1.0,1.0,1.0,2.3333333333333335,1.8333333333333333,2.0,2.8760217413894997,183,35,1.0,0.12397825861050027
785979015208,2025-08,3,3.0,5.0,8.0,4.0,2.0,2.0,5.666666666666667,4.333333333333333,5.0,3.893761304944828,183,40,2.0,0.8937613049448281
785979015209,2025-08,1,3.0,1.0,3.0,3.0,2.0,3.0,2.3333333333333335,2.5,1.0,2.163867001653937,183,41,2.0,0.8361329983460628
785979015214,2025-08,2,1.0,1.0,1.0,2.0,1.0,1.0,1.3333333333333333,1.1666666666666667,1.0,1.6025347064292905,183,46,0.0,0.6025347064292905
785979015215,2025-08,7,2.0,3.0,7.0,11.0,2.0,8.0,7.0,5.166666666666667,3.0,6.079507689969544,183,47,1.0,4.079507689969544
785979015216,2025-08,13,11.0,17.0,12.0,20.0,21.0,9.0,16.333333333333332,16.166666666666668,17.0,14.429843739141807,183,48,6.0,3.4298437391418073
785979015217,2025-08,4,6.0,5.0,6.0,10.0,2.0,3.0,7.0,7.166666666666667,5.0,5.395760360434249,183,49,1.0,0.6042396395657512
785979015218,2025-08,9,13.0,9.0,7.0,9.0,11.0,9.0,8.333333333333334,8.833333333333334,9.0,8.961151969372251,183,50,4.0,4.038848030627749
785979015219,2025-08,2,6.0,2.0,3.0,4.0,2.0,1.0,3.0,2.5,2.0,2.3446446432617467,183,51,4.0,3.6553553567382533
785979015223,2025-08,1,2.0,4.0,4.0,8.0,3.0,5.0,5.333333333333333,4.666666666666667,4.0,3.73486934492081,183,55,2.0,1.73486934492081
785979015224,2025-08,34,25.0,34.0,14.0,16.0,25.0,30.0,21.333333333333332,26.833333333333332,34.0,28.71238065834472,183,56,9.0,3.7123806583447205
785979015225,2025-08,14,14.0,13.0,19.0,13.0,10.0,17.0,15.0,12.833333333333334,13.0,13.75446505108157,183,57,1.0,0.2455349489184293
785979015226,2025-08,36,49.0,59.0,38.0,29.0,36.0,56.0,42.0,44.166666666666664,59.0,42.98523944693676,183,58,10.0,6.01476055306324
785979015227,2025-08,36,39.0,41.0,36.0,63.0,38.0,55.0,46.666666666666664,47.833333333333336,41.0,43.28401782848535,183,59,2.0,4.2840178284853465
785979015228,2025-08,17,8.0,8.0,10.0,5.0,4.0,6.0,7.666666666666667,7.833333333333333,8.0,10.128002942193802,183,60,0.0,2.1280029421938025
785979015231,2025-08,3,2.0,1.0,2.0,3.0,1.0,1.0,2.0,2.1666666666666665,1.0,2.2968320253774728,183,63,1.0,0.2968320253774728
785979015262,2025-08,2,2.0,3.0,1.0,3.0,1.0,2.0,2.3333333333333335,2.0,3.0,2.26881546455731,183,94,1.0,0.26881546455731
785979015264,2025-08,2,1.0,4.0,2.0,3.0,2.0,2.0,3.0,3.0,4.0,2.790871624749931,183,96,3.0,1.790871624749931
785979015267,2025-08,2,1.0,5.0,5.0,4.0,2.0,3.0,4.666666666666667,3.5,5.0,3.3446818106627507,183,99,4.0,2.3446818106627507
790273982496,2025-08,7,4.0,5.0,3.0,2.0,2.0,3.0,3.3333333333333335,3.0,5.0,4.471598110039729,184,32,1.0,0.4715981100397286
790273982497,2025-08,21,20.0,19.0,9.0,19.0,11.0,22.0,15.666666666666666,14.5,19.0,17.523229437076665,184,33,1.0,2.4767705629233348
790273982498,2025-08,4,2.0,6.0,7.0,12.0,1.0,4.0,8.333333333333334,4.666666666666667,6.0,4.871979608427271,184,34,4.0,2.871979608427271
790273982499,2025-08,1,2.0,2.0,4.0,4.0,1.0,4.0,3.3333333333333335,2.5,2.0,2.4376923850942624,184,35,0.0,0.43769238509426245
790273982504,2025-08,5,4.0,7.0,5.0,4.0,4.0,4.0,5.333333333333333,5.166666666666667,7.0,5.195085385450234,184,40,3.0,1.1950853854502341
790273982505,2025-08,3,5.0,1.0,4.0,1.0,1.0,1.0,2.0,2.1666666666666665,1.0,2.2989645961185516,184,41,4.0,2.7010354038814484
790273982510,2025-08,1,1.0,2.0,1.0,1.0,1.0,1.0,1.3333333333333333,2.0,2.0,1.6689018984354878,184,46,1.0,0.6689018984354878
790273982511,2025-08,12,6.0,13.0,21.0,4.0,12.0,14.0,12.666666666666666,11.666666666666666,13.0,12.235440125818734,184,47,7.0,6.235440125818734
790273982512,2025-08,1,7.0,5.0,1.0,6.0,1.0,6.0,4.0,3.6666666666666665,5.0,3.3801216491144164,184,48,2.0,3.6198783508855836
790273982513,2025-08,2,2.0,2.0,2.0,1.0,1.0,1.0,1.6666666666666667,1.5,2.0,1.8271172349018467,184,49,0.0,0.17288276509815326
790273982519,2025-08,8,6.0,10.0,8.0,9.0,13.0,10.0,9.0,11.0,10.0,9.751261705607654,184,55,4.0,3.7512617056076536
790273982520,2025-08,10,11.0,12.0,14.0,10.0,12.0,15.0,12.0,11.666666666666666,12.0,11.631558363620055,184,56,1.0,0.631558363620055
790273982521,2025-08,15,22.0,13.0,11.0,15.0,16.0,24.0,13.0,13.0,13.0,15.003285615163072,184,57,9.0,6.9967143848369275
790273982522,2025-08,13,14.0,23.0,17.0,25.0,12.0,20.0,21.666666666666668,16.833333333333332,23.0,16.743028186556863,184,58,9.0,2.743028186556863
790273982523,2025-08,8,12.0,27.0,12.0,16.0,3.0,13.0,18.333333333333332,13.666666666666666,27.0,12.94122879374052,184,59,15.0,0.9412287937405193
790273982524,2025-08,8,5.0,8.0,5.0,4.0,1.0,10.0,5.666666666666667,5.0,8.0,6.7642679476375855,184,60,3.0,1.7642679476375855
790273982542,2025-08,1,1.0,1.0,1.0,1.0,2.0,2.0,1.0,1.3333333333333333,1.0,1.501217314731388,184,78,0.0,0.5012173147313881
790273982545,2025-08,4,3.0,1.0,1.0,1.0,3.0,1.0,1.0,1.5,1.0,2.332035380769055,184,81,2.0,0.6679646192309452
790273982546,2025-08,3,1.0,1.0,1.0,1.0,1.0,1.0,1.0,1.0,1.0,1.798926557502405,184,82,0.0,0.7989265575024049
790273982562,2025-08,2,5.0,2.0,1.0,1.0,2.0,3.0,1.3333333333333333,2.1666666666666665,2.0,2.3070846955716444,184,98,3.0,2.6929153044283556
790273982563,2025-08,2,4.0,1.0,2.0,1.0,1.0,2.0,1.3333333333333333,1.1666666666666667,1.0,1.7313299872183663,184,99,3.0,2.2686700127816337
790273982564,2025-08,1,1.0,4.0,1.0,2.0,1.0,2.0,2.3333333333333335,1.8333333333333333,4.0,2.001760627081225,184,100,3.0,1.0017606270812252
794568949788,2025-08,6,6.0,3.0,9.0,2.0,6.0,3.0,4.666666666666667,5.166666666666667,3.0,5.060414950124473,185,28,3.0,0.9395850498755269
794568949789,2025-08,7,7.0,7.0,8.0,8.0,2.0,18.0,7.666666666666667,4.5,7.0,7.513186966452155,185,29,0.0,0.5131869664521549
794568949793,2025-08,3,3.0,3.0,3.0,3.0,5.0,7.0,3.0,3.0,3.0,3.7597974078626173,185,33,0.0,0.7597974078626173
794568949794,2025-08,1,1.0,3.0,2.0,1.0,2.0,2.0,2.0,1.8333333333333333,3.0,1.9296946863173172,185,34,2.0,0.9296946863173172
794568949799,2025-08,2,1.0,1.0,2.0,1.0,2.0,8.0,1.3333333333333333,1.8333333333333333,1.0,2.7592286531912515,185,39,0.0,1.7592286531912515
794568949800,2025-08,6,6.0,4.0,10.0,11.0,10.0,4.0,8.333333333333334,7.333333333333333,4.0,6.540462939210993,185,40,2.0,0.5404629392109932
794568949807,2025-08,2,8.0,3.0,10.0,6.0,8.0,5.0,6.333333333333333,6.5,3.0,4.868088794233177,185,47,5.0,3.131911205766823
794568949815,2025-08,12,10.0,12.0,10.0,12.0,17.0,9.0,11.333333333333334,11.833333333333334,12.0,11.616630668881422,185,55,2.0,1.616630668881422
794568949816,2025-08,13,6.0,16.0,19.0,12.0,20.0,16.0,15.666666666666666,17.666666666666668,16.0,15.643975903548961,185,56,10.0,9.643975903548961
794568949817,2025-08,13,13.0,9.0,14.0,18.0,13.0,15.0,13.666666666666666,13.833333333333334,9.0,13.207414290284259,185,57,4.0,0.20741429028425884
794568949818,2025-08,6,13.0,3.0,6.0,3.0,4.0,3.0,4.0,3.0,3.0,4.184417139337493,185,58,10.0,8.815582860662506
794568949819,2025-08,1,2.0,2.0,1.0,3.0,1.0,4.0,2.0,2.3333333333333335,2.0,2.235127437701994,185,59,0.0,0.23512743770199407
794568949820,2025-08,4,5.0,5.0,5.0,8.0,3.0,3.0,6.0,5.833333333333333,5.0,4.881527894785608,185,60,0.0,0.11847210521439244
794568949832,2025-08,3,1.0,1.0,1.0,3.0,1.0,2.0,1.6666666666666667,1.8333333333333333,1.0,2.276405120672976,185,72,0.0,1.276405120672976
794568949858,2025-08,2,1.0,1.0,3.0,1.0,2.0,3.0,1.6666666666666667,1.6666666666666667,1.0,2.1020285614804592,185,98,0.0,1.1020285614804592
798863917084,2025-08,14,11.0,11.0,9.0,11.0,7.0,9.0,10.333333333333334,9.666666666666666,11.0,10.892265393596912,186,28,0.0,0.1077346064030884
798863917085,2025-08,23,24.0,17.0,16.0,20.0,12.0,27.0,17.666666666666668,16.5,17.0,19.514088439209644,186,29,7.0,4.485911560790356
798863917096,2025-08,7,4.0,5.0,5.0,3.0,2.0,5.0,4.333333333333333,4.0,5.0,5.1704575158753645,186,40,1.0,1.1704575158753645
798863917097,2025-08,3,2.0,4.0,1.0,12.0,6.0,3.0,5.666666666666667,5.0,4.0,4.316854389302161,186,41,2.0,2.3168543893021614
798863917098,2025-08,2,2.0,1.0,3.0,2.0,2.0,1.0,2.0,1.8333333333333333,1.0,1.9380898471488344,186,42,1.0,0.061910152851165634
798863917099,2025-08,2,3.0,3.0,1.0,3.0,1.0,2.0,2.3333333333333335,2.1666666666666665,3.0,2.3243858028043576,186,43,0.0,0.6756141971956424
798863917106,2025-08,5,4.0,2.0,3.0,16.0,5.0,5.0,7.0,6.666666666666667,2.0,5.6576697443689845,186,50,2.0,1.6576697443689845
798863917107,2025-08,4,6.0,4.0,3.0,4.0,2.0,2.0,3.6666666666666665,2.5,4.0,3.2729470270532497,186,51,2.0,2.7270529729467503
798863917108,2025-08,2,1.0,3.0,2.0,3.0,1.0,1.0,2.6666666666666665,2.3333333333333335,3.0,2.2892423692618067,186,52,2.0,1.2892423692618067
798863917112,2025-08,11,5.0,5.0,7.0,14.0,7.0,9.0,8.666666666666666,8.833333333333334,5.0,9.11024328749578,186,56,0.0,4.110243287495781
798863917113,2025-08,3,4.0,2.0,1.0,3.0,5.0,3.0,2.0,2.6666666666666665,2.0,2.9513347358285733,186,57,2.0,1.0486652641714267
798863917114,2025-08,10,3.0,6.0,4.0,7.0,3.0,9.0,5.666666666666667,5.333333333333333,6.0,7.2480690227476305,186,58,3.0,4.2480690227476305
798863917115,2025-08,1,4.0,2.0,5.0,1.0,1.0,4.0,2.6666666666666665,2.5,2.0,2.366860793947998,186,59,2.0,1.633139206052002
798863917129,2025-08,4,3.0,2.0,4.0,2.0,1.0,1.0,2.6666666666666665,3.1666666666666665,2.0,3.068622258045716,186,73,1.0,0.06862225804571587
798863917130,2025-08,5,2.0,3.0,3.0,2.0,6.0,1.0,2.6666666666666665,3.0,3.0,3.5725400927235906,186,74,1.0,1.5725400927235906
798863917131,2025-08,7,3.0,2.0,1.0,1.0,2.0,2.0,1.3333333333333333,1.6666666666666667,2.0,3.4522003233047664,186,75,1.0,0.45220032330476645
798863917158,2025-08,18,24.0,23.0,22.0,15.0,14.0,23.0,20.0,21.0,23.0,19.85910268338909,186,102,1.0,4.140897316610911
803158884380,2025-08,3,1.0,3.0,4.0,2.0,5.0,4.0,3.0,3.8333333333333335,3.0,3.6555283982127804,187,28,2.0,2.6555283982127804
803158884381,2025-08,12,18.0,13.0,12.0,11.0,10.0,8.0,12.0,11.666666666666666,13.0,11.30908502750891,187,29,5.0,6.69091497249109
803158884382,2025-08,5,4.0,3.0,2.0,6.0,3.0,10.0,3.6666666666666665,4.5,3.0,5.211284603698083,187,30,1.0,1.2112846036980827
803158884383,2025-08,4,3.0,4.0,4.0,2.0,6.0,3.0,3.3333333333333335,3.8333333333333335,4.0,3.967329437454202,187,31,1.0,0.9673294374542021
803158884394,2025-08,4,1.0,3.0,1.0,1.0,1.0,2.0,1.6666666666666667,1.5,3.0,2.6060288284564876,187,42,2.0,1.6060288284564876
803158884401,2025-08,1,1.0,1.0,1.0,2.0,1.0,1.0,1.3333333333333333,1.5,1.0,1.4257642553448235,187,49,0.0,0.42576425534482354
803158884402,2025-08,6,11.0,7.0,10.0,11.0,5.0,10.0,9.333333333333334,8.166666666666666,7.0,7.725598600413842,187,50,4.0,3.274401399586158
803158884403,2025-08,4,12.0,7.0,8.0,12.0,6.0,3.0,9.0,8.166666666666666,7.0,6.25683520880096,187,51,5.0,5.74316479119904
803158884404,2025-08,2,1.0,6.0,5.0,1.0,4.0,2.0,4.0,3.5,6.0,3.2999682480238857,187,52,5.0,2.2999682480238857
803158884405,2025-08,5,5.0,4.0,2.0,5.0,2.0,3.0,3.6666666666666665,3.8333333333333335,4.0,4.132083570656183,187,53,1.0,0.8679164293438166
803158884409,2025-08,8,9.0,10.0,8.0,13.0,8.0,18.0,10.333333333333334,10.5,10.0,10.553961704881033,187,57,1.0,1.5539617048810328
803158884410,2025-08,23,15.0,16.0,14.0,20.0,11.0,27.0,16.666666666666668,15.666666666666666,16.0,19.01058739363513,187,58,1.0,4.010587393635131
803158884411,2025-08,19,17.0,22.0,34.0,25.0,21.0,17.0,27.0,21.5,22.0,20.513350736035257,187,59,5.0,3.5133507360352567
803158884424,2025-08,3,1.0,3.0,1.0,3.0,1.0,1.0,2.3333333333333335,2.3333333333333335,3.0,2.5401382732114275,187,72,2.0,1.5401382732114275
803158884425,2025-08,2,7.0,5.0,8.0,6.0,3.0,4.0,6.333333333333333,5.5,5.0,4.361441752922948,187,73,2.0,2.638558247077052
803158884432,2025-08,2,2.0,1.0,2.0,4.0,2.0,1.0,2.3333333333333335,1.8333333333333333,1.0,1.9729725000366969,187,80,1.0,0.027027499963303114
807453851676,2025-08,1,2.0,1.0,1.0,2.0,1.0,1.0,1.3333333333333333,1.1666666666666667,1.0,1.3146235788507301,188,28,1.0,0.6853764211492699
807453851677,2025-08,14,10.0,6.0,9.0,13.0,10.0,9.0,9.333333333333334,8.666666666666666,6.0,10.186593429012241,188,29,4.0,0.18659342901224107
807453851678,2025-08,14,15.0,22.0,13.0,20.0,10.0,10.0,18.333333333333332,14.666666666666666,22.0,14.512567129375807,188,30,7.0,0.48743287062419327
807453851679,2025-08,1,5.0,1.0,2.0,1.0,2.0,4.0,1.3333333333333333,1.6666666666666667,1.0,1.9048312056914973,188,31,4.0,3.0951687943085027
807453851696,2025-08,5,6.0,5.0,3.0,2.0,1.0,1.0,3.3333333333333335,2.8333333333333335,5.0,3.5455041853250124,188,48,1.0,2.4544958146749876
807453851697,2025-08,1,1.0,3.0,3.0,1.0,3.0,4.0,2.3333333333333335,2.3333333333333335,3.0,2.4281222559979465,188,49,2.0,1.4281222559979465
807453851698,2025-08,9,14.0,12.0,11.0,6.0,9.0,6.0,9.666666666666666,8.333333333333334,12.0,8.710108066992875,188,50,2.0,5.289891933007125
807453851699,2025-08,51,18.0,44.0,35.0,44.0,57.0,57.0,41.0,44.666666666666664,44.0,47.16501142458817,188,51,26.0,29.165011424588172
807453851700,2025-08,4,5.0,8.0,3.0,6.0,1.0,4.0,5.666666666666667,4.5,8.0,4.677405879329906,188,52,3.0,0.32259412067009396
807453851701,2025-08,2,1.0,3.0,1.0,1.0,1.0,2.0,1.6666666666666667,1.5,3.0,2.030206573299367,188,53,2.0,1.0302065732993668
807453851705,2025-08,2,4.0,2.0,1.0,2.0,2.0,5.0,1.6666666666666667,2.1666666666666665,2.0,2.598491624667119,188,57,2.0,1.401508375332881
807453851706,2025-08,15,16.0,15.0,15.0,8.0,14.0,21.0,12.666666666666666,14.5,15.0,15.162914452106733,188,58,1.0,0.8370855478932668
807453851707,2025-08,13,19.0,17.0,18.0,9.0,14.0,19.0,14.666666666666666,14.0,17.0,14.536668933732464,188,59,2.0,4.463331066267536
807453851708,2025-08,3,5.0,5.0,10.0,8.0,11.0,9.0,7.666666666666667,6.833333333333333,5.0,6.192435611133053,188,60,0.0,1.1924356111330532
807453851709,2025-08,4,1.0,5.0,2.0,2.0,6.0,14.0,3.0,4.333333333333333,5.0,5.577404521149292,188,61,4.0,4.577404521149292
807453851710,2025-08,2,1.0,2.0,2.0,3.0,2.0,2.0,2.3333333333333335,2.0,2.0,2.2326984620518004,188,62,1.0,1.2326984620518004
811748818974,2025-08,19,6.0,21.0,17.0,11.0,2.0,25.0,16.333333333333332,10.833333333333334,21.0,15.988138078659002,189,30,15.0,9.988138078659002
811748818975,2025-08,1,9.0,1.0,4.0,2.0,1.0,2.0,2.3333333333333335,1.8333333333333333,1.0,1.7756795981442757,189,31,8.0,7.224320401855724
811748818993,2025-08,14,3.0,1.0,7.0,9.0,3.0,4.0,5.666666666666667,4.166666666666667,1.0,6.9931419026038615,189,49,2.0,3.9931419026038615
811748818994,2025-08,12,25.0,13.0,3.0,14.0,5.0,8.0,10.0,8.166666666666666,13.0,9.72060102406829,189,50,12.0,15.27939897593171
811748818995,2025-08,33,21.0,22.0,25.0,24.0,25.0,40.0,23.666666666666668,23.166666666666668,22.0,27.825464210206963,189,51,1.0,6.825464210206963
811748818996,2025-08,43,25.0,29.0,43.0,50.0,42.0,91.0,40.666666666666664,41.0,29.0,46.219492619115854,189,52,4.0,21.219492619115854
811748818997,2025-08,13,15.0,11.0,18.0,14.0,9.0,12.0,14.333333333333334,11.5,11.0,12.11828548137409,189,53,4.0,2.8817145186259108
811748818998,2025-08,6,1.0,5.0,6.0,6.0,8.0,6.0,5.666666666666667,5.5,5.0,5.89073050918376,189,54,4.0,4.89073050918376
811748819000,2025-08,3,3.0,2.0,2.0,2.0,1.0,4.0,2.0,1.6666666666666667,2.0,2.589734625241465,189,56,1.0,0.4102653747585352
811748819001,2025-08,2,4.0,6.0,6.0,3.0,3.0,5.0,5.0,3.3333333333333335,6.0,3.6972546557047163,189,57,2.0,0.30274534429528366
811748819002,2025-08,6,13.0,9.0,8.0,6.0,1.0,4.0,7.666666666666667,6.666666666666667,9.0,6.273094216451258,189,58,4.0,6.726905783548742
811748819003,2025-08,14,35.0,15.0,23.0,18.0,15.0,17.0,18.666666666666668,15.0,15.0,15.225652869684168,189,59,20.0,19.77434713031583
811748819004,2025-08,8,10.0,20.0,18.0,19.0,8.0,15.0,19.0,14.333333333333334,20.0,13.158494030226537,189,60,10.0,3.158494030226537
811748819006,2025-08,1,5.0,2.0,3.0,4.0,3.0,1.0,3.0,3.1666666666666665,2.0,2.318258209144849,189,62,3.0,2.681741790855151
816043786268,2025-08,10,7.0,13.0,14.0,5.0,6.0,11.0,10.666666666666666,10.833333333333334,13.0,10.539961523185738,190,28,6.0,3.539961523185738
816043786269,2025-08,2,7.0,6.0,1.0,4.0,2.0,6.0,3.6666666666666665,2.8333333333333335,6.0,3.4699021160223396,190,29,1.0,3.5300978839776604
816043786270,2025-08,26,14.0,12.0,15.0,19.0,10.0,12.0,15.333333333333334,13.5,12.0,16.748292126346517,190,30,2.0,2.7482921263465165
816043786271,2025-08,6,1.0,3.0,2.0,1.0,2.0,1.0,2.0,1.8333333333333333,3.0,3.2415213287915794,190,31,2.0,2.2415213287915794
816043786288,2025-08,8,6.0,13.0,3.0,2.0,4.0,10.0,6.0,5.333333333333333,13.0,7.4090881548170415,190,48,7.0,1.4090881548170415
816043786289,2025-08,6,5.0,8.0,12.0,11.0,4.0,7.0,10.333333333333334,8.166666666666666,8.0,7.489574287550558,190,49,3.0,2.4895742875505578
816043786290,2025-08,11,11.0,12.0,13.0,15.0,13.0,10.0,13.333333333333334,11.833333333333334,12.0,11.518367660489519,190,50,1.0,0.5183676604895187
816043786291,2025-08,6,18.0,14.0,18.0,15.0,7.0,8.0,15.666666666666666,13.5,14.0,10.553424622749805,190,51,4.0,7.446575377250195
816043786292,2025-08,17,10.0,19.0,7.0,11.0,5.0,16.0,12.333333333333334,9.166666666666666,19.0,13.229878134179764,190,52,9.0,3.2298781341797635
816043786293,2025-08,9,10.0,8.0,5.0,11.0,2.0,10.0,8.0,7.166666666666667,8.0,8.065479380710038,190,53,2.0,1.9345206192899624
816043786294,2025-08,3,7.0,6.0,3.0,5.0,7.0,6.0,4.666666666666667,5.666666666666667,6.0,5.008705081684355,190,54,1.0,1.9912949183156448
816043786295,2025-08,4,4.0,4.0,1.0,2.0,1.0,1.0,2.3333333333333335,1.6666666666666667,4.0,2.6821946761513207,190,55,0.0,1.3178053238486793
816043786298,2025-08,2,3.0,1.0,2.0,9.0,3.0,2.0,4.0,3.5,1.0,2.8753929096911817,190,58,2.0,0.12460709030881834
816043786300,2025-08,13,23.0,21.0,14.0,4.0,10.0,23.0,13.0,13.5,21.0,14.8455972193955,190,60,2.0,8.1544027806045
816043786301,2025-08,12,4.0,15.0,8.0,6.0,4.0,10.0,9.666666666666666,7.5,15.0,9.83677006673704,190,61,11.0,5.83677006673704
820338753564,2025-08,1,9.0,3.0,4.0,4.0,6.0,6.0,3.6666666666666665,4.5,3.0,3.668586703871199,191,28,6.0,5.331413296128801
820338753565,2025-08,22,23.0,24.0,20.0,22.0,16.0,34.0,22.0,19.166666666666668,24.0,22.17296679069552,191,29,1.0,0.8270332093044814
820338753566,2025-08,15,15.0,21.0,18.0,7.0,32.0,26.0,15.333333333333334,19.166666666666668,21.0,18.81325916091525,191,30,6.0,3.8132591609152513
820338753567,2025-08,3,8.0,3.0,5.0,8.0,3.0,5.0,5.333333333333333,5.166666666666667,3.0,4.402042271840086,191,31,5.0,3.5979577281599138
820338753584,2025-08,1,1.0,1.0,3.0,1.0,2.0,1.0,1.6666666666666667,1.8333333333333333,1.0,1.6142297813118738,191,48,0.0,0.6142297813118738
820338753586,2025-08,15,20.0,22.0,20.0,32.0,15.0,8.0,24.666666666666668,19.0,22.0,16.87655958741128,191,50,2.0,3.123440412588721
820338753587,2025-08,22,9.0,28.0,31.0,21.0,13.0,24.0,26.666666666666668,19.666666666666668,28.0,21.765378617922494,191,51,19.0,12.765378617922494
820338753588,2025-08,8,8.0,13.0,12.0,10.0,5.0,6.0,11.666666666666666,11.166666666666666,13.0,9.503105870990677,191,52,5.0,1.5031058709906766
820338753589,2025-08,7,3.0,6.0,3.0,6.0,2.0,5.0,5.0,5.333333333333333,6.0,5.761212155976986,191,53,3.0,2.7612121559769864
820338753590,2025-08,3,3.0,4.0,6.0,3.0,2.0,2.0,4.333333333333333,4.0,4.0,3.560265676326531,191,54,1.0,0.560265676326531
820338753591,2025-08,33,5.0,14.0,13.0,9.0,10.0,11.0,12.0,11.5,14.0,17.760328268387294,191,55,9.0,12.760328268387294
820338753594,2025-08,3,1.0,1.0,2.0,3.0,2.0,2.0,2.0,2.0,1.0,2.4082340230224384,191,58,0.0,1.4082340230224384
824633720860,2025-08,1,1.0,1.0,2.0,1.0,1.0,3.0,1.3333333333333333,2.0,1.0,1.8489995462935784,192,28,0.0,0.8489995462935784
824633720861,2025-08,4,3.0,4.0,4.0,9.0,5.0,6.0,5.666666666666667,6.5,4.0,5.452041062997894,192,29,1.0,2.4520410629978944
824633720862,2025-08,22,20.0,27.0,17.0,19.0,19.0,26.0,21.0,24.0,27.0,22.99863887209376,192,30,7.0,2.9986388720937605
824633720863,2025-08,13,8.0,15.0,13.0,18.0,12.0,11.0,15.333333333333334,16.166666666666668,15.0,14.072477879613892,192,31,7.0,6.072477879613892
824633720864,2025-08,2,4.0,3.0,4.0,1.0,2.0,1.0,2.6666666666666665,3.0,3.0,2.5528996334645484,192,32,1.0,1.4471003665354516
824633720866,2025-08,6,5.0,5.0,18.0,4.0,9.0,9.0,9.0,9.833333333333334,5.0,8.130274437366541,192,34,0.0,3.130274437366541
824633720867,2025-08,6,4.0,4.0,3.0,3.0,5.0,3.0,3.3333333333333335,4.0,4.0,4.558412405014355,192,35,0.0,0.5584124050143551
824633720882,2025-08,2,2.0,3.0,3.0,2.0,2.0,2.0,2.6666666666666665,3.0,3.0,2.6795623435125453,192,50,1.0,0.6795623435125453
824633720883,2025-08,12,6.0,11.0,7.0,2.0,1.0,5.0,6.666666666666667,5.0,11.0,7.616526751423988,192,51,5.0,1.6165267514239883
824633720884,2025-08,1,7.0,4.0,4.0,5.0,11.0,4.0,4.333333333333333,5.166666666666667,4.0,3.979951273256016,192,52,3.0,3.020048726743984
824633720886,2025-08,2,1.0,5.0,5.0,8.0,2.0,10.0,6.0,4.5,5.0,4.716002561108395,192,54,4.0,3.716002561108395
824633720887,2025-08,5,1.0,7.0,4.0,3.0,3.0,3.0,4.666666666666667,3.3333333333333335,7.0,4.3438751669533655,192,55,6.0,3.3438751669533655
828928688157,2025-08,2,4.0,1.0,2.0,3.0,2.0,4.0,2.0,2.1666666666666665,1.0,2.431351224527999,193,29,3.0,1.5686487754720009
828928688158,2025-08,3,2.0,5.0,1.0,5.0,3.0,5.0,3.6666666666666665,2.8333333333333335,5.0,3.5929009603063147,193,30,3.0,1.5929009603063147
828928688159,2025-08,2,2.0,8.0,1.0,5.0,1.0,1.0,4.666666666666667,3.0,8.0,3.108284208177473,193,31,6.0,1.1082842081774729
828928688160,2025-08,1,1.0,3.0,1.0,5.0,1.0,3.0,3.0,2.3333333333333335,3.0,2.2916718854081832,193,32,2.0,1.2916718854081832
828928688162,2025-08,3,1.0,6.0,2.0,6.0,4.0,10.0,4.666666666666667,6.0,6.0,5.511965433061631,193,34,5.0,4.511965433061631
828928688163,2025-08,1,1.0,1.0,1.0,2.0,2.0,1.0,1.3333333333333333,1.6666666666666667,1.0,1.5205779340653471,193,35,0.0,0.5205779340653471
828928688168,2025-08,1,1.0,1.0,1.0,1.0,1.0,1.0,1.0,1.0,1.0,1.2231043023452841,193,40,0.0,0.2231043023452841
828928688181,2025-08,3,3.0,9.0,5.0,4.0,5.0,6.0,6.0,5.833333333333333,9.0,5.360996947807699,193,53,6.0,2.360996947807699
828928688183,2025-08,3,8.0,5.0,3.0,13.0,7.0,8.0,7.0,6.5,5.0,5.717230703215947,193,55,3.0,2.2827692967840534
828928688184,2025-08,7,2.0,4.0,7.0,19.0,10.0,17.0,10.0,9.5,4.0,9.38781123962253,193,56,2.0,7.387811239622531
833223655459,2025-08,5,7.0,6.0,3.0,3.0,1.0,7.0,4.0,3.0,6.0,4.515773000949604,194,35,1.0,2.484226999050396
833223655478,2025-08,7,3.0,3.0,4.0,1.0,2.0,7.0,2.6666666666666665,3.5,3.0,4.9255402586097095,194,54,0.0,1.9255402586097095
833223655479,2025-08,4,4.0,1.0,1.0,1.0,1.0,4.0,1.0,1.1666666666666667,1.0,2.52559500958362,194,55,3.0,1.4744049904163798
833223655480,2025-08,12,12.0,26.0,17.0,14.0,10.0,8.0,19.0,15.833333333333334,26.0,14.452148782507987,194,56,14.0,2.4521487825079866
837518622751,2025-08,1,5.0,1.0,2.0,3.0,1.0,1.0,2.0,1.8333333333333333,1.0,1.6098690937262603,195,31,4.0,3.3901309062737397
837518622755,2025-08,13,11.0,7.0,7.0,13.0,12.0,12.0,9.0,11.0,7.0,11.176685823444945,195,35,4.0,0.1766858234449451
837518622756,2025-08,2,2.0,2.0,1.0,4.0,3.0,1.0,2.3333333333333335,2.3333333333333335,2.0,2.254287198230296,195,36,0.0,0.2542871982302959
837518622768,2025-08,2,2.0,1.0,3.0,4.0,3.0,3.0,2.6666666666666665,2.3333333333333335,1.0,2.471400069717326,195,48,1.0,0.4714000697173262
837518622773,2025-08,19,18.0,24.0,23.0,17.0,21.0,20.0,21.333333333333332,21.833333333333332,24.0,20.537670566015265,195,53,6.0,2.537670566015265
837518622774,2025-08,10,8.0,12.0,17.0,13.0,12.0,10.0,14.0,14.833333333333334,12.0,12.267642298883285,195,54,4.0,4.267642298883285
837518622775,2025-08,12,9.0,13.0,9.0,11.0,13.0,9.0,11.0,9.166666666666666,13.0,10.60994329975535,195,55,4.0,1.6099432997553507
837518622776,2025-08,6,1.0,1.0,2.0,4.0,2.0,2.0,2.3333333333333335,2.1666666666666665,1.0,3.3634866822635665,195,56,0.0,2.3634866822635665
841813590050,2025-08,1,5.0,3.0,5.0,7.0,4.0,6.0,5.0,5.333333333333333,3.0,4.012813752563625,196,34,2.0,0.9871862474363748
841813590051,2025-08,4,9.0,3.0,1.0,3.0,15.0,7.0,2.3333333333333335,5.333333333333333,3.0,5.144096228376711,196,35,6.0,3.8559037716232893
841813590069,2025-08,31,30.0,20.0,25.0,18.0,10.0,28.0,21.0,16.666666666666668,20.0,22.520555948524184,196,53,10.0,7.4794440514758165
841813590070,2025-08,11,15.0,10.0,13.0,4.0,10.0,8.0,9.0,11.5,10.0,10.413849517679667,196,54,5.0,4.586150482320333
841813590071,2025-08,21,15.0,37.0,18.0,28.0,34.0,29.0,27.666666666666668,28.333333333333332,37.0,26.611704966329945,196,55,22.0,11.611704966329945
841813590072,2025-08,2,3.0,2.0,2.0,3.0,1.0,9.0,2.3333333333333335,2.3333333333333335,2.0,3.1986987660021784,196,56,1.0,0.1986987660021784
846108557366,2025-08,12,4.0,10.0,7.0,8.0,9.0,11.0,8.333333333333334,8.833333333333334,10.0,10.078283290347576,197,54,6.0,6.078283290347576
846108557367,2025-08,11,5.0,15.0,18.0,21.0,16.0,15.0,18.0,14.833333333333334,15.0,14.012905194968347,197,55,10.0,9.012905194968347
850403524663,2025-08,18,7.0,24.0,11.0,7.0,13.0,14.0,14.0,13.166666666666666,24.0,15.476109087159953,198,55,17.0,8.476109087159953
850403524664,2025-08,22,9.0,10.0,15.0,4.0,4.0,8.0,9.666666666666666,7.5,10.0,12.085754207531725,198,56,1.0,3.085754207531725
854698491957,2025-08,1,7.0,2.0,4.0,3.0,3.0,5.0,3.0,3.0,2.0,2.774670137942489,199,53,5.0,4.225329862057511
854698491958,2025-08,8,4.0,12.0,8.0,14.0,7.0,12.0,11.333333333333334,11.333333333333334,12.0,10.286896154605818,199,54,8.0,6.286896154605818
854698491959,2025-08,7,4.0,11.0,8.0,7.0,5.0,4.0,8.666666666666666,6.666666666666667,11.0,6.978678777397968,199,55,7.0,2.9786787773979677
