cell_id,month,count,target_next_count,lag_1,lag_2,lag_3,lag_6,lag_12,roll3_mean,roll6_mean,pred_lag1,pred_ridge,cell_x,cell_y,abs_err_lag1,abs_err_ridge
330712481852,2025-10,3,2.0,1.0,1.0,3.0,5.0,8.0,1.6666666666666667,2.8333333333333335,1.0,3.47062937603131,77,60,1.0,1.4706293760313098
339302416444,2025-10,8,4.0,4.0,2.0,3.0,3.0,10.0,3.0,3.8333333333333335,4.0,5.754249019566912,79,60,0.0,1.7542490195669123
343597383740,2025-10,1,2.0,1.0,1.0,6.0,3.0,2.0,2.6666666666666665,2.5,1.0,2.067769287284696,80,60,1.0,0.06776928728469578
352187318331,2025-10,3,6.0,7.0,3.0,4.0,8.0,3.0,4.666666666666667,6.666666666666667,7.0,5.095551314023693,82,59,1.0,0.9044486859763072
356482285622,2025-10,1,1.0,2.0,1.0,1.0,2.0,1.0,1.3333333333333333,1.5,2.0,1.5147468644267015,83,54,1.0,0.5147468644267015
356482285625,2025-10,5,2.0,3.0,1.0,6.0,4.0,6.0,3.3333333333333335,4.833333333333333,3.0,4.756891076172947,83,57,1.0,2.7568910761729466
356482285626,2025-10,6,3.0,4.0,7.0,5.0,4.0,3.0,5.333333333333333,4.5,4.0,4.890247978723994,83,58,1.0,1.8902479787239939
360777252915,2025-10,5,1.0,4.0,3.0,1.0,3.0,5.0,2.6666666666666665,3.1666666666666665,4.0,4.052628087251651,84,51,3.0,3.0526280872516507
360777252916,2025-10,1,3.0,1.0,3.0,3.0,3.0,3.0,2.3333333333333335,3.1666666666666665,1.0,2.4136050377292833,84,52,2.0,0.5863949622707167
360777252918,2025-10,2,1.0,1.0,2.0,4.0,1.0,3.0,2.3333333333333335,2.1666666666666665,1.0,2.248783794213562,84,54,0.0,1.248783794213562
360777252919,2025-10,5,12.0,8.0,8.0,11.0,10.0,16.0,9.0,8.333333333333334,8.0,8.400061163953799,84,55,4.0,3.599938836046201
360777252921,2025-10,3,2.0,4.0,6.0,10.0,5.0,8.0,6.666666666666667,6.833333333333333,4.0,5.594761309847719,84,57,2.0,3.594761309847719
360777252922,2025-10,2,9.0,8.0,11.0,10.0,10.0,3.0,9.666666666666666,9.666666666666666,8.0,6.555338185959794,84,58,1.0,2.444661814040206
365072220215,2025-10,5,4.0,6.0,3.0,3.0,4.0,3.0,4.0,3.8333333333333335,6.0,4.362646495415611,85,55,2.0,0.36264649541561056
365072220216,2025-10,24,19.0,29.0,34.0,33.0,18.0,28.0,32.0,24.166666666666668,29.0,25.06839313934281,85,56,10.0,6.06839313934281
365072220217,2025-10,9,9.0,13.0,5.0,10.0,10.0,5.0,9.333333333333334,9.833333333333334,13.0,9.134189442077206,85,57,4.0,0.13418944207720607
369367187512,2025-10,17,10.0,15.0,13.0,25.0,11.0,14.0,17.666666666666668,15.333333333333334,15.0,15.430711011581213,86,56,5.0,5.430711011581213
373662154808,2025-10,2,3.0,3.0,1.0,5.0,2.0,2.0,3.0,2.6666666666666665,3.0,2.549611657298021,87,56,0.0,0.450388342701979
373662154809,2025-10,2,1.0,4.0,8.0,5.0,3.0,5.0,5.666666666666667,4.333333333333333,4.0,3.9253198762780563,87,57,3.0,2.9253198762780563
377957122105,2025-10,1,1.0,2.0,1.0,1.0,2.0,1.0,1.3333333333333333,1.5,2.0,1.5147468644267015,88,57,1.0,0.5147468644267015
386547056698,2025-10,3,1.0,4.0,2.0,1.0,4.0,2.0,2.3333333333333335,2.6666666666666665,4.0,2.954074469098116,90,58,3.0,1.9540744690981162
403726925886,2025-10,2,3.0,1.0,3.0,1.0,2.0,2.0,1.6666666666666667,2.1666666666666665,1.0,2.1274370510599248,94,62,2.0,0.8725629489400752
408021893182,2025-10,4,6.0,4.0,6.0,7.0,5.0,7.0,5.666666666666667,5.5,4.0,5.2075430215737635,95,62,2.0,0.7924569784262365
408021893183,2025-10,2,1.0,1.0,6.0,1.0,2.0,6.0,2.6666666666666665,2.5,1.0,2.842548506695067,95,63,0.0,1.842548506695067
412316860477,2025-10,6,3.0,6.0,6.0,3.0,7.0,6.0,5.0,6.0,6.0,6.018141956771134,96,61,3.0,3.0181419567711343
412316860478,2025-10,18,10.0,19.0,20.0,14.0,12.0,18.0,17.666666666666668,20.333333333333332,19.0,18.371774829622616,96,62,9.0,8.371774829622616
412316860479,2025-10,5,4.0,2.0,6.0,7.0,1.0,1.0,5.0,4.833333333333333,2.0,4.154897777604014,96,63,2.0,0.15489777760401413
412316860484,2025-10,1,1.0,2.0,1.0,1.0,1.0,1.0,1.3333333333333333,1.5,2.0,1.470135397909969,96,68,1.0,0.47013539790996894
416611827774,2025-10,2,4.0,3.0,4.0,5.0,2.0,7.0,4.0,2.6666666666666665,3.0,3.267360007552563,97,62,1.0,0.7326399924474369
420906795072,2025-10,1,1.0,3.0,1.0,1.0,2.0,1.0,1.6666666666666667,1.5,3.0,1.620853552529944,98,64,2.0,0.6208535525299439
425201762362,2025-10,1,1.0,1.0,1.0,2.0,2.0,1.0,1.3333333333333333,1.8333333333333333,1.0,1.5543019444447914,99,58,0.0,0.5543019444447914
425201762363,2025-10,2,3.0,2.0,5.0,1.0,7.0,3.0,2.6666666666666665,3.3333333333333335,2.0,3.0647799903830784,99,59,1.0,0.06477999038307836
429496729659,2025-10,6,2.0,5.0,4.0,3.0,5.0,4.0,4.0,4.333333333333333,5.0,4.920926295424877,100,59,3.0,2.920926295424877
429496729660,2025-10,12,11.0,5.0,11.0,10.0,11.0,23.0,8.666666666666666,12.0,5.0,12.330526854382619,100,60,6.0,1.3305268543826188
433791696956,2025-10,4,3.0,1.0,1.0,7.0,5.0,4.0,3.0,3.1666666666666665,1.0,3.5129923268406724,101,60,2.0,0.5129923268406724
438086664288,2025-10,5,3.0,3.0,2.0,1.0,4.0,5.0,2.0,5.833333333333333,3.0,4.881749784167716,102,96,0.0,1.8817497841677158
442381631518,2025-10,2,2.0,1.0,2.0,1.0,3.0,3.0,1.3333333333333333,1.6666666666666667,1.0,2.0756635590553696,103,30,1.0,0.07566355905536959
442381631547,2025-10,1,3.0,8.0,1.0,3.0,1.0,6.0,4.0,3.5,8.0,3.459136352903146,103,59,5.0,0.4591363529031458
442381631548,2025-10,1,5.0,1.0,1.0,1.0,1.0,1.0,1.0,1.6666666666666667,1.0,1.4222427551975052,103,60,4.0,3.577757244802495
442381631573,2025-10,3,1.0,5.0,3.0,8.0,6.0,3.0,5.333333333333333,5.833333333333333,5.0,4.619979487188926,103,85,4.0,3.6199794871889264
442381631574,2025-10,1,4.0,5.0,3.0,1.0,5.0,2.0,3.0,2.6666666666666665,5.0,2.575080246922873,103,86,1.0,1.424919753077127
442381631584,2025-10,2,2.0,5.0,5.0,9.0,3.0,5.0,6.333333333333333,4.5,5.0,4.084151895881438,103,96,3.0,2.084151895881438
442381631585,2025-10,14,21.0,14.0,7.0,6.0,16.0,16.0,9.0,13.5,14.0,13.489370134792155,103,97,7.0,7.510629865207845
446676598828,2025-10,1,2.0,1.0,2.0,6.0,2.0,3.0,3.0,2.3333333333333335,1.0,2.124816568528056,104,44,1.0,0.12481656852805578
446676598829,2025-10,1,2.0,1.0,2.0,2.0,2.0,2.0,1.6666666666666667,2.0,1.0,1.7723887829864449,104,45,1.0,0.22761121701355513
446676598834,2025-10,1,1.0,1.0,1.0,1.0,1.0,2.0,1.0,1.8333333333333333,1.0,1.599521785989248,104,50,0.0,0.5995217859892481
446676598861,2025-10,6,6.0,6.0,3.0,2.0,4.0,6.0,3.6666666666666665,4.666666666666667,6.0,5.266938093505191,104,77,0.0,0.7330619064948092
446676598862,2025-10,2,2.0,1.0,2.0,4.0,6.0,4.0,2.3333333333333335,3.3333333333333335,1.0,2.998404429933652,104,78,1.0,0.9984044299336521
446676598865,2025-10,3,1.0,4.0,8.0,6.0,5.0,10.0,6.0,5.833333333333333,4.0,5.448287914445695,104,81,3.0,4.448287914445695
446676598866,2025-10,3,3.0,5.0,4.0,4.0,3.0,3.0,4.333333333333333,4.0,5.0,3.7696636867309676,104,82,2.0,0.7696636867309676
446676598867,2025-10,1,1.0,3.0,2.0,1.0,3.0,2.0,2.0,3.1666666666666665,3.0,2.407478266105352,104,83,2.0,1.4074782661053522
446676598869,2025-10,4,2.0,1.0,3.0,4.0,5.0,2.0,2.6666666666666665,4.0,1.0,3.559847166473153,104,85,1.0,1.559847166473153
446676598880,2025-10,1,5.0,4.0,2.0,6.0,3.0,1.0,4.0,4.5,4.0,3.0064007186327357,104,96,1.0,1.9935992813672643
446676598881,2025-10,2,2.0,2.0,4.0,4.0,2.0,3.0,3.3333333333333335,2.5,2.0,2.597545655114917,104,97,0.0,0.5975456551149172
446676598884,2025-10,1,2.0,2.0,1.0,1.0,2.0,2.0,1.3333333333333333,1.5,2.0,1.633811849827664,104,100,0.0,0.3661881501723361
450971566126,2025-10,2,2.0,1.0,4.0,2.0,2.0,2.0,2.3333333333333335,3.0,1.0,2.488548763103509,105,46,1.0,0.48854876310350903
450971566127,2025-10,6,7.0,7.0,3.0,15.0,6.0,8.0,8.333333333333334,8.0,7.0,7.244716398676466,105,47,0.0,0.24471639867646644
450971566134,2025-10,4,12.0,2.0,2.0,3.0,1.0,3.0,2.3333333333333335,2.1666666666666665,2.0,2.8961769895221625,105,54,10.0,9.103823010477837
450971566137,2025-10,2,3.0,1.0,1.0,2.0,1.0,1.0,1.3333333333333333,1.3333333333333333,1.0,1.6203084340282796,105,57,2.0,1.3796915659717204
450971566138,2025-10,5,5.0,3.0,2.0,5.0,9.0,10.0,3.3333333333333335,5.5,3.0,5.70063866233372,105,58,2.0,0.70063866233372
450971566140,2025-10,3,1.0,1.0,1.0,2.0,1.0,2.0,1.3333333333333333,1.1666666666666667,1.0,1.9664194663110273,105,60,0.0,0.9664194663110273
450971566161,2025-10,2,1.0,2.0,8.0,4.0,2.0,2.0,4.666666666666667,4.333333333333333,2.0,3.2820664000121784,105,81,1.0,2.2820664000121784
450971566162,2025-10,12,11.0,12.0,9.0,8.0,10.0,9.0,9.666666666666666,9.5,12.0,10.348458757934042,105,82,1.0,0.6515412420659583
450971566163,2025-10,1,1.0,4.0,1.0,2.0,2.0,3.0,2.3333333333333335,3.0,4.0,2.5182502972919067,105,83,3.0,1.5182502972919067
450971566165,2025-10,1,12.0,4.0,4.0,4.0,6.0,6.0,4.0,5.666666666666667,4.0,4.166206623743484,105,85,8.0,7.833793376256516
450971566179,2025-10,8,2.0,5.0,8.0,2.0,4.0,2.0,5.0,5.166666666666667,5.0,5.633772823265119,105,99,3.0,3.6337728232651187
450971566180,2025-10,5,2.0,4.0,5.0,19.0,4.0,8.0,9.333333333333334,8.833333333333334,4.0,7.041533860873518,105,100,2.0,5.041533860873518
450971566181,2025-10,2,2.0,5.0,2.0,3.0,2.0,3.0,3.3333333333333335,2.8333333333333335,5.0,2.9214445173666155,105,101,3.0,0.9214445173666155
455266533425,2025-10,2,4.0,3.0,1.0,1.0,2.0,3.0,1.6666666666666667,1.5,3.0,2.1442436156044327,106,49,1.0,1.8557563843955673
455266533427,2025-10,1,1.0,1.0,2.0,1.0,1.0,1.0,1.3333333333333333,1.1666666666666667,1.0,1.2884084267750744,106,51,0.0,0.2884084267750744
455266533428,2025-10,4,2.0,1.0,5.0,6.0,1.0,2.0,4.0,3.3333333333333335,1.0,3.288628089022465,106,52,1.0,1.288628089022465
455266533430,2025-10,18,13.0,15.0,20.0,14.0,6.0,19.0,16.333333333333332,15.833333333333334,15.0,16.226965037959143,106,54,2.0,3.2269650379591432
455266533432,2025-10,1,1.0,4.0,2.0,2.0,2.0,1.0,2.6666666666666665,2.3333333333333335,4.0,2.0880719526767724,106,56,3.0,1.0880719526767724
455266533435,2025-10,3,2.0,3.0,1.0,1.0,1.0,2.0,1.6666666666666667,2.1666666666666665,3.0,2.4986834375224234,106,59,1.0,0.4986834375224234
455266533436,2025-10,1,2.0,3.0,1.0,2.0,1.0,1.0,2.0,2.0,3.0,1.7801178995253242,106,60,1.0,0.21988210047467582
455266533459,2025-10,6,1.0,5.0,6.0,8.0,4.0,4.0,6.333333333333333,5.166666666666667,5.0,5.395169058060726,106,83,4.0,4.395169058060726
455266533462,2025-10,10,5.0,4.0,11.0,6.0,4.0,6.0,7.0,7.166666666666667,4.0,7.512372938609037,106,86,1.0,2.5123729386090368
455266533463,2025-10,1,5.0,1.0,7.0,2.0,1.0,2.0,3.3333333333333335,2.1666666666666665,1.0,1.9900304006100402,106,87,4.0,3.00996959938996
455266533466,2025-10,12,13.0,7.0,10.0,13.0,12.0,15.0,10.0,11.166666666666666,7.0,11.39065481121364,106,90,6.0,1.6093451887863601
455266533467,2025-10,6,6.0,10.0,3.0,10.0,9.0,2.0,7.666666666666667,8.333333333333334,10.0,6.95274065421332,106,91,4.0,0.9527406542133203
455266533475,2025-10,5,3.0,4.0,13.0,7.0,2.0,5.0,8.0,6.0,4.0,5.581135533915914,106,99,1.0,2.581135533915914
455266533476,2025-10,7,12.0,10.0,9.0,16.0,7.0,2.0,11.666666666666666,10.5,10.0,8.325809314070653,106,100,2.0,3.6741906859293465
455266533477,2025-10,9,11.0,19.0,10.0,13.0,7.0,11.0,14.0,10.833333333333334,19.0,10.992409426665787,106,101,8.0,0.007590573334212536
459561500703,2025-10,5,3.0,10.0,16.0,5.0,6.0,3.0,10.333333333333334,8.0,10.0,6.920616171059929,107,31,7.0,3.9206161710599288
459561500725,2025-10,4,2.0,2.0,1.0,1.0,2.0,2.0,1.3333333333333333,1.3333333333333333,2.0,2.431378081254577,107,53,0.0,0.4313780812545769
459561500726,2025-10,10,15.0,14.0,13.0,3.0,16.0,21.0,10.0,12.5,14.0,12.751516234842171,107,54,1.0,2.248483765157829
459561500728,2025-10,1,8.0,1.0,1.0,2.0,1.0,1.0,1.3333333333333333,1.1666666666666667,1.0,1.276834296364937,107,56,7.0,6.723165703635063
459561500736,2025-10,1,1.0,1.0,3.0,3.0,1.0,2.0,2.3333333333333335,1.6666666666666667,1.0,1.6813907107778316,107,64,0.0,0.6813907107778316
459561500755,2025-10,1,4.0,1.0,6.0,8.0,4.0,1.0,5.0,4.5,1.0,2.9543907065189234,107,83,3.0,1.0456092934810766
459561500758,2025-10,22,17.0,27.0,34.0,24.0,33.0,34.0,28.333333333333332,33.666666666666664,27.0,28.724318979964494,107,86,10.0,11.724318979964494
459561500759,2025-10,3,2.0,2.0,3.0,3.0,3.0,4.0,2.6666666666666665,2.5,2.0,2.976440714215496,107,87,0.0,0.9764407142154958
459561500760,2025-10,5,2.0,4.0,6.0,7.0,7.0,8.0,5.666666666666667,6.5,4.0,6.0503753046254385,107,88,2.0,4.0503753046254385
459561500761,2025-10,8,4.0,3.0,6.0,10.0,14.0,12.0,6.333333333333333,8.333333333333334,3.0,8.31664463187877,107,89,1.0,4.31664463187877
459561500762,2025-10,14,16.0,16.0,16.0,21.0,28.0,15.0,17.666666666666668,19.5,16.0,17.019337187712335,107,90,0.0,1.0193371877123347
459561500763,2025-10,17,19.0,19.0,27.0,22.0,20.0,27.0,22.666666666666668,21.333333333333332,19.0,20.38379968340481,107,91,0.0,1.3837996834048099
459561500772,2025-10,2,2.0,2.0,1.0,1.0,1.0,6.0,1.3333333333333333,1.6666666666666667,2.0,2.4089344625781246,107,100,0.0,0.4089344625781246
463856467999,2025-10,3,5.0,8.0,8.0,6.0,12.0,3.0,7.333333333333333,9.166666666666666,8.0,6.515820942484666,108,31,3.0,1.515820942484666
463856468000,2025-10,6,1.0,2.0,1.0,3.0,1.0,1.0,2.0,1.8333333333333333,2.0,3.0713313047338957,108,32,1.0,2.0713313047338957
463856468016,2025-10,1,1.0,1.0,2.0,2.0,1.0,1.0,1.6666666666666667,2.0,1.0,1.60871233106875,108,48,0.0,0.6087123310687499
463856468021,2025-10,1,4.0,2.0,1.0,1.0,2.0,5.0,1.3333333333333333,1.6666666666666667,2.0,2.0492208514213317,108,53,2.0,1.9507791485786683
463856468022,2025-10,5,5.0,13.0,4.0,11.0,3.0,7.0,9.333333333333334,7.0,13.0,6.917785876118339,108,54,8.0,1.917785876118339
463856468024,2025-10,4,2.0,3.0,3.0,5.0,5.0,4.0,3.6666666666666665,4.5,3.0,4.214066326993677,108,56,1.0,2.2140663269936773
463856468052,2025-10,3,3.0,1.0,3.0,2.0,2.0,5.0,2.0,1.8333333333333333,1.0,2.68269768609359,108,84,2.0,0.31730231390640995
463856468053,2025-10,1,2.0,3.0,3.0,4.0,3.0,1.0,3.3333333333333335,3.0,3.0,2.358708075082836,108,85,1.0,0.358708075082836
463856468054,2025-10,8,4.0,7.0,8.0,3.0,11.0,8.0,6.0,6.333333333333333,7.0,7.309388372569744,108,86,3.0,3.309388372569744
463856468055,2025-10,22,25.0,18.0,19.0,32.0,19.0,21.0,23.0,22.5,18.0,21.318364706875784,108,87,7.0,3.6816352931242164
463856468056,2025-10,8,8.0,11.0,7.0,11.0,12.0,14.0,9.666666666666666,11.333333333333334,11.0,10.4322994765969,108,88,3.0,2.4322994765968993
463856468057,2025-10,22,13.0,15.0,25.0,25.0,21.0,15.0,21.666666666666668,23.0,15.0,20.58973090448714,108,89,2.0,7.589730904487141
463856468058,2025-10,40,23.0,22.0,32.0,48.0,30.0,21.0,34.0,29.166666666666668,22.0,30.695001405695372,108,90,1.0,7.695001405695372
463856468059,2025-10,10,5.0,14.0,10.0,9.0,10.0,9.0,11.0,10.333333333333334,14.0,10.351263661638981,108,91,9.0,5.351263661638981
463856468060,2025-10,5,4.0,1.0,1.0,1.0,1.0,6.0,1.0,1.3333333333333333,1.0,3.0421799605110156,108,92,3.0,0.9578200394889844
463856468061,2025-10,10,5.0,5.0,7.0,2.0,3.0,5.0,4.666666666666667,4.5,5.0,6.243212508183371,108,93,0.0,1.2432125081833707
468151435312,2025-10,9,1.0,1.0,1.0,5.0,1.0,2.0,2.3333333333333335,1.8333333333333333,1.0,3.998537233528852,109,48,0.0,2.998537233528852
468151435318,2025-10,14,11.0,7.0,11.0,19.0,17.0,20.0,12.333333333333334,13.333333333333334,7.0,13.752549717215933,109,54,4.0,2.752549717215933
468151435319,2025-10,10,11.0,22.0,20.0,19.0,17.0,17.0,20.333333333333332,16.833333333333332,22.0,15.435679936427007,109,55,11.0,4.435679936427007
468151435320,2025-10,11,8.0,8.0,19.0,16.0,11.0,14.0,14.333333333333334,11.0,8.0,11.44458221150435,109,56,0.0,3.4445822115043505
468151435322,2025-10,1,3.0,1.0,3.0,2.0,2.0,1.0,2.0,2.1666666666666665,1.0,1.7523456507261717,109,58,2.0,1.2476543492738283
468151435325,2025-10,1,1.0,1.0,1.0,2.0,1.0,3.0,1.3333333333333333,1.1666666666666667,1.0,1.514964267166862,109,61,0.0,0.5149642671668619
468151435328,2025-10,25,20.0,31.0,16.0,28.0,23.0,24.0,25.0,21.5,31.0,23.50053034635195,109,64,11.0,3.500530346351951
468151435329,2025-10,12,3.0,1.0,2.0,1.0,6.0,1.0,1.3333333333333333,2.3333333333333335,1.0,5.056825092092412,109,65,2.0,2.056825092092412
468151435350,2025-10,5,5.0,3.0,5.0,5.0,1.0,1.0,4.333333333333333,3.3333333333333335,3.0,3.637802894760781,109,86,2.0,1.3621971052392192
468151435351,2025-10,9,10.0,4.0,9.0,9.0,7.0,9.0,7.333333333333333,9.5,4.0,8.539224254079977,109,87,6.0,1.4607757459200226
468151435352,2025-10,14,11.0,22.0,20.0,27.0,26.0,24.0,23.0,22.166666666666668,22.0,19.908397273197743,109,88,11.0,8.908397273197743
468151435353,2025-10,20,34.0,41.0,40.0,23.0,23.0,14.0,34.666666666666664,30.833333333333332,41.0,26.03785245319461,109,89,7.0,7.96214754680539
468151435354,2025-10,32,37.0,37.0,30.0,36.0,21.0,46.0,34.333333333333336,35.333333333333336,37.0,34.30114236131875,109,90,0.0,2.698857638681247
468151435355,2025-10,16,7.0,18.0,20.0,10.0,20.0,21.0,16.0,16.666666666666668,18.0,17.011590937354747,109,91,11.0,10.011590937354747
468151435356,2025-10,10,10.0,17.0,3.0,10.0,13.0,12.0,10.0,10.166666666666666,17.0,10.845978059401418,109,92,7.0,0.8459780594014177
468151435357,2025-10,4,4.0,8.0,2.0,4.0,13.0,5.0,4.666666666666667,5.833333333333333,8.0,5.616227363081278,109,93,4.0,1.6162273630812782
472446402614,2025-10,1,1.0,1.0,1.0,1.0,4.0,3.0,1.0,1.5,1.0,1.7359930801588508,110,54,0.0,0.7359930801588508
472446402615,2025-10,13,9.0,15.0,16.0,17.0,8.0,11.0,16.0,14.5,15.0,13.396125064315521,110,55,6.0,4.396125064315521
472446402616,2025-10,6,7.0,10.0,3.0,8.0,7.0,9.0,7.0,6.333333333333333,10.0,6.939936719617684,110,56,3.0,0.06006328038231601
472446402618,2025-10,3,3.0,2.0,2.0,5.0,4.0,4.0,3.0,5.166666666666667,2.0,3.970136453914348,110,58,1.0,0.970136453914348
472446402619,2025-10,3,5.0,4.0,3.0,1.0,6.0,3.0,2.6666666666666665,3.1666666666666665,4.0,3.3778123314547956,110,59,1.0,1.6221876685452044
472446402620,2025-10,18,5.0,2.0,4.0,6.0,8.0,13.0,4.0,6.0,2.0,9.900988092471904,110,60,3.0,4.900988092471904
472446402621,2025-10,3,4.0,2.0,1.0,1.0,3.0,2.0,1.3333333333333333,2.8333333333333335,2.0,2.714655864015768,110,61,2.0,1.2853441359842321
472446402622,2025-10,2,3.0,2.0,1.0,1.0,1.0,1.0,1.3333333333333333,1.3333333333333333,2.0,1.6971814447917506,110,62,1.0,1.3028185552082494
472446402623,2025-10,2,2.0,3.0,8.0,2.0,1.0,5.0,4.333333333333333,3.0,3.0,3.17657685999579,110,63,1.0,1.17657685999579
472446402624,2025-10,13,22.0,17.0,9.0,20.0,13.0,19.0,15.333333333333334,13.5,17.0,14.236677761738635,110,64,5.0,7.763322238261365
472446402640,2025-10,1,5.0,1.0,1.0,1.0,2.0,2.0,1.0,1.1666666666666667,1.0,1.4112770709428606,110,80,4.0,3.5887229290571394
472446402646,2025-10,3,1.0,1.0,1.0,1.0,2.0,1.0,1.0,1.3333333333333333,1.0,1.9209463154778064,110,86,0.0,0.9209463154778064
472446402647,2025-10,3,9.0,6.0,12.0,12.0,2.0,3.0,10.0,7.5,6.0,5.6139857422413195,110,87,3.0,3.3860142577586805
472446402648,2025-10,10,11.0,12.0,14.0,20.0,14.0,11.0,15.333333333333334,13.333333333333334,12.0,12.08828062107253,110,88,1.0,1.0882806210725295
472446402649,2025-10,36,29.0,27.0,30.0,30.0,44.0,49.0,29.0,30.333333333333332,27.0,33.84255110970228,110,89,2.0,4.842551109702278
472446402650,2025-10,92,75.0,85.0,94.0,132.0,95.0,81.0,103.66666666666667,99.66666666666667,85.0,91.86714617935375,110,90,10.0,16.867146179353753
472446402651,2025-10,17,28.0,27.0,35.0,37.0,20.0,14.0,33.0,29.0,27.0,23.127622088089993,110,91,1.0,4.872377911910007
472446402652,2025-10,16,4.0,11.0,28.0,18.0,13.0,15.0,19.0,19.666666666666668,11.0,16.85035864036064,110,92,7.0,12.85035864036064
476741369911,2025-10,7,4.0,4.0,6.0,12.0,10.0,4.0,7.333333333333333,7.0,4.0,6.599280469988116,111,55,0.0,2.5992804699881162
476741369912,2025-10,2,5.0,2.0,4.0,5.0,4.0,5.0,3.6666666666666665,3.3333333333333335,2.0,3.2452024632439826,111,56,3.0,1.7547975367560174
476741369913,2025-10,5,3.0,5.0,3.0,3.0,3.0,1.0,3.6666666666666665,2.6666666666666665,5.0,3.5663000522582466,111,57,2.0,0.5663000522582466
476741369914,2025-10,21,13.0,22.0,19.0,9.0,19.0,15.0,16.666666666666668,16.666666666666668,22.0,18.03327528711835,111,58,9.0,5.03327528711835
476741369915,2025-10,20,14.0,17.0,15.0,14.0,12.0,21.0,15.333333333333334,15.333333333333334,17.0,17.13681619369119,111,59,3.0,3.136816193691189
476741369916,2025-10,15,16.0,7.0,6.0,10.0,14.0,17.0,7.666666666666667,10.833333333333334,7.0,12.20642763806621,111,60,9.0,3.7935723619337907
476741369917,2025-10,2,2.0,2.0,3.0,5.0,5.0,5.0,3.3333333333333335,3.3333333333333335,2.0,3.2490061220108055,111,61,0.0,1.2490061220108055
476741369918,2025-10,1,1.0,2.0,2.0,2.0,1.0,3.0,2.0,2.5,2.0,2.1275911261462586,111,62,1.0,1.1275911261462586
476741369919,2025-10,19,14.0,21.0,28.0,30.0,11.0,16.0,26.333333333333332,21.166666666666668,21.0,19.671778387172544,111,63,7.0,5.6717783871725445
476741369920,2025-10,11,6.0,12.0,13.0,16.0,10.0,22.0,13.666666666666666,13.333333333333334,12.0,13.347067169579752,111,64,6.0,7.347067169579752
476741369922,2025-10,4,6.0,8.0,3.0,7.0,6.0,9.0,6.0,7.666666666666667,8.0,6.5490703781358075,111,66,2.0,0.5490703781358075
476741369923,2025-10,1,2.0,5.0,3.0,1.0,1.0,2.0,3.0,2.0,5.0,2.163778199292821,111,67,3.0,0.16377819929282111
476741369928,2025-10,3,1.0,1.0,3.0,1.0,2.0,2.0,1.6666666666666667,1.8333333333333333,1.0,2.2962690525509295,111,72,0.0,1.2962690525509295
476741369931,2025-10,18,13.0,20.0,14.0,18.0,24.0,21.0,17.333333333333332,19.833333333333332,20.0,19.067859798816833,111,75,7.0,6.0678597988168335
476741369932,2025-10,1,4.0,2.0,2.0,4.0,6.0,2.0,2.6666666666666665,4.0,2.0,2.813977236525526,111,76,2.0,1.1860227634744742
476741369933,2025-10,3,1.0,2.0,1.0,1.0,3.0,1.0,1.3333333333333333,1.8333333333333333,2.0,2.2463066062701227,111,77,1.0,1.2463066062701227
476741369936,2025-10,3,3.0,4.0,8.0,4.0,4.0,1.0,5.333333333333333,4.5,4.0,3.807911861514513,111,80,1.0,0.8079118615145129
476741369937,2025-10,12,8.0,7.0,6.0,19.0,1.0,4.0,10.666666666666666,8.166666666666666,7.0,8.554531856123937,111,81,1.0,0.554531856123937
476741369944,2025-10,7,3.0,5.0,6.0,6.0,10.0,4.0,5.666666666666667,6.0,5.0,6.1807008217080455,111,88,2.0,3.1807008217080455
476741369945,2025-10,4,6.0,7.0,9.0,5.0,10.0,20.0,7.0,7.166666666666667,7.0,7.9428617511576585,111,89,1.0,1.9428617511576585
476741369946,2025-10,10,8.0,7.0,4.0,5.0,4.0,5.0,5.333333333333333,5.666666666666667,7.0,6.8728132774116375,111,90,1.0,1.1271867225883625
476741369947,2025-10,21,15.0,20.0,45.0,26.0,19.0,19.0,30.333333333333332,25.5,20.0,22.94064177450085,111,91,5.0,7.94064177450085
476741369948,2025-10,2,1.0,3.0,6.0,3.0,1.0,1.0,4.0,3.6666666666666665,3.0,2.8807911617950133,111,92,2.0,1.8807911617950133
481036337207,2025-10,6,2.0,2.0,3.0,1.0,1.0,6.0,2.0,1.8333333333333333,2.0,3.6898044925589844,112,55,0.0,1.6898044925589844
481036337208,2025-10,5,5.0,7.0,7.0,4.0,5.0,3.0,6.0,6.0,7.0,5.4626121484551415,112,56,2.0,0.46261214845514154
481036337209,2025-10,26,14.0,21.0,13.0,22.0,18.0,20.0,18.666666666666668,19.5,21.0,21.02901225142685,112,57,7.0,7.029012251426849
481036337210,2025-10,14,19.0,20.0,16.0,23.0,23.0,19.0,19.666666666666668,19.833333333333332,20.0,17.871861994606597,112,58,1.0,1.128138005393403
481036337211,2025-10,11,23.0,24.0,19.0,15.0,17.0,15.0,19.333333333333332,17.833333333333332,24.0,15.886565189339816,112,59,1.0,7.113434810660184
481036337212,2025-10,7,3.0,9.0,3.0,7.0,2.0,3.0,6.333333333333333,6.166666666666667,9.0,6.094195156067014,112,60,6.0,3.0941951560670136
481036337213,2025-10,5,6.0,7.0,18.0,12.0,7.0,6.0,12.333333333333334,9.5,7.0,7.814280294865068,112,61,1.0,1.8142802948650676
481036337214,2025-10,9,9.0,12.0,12.0,8.0,7.0,13.0,10.666666666666666,9.833333333333334,12.0,10.07395553720129,112,62,3.0,1.0739555372012894
481036337215,2025-10,12,14.0,16.0,15.0,19.0,19.0,7.0,16.666666666666668,17.166666666666668,16.0,14.180522123408531,112,63,2.0,0.18052212340853124
481036337216,2025-10,27,13.0,43.0,23.0,25.0,21.0,27.0,30.333333333333332,25.833333333333332,43.0,27.323821613695756,112,64,30.0,14.323821613695756
481036337217,2025-10,19,15.0,15.0,22.0,23.0,21.0,9.0,20.0,20.333333333333332,15.0,17.907245211081914,112,65,0.0,2.9072452110819142
481036337218,2025-10,13,14.0,24.0,18.0,18.0,31.0,9.0,20.0,22.833333333333332,24.0,18.16057057870625,112,66,10.0,4.160570578706249
481036337226,2025-10,1,1.0,1.0,3.0,3.0,1.0,2.0,2.3333333333333335,1.8333333333333333,1.0,1.739604756168612,112,74,0.0,0.7396047561686121
481036337227,2025-10,6,2.0,5.0,6.0,9.0,2.0,11.0,6.666666666666667,7.0,5.0,6.808989199472353,112,75,3.0,4.808989199472353
481036337233,2025-10,6,5.0,5.0,4.0,2.0,7.0,5.0,3.6666666666666665,4.0,5.0,4.983552445737974,112,81,0.0,0.016447554262025932
481036337240,2025-10,3,1.0,3.0,2.0,5.0,5.0,1.0,3.3333333333333335,4.0,3.0,3.356161334595974,112,88,2.0,2.356161334595974
481036337241,2025-10,1,6.0,11.0,2.0,6.0,2.0,1.0,6.333333333333333,4.666666666666667,11.0,3.7627501142294832,112,89,5.0,2.2372498857705168
481036337242,2025-10,3,3.0,8.0,1.0,5.0,4.0,2.0,4.666666666666667,5.0,8.0,4.26962475859119,112,90,5.0,1.2696247585911902
481036337243,2025-10,12,4.0,9.0,5.0,14.0,11.0,10.0,9.333333333333334,8.166666666666666,9.0,9.740273615454758,112,91,5.0,5.740273615454758
481036337244,2025-10,14,9.0,6.0,12.0,6.0,11.0,15.0,8.0,8.833333333333334,6.0,10.872440079789286,112,92,3.0,1.8724400797892855
481036337245,2025-10,2,2.0,5.0,2.0,2.0,3.0,1.0,3.0,2.3333333333333335,5.0,2.524050199569311,112,93,3.0,0.5240501995693112
485331304483,2025-10,8,4.0,3.0,8.0,4.0,5.0,4.0,5.0,4.833333333333333,3.0,5.646340148275274,113,35,1.0,1.6463401482752742
485331304484,2025-10,1,5.0,2.0,4.0,2.0,3.0,2.0,2.6666666666666665,3.0,2.0,2.354006825450922,113,36,3.0,2.645993174549078
485331304494,2025-10,1,3.0,3.0,4.0,3.0,1.0,2.0,3.3333333333333335,4.333333333333333,3.0,2.8658366209867125,113,46,0.0,0.13416337901328745
485331304495,2025-10,1,3.0,1.0,1.0,1.0,1.0,1.0,1.0,1.1666666666666667,1.0,1.2476006190251656,113,47,2.0,1.7523993809748344
485331304504,2025-10,18,19.0,21.0,23.0,19.0,8.0,20.0,21.0,16.333333333333332,21.0,17.515127031133957,113,56,2.0,1.4848729688660427
485331304505,2025-10,19,15.0,23.0,22.0,18.0,22.0,31.0,21.0,22.5,23.0,22.030754064627047,113,57,8.0,7.030754064627047
485331304506,2025-10,42,23.0,24.0,39.0,37.0,36.0,27.0,33.333333333333336,32.333333333333336,24.0,33.529944743889864,113,58,1.0,10.529944743889864
485331304507,2025-10,25,25.0,32.0,31.0,15.0,8.0,19.0,26.0,22.833333333333332,32.0,23.039931783657245,113,59,7.0,1.960068216342755
485331304508,2025-10,2,1.0,8.0,2.0,3.0,3.0,1.0,4.333333333333333,3.5,8.0,3.279102258954273,113,60,7.0,2.279102258954273
485331304509,2025-10,24,33.0,21.0,29.0,18.0,24.0,31.0,22.666666666666668,24.0,21.0,24.143645145583243,113,61,12.0,8.856354854416757
485331304510,2025-10,26,29.0,19.0,32.0,32.0,15.0,39.0,27.666666666666668,25.166666666666668,19.0,25.99216186222099,113,62,10.0,3.007838137779011
485331304511,2025-10,12,5.0,11.0,7.0,6.0,14.0,9.0,8.0,10.833333333333334,11.0,10.746427328844609,113,63,6.0,5.746427328844609
485331304512,2025-10,4,1.0,2.0,2.0,5.0,2.0,6.0,3.0,3.6666666666666665,2.0,3.8803771754383494,113,64,1.0,2.8803771754383494
485331304513,2025-10,7,9.0,6.0,7.0,10.0,3.0,7.0,7.666666666666667,5.5,6.0,6.3148225813337024,113,65,3.0,2.6851774186662976
485331304514,2025-10,9,6.0,6.0,8.0,14.0,15.0,11.0,9.333333333333334,11.666666666666666,6.0,10.208602502251345,113,66,0.0,4.208602502251345
485331304515,2025-10,1,3.0,2.0,2.0,1.0,1.0,6.0,1.6666666666666667,1.5,2.0,2.10626813266469,113,67,1.0,0.8937318673353101
485331304536,2025-10,2,2.0,1.0,2.0,2.0,1.0,1.0,1.6666666666666667,1.5,1.0,1.7193302871689706,113,88,1.0,0.28066971283102937
485331304537,2025-10,6,1.0,3.0,2.0,1.0,5.0,3.0,2.0,2.5,3.0,3.8092104643394817,113,89,2.0,2.8092104643394817
485331304540,2025-10,4,8.0,10.0,18.0,12.0,8.0,7.0,13.333333333333334,10.333333333333334,10.0,8.302086945773828,113,92,2.0,0.3020869457738282
485331304541,2025-10,3,5.0,5.0,5.0,2.0,4.0,6.0,4.0,4.0,5.0,4.153810562520953,113,93,0.0,0.8461894374790466
485331304555,2025-10,5,5.0,2.0,2.0,4.0,2.0,2.0,2.6666666666666665,3.5,2.0,3.6019296033765116,113,107,3.0,1.3980703966234884
489626271779,2025-10,9,6.0,10.0,11.0,6.0,8.0,11.0,9.0,8.0,10.0,8.928593994981576,114,35,4.0,2.9285939949815756
489626271780,2025-10,3,12.0,7.0,8.0,5.0,4.0,2.0,6.666666666666667,5.166666666666667,7.0,4.507386770128098,114,36,5.0,7.492613229871902
489626271787,2025-10,3,2.0,3.0,2.0,3.0,2.0,3.0,2.6666666666666665,2.3333333333333335,3.0,2.819849097260354,114,43,1.0,0.819849097260354
489626271791,2025-10,2,5.0,5.0,6.0,2.0,4.0,5.0,4.333333333333333,4.5,5.0,3.964935428769678,114,47,0.0,1.035064571230322
489626271794,2025-10,4,1.0,6.0,1.0,1.0,2.0,2.0,2.6666666666666665,2.3333333333333335,6.0,3.205089106012231,114,50,5.0,2.205089106012231
489626271796,2025-10,4,1.0,4.0,5.0,3.0,1.0,2.0,4.0,3.0,4.0,3.402819030531316,114,52,3.0,2.402819030531316
489626271797,2025-10,3,1.0,4.0,2.0,4.0,7.0,4.0,3.3333333333333335,4.166666666666667,4.0,3.93766627998658,114,53,3.0,2.93766627998658
489626271798,2025-10,2,4.0,3.0,2.0,2.0,2.0,2.0,2.3333333333333335,2.0,3.0,2.2698622514654936,114,54,1.0,1.7301377485345064
489626271799,2025-10,4,4.0,1.0,5.0,4.0,2.0,2.0,3.3333333333333335,2.6666666666666665,1.0,3.041916019296533,114,55,3.0,0.9580839807034671
489626271800,2025-10,28,32.0,36.0,23.0,27.0,26.0,21.0,28.666666666666668,28.833333333333332,36.0,27.4813224811371,114,56,4.0,4.518677518862901
489626271801,2025-10,18,21.0,21.0,19.0,21.0,9.0,34.0,20.333333333333332,17.5,21.0,19.529382734679537,114,57,0.0,1.4706172653204632
489626271802,2025-10,18,11.0,19.0,22.0,23.0,18.0,23.0,21.333333333333332,21.833333333333332,19.0,20.10341367580262,114,58,8.0,9.10341367580262
489626271803,2025-10,21,20.0,22.0,21.0,15.0,9.0,23.0,19.333333333333332,18.666666666666668,22.0,19.495266729386536,114,59,2.0,0.504733270613464
489626271804,2025-10,16,16.0,21.0,16.0,17.0,24.0,24.0,18.0,21.5,21.0,19.595163650645684,114,60,5.0,3.5951636506456843
489626271805,2025-10,10,5.0,15.0,7.0,26.0,27.0,21.0,16.0,19.0,15.0,16.046224557185205,114,61,10.0,11.046224557185205
489626271806,2025-10,11,3.0,8.0,9.0,6.0,3.0,4.0,7.666666666666667,7.833333333333333,8.0,8.090558912039215,114,62,5.0,5.090558912039215
489626271807,2025-10,2,4.0,1.0,3.0,3.0,5.0,3.0,2.3333333333333335,2.5,1.0,2.555231881472192,114,63,3.0,1.4447681185278078
489626271808,2025-10,9,6.0,7.0,14.0,9.0,8.0,12.0,10.0,10.166666666666666,7.0,9.696245961422,114,64,1.0,3.696245961421999
489626271828,2025-10,1,2.0,2.0,1.0,4.0,4.0,2.0,2.3333333333333335,2.3333333333333335,2.0,2.1018060418343474,114,84,0.0,0.10180604183434738
489626271836,2025-10,1,3.0,1.0,4.0,1.0,2.0,1.0,2.0,3.1666666666666665,1.0,2.1132040534809917,114,92,2.0,0.8867959465190083
493921239076,2025-10,1,1.0,2.0,1.0,1.0,5.0,1.0,1.3333333333333333,2.1666666666666665,2.0,1.881437445540021,115,36,1.0,0.8814374455400209
493921239080,2025-10,1,1.0,2.0,1.0,1.0,1.0,1.0,1.3333333333333333,1.3333333333333333,2.0,1.4119213525191885,115,40,1.0,0.4119213525191885
493921239087,2025-10,2,2.0,1.0,11.0,6.0,4.0,1.0,6.0,5.666666666666667,1.0,3.792720800596956,115,47,1.0,1.792720800596956
493921239090,2025-10,4,4.0,6.0,3.0,2.0,4.0,5.0,3.6666666666666665,4.0,6.0,4.344496741995979,115,50,2.0,0.3444967419959788
493921239091,2025-10,1,2.0,3.0,3.0,2.0,1.0,3.0,2.6666666666666665,2.1666666666666665,3.0,2.158077531217849,115,51,1.0,0.15807753121784884
493921239095,2025-10,5,1.0,3.0,3.0,2.0,1.0,3.0,2.6666666666666665,2.1666666666666665,3.0,3.299117900308107,115,55,2.0,2.299117900308107
493921239096,2025-10,10,12.0,8.0,12.0,10.0,17.0,5.0,10.0,8.833333333333334,8.0,9.137566741355375,115,56,4.0,2.862433258644625
493921239097,2025-10,19,16.0,18.0,23.0,21.0,27.0,18.0,20.666666666666668,20.5,18.0,19.605373441561845,115,57,2.0,3.605373441561845
493921239098,2025-10,38,37.0,37.0,28.0,25.0,30.0,32.0,30.0,26.666666666666668,37.0,31.31697989143337,115,58,0.0,5.68302010856663
493921239099,2025-10,40,31.0,37.0,43.0,50.0,33.0,40.0,43.333333333333336,40.833333333333336,37.0,39.265007266695676,115,59,6.0,8.265007266695676
493921239100,2025-10,15,20.0,20.0,19.0,22.0,22.0,18.0,20.333333333333332,19.333333333333332,20.0,17.911993244699083,115,60,0.0,2.088006755300917
493921239101,2025-10,6,10.0,15.0,8.0,22.0,15.0,20.0,15.0,16.5,15.0,13.301444022022306,115,61,5.0,3.301444022022306
493921239105,2025-10,1,1.0,3.0,2.0,3.0,1.0,2.0,2.6666666666666665,2.1666666666666665,3.0,2.027438415406749,115,65,2.0,1.027438415406749
493921239113,2025-10,4,3.0,2.0,4.0,10.0,2.0,2.0,5.333333333333333,4.5,2.0,3.92297146298708,115,73,1.0,0.9229714629870802
493921239123,2025-10,1,1.0,2.0,1.0,1.0,2.0,2.0,1.3333333333333333,1.6666666666666667,2.0,1.6920258952184444,115,83,1.0,0.6920258952184444
493921239131,2025-10,1,3.0,1.0,7.0,4.0,4.0,3.0,4.0,4.166666666666667,1.0,2.9999656849301104,115,91,2.0,3.431506988960109e-05
498216206366,2025-10,1,1.0,2.0,2.0,1.0,2.0,2.0,1.6666666666666667,1.5,2.0,1.6746196575775745,116,30,1.0,0.6746196575775745
498216206372,2025-10,2,2.0,1.0,1.0,2.0,2.0,3.0,1.3333333333333333,1.3333333333333333,1.0,1.9030498713469388,116,36,1.0,0.09695012865306118
498216206374,2025-10,1,1.0,3.0,1.0,1.0,2.0,1.0,1.6666666666666667,1.6666666666666667,3.0,1.6790675979207226,116,38,2.0,0.6790675979207226
498216206376,2025-10,2,3.0,2.0,1.0,2.0,5.0,2.0,1.6666666666666667,2.1666666666666665,2.0,2.3149962005533196,116,40,1.0,0.6850037994466804
498216206380,2025-10,1,2.0,1.0,1.0,1.0,1.0,1.0,1.0,1.0,1.0,1.1893865736343852,116,44,1.0,0.8106134263656148
498216206385,2025-10,4,5.0,5.0,7.0,5.0,5.0,4.0,5.666666666666667,5.333333333333333,5.0,4.880581161153705,116,49,0.0,0.11941883884629512
498216206386,2025-10,3,4.0,7.0,8.0,1.0,6.0,3.0,5.333333333333333,5.333333333333333,7.0,4.656954024594218,116,50,3.0,0.656954024594218
498216206389,2025-10,4,6.0,4.0,11.0,9.0,9.0,4.0,8.0,8.166666666666666,4.0,6.222725051119387,116,53,2.0,0.22272505111938656
498216206390,2025-10,7,14.0,8.0,8.0,7.0,11.0,5.0,7.666666666666667,9.0,8.0,7.821399447809108,116,54,6.0,6.178600552190892
498216206391,2025-10,6,3.0,12.0,7.0,6.0,17.0,7.0,8.333333333333334,9.166666666666666,12.0,8.454537438152936,116,55,9.0,5.454537438152936
498216206392,2025-10,4,9.0,4.0,3.0,6.0,10.0,6.0,4.333333333333333,5.833333333333333,4.0,5.276306358948524,116,56,5.0,3.723693641051476
498216206393,2025-10,47,43.0,32.0,59.0,50.0,57.0,48.0,47.0,54.0,32.0,48.00632406156691,116,57,11.0,5.006324061566907
498216206394,2025-10,109,122.0,116.0,163.0,141.0,115.0,136.0,140.0,134.16666666666666,116.0,122.57582783326873,116,58,6.0,0.5758278332687325
498216206395,2025-10,26,17.0,25.0,26.0,20.0,17.0,14.0,23.666666666666668,20.833333333333332,25.0,21.63218413411284,116,59,8.0,4.6321841341128405
498216206396,2025-10,14,6.0,11.0,5.0,8.0,11.0,11.0,8.0,9.666666666666666,11.0,10.990596506085726,116,60,5.0,4.990596506085726
498216206397,2025-10,14,11.0,11.0,10.0,6.0,12.0,8.0,9.0,10.333333333333334,11.0,11.0564408820327,116,61,0.0,0.05644088203269959
498216206398,2025-10,1,1.0,2.0,1.0,1.0,1.0,5.0,1.3333333333333333,1.1666666666666667,2.0,1.8299672487322578,116,62,1.0,0.8299672487322578
498216206403,2025-10,6,1.0,7.0,2.0,6.0,4.0,5.0,5.0,5.833333333333333,7.0,5.737605015552112,116,67,6.0,4.737605015552112
498216206405,2025-10,1,3.0,4.0,5.0,1.0,3.0,2.0,3.3333333333333335,3.8333333333333335,4.0,2.868864559021447,116,69,1.0,0.1311354409785528
498216206410,2025-10,1,1.0,3.0,2.0,2.0,1.0,1.0,2.3333333333333335,1.6666666666666667,3.0,1.7044976164936738,116,74,2.0,0.7044976164936738
498216206416,2025-10,5,3.0,4.0,4.0,8.0,5.0,3.0,5.333333333333333,5.333333333333333,4.0,4.905947188691649,116,80,1.0,1.9059471886916493
498216206421,2025-10,1,1.0,4.0,4.0,1.0,2.0,5.0,3.0,2.3333333333333335,4.0,2.61671383244067,116,85,3.0,1.61671383244067
498216206426,2025-10,5,1.0,1.0,2.0,2.0,1.0,1.0,1.6666666666666667,1.5,1.0,2.575110563986666,116,90,0.0,1.5751105639866658
502511173660,2025-10,3,2.0,2.0,1.0,2.0,1.0,4.0,1.6666666666666667,1.5,2.0,2.4270842159977564,117,28,0.0,0.42708421599775637
502511173661,2025-10,7,9.0,9.0,10.0,11.0,5.0,10.0,10.0,9.833333333333334,9.0,8.744782815629575,117,29,0.0,0.25521718437042473
502511173662,2025-10,11,4.0,11.0,9.0,14.0,20.0,22.0,11.333333333333334,11.833333333333334,11.0,12.941450152447633,117,30,7.0,8.941450152447633
502511173666,2025-10,1,3.0,1.0,2.0,3.0,1.0,1.0,2.0,1.8333333333333333,1.0,1.5797319630177409,117,34,2.0,1.4202680369822591
502511173667,2025-10,1,1.0,5.0,4.0,4.0,6.0,2.0,4.333333333333333,4.0,5.0,3.213912916335075,117,35,4.0,2.213912916335075
502511173668,2025-10,5,3.0,10.0,6.0,18.0,3.0,9.0,11.333333333333334,9.0,10.0,7.822415684178122,117,36,7.0,4.822415684178122
502511173669,2025-10,8,3.0,3.0,10.0,9.0,6.0,5.0,7.333333333333333,5.833333333333333,3.0,6.387084874736331,117,37,0.0,3.387084874736331
502511173671,2025-10,6,6.0,6.0,4.0,4.0,5.0,3.0,4.666666666666667,4.333333333333333,6.0,4.93720167546693,117,39,0.0,1.0627983245330697
502511173672,2025-10,4,7.0,8.0,1.0,5.0,1.0,5.0,4.666666666666667,3.1666666666666665,8.0,4.1378909082178605,117,40,1.0,2.8621090917821395
502511173675,2025-10,1,1.0,3.0,2.0,1.0,1.0,3.0,2.0,1.5,3.0,1.8551798645650468,117,43,2.0,0.8551798645650468
502511173676,2025-10,1,3.0,7.0,5.0,1.0,3.0,3.0,4.333333333333333,4.166666666666667,7.0,3.4226776995136987,117,44,4.0,0.4226776995136987
502511173680,2025-10,1,1.0,1.0,1.0,1.0,1.0,1.0,1.0,1.1666666666666667,1.0,1.2476006190251656,117,48,0.0,0.2476006190251656
502511173681,2025-10,2,1.0,9.0,4.0,1.0,13.0,9.0,4.666666666666667,5.5,9.0,5.505560300942185,117,49,8.0,4.505560300942185
502511173682,2025-10,16,14.0,12.0,11.0,14.0,11.0,13.0,12.333333333333334,12.5,12.0,13.315241031717381,117,50,2.0,0.684758968282619
502511173684,2025-10,1,2.0,3.0,3.0,4.0,1.0,3.0,3.3333333333333335,2.8333333333333335,3.0,2.4494010674605153,117,52,1.0,0.44940106746051534
502511173685,2025-10,7,8.0,4.0,9.0,6.0,3.0,5.0,6.333333333333333,5.333333333333333,4.0,5.770946095075244,117,53,4.0,2.229053904924756
502511173686,2025-10,27,25.0,42.0,27.0,37.0,26.0,21.0,35.333333333333336,30.333333333333332,42.0,28.81219693039838,117,54,17.0,3.812196930398379
502511173687,2025-10,9,8.0,10.0,13.0,7.0,9.0,14.0,10.0,10.333333333333334,10.0,10.25624634601171,117,55,2.0,2.256246346011711
502511173688,2025-10,10,3.0,1.0,5.0,6.0,1.0,3.0,4.0,3.0,1.0,5.002825537277253,117,56,2.0,2.0028255372772534
502511173689,2025-10,21,11.0,4.0,8.0,9.0,13.0,4.0,7.0,9.833333333333334,4.0,11.710309516477988,117,57,7.0,0.710309516477988
502511173690,2025-10,16,16.0,10.0,15.0,16.0,20.0,18.0,13.666666666666666,16.0,10.0,15.544049320051872,117,58,6.0,0.45595067994812766
502511173691,2025-10,12,20.0,21.0,12.0,31.0,25.0,25.0,21.333333333333332,22.833333333333332,21.0,19.32955234835653,117,59,1.0,0.670447651643471
502511173692,2025-10,3,5.0,1.0,4.0,2.0,1.0,2.0,2.3333333333333335,2.0,1.0,2.3799131165146594,117,60,4.0,2.6200868834853406
502511173699,2025-10,8,5.0,3.0,5.0,8.0,2.0,5.0,5.333333333333333,5.166666666666667,3.0,5.742510111016957,117,67,2.0,0.7425101110169567
502511173700,2025-10,7,10.0,6.0,8.0,6.0,8.0,5.0,6.666666666666667,8.166666666666666,6.0,7.155047767758749,117,68,4.0,2.8449522322412513
502511173705,2025-10,14,14.0,6.0,21.0,24.0,17.0,10.0,17.0,18.833333333333332,6.0,14.931103137196775,117,73,8.0,0.9311031371967751
502511173706,2025-10,1,1.0,3.0,2.0,3.0,3.0,3.0,2.6666666666666665,2.5,3.0,2.3521544246227384,117,74,2.0,1.3521544246227384
502511173712,2025-10,2,3.0,3.0,1.0,3.0,1.0,1.0,2.3333333333333335,2.0,3.0,2.0946116691376613,117,80,0.0,0.9053883308623387
502511173722,2025-10,11,3.0,4.0,10.0,1.0,6.0,2.0,5.0,6.166666666666667,4.0,6.874335555517765,117,90,1.0,3.8743355555177654
502511173723,2025-10,1,1.0,2.0,2.0,2.0,1.0,1.0,2.0,1.8333333333333333,2.0,1.6566049737812119,117,91,1.0,0.6566049737812119
502511173724,2025-10,2,1.0,1.0,3.0,1.0,1.0,2.0,1.6666666666666667,1.5,1.0,1.8499694029800722,117,92,0.0,0.8499694029800722
506806140956,2025-10,3,1.0,1.0,2.0,2.0,5.0,1.0,1.6666666666666667,2.6666666666666665,1.0,2.5905345632439305,118,28,0.0,1.5905345632439305
506806140957,2025-10,10,16.0,11.0,13.0,16.0,12.0,10.0,13.333333333333334,11.5,11.0,10.975788998127278,118,29,5.0,5.024211001872722
506806140958,2025-10,2,5.0,3.0,3.0,2.0,3.0,4.0,2.6666666666666665,3.1666666666666665,3.0,3.000909814269523,118,30,2.0,1.999090185730477
506806140964,2025-10,6,6.0,5.0,1.0,3.0,14.0,14.0,3.0,6.833333333333333,5.0,7.263866605697073,118,36,1.0,1.263866605697073
506806140965,2025-10,1,2.0,4.0,3.0,7.0,7.0,3.0,4.666666666666667,4.666666666666667,4.0,3.551232085982054,118,37,2.0,1.551232085982054
506806140967,2025-10,2,17.0,2.0,3.0,4.0,4.0,3.0,3.0,4.666666666666667,2.0,3.4027433704786176,118,39,15.0,13.597256629521382
506806140968,2025-10,7,2.0,9.0,5.0,8.0,6.0,9.0,7.333333333333333,6.666666666666667,9.0,7.272522363551653,118,40,7.0,5.272522363551653
506806140969,2025-10,5,3.0,7.0,12.0,10.0,15.0,9.0,9.666666666666666,10.0,7.0,8.399694918195156,118,41,4.0,5.399694918195156
506806140970,2025-10,1,2.0,2.0,1.0,2.0,4.0,4.0,1.6666666666666667,2.6666666666666665,2.0,2.3978967487382885,118,42,0.0,0.3978967487382885
506806140971,2025-10,2,6.0,4.0,6.0,2.0,5.0,1.0,4.0,5.166666666666667,4.0,3.6600364471424385,118,43,2.0,2.3399635528575615
506806140972,2025-10,4,3.0,2.0,1.0,4.0,4.0,2.0,2.3333333333333335,2.1666666666666665,2.0,2.8993722732612595,118,44,1.0,0.10062772673874054
506806140973,2025-10,1,4.0,4.0,2.0,1.0,5.0,5.0,2.3333333333333335,3.0,4.0,2.9017887980541692,118,45,0.0,1.0982112019458308
506806140976,2025-10,1,2.0,1.0,2.0,1.0,2.0,1.0,1.3333333333333333,1.6666666666666667,1.0,1.5076620294641483,118,48,1.0,0.4923379705358517
506806140977,2025-10,9,6.0,4.0,4.0,4.0,6.0,7.0,4.0,5.666666666666667,4.0,6.567352347324963,118,49,2.0,0.5673523473249631
506806140978,2025-10,2,3.0,1.0,2.0,2.0,2.0,1.0,1.6666666666666667,1.8333333333333333,1.0,1.8803698444672658,118,50,2.0,1.1196301555327342
506806140981,2025-10,3,4.0,3.0,5.0,9.0,5.0,5.0,5.666666666666667,5.0,3.0,4.421063681153324,118,53,1.0,0.42106368115332415
506806140982,2025-10,3,4.0,2.0,4.0,5.0,7.0,6.0,3.6666666666666665,4.666666666666667,2.0,4.249074303593951,118,54,2.0,0.2490743035939511
506806140983,2025-10,3,5.0,2.0,3.0,1.0,1.0,1.0,2.0,2.0,2.0,2.2969133341272574,118,55,3.0,2.7030866658727426
506806140984,2025-10,5,1.0,1.0,1.0,3.0,2.0,2.0,1.6666666666666667,2.1666666666666665,1.0,2.9600690670573435,118,56,0.0,1.9600690670573435
506806140995,2025-10,13,5.0,3.0,5.0,5.0,1.0,5.0,4.333333333333333,4.666666666666667,3.0,6.86185593767139,118,67,2.0,1.8618559376713897
506806140996,2025-10,24,17.0,19.0,20.0,18.0,23.0,24.0,19.0,20.666666666666668,19.0,21.52181422748849,118,68,2.0,4.521814227488491
506806141001,2025-10,5,10.0,18.0,21.0,14.0,3.0,10.0,17.666666666666668,13.666666666666666,18.0,10.915509852236438,118,73,8.0,0.915509852236438
506806141014,2025-10,1,1.0,1.0,1.0,2.0,1.0,1.0,1.3333333333333333,1.3333333333333333,1.0,1.3350483417557175,118,86,0.0,0.3350483417557175
506806141015,2025-10,2,5.0,5.0,11.0,8.0,8.0,8.0,8.0,6.5,5.0,5.5785858985170425,118,87,0.0,0.5785858985170425
506806141016,2025-10,3,3.0,6.0,2.0,2.0,6.0,7.0,3.3333333333333335,5.166666666666667,6.0,4.7532800635443575,118,88,3.0,1.7532800635443575
506806141017,2025-10,5,6.0,2.0,5.0,12.0,8.0,3.0,6.333333333333333,5.5,2.0,5.043524774535141,118,89,4.0,0.9564752254648594
506806141020,2025-10,2,2.0,1.0,1.0,1.0,1.0,6.0,1.0,1.0,1.0,2.0699715929117612,118,92,1.0,0.06997159291176125
506806141031,2025-10,1,1.0,2.0,2.0,2.0,1.0,2.0,2.0,1.6666666666666667,2.0,1.717455913791392,118,103,1.0,0.7174559137913921
511101108261,2025-10,5,1.0,4.0,6.0,3.0,3.0,4.0,4.333333333333333,3.1666666666666665,4.0,4.114453879779962,119,37,3.0,3.114453879779962
511101108262,2025-10,13,17.0,9.0,10.0,12.0,6.0,11.0,10.333333333333334,8.666666666666666,9.0,10.241755180786967,119,38,8.0,6.758244819213033
511101108263,2025-10,5,4.0,7.0,6.0,8.0,6.0,6.0,7.0,5.166666666666667,7.0,5.649475245830039,119,39,3.0,1.6494752458300388
511101108264,2025-10,18,17.0,20.0,12.0,16.0,30.0,19.0,16.0,20.333333333333332,20.0,19.131957793108278,119,40,3.0,2.1319577931082776
511101108265,2025-10,3,3.0,1.0,4.0,4.0,7.0,10.0,3.0,6.5,1.0,5.230348379053369,119,41,2.0,2.2303483790533694
511101108267,2025-10,10,8.0,7.0,7.0,3.0,7.0,7.0,5.666666666666667,6.166666666666667,7.0,7.483375852506288,119,43,1.0,0.5166241474937117
511101108268,2025-10,7,3.0,5.0,5.0,3.0,3.0,5.0,4.333333333333333,4.666666666666667,5.0,5.39326433859641,119,44,2.0,2.39326433859641
511101108269,2025-10,6,11.0,1.0,2.0,1.0,1.0,2.0,1.3333333333333333,1.5,1.0,2.95020196432042,119,45,10.0,8.04979803567958
511101108272,2025-10,3,3.0,5.0,2.0,1.0,2.0,7.0,2.6666666666666665,2.6666666666666665,5.0,3.5662831511727067,119,48,2.0,0.5662831511727067
511101108273,2025-10,50,44.0,46.0,45.0,49.0,45.0,28.0,46.666666666666664,46.0,46.0,44.03614350101399,119,49,2.0,0.036143501013988555
511101108274,2025-10,23,22.0,25.0,25.0,26.0,28.0,30.0,25.333333333333332,27.666666666666668,25.0,25.693539872705323,119,50,3.0,3.6935398727053226
511101108280,2025-10,1,2.0,3.0,6.0,1.0,3.0,5.0,3.3333333333333335,3.0,3.0,2.8696904079171004,119,56,1.0,0.8696904079171004
511101108284,2025-10,5,3.0,6.0,6.0,3.0,6.0,2.0,5.0,5.5,6.0,5.037368320205646,119,60,3.0,2.037368320205646
511101108291,2025-10,4,12.0,4.0,12.0,5.0,7.0,9.0,7.0,6.833333333333333,4.0,6.186987780355313,119,67,8.0,5.813012219644687
511101108292,2025-10,14,8.0,10.0,4.0,14.0,12.0,7.0,9.333333333333334,9.833333333333334,10.0,10.645649644574869,119,68,2.0,2.6456496445748687
511101108297,2025-10,8,9.0,7.0,3.0,8.0,4.0,3.0,6.0,6.166666666666667,7.0,6.285698482506331,119,73,2.0,2.714301517493669
511101108300,2025-10,2,2.0,2.0,1.0,3.0,1.0,4.0,2.0,2.1666666666666665,2.0,2.403913982628085,119,76,0.0,0.40391398262808487
511101108301,2025-10,1,1.0,2.0,1.0,1.0,2.0,3.0,1.3333333333333333,1.8333333333333333,2.0,1.8693049260101873,119,77,1.0,0.8693049260101873
511101108306,2025-10,3,3.0,6.0,4.0,2.0,1.0,4.0,4.0,3.5,6.0,3.6725029363498223,119,82,3.0,0.6725029363498223
511101108309,2025-10,14,13.0,12.0,12.0,25.0,15.0,6.0,16.333333333333332,18.0,12.0,14.373153571815596,119,85,1.0,1.373153571815596
511101108310,2025-10,14,26.0,30.0,36.0,26.0,22.0,24.0,30.666666666666668,27.0,30.0,22.890703474948175,119,86,4.0,3.1092965250518247
511101108311,2025-10,3,5.0,4.0,4.0,1.0,2.0,10.0,3.0,2.6666666666666665,4.0,3.898987034772171,119,87,1.0,1.101012965227829
511101108312,2025-10,2,2.0,6.0,3.0,2.0,3.0,2.0,3.6666666666666665,3.1666666666666665,6.0,3.081099907777327,119,88,4.0,1.0810999077773271
511101108327,2025-10,1,3.0,2.0,1.0,3.0,1.0,2.0,2.0,1.6666666666666667,2.0,1.7058817833812547,119,103,1.0,1.2941182166187453
515396075556,2025-10,1,2.0,1.0,4.0,2.0,1.0,1.0,2.3333333333333335,2.0,1.0,1.6903279465685692,120,36,1.0,0.3096720534314308
515396075558,2025-10,7,2.0,2.0,12.0,3.0,6.0,6.0,5.666666666666667,6.0,2.0,6.079210676613455,120,38,0.0,4.079210676613455
515396075559,2025-10,17,11.0,18.0,13.0,12.0,8.0,11.0,14.333333333333334,11.5,18.0,13.539040870732872,120,39,7.0,2.5390408707328724
515396075560,2025-10,7,3.0,8.0,7.0,5.0,5.0,11.0,6.666666666666667,7.5,8.0,7.644918990168009,120,40,5.0,4.644918990168009
515396075561,2025-10,2,1.0,3.0,3.0,6.0,4.0,5.0,4.0,4.5,3.0,3.747233338672549,120,41,2.0,2.747233338672549
515396075562,2025-10,5,5.0,6.0,1.0,5.0,5.0,4.0,4.0,4.0,6.0,4.56138873190381,120,42,1.0,0.43861126809619044
515396075564,2025-10,7,12.0,7.0,13.0,5.0,5.0,7.0,8.333333333333334,7.5,7.0,7.307399206960375,120,44,5.0,4.692600793039625
515396075565,2025-10,5,3.0,10.0,7.0,3.0,1.0,1.0,6.666666666666667,5.166666666666667,10.0,5.04405247160234,120,45,7.0,2.04405247160234
515396075566,2025-10,11,12.0,24.0,5.0,8.0,5.0,7.0,12.333333333333334,8.833333333333334,24.0,10.47920420695204,120,46,12.0,1.5207957930479594
515396075567,2025-10,1,4.0,2.0,3.0,2.0,3.0,1.0,2.3333333333333335,2.0,2.0,1.844849759955368,120,47,2.0,2.155150240044632
515396075569,2025-10,13,11.0,9.0,15.0,25.0,26.0,13.0,16.333333333333332,19.333333333333332,9.0,15.681890231100077,120,49,2.0,4.681890231100077
515396075570,2025-10,5,10.0,7.0,1.0,9.0,11.0,4.0,5.666666666666667,9.166666666666666,7.0,6.856734335580727,120,50,3.0,3.143265664419273
515396075571,2025-10,4,5.0,1.0,7.0,5.0,1.0,3.0,4.333333333333333,3.6666666666666665,1.0,3.5765031033650363,120,51,4.0,1.4234968966349637
515396075575,2025-10,10,6.0,4.0,4.0,6.0,6.0,4.0,4.666666666666667,7.833333333333333,4.0,7.3106674281543285,120,55,2.0,1.3106674281543285
515396075576,2025-10,2,3.0,1.0,4.0,1.0,1.0,1.0,2.0,1.5,1.0,1.7717122253290185,120,56,2.0,1.2282877746709815
515396075579,2025-10,1,2.0,1.0,1.0,1.0,3.0,2.0,1.0,1.6666666666666667,1.0,1.6305306736319327,120,59,1.0,0.3694693263680673
515396075581,2025-10,6,1.0,2.0,6.0,8.0,5.0,4.0,5.333333333333333,5.166666666666667,2.0,5.1214604602677305,120,61,1.0,4.1214604602677305
515396075582,2025-10,4,6.0,8.0,4.0,7.0,1.0,3.0,6.333333333333333,6.166666666666667,8.0,5.128504532379255,120,62,2.0,0.8714954676207451
515396075583,2025-10,1,1.0,1.0,2.0,4.0,2.0,2.0,2.3333333333333335,2.3333333333333335,1.0,1.9472842284475487,120,63,0.0,0.9472842284475487
515396075586,2025-10,1,3.0,1.0,1.0,1.0,2.0,1.0,1.0,1.1666666666666667,1.0,1.2922120855418964,120,66,2.0,1.7077879144581036
515396075588,2025-10,5,3.0,1.0,1.0,1.0,2.0,6.0,1.0,1.5,1.0,3.1450054724185286,120,68,2.0,0.14500547241852857
515396075590,2025-10,1,1.0,1.0,3.0,1.0,1.0,1.0,1.6666666666666667,1.5,1.0,1.4456443253065459,120,70,0.0,0.44564432530654585
515396075591,2025-10,1,3.0,2.0,4.0,1.0,4.0,2.0,2.3333333333333335,2.6666666666666665,2.0,2.252956523846322,120,71,1.0,0.7470434761536779
515396075593,2025-10,10,3.0,8.0,10.0,20.0,15.0,17.0,12.666666666666666,11.333333333333334,8.0,11.561055471893063,120,73,5.0,8.561055471893063
515396075595,2025-10,9,10.0,15.0,11.0,11.0,7.0,8.0,12.333333333333334,10.333333333333334,15.0,10.018486034947953,120,75,5.0,0.0184860349479532
515396075596,2025-10,17,14.0,22.0,28.0,23.0,14.0,20.0,24.333333333333332,19.666666666666668,22.0,19.08889708198928,120,76,8.0,5.0888970819892805
515396075597,2025-10,4,4.0,5.0,11.0,9.0,7.0,5.0,8.333333333333334,7.0,5.0,5.951175473854664,120,77,1.0,1.951175473854664
515396075601,2025-10,9,2.0,3.0,2.0,3.0,6.0,4.0,2.6666666666666665,3.5,3.0,5.2364188200990975,120,81,1.0,3.2364188200990975
515396075602,2025-10,16,9.0,8.0,12.0,8.0,8.0,11.0,9.333333333333334,9.333333333333334,8.0,11.278188790238737,120,82,1.0,2.2781887902387368
515396075603,2025-10,4,4.0,1.0,2.0,3.0,14.0,1.0,2.0,4.333333333333333,1.0,3.888671985414666,120,83,3.0,0.11132801458533415
515396075604,2025-10,1,1.0,5.0,1.0,3.0,2.0,3.0,3.0,3.0,5.0,2.6535906627349215,120,84,4.0,1.6535906627349215
515396075605,2025-10,9,9.0,14.0,16.0,13.0,9.0,8.0,14.333333333333334,16.166666666666668,14.0,12.30160026198458,120,85,5.0,3.3016002619845803
515396075606,2025-10,14,13.0,12.0,14.0,12.0,15.0,8.0,12.666666666666666,13.666666666666666,12.0,12.799296172540018,120,86,1.0,0.20070382745998216
515396075607,2025-10,1,8.0,3.0,3.0,1.0,1.0,2.0,2.3333333333333335,2.1666666666666665,3.0,2.009778868477115,120,87,5.0,5.990221131522885
515396075608,2025-10,8,5.0,1.0,2.0,5.0,4.0,6.0,2.6666666666666665,3.6666666666666665,1.0,5.004533789458829,120,88,4.0,0.004533789458829318
515396075623,2025-10,5,5.0,7.0,8.0,15.0,4.0,11.0,10.0,7.166666666666667,7.0,7.140397141368973,120,103,2.0,2.1403971413689726
519691042837,2025-10,2,2.0,5.0,1.0,3.0,2.0,4.0,3.0,2.3333333333333335,5.0,2.825059558845328,121,21,3.0,0.8250595588453278
519691042854,2025-10,4,8.0,6.0,2.0,5.0,7.0,5.0,4.333333333333333,5.0,6.0,4.874508638160265,121,38,2.0,3.1254913618397353
519691042855,2025-10,15,7.0,8.0,10.0,8.0,9.0,3.0,8.666666666666666,9.833333333333334,8.0,10.178046801947726,121,39,1.0,3.178046801947726
519691042856,2025-10,9,7.0,13.0,6.0,17.0,23.0,11.0,12.0,13.5,13.0,11.95468096692599,121,40,6.0,4.95468096692599
519691042857,2025-10,14,9.0,8.0,7.0,6.0,19.0,9.0,7.0,10.0,8.0,10.930614554709774,121,41,1.0,1.9306145547097735
519691042858,2025-10,8,18.0,8.0,12.0,16.0,11.0,9.0,12.0,11.0,8.0,9.707822353432473,121,42,10.0,8.292177646567527
519691042859,2025-10,16,17.0,16.0,12.0,7.0,21.0,8.0,11.666666666666666,13.166666666666666,16.0,13.659485770227496,121,43,1.0,3.340514229772504
519691042860,2025-10,6,4.0,9.0,18.0,5.0,12.0,10.0,10.666666666666666,10.0,9.0,8.98107743232557,121,44,5.0,4.98107743232557
519691042862,2025-10,1,1.0,2.0,1.0,1.0,1.0,3.0,1.3333333333333333,1.5,2.0,1.7082653687118938,121,46,1.0,0.7082653687118938
519691042863,2025-10,1,1.0,1.0,2.0,2.0,1.0,2.0,1.6666666666666667,1.3333333333333333,1.0,1.4949211349065887,121,47,0.0,0.49492113490658873
519691042864,2025-10,6,1.0,3.0,1.0,2.0,5.0,1.0,2.0,3.5,3.0,3.9087906354721005,121,48,2.0,2.9087906354721005
519691042865,2025-10,2,1.0,2.0,1.0,3.0,1.0,1.0,2.0,1.5,2.0,1.8138628448620757,121,49,1.0,0.8138628448620757
519691042866,2025-10,6,4.0,9.0,11.0,9.0,16.0,10.0,9.666666666666666,11.666666666666666,9.0,9.572943807410022,121,50,5.0,5.572943807410022
519691042878,2025-10,3,1.0,1.0,2.0,2.0,1.0,1.0,1.6666666666666667,1.6666666666666667,1.0,2.0628044248323167,121,62,0.0,1.0628044248323167
519691042879,2025-10,1,2.0,2.0,5.0,3.0,4.0,1.0,3.3333333333333335,4.166666666666667,2.0,2.7570931093918363,121,63,0.0,0.7570931093918363
519691042880,2025-10,3,1.0,3.0,5.0,5.0,3.0,4.0,4.333333333333333,3.5,3.0,3.571914644842785,121,64,2.0,2.571914644842785
519691042887,2025-10,9,10.0,11.0,7.0,6.0,18.0,8.0,8.0,11.5,11.0,10.182884114256005,121,71,1.0,0.18288411425600515
519691042888,2025-10,1,3.0,3.0,8.0,2.0,2.0,2.0,4.333333333333333,3.3333333333333335,3.0,2.6951613688186313,121,72,0.0,0.30483863118136867
519691042889,2025-10,10,8.0,7.0,2.0,12.0,3.0,4.0,7.0,5.5,7.0,6.7739429059817455,121,73,1.0,1.2260570940182545
519691042890,2025-10,17,2.0,8.0,13.0,10.0,23.0,8.0,10.333333333333334,14.0,8.0,13.60469435743071,121,74,6.0,11.60469435743071
519691042891,2025-10,23,19.0,18.0,20.0,22.0,30.0,23.0,20.0,24.5,18.0,22.779520480675885,121,75,1.0,3.7795204806758846
519691042892,2025-10,25,10.0,27.0,12.0,17.0,21.0,18.0,18.666666666666668,20.333333333333332,27.0,21.380190749027143,121,76,17.0,11.380190749027143
519691042897,2025-10,1,4.0,5.0,5.0,2.0,1.0,9.0,4.0,2.6666666666666665,5.0,3.340938571502271,121,81,1.0,0.6590614284977292
519691042898,2025-10,12,7.0,17.0,7.0,10.0,11.0,12.0,11.333333333333334,9.5,17.0,11.2576503603496,121,82,10.0,4.257650360349601
519691042901,2025-10,10,12.0,10.0,11.0,5.0,12.0,6.0,8.666666666666666,9.5,10.0,9.29166775749351,121,85,2.0,2.70833224250649
519691042902,2025-10,5,1.0,5.0,8.0,3.0,1.0,5.0,5.333333333333333,3.8333333333333335,5.0,4.564874417313643,121,86,4.0,3.564874417313643
519691042903,2025-10,2,3.0,2.0,4.0,3.0,1.0,1.0,3.0,2.3333333333333335,2.0,2.227356495065708,121,87,1.0,0.7726435049342921
519691042918,2025-10,2,6.0,4.0,3.0,3.0,5.0,3.0,3.3333333333333335,3.8333333333333335,4.0,3.339264308908163,121,102,2.0,2.660735691091837
519691042919,2025-10,12,9.0,13.0,25.0,26.0,17.0,28.0,21.333333333333332,21.166666666666668,13.0,18.28319472774178,121,103,4.0,9.28319472774178
523986010146,2025-10,5,5.0,3.0,5.0,2.0,14.0,4.0,3.3333333333333335,4.833333333333333,3.0,5.0111722921789035,122,34,2.0,0.011172292178903476
523986010147,2025-10,2,1.0,1.0,1.0,3.0,1.0,2.0,1.6666666666666667,1.8333333333333333,1.0,1.9432492329413567,122,35,0.0,0.9432492329413567
523986010149,2025-10,8,10.0,16.0,10.0,14.0,15.0,12.0,13.333333333333334,13.166666666666666,16.0,11.709016300429015,122,37,6.0,1.709016300429015
523986010150,2025-10,6,3.0,7.0,5.0,4.0,2.0,10.0,5.333333333333333,5.0,7.0,6.016592851139743,122,38,4.0,3.016592851139743
523986010151,2025-10,11,11.0,8.0,11.0,6.0,9.0,9.0,8.333333333333334,9.0,8.0,9.442666571379707,122,39,3.0,1.557333428620293
523986010152,2025-10,18,12.0,12.0,12.0,5.0,15.0,27.0,9.666666666666666,12.666666666666666,12.0,15.567035635025658,122,40,0.0,3.5670356350256576
523986010153,2025-10,1,1.0,3.0,5.0,2.0,2.0,3.0,3.3333333333333335,2.5,3.0,2.4007327040159625,122,41,2.0,1.4007327040159625
523986010154,2025-10,11,11.0,16.0,14.0,11.0,13.0,11.0,13.666666666666666,12.166666666666666,16.0,12.082754585447923,122,42,5.0,1.0827545854479226
523986010155,2025-10,18,18.0,19.0,25.0,12.0,22.0,8.0,18.666666666666668,16.666666666666668,19.0,16.492102326253164,122,43,1.0,1.507897673746836
523986010156,2025-10,3,2.0,3.0,2.0,3.0,2.0,5.0,2.6666666666666665,2.8333333333333335,3.0,3.2326212042346194,122,44,1.0,1.2326212042346194
523986010161,2025-10,2,3.0,1.0,1.0,3.0,1.0,1.0,1.6666666666666667,1.5,1.0,1.7077561567588333,122,49,2.0,1.2922438432411667
523986010170,2025-10,2,4.0,7.0,4.0,3.0,5.0,5.0,4.666666666666667,4.0,7.0,3.994736197160508,122,58,3.0,0.0052638028394920156
523986010171,2025-10,2,5.0,4.0,3.0,9.0,7.0,5.0,5.333333333333333,5.333333333333333,4.0,4.3659456852992085,122,59,1.0,0.6340543147007915
523986010176,2025-10,2,2.0,1.0,4.0,2.0,5.0,1.0,2.3333333333333335,3.8333333333333335,1.0,2.7943884042066482,122,64,1.0,0.7943884042066482
523986010177,2025-10,4,12.0,5.0,1.0,7.0,7.0,2.0,4.333333333333333,7.166666666666667,5.0,5.185649130863913,122,65,7.0,6.814350869136087
523986010180,2025-10,8,5.0,3.0,6.0,6.0,4.0,6.0,5.0,7.166666666666667,3.0,6.631707027211115,122,68,2.0,1.6317070272111147
523986010181,2025-10,4,2.0,9.0,5.0,6.0,7.0,5.0,6.666666666666667,7.166666666666667,9.0,6.10126839313964,122,69,7.0,4.10126839313964
523986010183,2025-10,11,8.0,14.0,15.0,10.0,12.0,16.0,13.0,12.166666666666666,14.0,12.432828800139655,122,71,6.0,4.432828800139655
523986010184,2025-10,3,3.0,8.0,7.0,11.0,3.0,11.0,8.666666666666666,7.333333333333333,8.0,6.531843706692135,122,72,5.0,3.5318437066921353
523986010186,2025-10,22,24.0,15.0,28.0,23.0,15.0,18.0,22.0,23.333333333333332,15.0,20.859641220941377,122,74,9.0,3.140358779058623
523986010187,2025-10,7,22.0,16.0,8.0,8.0,14.0,10.0,10.666666666666666,10.833333333333334,16.0,10.069000455828418,122,75,6.0,11.930999544171582
523986010188,2025-10,13,15.0,10.0,18.0,21.0,21.0,10.0,16.333333333333332,18.333333333333332,10.0,14.863949071962725,122,76,5.0,0.1360509280372746
523986010190,2025-10,16,20.0,14.0,30.0,10.0,24.0,13.0,18.0,19.333333333333332,14.0,17.15259297155259,122,78,6.0,2.8474070284474102
523986010191,2025-10,19,20.0,16.0,20.0,16.0,22.0,27.0,17.333333333333332,21.0,16.0,20.147737927604112,122,79,4.0,0.14773792760411197
523986010192,2025-10,1,1.0,1.0,3.0,5.0,3.0,1.0,3.0,2.3333333333333335,1.0,1.9428721946530008,122,80,0.0,0.9428721946530008
523986010195,2025-10,2,6.0,3.0,1.0,2.0,3.0,2.0,2.0,1.8333333333333333,3.0,2.215451864841535,122,83,3.0,3.784548135158465
523986010197,2025-10,1,1.0,2.0,3.0,2.0,2.0,2.0,2.3333333333333335,2.0,2.0,1.919303278839596,122,85,1.0,0.9193032788395961
523986010199,2025-10,1,2.0,1.0,1.0,3.0,2.0,2.0,1.6666666666666667,2.1666666666666665,1.0,1.8190286979670862,122,87,1.0,0.18097130203291378
523986010200,2025-10,3,3.0,5.0,1.0,1.0,3.0,3.0,2.3333333333333335,2.3333333333333335,5.0,2.977398777554119,122,88,2.0,0.02260122244588114
523986010214,2025-10,2,2.0,3.0,4.0,3.0,6.0,4.0,3.3333333333333335,3.5,3.0,3.3212137896909653,122,102,1.0,1.3212137896909653
523986010215,2025-10,9,6.0,6.0,9.0,5.0,10.0,10.0,6.666666666666667,9.166666666666666,6.0,8.770974215096977,122,103,0.0,2.7709742150969774
523986010216,2025-10,3,1.0,4.0,14.0,4.0,4.0,3.0,7.333333333333333,7.0,4.0,5.1640993596776035,122,104,3.0,4.1640993596776035
528280977430,2025-10,1,2.0,1.0,1.0,1.0,1.0,3.0,1.0,1.6666666666666667,1.0,1.66037272599943,123,22,1.0,0.3396272740005699
528280977431,2025-10,1,2.0,1.0,2.0,4.0,1.0,2.0,2.3333333333333335,1.6666666666666667,1.0,1.6698165803676925,123,23,1.0,0.33018341963230746
528280977432,2025-10,1,2.0,5.0,4.0,3.0,1.0,2.0,4.0,3.5,5.0,2.786979770239297,123,24,3.0,0.7869797702392969
528280977441,2025-10,5,5.0,3.0,4.0,10.0,7.0,3.0,5.666666666666667,6.666666666666667,3.0,5.413243151427659,123,33,2.0,0.4132431514276593
528280977442,2025-10,4,2.0,2.0,4.0,1.0,2.0,1.0,2.3333333333333335,3.5,2.0,3.1915191091834885,123,34,0.0,1.1915191091834885
528280977443,2025-10,2,1.0,1.0,2.0,2.0,3.0,1.0,1.6666666666666667,1.8333333333333333,1.0,1.9249813109839984,123,35,0.0,0.9249813109839984
528280977444,2025-10,2,1.0,1.0,2.0,1.0,2.0,2.0,1.3333333333333333,1.3333333333333333,1.0,1.7955590163561137,123,36,0.0,0.7955590163561137
528280977445,2025-10,5,5.0,3.0,2.0,5.0,7.0,1.0,3.3333333333333335,4.5,3.0,4.19054658834691,123,37,2.0,0.8094534116530898
528280977446,2025-10,9,11.0,13.0,16.0,16.0,8.0,8.0,15.0,12.333333333333334,13.0,10.899660095395973,123,38,2.0,0.1003399046040272
528280977447,2025-10,24,26.0,15.0,24.0,15.0,18.0,24.0,18.0,18.5,15.0,20.19307775139204,123,39,11.0,5.806922248607961
528280977448,2025-10,11,13.0,9.0,10.0,12.0,11.0,15.0,10.333333333333334,11.833333333333334,9.0,11.476619132854179,123,40,4.0,1.5233808671458213
528280977449,2025-10,12,8.0,7.0,3.0,5.0,3.0,12.0,5.0,5.166666666666667,7.0,8.01672694932452,123,41,1.0,0.01672694932451968
528280977450,2025-10,28,16.0,19.0,11.0,25.0,15.0,15.0,18.333333333333332,16.166666666666668,19.0,19.49996424191437,123,42,3.0,3.4999642419143697
528280977451,2025-10,4,2.0,1.0,3.0,7.0,1.0,1.0,3.6666666666666665,4.166666666666667,1.0,3.408251392415356,123,43,1.0,1.4082513924153561
528280977452,2025-10,1,1.0,2.0,1.0,2.0,2.0,3.0,1.6666666666666667,1.8333333333333333,2.0,1.8985386033499587,123,44,1.0,0.8985386033499587
528280977458,2025-10,6,2.0,5.0,1.0,2.0,10.0,2.0,2.6666666666666665,4.833333333333333,5.0,4.928838692789457,123,50,3.0,2.9288386927894567
528280977461,2025-10,1,1.0,2.0,2.0,1.0,1.0,4.0,1.6666666666666667,1.3333333333333333,2.0,1.8099241164719846,123,53,1.0,0.8099241164719846
528280977466,2025-10,5,2.0,3.0,2.0,1.0,2.0,5.0,2.0,3.1666666666666665,3.0,3.8611021248817643,123,58,1.0,1.8611021248817643
528280977467,2025-10,2,2.0,2.0,1.0,1.0,5.0,2.0,1.3333333333333333,2.1666666666666665,2.0,2.2857625232135472,123,59,0.0,0.2857625232135472
528280977473,2025-10,2,5.0,4.0,7.0,2.0,8.0,7.0,4.333333333333333,5.333333333333333,4.0,4.607282612239103,123,65,1.0,0.3927173877608974
528280977474,2025-10,2,5.0,3.0,1.0,9.0,5.0,2.0,4.333333333333333,4.0,3.0,3.26609312933355,123,66,2.0,1.7339068706664502
528280977475,2025-10,7,7.0,15.0,15.0,12.0,14.0,5.0,14.0,13.833333333333334,15.0,10.818011021362866,123,67,8.0,3.8180110213628655
528280977476,2025-10,12,10.0,11.0,5.0,14.0,24.0,5.0,10.0,13.0,11.0,11.625318445706588,123,68,1.0,1.6253184457065881
528280977477,2025-10,8,3.0,4.0,2.0,11.0,8.0,4.0,5.666666666666667,7.0,4.0,6.602852720887803,123,69,1.0,3.602852720887803
528280977478,2025-10,13,3.0,6.0,5.0,3.0,5.0,1.0,4.666666666666667,4.166666666666667,6.0,6.649252435592315,123,70,3.0,3.649252435592315
528280977479,2025-10,11,19.0,11.0,17.0,13.0,13.0,29.0,13.666666666666666,15.333333333333334,11.0,14.982348522503134,123,71,8.0,4.017651477496866
528280977480,2025-10,7,20.0,9.0,16.0,16.0,11.0,16.0,13.666666666666666,12.666666666666666,9.0,11.107495531977332,123,72,11.0,8.892504468022668
528280977482,2025-10,6,13.0,8.0,25.0,13.0,15.0,20.0,15.333333333333334,18.333333333333332,8.0,13.62968134028871,123,74,5.0,0.6296813402887107
528280977483,2025-10,12,7.0,5.0,8.0,6.0,8.0,7.0,6.333333333333333,6.666666666666667,5.0,8.189445103303232,123,75,2.0,1.1894451033032318
528280977484,2025-10,13,18.0,22.0,12.0,15.0,12.0,19.0,16.333333333333332,17.333333333333332,22.0,16.037777816276932,123,76,4.0,1.9622221837230676
528280977485,2025-10,59,53.0,38.0,48.0,36.0,40.0,24.0,40.666666666666664,40.5,38.0,42.876635672390556,123,77,15.0,10.123364327609444
528280977486,2025-10,18,18.0,20.0,14.0,21.0,21.0,18.0,18.333333333333332,19.0,20.0,18.37346124812916,123,78,2.0,0.3734612481291606
528280977487,2025-10,8,9.0,17.0,13.0,15.0,8.0,6.0,15.0,12.5,17.0,10.707253729535735,123,79,8.0,1.7072537295357346
528280977490,2025-10,7,2.0,2.0,5.0,5.0,4.0,1.0,4.0,5.0,2.0,4.818191244660669,123,82,0.0,2.818191244660669
528280977491,2025-10,3,1.0,3.0,2.0,5.0,2.0,1.0,3.3333333333333335,3.3333333333333335,3.0,2.989470753482655,123,83,2.0,1.9894707534826548
528280977511,2025-10,2,1.0,1.0,1.0,5.0,3.0,3.0,2.3333333333333335,3.1666666666666665,1.0,2.6757168691815716,123,103,0.0,1.6757168691815716
528280977512,2025-10,2,2.0,4.0,2.0,2.0,2.0,3.0,2.6666666666666665,2.0,4.0,2.4950339249696993,123,104,2.0,0.49503392496969933
532575944727,2025-10,1,6.0,1.0,1.0,1.0,2.0,3.0,1.0,2.5,1.0,1.996054419470065,124,23,5.0,4.003945580529935
532575944738,2025-10,4,3.0,1.0,3.0,3.0,2.0,1.0,2.3333333333333335,2.3333333333333335,1.0,2.695573650274417,124,34,2.0,0.304426349725583
532575944739,2025-10,1,3.0,2.0,2.0,3.0,2.0,1.0,2.3333333333333335,2.1666666666666665,2.0,1.8468782084192767,124,35,1.0,1.1531217915807233
532575944740,2025-10,3,3.0,6.0,2.0,1.0,10.0,6.0,3.0,5.166666666666667,6.0,4.7834272668705555,124,36,3.0,1.7834272668705555
532575944741,2025-10,3,4.0,4.0,5.0,4.0,11.0,2.0,4.333333333333333,5.833333333333333,4.0,4.582546052409118,124,37,0.0,0.5825460524091177
532575944742,2025-10,22,21.0,20.0,14.0,20.0,17.0,9.0,18.0,20.666666666666668,20.0,18.817377659111855,124,38,1.0,2.1826223408881447
532575944743,2025-10,17,28.0,20.0,12.0,34.0,16.0,18.0,22.0,21.833333333333332,20.0,19.153204784833413,124,39,8.0,8.846795215166587
532575944744,2025-10,10,14.0,11.0,31.0,13.0,14.0,16.0,18.333333333333332,17.166666666666668,11.0,14.405518894332115,124,40,3.0,0.40551889433211485
532575944745,2025-10,3,3.0,2.0,4.0,9.0,3.0,5.0,5.0,5.0,2.0,4.184926252266706,124,41,1.0,1.1849262522667061
532575944746,2025-10,19,11.0,8.0,21.0,15.0,14.0,18.0,14.666666666666666,13.833333333333334,8.0,15.378778000642228,124,42,3.0,4.378778000642228
532575944747,2025-10,8,2.0,1.0,1.0,3.0,4.0,13.0,1.6666666666666667,4.0,1.0,5.855141615617674,124,43,1.0,3.855141615617674
532575944748,2025-10,5,3.0,1.0,6.0,4.0,5.0,6.0,3.6666666666666665,4.0,1.0,4.443790623599298,124,44,2.0,1.4437906235992983
532575944754,2025-10,8,10.0,10.0,13.0,4.0,16.0,7.0,9.0,8.833333333333334,10.0,8.838184181013201,124,50,0.0,1.161815818986799
532575944755,2025-10,11,18.0,27.0,27.0,17.0,14.0,16.0,23.666666666666668,21.0,27.0,17.681112518603957,124,51,9.0,0.31888748139604317
532575944761,2025-10,1,1.0,1.0,1.0,1.0,5.0,2.0,1.0,1.8333333333333333,1.0,1.7779676520561818,124,57,0.0,0.7779676520561818
532575944763,2025-10,2,1.0,3.0,3.0,3.0,3.0,8.0,3.0,2.3333333333333335,3.0,3.2153332062592437,124,59,2.0,2.2153332062592437
532575944769,2025-10,4,6.0,9.0,2.0,10.0,4.0,9.0,7.0,5.833333333333333,9.0,5.972492858176406,124,65,3.0,0.027507141823593706
532575944770,2025-10,25,20.0,21.0,20.0,21.0,19.0,23.0,20.666666666666668,20.833333333333332,21.0,21.867691921909746,124,66,1.0,1.8676919219097456
532575944771,2025-10,15,25.0,14.0,47.0,39.0,27.0,19.0,33.333333333333336,31.0,14.0,23.332049743192478,124,67,11.0,1.6679502568075222
532575944772,2025-10,14,14.0,8.0,23.0,21.0,16.0,14.0,17.333333333333332,18.333333333333332,8.0,15.39423743579854,124,68,6.0,1.3942374357985408
532575944773,2025-10,15,20.0,28.0,29.0,11.0,20.0,22.0,22.666666666666668,21.5,28.0,19.991173974937162,124,69,8.0,0.008826025062838028
532575944774,2025-10,24,14.0,9.0,17.0,5.0,14.0,14.0,10.333333333333334,11.333333333333334,9.0,15.106146523245378,124,70,5.0,1.1061465232453784
532575944775,2025-10,30,15.0,24.0,13.0,22.0,12.0,23.0,19.666666666666668,17.666666666666668,24.0,21.93754434263074,124,71,9.0,6.937544342630741
532575944776,2025-10,26,15.0,21.0,25.0,17.0,15.0,21.0,21.0,16.666666666666668,21.0,20.36812937193441,124,72,6.0,5.368129371934408
532575944778,2025-10,7,9.0,7.0,12.0,18.0,12.0,8.0,12.333333333333334,11.333333333333334,7.0,9.416897499633542,124,74,2.0,0.41689749963354217
532575944779,2025-10,11,7.0,10.0,14.0,17.0,5.0,11.0,13.666666666666666,13.0,10.0,11.555695015687135,124,75,3.0,4.555695015687135
532575944780,2025-10,3,1.0,1.0,7.0,6.0,6.0,2.0,4.666666666666667,4.833333333333333,1.0,3.8319673533504073,124,76,0.0,2.8319673533504073
532575944781,2025-10,21,17.0,24.0,23.0,25.0,21.0,15.0,24.0,23.5,24.0,21.352457525816284,124,77,7.0,4.352457525816284
532575944782,2025-10,12,15.0,16.0,17.0,11.0,17.0,11.0,14.666666666666666,14.333333333333334,16.0,13.425666557117294,124,78,1.0,1.5743334428827058
532575944783,2025-10,3,1.0,4.0,5.0,5.0,2.0,7.0,4.666666666666667,3.1666666666666665,4.0,3.8741767318506213,124,79,3.0,2.8741767318506213
532575944786,2025-10,3,4.0,6.0,6.0,4.0,3.0,7.0,5.333333333333333,4.5,6.0,4.608288068110221,124,82,2.0,0.6082880681102214
532575944787,2025-10,2,4.0,6.0,8.0,6.0,7.0,9.0,6.666666666666667,6.333333333333333,6.0,5.52004128218446,124,83,2.0,1.5200412821844598
532575944788,2025-10,4,5.0,4.0,6.0,6.0,6.0,7.0,5.333333333333333,5.666666666666667,4.0,5.281134856141504,124,84,1.0,0.28113485614150413
532575944789,2025-10,1,3.0,4.0,2.0,4.0,6.0,1.0,3.3333333333333335,3.1666666666666665,4.0,2.6160554003771477,124,85,1.0,0.3839445996228523
532575944807,2025-10,2,2.0,1.0,2.0,5.0,1.0,3.0,2.6666666666666665,2.3333333333333335,1.0,2.336231516944115,124,103,1.0,0.3362315169441148
532575944808,2025-10,8,8.0,6.0,2.0,3.0,4.0,1.0,3.6666666666666665,4.0,6.0,4.997703039072249,124,104,2.0,3.002296960927751
536870912024,2025-10,3,1.0,3.0,3.0,4.0,3.0,3.0,3.3333333333333335,3.0,3.0,3.1673582304298886,125,24,2.0,2.1673582304298886
536870912030,2025-10,2,1.0,1.0,1.0,1.0,4.0,6.0,1.0,1.6666666666666667,1.0,2.4366621740250807,125,30,0.0,1.4366621740250807
536870912031,2025-10,11,10.0,5.0,7.0,5.0,6.0,21.0,5.666666666666667,5.0,5.0,8.82968993461319,125,31,5.0,1.1703100653868095
536870912032,2025-10,2,3.0,1.0,2.0,6.0,1.0,3.0,3.0,2.0,1.0,2.249037103502326,125,32,2.0,0.7509628964976738
536870912035,2025-10,11,6.0,19.0,9.0,2.0,8.0,11.0,10.0,10.166666666666666,19.0,11.012306637677126,125,35,13.0,5.012306637677126
536870912036,2025-10,18,19.0,21.0,6.0,14.0,20.0,12.0,13.666666666666666,14.0,21.0,15.443046992208801,125,36,2.0,3.556953007791199
536870912037,2025-10,7,5.0,11.0,6.0,8.0,13.0,5.0,8.333333333333334,9.333333333333334,11.0,8.292988597773816,125,37,6.0,3.2929885977738156
536870912038,2025-10,16,18.0,18.0,14.0,24.0,10.0,6.0,18.666666666666668,16.666666666666668,18.0,14.943926127430325,125,38,0.0,3.0560738725696748
536870912039,2025-10,18,17.0,15.0,16.0,12.0,8.0,18.0,14.333333333333334,14.0,15.0,15.33506990061388,125,39,2.0,1.6649300993861207
536870912040,2025-10,14,10.0,18.0,14.0,13.0,17.0,15.0,15.0,14.166666666666666,18.0,14.56248994551179,125,40,8.0,4.562489945511791
536870912041,2025-10,21,22.0,15.0,16.0,17.0,16.0,15.0,16.0,18.0,15.0,17.733852429440137,125,41,7.0,4.266147570559863
536870912042,2025-10,12,18.0,11.0,18.0,7.0,6.0,16.0,12.0,10.5,11.0,11.584681966324704,125,42,7.0,6.415318033675296
536870912043,2025-10,10,10.0,18.0,15.0,16.0,8.0,20.0,16.333333333333332,14.166666666666666,18.0,13.743780144544974,125,43,8.0,3.7437801445449743
536870912044,2025-10,11,14.0,8.0,11.0,9.0,13.0,13.0,9.333333333333334,11.333333333333334,8.0,11.00007004654073,125,44,6.0,2.9999299534592705
536870912045,2025-10,3,4.0,3.0,4.0,4.0,6.0,1.0,3.6666666666666665,4.0,3.0,3.4531547392727546,125,45,1.0,0.5468452607272454
536870912046,2025-10,1,1.0,3.0,8.0,1.0,6.0,1.0,4.0,3.5,3.0,2.78352261753561,125,46,2.0,1.7835226175356098
536870912048,2025-10,3,4.0,5.0,7.0,3.0,2.0,1.0,5.0,3.8333333333333335,5.0,3.5218979499314873,125,48,1.0,0.4781020500685127
536870912050,2025-10,3,3.0,1.0,10.0,12.0,6.0,5.0,7.666666666666667,7.166666666666667,1.0,5.301984432312581,125,50,2.0,2.3019844323125813
536870912051,2025-10,7,6.0,3.0,5.0,6.0,11.0,9.0,4.666666666666667,4.833333333333333,3.0,6.160117713537733,125,51,3.0,0.1601177135377334
536870912052,2025-10,5,8.0,10.0,1.0,8.0,5.0,10.0,6.333333333333333,6.166666666666667,10.0,6.544689018822016,125,52,2.0,1.455310981177984
536870912053,2025-10,4,2.0,4.0,1.0,1.0,3.0,1.0,2.0,2.5,4.0,2.976636256312295,125,53,2.0,0.976636256312295
536870912054,2025-10,1,2.0,2.0,2.0,3.0,2.0,1.0,2.3333333333333335,2.1666666666666665,2.0,1.8468782084192767,125,54,0.0,0.15312179158072325
536870912055,2025-10,2,2.0,2.0,3.0,4.0,3.0,1.0,3.0,3.0,2.0,2.5378614792521574,125,55,0.0,0.5378614792521574
536870912056,2025-10,4,7.0,4.0,7.0,11.0,6.0,7.0,7.333333333333333,6.666666666666667,4.0,5.817395322934956,125,56,3.0,1.1826046770650436
536870912061,2025-10,4,2.0,4.0,1.0,1.0,2.0,3.0,2.0,1.6666666666666667,4.0,2.879084533643585,125,61,2.0,0.8790845336435851
536870912062,2025-10,1,1.0,1.0,1.0,1.0,1.0,3.0,1.0,1.1666666666666667,1.0,1.4857305898270905,125,62,0.0,0.4857305898270905
536870912065,2025-10,30,9.0,26.0,25.0,15.0,15.0,28.0,22.0,23.666666666666668,26.0,25.259680631080847,125,65,17.0,16.259680631080847
536870912066,2025-10,24,27.0,26.0,15.0,34.0,24.0,30.0,25.0,25.166666666666668,26.0,24.85904144737157,125,66,1.0,2.1409585526284296
536870912067,2025-10,9,7.0,15.0,17.0,20.0,9.0,20.0,17.333333333333332,15.0,15.0,13.674432006292225,125,67,8.0,6.674432006292225
536870912068,2025-10,10,10.0,4.0,8.0,11.0,7.0,11.0,7.666666666666667,6.5,4.0,8.032421047050056,125,68,6.0,1.9675789529499443
536870912069,2025-10,9,15.0,11.0,28.0,22.0,8.0,8.0,20.333333333333332,14.0,11.0,11.934682930134842,125,69,4.0,3.0653170698651575
536870912070,2025-10,19,11.0,11.0,18.0,14.0,15.0,13.0,14.333333333333334,15.333333333333334,11.0,15.518653912391397,125,70,0.0,4.518653912391397
536870912071,2025-10,5,4.0,7.0,4.0,4.0,5.0,14.0,5.0,4.833333333333333,7.0,6.242405246880537,125,71,3.0,2.242405246880537
536870912072,2025-10,20,35.0,22.0,25.0,29.0,15.0,11.0,25.333333333333332,24.666666666666668,22.0,20.71710395922736,125,72,13.0,14.282896040772641
536870912073,2025-10,18,12.0,16.0,12.0,14.0,9.0,2.0,14.0,13.666666666666666,16.0,13.359556321716799,125,73,4.0,1.3595563217167985
536870912074,2025-10,15,9.0,6.0,6.0,8.0,8.0,10.0,6.666666666666667,8.333333333333334,6.0,10.067519217514583,125,74,3.0,1.0675192175145831
536870912075,2025-10,28,18.0,19.0,27.0,28.0,13.0,28.0,24.666666666666668,22.833333333333332,19.0,24.027773890742502,125,75,1.0,6.027773890742502
536870912076,2025-10,33,22.0,41.0,20.0,24.0,27.0,33.0,28.333333333333332,25.5,41.0,29.53714231125977,125,76,19.0,7.537142311259771
536870912077,2025-10,51,33.0,46.0,53.0,45.0,30.0,48.0,48.0,43.166666666666664,46.0,45.25342028455173,125,77,13.0,12.25342028455173
536870912078,2025-10,8,8.0,2.0,12.0,4.0,10.0,5.0,6.0,6.5,2.0,6.627727463064102,125,78,6.0,1.3722725369358981
536870912079,2025-10,6,1.0,4.0,2.0,3.0,5.0,2.0,3.0,3.3333333333333335,4.0,4.145789748675209,125,79,3.0,3.1457897486752087
536870912082,2025-10,1,2.0,1.0,1.0,2.0,1.0,3.0,1.3333333333333333,1.3333333333333333,1.0,1.5731783125576424,125,82,1.0,0.4268216874423576
536870912083,2025-10,18,17.0,16.0,16.0,15.0,20.0,21.0,15.666666666666666,20.333333333333332,16.0,18.633543899989775,125,83,1.0,1.6335438999897747
536870912084,2025-10,10,2.0,17.0,9.0,5.0,14.0,4.0,10.333333333333334,10.5,17.0,10.153176193292612,125,84,15.0,8.153176193292612
536870912085,2025-10,9,7.0,8.0,5.0,3.0,8.0,8.0,5.333333333333333,7.0,8.0,7.677353511708744,125,85,1.0,0.6773535117087439
536870912086,2025-10,3,1.0,1.0,1.0,4.0,3.0,1.0,2.0,2.0,1.0,2.286114995576977,125,86,0.0,1.2861149955769768
541165879320,2025-10,14,18.0,11.0,21.0,18.0,17.0,22.0,16.666666666666668,16.333333333333332,11.0,15.841803657624201,126,24,7.0,2.158196342375799
541165879322,2025-10,2,1.0,1.0,2.0,2.0,7.0,1.0,1.6666666666666667,2.8333333333333335,1.0,2.452711449395612,126,26,0.0,1.4527114493956121
541165879327,2025-10,2,1.0,4.0,1.0,1.0,5.0,2.0,2.0,2.5,4.0,2.614403990201594,126,31,3.0,1.6144039902015939
541165879328,2025-10,5,10.0,3.0,8.0,6.0,7.0,1.0,5.666666666666667,4.833333333333333,3.0,4.581055202967702,126,32,7.0,5.418944797032298
541165879329,2025-10,2,3.0,3.0,1.0,1.0,2.0,2.0,1.6666666666666667,3.3333333333333335,3.0,2.6655331295020543,126,33,0.0,0.33446687049794566
541165879332,2025-10,1,3.0,1.0,3.0,2.0,1.0,3.0,2.0,1.6666666666666667,1.0,1.7712220188390226,126,36,2.0,1.2287779811609774
541165879333,2025-10,9,8.0,9.0,5.0,8.0,12.0,9.0,7.333333333333333,10.5,9.0,9.449634391185127,126,37,1.0,1.4496343911851266
541165879334,2025-10,8,11.0,9.0,10.0,19.0,9.0,8.0,12.666666666666666,11.333333333333334,9.0,9.728154630402344,126,38,2.0,1.2718453695976564
541165879335,2025-10,9,16.0,8.0,11.0,9.0,23.0,12.0,9.333333333333334,14.333333333333334,8.0,11.804452358796013,126,39,8.0,4.195547641203987
541165879336,2025-10,57,77.0,80.0,63.0,76.0,70.0,74.0,73.0,67.33333333333333,80.0,65.20811517148691,126,40,3.0,11.79188482851309
541165879337,2025-10,81,60.0,63.0,74.0,78.0,69.0,69.0,71.66666666666667,74.5,63.0,72.62116448648388,126,41,3.0,12.621164486483877
541165879338,2025-10,32,32.0,37.0,26.0,21.0,39.0,46.0,28.0,32.833333333333336,37.0,33.62920168666202,126,42,5.0,1.6292016866620216
541165879339,2025-10,18,24.0,11.0,19.0,13.0,12.0,10.0,14.333333333333334,13.333333333333334,11.0,14.055370050086522,126,43,13.0,9.944629949913478
541165879340,2025-10,20,35.0,15.0,14.0,15.0,14.0,23.0,14.666666666666666,19.0,15.0,18.521090589507125,126,44,20.0,16.478909410492875
541165879341,2025-10,9,6.0,7.0,7.0,5.0,7.0,2.0,6.333333333333333,6.166666666666667,7.0,6.661258187908455,126,45,1.0,0.6612581879084551
541165879342,2025-10,2,1.0,1.0,2.0,4.0,5.0,2.0,2.3333333333333335,2.5,1.0,2.4245927656610915,126,46,0.0,1.4245927656610915
541165879343,2025-10,1,2.0,3.0,5.0,2.0,1.0,3.0,3.3333333333333335,3.5,3.0,2.705405509843912,126,47,1.0,0.7054055098439118
541165879347,2025-10,3,2.0,4.0,6.0,1.0,6.0,4.0,3.6666666666666665,4.666666666666667,4.0,4.143227148622511,126,51,2.0,2.143227148622511
541165879348,2025-10,22,10.0,18.0,9.0,25.0,12.0,17.0,17.333333333333332,14.833333333333334,18.0,17.239264592801405,126,52,8.0,7.239264592801405
541165879349,2025-10,11,7.0,5.0,7.0,4.0,3.0,6.0,5.333333333333333,4.166666666666667,5.0,6.589576849754881,126,53,2.0,0.4104231502451192
541165879350,2025-10,18,22.0,8.0,24.0,18.0,11.0,22.0,16.666666666666668,13.0,8.0,15.354997678738458,126,54,14.0,6.645002321261542
541165879351,2025-10,4,5.0,6.0,6.0,9.0,6.0,8.0,7.0,6.333333333333333,6.0,5.93297043133139,126,55,1.0,0.9329704313313902
541165879352,2025-10,13,18.0,13.0,11.0,14.0,16.0,10.0,12.666666666666666,12.666666666666666,13.0,12.489643864774486,126,56,5.0,5.510356135225514
541165879353,2025-10,2,3.0,6.0,17.0,16.0,4.0,4.0,13.0,13.0,6.0,7.7790508144075705,126,57,3.0,4.7790508144075705
541165879354,2025-10,11,4.0,8.0,4.0,14.0,8.0,7.0,8.666666666666666,7.666666666666667,8.0,8.642427535403613,126,58,4.0,4.642427535403613
541165879357,2025-10,1,1.0,1.0,1.0,1.0,1.0,1.0,1.0,1.0,1.0,1.1893865736343852,126,61,0.0,0.18938657363438516
541165879361,2025-10,17,19.0,17.0,11.0,26.0,7.0,17.0,18.0,14.5,17.0,15.478221312809705,126,65,2.0,3.521778687190295
541165879362,2025-10,5,7.0,5.0,4.0,4.0,3.0,4.0,4.333333333333333,4.833333333333333,5.0,4.750319083630961,126,66,2.0,2.249680916369039
541165879363,2025-10,13,13.0,25.0,14.0,12.0,13.0,18.0,17.0,14.666666666666666,25.0,15.344134218930453,126,67,12.0,2.344134218930453
541165879364,2025-10,6,5.0,16.0,8.0,8.0,8.0,10.0,10.666666666666666,7.5,16.0,8.35179065663985,126,68,11.0,3.3517906566398494
541165879365,2025-10,12,14.0,5.0,4.0,4.0,8.0,5.0,4.333333333333333,6.666666666666667,5.0,7.729616546822123,126,69,9.0,6.270383453177877
541165879366,2025-10,27,20.0,35.0,37.0,40.0,34.0,42.0,37.333333333333336,38.333333333333336,35.0,34.216759827505626,126,70,15.0,14.216759827505626
541165879367,2025-10,41,28.0,37.0,40.0,32.0,37.0,37.0,36.333333333333336,35.5,37.0,36.86003920096169,126,71,9.0,8.860039200961687
541165879368,2025-10,28,31.0,30.0,22.0,22.0,19.0,24.0,24.666666666666668,22.0,30.0,24.315844987632637,126,72,1.0,6.684155012367363
541165879369,2025-10,9,15.0,12.0,20.0,8.0,13.0,8.0,13.333333333333334,14.666666666666666,12.0,11.760969187628785,126,73,3.0,3.2390308123712153
541165879370,2025-10,12,12.0,9.0,10.0,8.0,19.0,29.0,9.0,14.166666666666666,9.0,14.483742678985918,126,74,3.0,2.4837426789859176
541165879371,2025-10,24,17.0,31.0,29.0,23.0,25.0,25.0,27.666666666666668,30.833333333333332,31.0,27.06787782844748,126,75,14.0,10.067877828447479
541165879372,2025-10,21,29.0,23.0,46.0,43.0,21.0,25.0,37.333333333333336,30.833333333333332,23.0,26.463204459280824,126,76,6.0,2.536795540719176
541165879373,2025-10,13,7.0,17.0,9.0,15.0,15.0,18.0,13.666666666666666,14.166666666666666,17.0,14.293523504235399,126,77,10.0,7.293523504235399
541165879374,2025-10,10,4.0,7.0,7.0,7.0,8.0,9.0,7.0,6.166666666666667,7.0,7.883051999184034,126,78,3.0,3.883051999184034
541165879375,2025-10,3,3.0,6.0,4.0,9.0,5.0,11.0,6.333333333333333,7.5,6.0,6.286176530980622,126,79,3.0,3.2861765309806223
541165879378,2025-10,8,11.0,15.0,7.0,21.0,9.0,29.0,14.333333333333334,16.166666666666668,15.0,14.489410700204456,126,82,4.0,3.4894107002044557
541165879379,2025-10,25,12.0,27.0,16.0,23.0,19.0,14.0,22.0,19.666666666666668,27.0,20.92048498786498,126,83,15.0,8.920484987864981
541165879380,2025-10,12,7.0,10.0,8.0,8.0,8.0,1.0,8.666666666666666,8.666666666666666,10.0,8.762624530782578,126,84,3.0,1.7626245307825776
541165879381,2025-10,2,2.0,3.0,1.0,1.0,1.0,1.0,1.6666666666666667,1.5,3.0,1.8615021782857752,126,85,1.0,0.13849782171422476
541165879382,2025-10,1,1.0,1.0,1.0,3.0,1.0,2.0,1.6666666666666667,1.5,1.0,1.5415610498872319,126,86,0.0,0.5415610498872319
545460846615,2025-10,2,6.0,2.0,6.0,7.0,2.0,1.0,5.0,5.333333333333333,2.0,3.5183711034753937,127,23,4.0,2.4816288965246063
545460846618,2025-10,2,4.0,2.0,6.0,3.0,4.0,2.0,3.6666666666666665,3.8333333333333335,2.0,3.0857979040337122,127,26,2.0,0.9142020959662878
545460846629,2025-10,6,3.0,8.0,1.0,1.0,3.0,3.0,3.3333333333333335,3.6666666666666665,8.0,4.617211481807783,127,37,5.0,1.6172114818077832
545460846630,2025-10,8,12.0,9.0,13.0,3.0,19.0,10.0,8.333333333333334,10.833333333333334,9.0,9.892441716012637,127,38,3.0,2.1075582839873626
545460846631,2025-10,11,15.0,18.0,10.0,31.0,19.0,12.0,19.666666666666668,18.333333333333332,18.0,15.25706374141044,127,39,3.0,0.2570637414104393
545460846632,2025-10,8,6.0,12.0,3.0,11.0,11.0,10.0,8.666666666666666,8.5,12.0,8.864664753936653,127,40,6.0,2.864664753936653
545460846633,2025-10,93,72.0,82.0,88.0,62.0,83.0,104.0,77.33333333333333,83.66666666666667,82.0,86.15749065553953,127,41,10.0,14.157490655539533
545460846634,2025-10,19,23.0,31.0,16.0,14.0,25.0,24.0,20.333333333333332,19.666666666666668,31.0,20.828566743694637,127,42,8.0,2.171433256305363
545460846635,2025-10,20,10.0,10.0,11.0,13.0,11.0,17.0,11.333333333333334,11.666666666666666,10.0,14.400024061911328,127,43,0.0,4.400024061911328
545460846636,2025-10,5,17.0,14.0,15.0,8.0,15.0,17.0,12.333333333333334,14.166666666666666,14.0,11.614268821465249,127,44,3.0,5.385731178534751
545460846637,2025-10,16,12.0,20.0,16.0,17.0,24.0,4.0,17.666666666666668,18.0,20.0,15.885262301316804,127,45,8.0,3.8852623013168035
545460846639,2025-10,11,10.0,6.0,7.0,10.0,6.0,6.0,7.666666666666667,7.666666666666667,6.0,8.22741495465334,127,47,4.0,1.7725850453466592
545460846640,2025-10,2,5.0,3.0,3.0,4.0,3.0,3.0,3.3333333333333335,3.3333333333333335,3.0,2.9985262289388857,127,48,2.0,2.0014737710611143
545460846643,2025-10,4,1.0,3.0,2.0,1.0,2.0,4.0,2.0,2.0,3.0,3.0492787294727766,127,51,2.0,2.0492787294727766
545460846644,2025-10,6,7.0,10.0,4.0,10.0,3.0,8.0,8.0,6.666666666666667,10.0,6.858129121360804,127,52,3.0,0.141870878639196
545460846645,2025-10,33,42.0,32.0,26.0,25.0,36.0,28.0,27.666666666666668,31.166666666666668,32.0,30.64171845710213,127,53,10.0,11.35828154289787
545460846646,2025-10,18,7.0,17.0,17.0,29.0,17.0,20.0,21.0,17.5,17.0,17.947191722005307,127,54,10.0,10.947191722005307
545460846647,2025-10,2,1.0,7.0,2.0,4.0,7.0,3.0,4.333333333333333,4.166666666666667,7.0,3.8516612666227807,127,55,6.0,2.8516612666227807
545460846648,2025-10,6,3.0,9.0,6.0,6.0,3.0,2.0,7.0,5.166666666666667,9.0,5.478387018475496,127,56,6.0,2.4783870184754964
545460846649,2025-10,9,3.0,6.0,9.0,10.0,5.0,5.0,8.333333333333334,7.0,6.0,7.341977752127216,127,57,3.0,4.341977752127216
545460846650,2025-10,10,4.0,16.0,25.0,20.0,9.0,13.0,20.333333333333332,14.166666666666666,16.0,13.267736123906673,127,58,12.0,9.267736123906673
545460846651,2025-10,2,3.0,5.0,13.0,9.0,32.0,20.0,9.0,13.5,5.0,10.633880118982548,127,59,2.0,7.633880118982548
545460846652,2025-10,1,2.0,6.0,4.0,1.0,1.0,8.0,3.6666666666666665,3.6666666666666665,6.0,3.6072230614595515,127,60,4.0,1.6072230614595515
545460846653,2025-10,4,2.0,6.0,7.0,13.0,2.0,5.0,8.666666666666666,6.166666666666667,6.0,5.496858080779789,127,61,4.0,3.4968580807797887
545460846657,2025-10,6,19.0,10.0,8.0,9.0,12.0,14.0,9.0,9.333333333333334,10.0,9.03944451232953,127,65,9.0,9.96055548767047
545460846659,2025-10,10,11.0,12.0,4.0,8.0,13.0,6.0,8.0,11.166666666666666,12.0,9.932679431894476,127,67,1.0,1.067320568105524
545460846660,2025-10,18,18.0,19.0,10.0,10.0,17.0,17.0,13.0,14.166666666666666,19.0,15.796834710488262,127,68,1.0,2.2031652895117375
545460846661,2025-10,10,7.0,11.0,5.0,7.0,13.0,6.0,7.666666666666667,11.333333333333334,11.0,9.896360919592153,127,69,4.0,2.896360919592153
545460846662,2025-10,42,29.0,38.0,35.0,45.0,50.0,32.0,39.333333333333336,37.166666666666664,38.0,37.9941693396255,127,70,9.0,8.9941693396255
545460846663,2025-10,21,13.0,25.0,29.0,23.0,21.0,18.0,25.666666666666668,23.0,25.0,21.827496525769988,127,71,12.0,8.827496525769988
545460846664,2025-10,42,20.0,23.0,29.0,36.0,23.0,31.0,29.333333333333332,29.166666666666668,23.0,31.776770315409244,127,72,3.0,11.776770315409244
545460846665,2025-10,19,22.0,31.0,19.0,30.0,19.0,19.0,26.666666666666668,24.166666666666668,31.0,22.127514503826582,127,73,9.0,0.12751450382658192
545460846666,2025-10,2,1.0,3.0,3.0,2.0,2.0,4.0,2.6666666666666665,2.1666666666666665,3.0,2.6070140754081095,127,74,2.0,1.6070140754081095
545460846667,2025-10,12,15.0,17.0,13.0,15.0,12.0,11.0,15.0,14.833333333333334,17.0,13.43706152716866,127,75,2.0,1.5629384728313394
545460846668,2025-10,25,13.0,22.0,22.0,28.0,27.0,19.0,24.0,29.666666666666668,22.0,25.22602616313258,127,76,9.0,12.22602616313258
545460846669,2025-10,26,37.0,21.0,23.0,17.0,32.0,33.0,20.333333333333332,23.833333333333332,21.0,24.976892463834147,127,77,16.0,12.023107536165853
545460846670,2025-10,8,12.0,8.0,19.0,10.0,3.0,17.0,12.333333333333334,10.666666666666666,8.0,10.297275003935487,127,78,4.0,1.7027249960645126
545460846671,2025-10,4,5.0,3.0,8.0,4.0,6.0,3.0,5.0,4.5,3.0,4.314418169519227,127,79,2.0,0.685581830480773
545460846672,2025-10,22,12.0,18.0,14.0,19.0,24.0,8.0,17.0,18.5,18.0,18.012363295701622,127,80,6.0,6.012363295701622
545460846673,2025-10,16,11.0,15.0,19.0,19.0,15.0,14.0,17.666666666666668,17.0,15.0,15.975482021744211,127,81,4.0,4.975482021744211
545460846674,2025-10,34,44.0,29.0,37.0,29.0,33.0,36.0,31.666666666666668,34.666666666666664,29.0,33.215659516536945,127,82,15.0,10.784340483463055
545460846675,2025-10,35,23.0,32.0,31.0,34.0,18.0,39.0,32.333333333333336,29.0,32.0,31.429306628484007,127,83,9.0,8.429306628484007
545460846676,2025-10,14,13.0,11.0,9.0,11.0,10.0,12.0,10.333333333333334,9.333333333333334,11.0,11.199554197207352,127,84,2.0,1.8004458027926482
545460846677,2025-10,3,3.0,14.0,3.0,3.0,2.0,3.0,6.666666666666667,4.166666666666667,14.0,4.668184973444519,127,85,11.0,1.6681849734445189
545460846678,2025-10,5,2.0,4.0,7.0,4.0,5.0,3.0,5.0,4.333333333333333,4.0,4.56215163023761,127,86,2.0,2.5621516302376097
545460846679,2025-10,1,2.0,4.0,1.0,2.0,3.0,4.0,2.3333333333333335,2.3333333333333335,4.0,2.4490705676464817,127,87,2.0,0.4490705676464817
549755813910,2025-10,7,6.0,9.0,2.0,1.0,6.0,2.0,4.0,4.333333333333333,9.0,5.297011665645858,128,22,3.0,0.7029883343541421
549755813914,2025-10,2,1.0,1.0,1.0,2.0,2.0,3.0,1.3333333333333333,2.0,1.0,2.1359060529100606,128,26,0.0,1.1359060529100606
549755813915,2025-10,3,5.0,5.0,6.0,1.0,4.0,1.0,4.0,5.0,5.0,3.9193440382709612,128,27,0.0,1.0806559617290388
549755813916,2025-10,1,2.0,4.0,1.0,2.0,2.0,3.0,2.3333333333333335,2.5,4.0,2.3436081611195663,128,28,2.0,0.34360816111956627
549755813917,2025-10,3,7.0,2.0,1.0,1.0,3.0,5.0,1.3333333333333333,3.3333333333333335,2.0,3.2464929563909966,128,29,5.0,3.7535070436090034
549755813923,2025-10,1,1.0,2.0,2.0,1.0,1.0,1.0,1.6666666666666667,1.8333333333333333,2.0,1.6273712964414404,128,35,1.0,0.6273712964414404
549755813925,2025-10,7,6.0,10.0,14.0,9.0,3.0,7.0,11.0,9.666666666666666,10.0,8.45102144542578,128,37,4.0,2.4510214454257806
549755813926,2025-10,8,10.0,4.0,4.0,8.0,8.0,15.0,5.333333333333333,8.0,4.0,8.255766416123576,128,38,6.0,1.744233583876424
549755813928,2025-10,11,14.0,5.0,15.0,8.0,22.0,12.0,9.333333333333334,12.5,5.0,11.505684066875965,128,40,9.0,2.494315933124035
549755813929,2025-10,2,2.0,1.0,1.0,2.0,2.0,1.0,1.3333333333333333,1.8333333333333333,1.0,1.8395620367173553,128,41,1.0,0.1604379632826447
549755813931,2025-10,22,25.0,15.0,18.0,17.0,16.0,25.0,16.666666666666668,15.5,15.0,18.418167310360445,128,43,10.0,6.581832689639555
549755813932,2025-10,2,10.0,8.0,8.0,7.0,15.0,22.0,7.666666666666667,11.0,8.0,9.296218149018943,128,44,2.0,0.7037818509810574
549755813933,2025-10,9,9.0,13.0,6.0,11.0,7.0,8.0,10.0,11.333333333333334,13.0,9.951517892336598,128,45,4.0,0.9515178923365983
549755813934,2025-10,17,22.0,21.0,21.0,13.0,14.0,12.0,18.333333333333332,17.166666666666668,21.0,16.579068402169543,128,46,1.0,5.420931597830457
549755813935,2025-10,7,11.0,8.0,7.0,7.0,7.0,7.0,7.333333333333333,6.333333333333333,8.0,6.908851018541706,128,47,3.0,4.091148981458294
549755813936,2025-10,2,1.0,1.0,1.0,4.0,4.0,2.0,2.0,2.3333333333333335,1.0,2.280959446003669,128,48,0.0,1.2809594460036688
549755813941,2025-10,9,5.0,3.0,1.0,4.0,6.0,5.0,2.6666666666666665,4.666666666666667,3.0,5.751407992825384,128,53,2.0,0.7514079928253841
549755813946,2025-10,1,1.0,2.0,1.0,4.0,1.0,1.0,2.3333333333333335,2.0,2.0,1.7324785661016247,128,58,1.0,0.7324785661016247
549755813948,2025-10,7,7.0,7.0,10.0,6.0,11.0,7.0,7.666666666666667,9.5,7.0,8.180446804840178,128,60,0.0,1.1804468048401784
549755813949,2025-10,24,12.0,20.0,24.0,29.0,22.0,21.0,24.333333333333332,22.333333333333332,20.0,22.29305662851705,128,61,8.0,10.29305662851705
549755813950,2025-10,42,15.0,19.0,19.0,10.0,14.0,23.0,16.0,14.333333333333334,19.0,23.64911675302536,128,62,4.0,8.64911675302536
549755813951,2025-10,11,18.0,14.0,31.0,19.0,22.0,24.0,21.333333333333332,18.0,14.0,16.784982957248502,128,63,4.0,1.215017042751498
549755813952,2025-10,1,1.0,7.0,1.0,8.0,8.0,6.0,5.333333333333333,5.333333333333333,7.0,4.451832816414477,128,64,6.0,3.451832816414477
549755813953,2025-10,9,27.0,14.0,9.0,14.0,8.0,13.0,12.333333333333334,12.0,14.0,11.140541610793555,128,65,13.0,15.859458389206445
549755813954,2025-10,8,12.0,10.0,6.0,9.0,8.0,10.0,8.333333333333334,7.666666666666667,10.0,8.291502819796253,128,66,2.0,3.7084971802037465
549755813955,2025-10,12,14.0,20.0,17.0,21.0,17.0,20.0,19.333333333333332,17.0,20.0,16.14543967778913,128,67,6.0,2.145439677789131
549755813956,2025-10,13,12.0,10.0,11.0,11.0,9.0,13.0,10.666666666666666,9.166666666666666,10.0,10.906042505824812,128,68,2.0,1.0939574941751875
549755813957,2025-10,12,3.0,6.0,13.0,17.0,9.0,10.0,12.0,9.833333333333334,6.0,10.329034566037963,128,69,3.0,7.329034566037963
549755813958,2025-10,37,42.0,55.0,57.0,50.0,29.0,49.0,54.0,45.333333333333336,55.0,43.35537491232789,128,70,13.0,1.355374912327889
549755813959,2025-10,25,18.0,18.0,31.0,28.0,15.0,25.0,25.666666666666668,23.0,18.0,23.019360179042565,128,71,0.0,5.019360179042565
549755813960,2025-10,30,42.0,42.0,33.0,29.0,26.0,22.0,34.666666666666664,32.0,42.0,30.38016007430612,128,72,0.0,11.619839925693881
549755813961,2025-10,33,33.0,13.0,22.0,36.0,22.0,36.0,23.666666666666668,24.666666666666668,13.0,26.841642184611374,128,73,20.0,6.1583578153886265
549755813962,2025-10,11,11.0,10.0,22.0,7.0,4.0,8.0,13.0,9.666666666666666,10.0,10.023733373753469,128,74,1.0,0.9762666262465309
549755813963,2025-10,28,32.0,23.0,20.0,35.0,33.0,20.0,26.0,33.166666666666664,23.0,27.920161991639844,128,75,9.0,4.079838008360156
549755813964,2025-10,40,17.0,31.0,40.0,34.0,26.0,27.0,35.0,33.0,31.0,33.44201966819382,128,76,14.0,16.442019668193822
549755813965,2025-10,34,26.0,37.0,34.0,43.0,31.0,16.0,38.0,35.166666666666664,37.0,32.0554805759896,128,77,11.0,6.055480575989598
549755813966,2025-10,12,10.0,10.0,9.0,17.0,11.0,10.0,12.0,11.333333333333334,10.0,11.203379429001782,128,78,0.0,1.2033794290017816
549755813967,2025-10,10,10.0,11.0,10.0,12.0,10.0,15.0,11.0,10.333333333333334,11.0,10.835034541754345,128,79,1.0,0.8350345417543448
549755813968,2025-10,14,20.0,8.0,13.0,36.0,10.0,19.0,19.0,16.666666666666668,8.0,15.170180192392632,128,80,12.0,4.829819807607368
549755813969,2025-10,19,27.0,28.0,22.0,19.0,16.0,20.0,23.0,21.833333333333332,28.0,20.780281362408928,128,81,1.0,6.219718637591072
549755813970,2025-10,23,13.0,20.0,22.0,22.0,9.0,16.0,21.333333333333332,18.833333333333332,20.0,19.32377623443753,128,82,7.0,6.323776234437531
549755813971,2025-10,12,25.0,27.0,31.0,19.0,24.0,25.0,25.666666666666668,23.833333333333332,27.0,20.695409501974964,128,83,2.0,4.304590498025036
549755813972,2025-10,17,25.0,18.0,19.0,12.0,20.0,20.0,16.333333333333332,18.666666666666668,18.0,17.894014135845342,128,84,7.0,7.105985864154658
549755813973,2025-10,10,12.0,14.0,17.0,23.0,18.0,13.0,18.0,18.333333333333332,14.0,14.673615651140327,128,85,2.0,2.6736156511403273
549755813974,2025-10,4,7.0,7.0,10.0,9.0,11.0,5.0,8.666666666666666,8.833333333333334,7.0,6.941381407676755,128,86,0.0,0.058618592323244734
549755813975,2025-10,7,10.0,9.0,7.0,3.0,8.0,5.0,6.333333333333333,6.666666666666667,9.0,6.82093258378223,128,87,1.0,3.1790674162177703
549755813977,2025-10,1,2.0,1.0,2.0,1.0,1.0,1.0,1.3333333333333333,1.1666666666666667,1.0,1.2884084267750744,128,89,1.0,0.7115915732249256
554050781206,2025-10,1,2.0,1.0,1.0,4.0,1.0,1.0,2.0,1.5,1.0,1.4517297418260409,129,22,1.0,0.5482702581739591
554050781208,2025-10,1,1.0,1.0,1.0,1.0,1.0,1.0,1.0,1.1666666666666667,1.0,1.2476006190251656,129,24,0.0,0.2476006190251656
554050781209,2025-10,4,3.0,1.0,3.0,2.0,8.0,12.0,2.0,3.1666666666666665,1.0,4.534793838399532,129,25,2.0,1.5347938383995317
554050781221,2025-10,1,3.0,1.0,7.0,1.0,2.0,5.0,3.0,2.5,1.0,2.4790312367714504,129,37,2.0,0.5209687632285496
554050781222,2025-10,4,3.0,3.0,1.0,1.0,3.0,1.0,1.6666666666666667,2.3333333333333335,3.0,2.812315522818272,129,38,0.0,0.18768447718172787
554050781223,2025-10,4,3.0,4.0,5.0,1.0,3.0,3.0,3.3333333333333335,3.0,4.0,3.552639594286201,129,39,1.0,0.5526395942862008
554050781224,2025-10,6,18.0,9.0,15.0,14.0,11.0,8.0,12.666666666666666,14.0,9.0,10.236152757193857,129,40,9.0,7.763847242806143
554050781225,2025-10,10,10.0,22.0,8.0,12.0,14.0,13.0,14.0,17.666666666666668,22.0,14.422326387849537,129,41,12.0,4.422326387849537
554050781226,2025-10,6,7.0,8.0,8.0,5.0,7.0,13.0,7.0,8.0,8.0,7.902461745653085,129,42,1.0,0.9024617456530848
554050781227,2025-10,8,7.0,3.0,2.0,8.0,7.0,6.0,4.333333333333333,5.666666666666667,3.0,6.136851141924193,129,43,4.0,0.8631488580758067
554050781228,2025-10,13,9.0,20.0,17.0,8.0,8.0,8.0,15.0,13.5,20.0,12.997883987976127,129,44,11.0,3.9978839879761274
554050781230,2025-10,8,8.0,14.0,18.0,20.0,26.0,26.0,17.333333333333332,17.833333333333332,14.0,15.786296648499826,129,46,6.0,7.786296648499826
554050781231,2025-10,1,2.0,4.0,3.0,1.0,2.0,5.0,2.6666666666666665,2.5,4.0,2.63412007008154,129,47,2.0,0.6341200700815399
554050781238,2025-10,1,3.0,1.0,2.0,2.0,2.0,2.0,1.6666666666666667,1.8333333333333333,1.0,1.7141747375956644,129,54,2.0,1.2858252624043356
554050781244,2025-10,2,1.0,2.0,3.0,2.0,2.0,3.0,2.3333333333333335,2.8333333333333335,2.0,2.6146985834670247,129,60,1.0,1.6146985834670247
554050781245,2025-10,5,3.0,6.0,7.0,2.0,4.0,11.0,5.0,4.5,6.0,5.682020113846299,129,61,3.0,2.682020113846299
554050781246,2025-10,11,4.0,12.0,12.0,16.0,20.0,14.0,13.333333333333334,12.333333333333334,12.0,12.45056987144479,129,62,8.0,8.45056987144479
554050781248,2025-10,3,1.0,1.0,3.0,4.0,1.0,1.0,2.6666666666666665,2.0,1.0,2.278507678043331,129,64,0.0,1.278507678043331
554050781249,2025-10,4,13.0,7.0,6.0,7.0,6.0,9.0,6.666666666666667,5.833333333333333,7.0,5.925032613983711,129,65,6.0,7.074967386016289
554050781250,2025-10,3,5.0,14.0,7.0,6.0,6.0,9.0,9.0,6.666666666666667,14.0,6.685163695797886,129,66,9.0,1.6851636957978862
554050781251,2025-10,15,15.0,17.0,13.0,7.0,13.0,12.0,12.333333333333334,14.0,17.0,13.931578610231972,129,67,2.0,1.0684213897680284
554050781252,2025-10,17,28.0,21.0,28.0,31.0,12.0,44.0,26.666666666666668,24.833333333333332,21.0,23.789631936308034,129,68,7.0,4.210368063691966
554050781253,2025-10,26,24.0,21.0,23.0,19.0,36.0,27.0,21.0,24.833333333333332,21.0,24.848700044519532,129,69,3.0,0.8487000445195321
554050781254,2025-10,26,21.0,25.0,42.0,49.0,18.0,26.0,38.666666666666664,31.333333333333332,25.0,28.273761851912226,129,70,4.0,7.2737618519122265
554050781255,2025-10,27,27.0,25.0,10.0,20.0,16.0,22.0,18.333333333333332,18.833333333333332,25.0,21.473859174388444,129,71,2.0,5.526140825611556
554050781256,2025-10,13,15.0,11.0,6.0,13.0,20.0,16.0,10.0,13.166666666666666,11.0,13.111635687123727,129,72,4.0,1.8883643128762735
554050781257,2025-10,53,48.0,52.0,43.0,67.0,57.0,64.0,54.0,55.0,52.0,53.9383900068048,129,73,4.0,5.938390006804802
554050781258,2025-10,61,48.0,59.0,55.0,58.0,59.0,69.0,57.333333333333336,57.833333333333336,59.0,58.86399479033053,129,74,11.0,10.86399479033053
554050781259,2025-10,26,31.0,27.0,35.0,33.0,28.0,25.0,31.666666666666668,29.0,27.0,27.244634780728433,129,75,4.0,3.7553652192715674
554050781260,2025-10,30,29.0,30.0,56.0,33.0,23.0,26.0,39.666666666666664,34.0,30.0,31.20338819141724,129,76,1.0,2.2033881914172397
554050781261,2025-10,18,26.0,18.0,19.0,19.0,43.0,25.0,18.666666666666668,25.0,18.0,22.217432351235633,129,77,8.0,3.782567648764367
554050781262,2025-10,8,17.0,11.0,7.0,19.0,13.0,12.0,12.333333333333334,13.5,11.0,11.229432981110026,129,78,6.0,5.770567018889974
554050781263,2025-10,7,4.0,8.0,7.0,25.0,12.0,7.0,13.333333333333334,14.166666666666666,8.0,10.394174676607939,129,79,4.0,6.394174676607939
554050781264,2025-10,10,13.0,14.0,20.0,18.0,26.0,31.0,17.333333333333332,22.166666666666668,14.0,18.488855201030333,129,80,1.0,5.488855201030333
554050781265,2025-10,4,5.0,3.0,6.0,2.0,5.0,7.0,3.6666666666666665,4.666666666666667,3.0,4.664197719817759,129,81,2.0,0.3358022801822411
554050781266,2025-10,11,10.0,4.0,8.0,8.0,4.0,4.0,6.666666666666667,6.5,4.0,7.262690809946369,129,82,6.0,2.7373091900536313
554050781267,2025-10,18,14.0,14.0,23.0,21.0,22.0,42.0,19.333333333333332,21.333333333333332,14.0,21.82125914086965,129,83,0.0,7.82125914086965
554050781268,2025-10,2,2.0,1.0,5.0,4.0,3.0,4.0,3.3333333333333335,3.1666666666666665,1.0,2.9287794082424012,129,84,1.0,0.9287794082424012
554050781269,2025-10,4,1.0,2.0,5.0,7.0,3.0,3.0,4.666666666666667,4.333333333333333,2.0,3.98154064524459,129,85,1.0,2.98154064524459
554050781270,2025-10,2,1.0,4.0,2.0,4.0,4.0,4.0,3.3333333333333335,3.3333333333333335,4.0,3.2275015612099143,129,86,3.0,2.2275015612099143
554050781271,2025-10,4,8.0,12.0,6.0,4.0,9.0,3.0,7.333333333333333,6.0,12.0,5.845523555015813,129,87,4.0,2.154476444984187
558345748501,2025-10,1,2.0,1.0,1.0,1.0,1.0,1.0,1.0,1.0,1.0,1.1893865736343852,130,21,1.0,0.8106134263656148
558345748505,2025-10,4,5.0,4.0,2.0,7.0,5.0,4.0,4.333333333333333,4.666666666666667,4.0,4.396046607417334,130,25,1.0,0.6039533925826657
558345748518,2025-10,5,1.0,1.0,1.0,3.0,2.0,3.0,1.6666666666666667,1.5,1.0,2.846277870895186,130,38,0.0,1.846277870895186
558345748519,2025-10,1,1.0,1.0,3.0,5.0,2.0,1.0,3.0,3.1666666666666665,1.0,2.1893309550901687,130,39,0.0,1.1893309550901687
558345748520,2025-10,10,4.0,11.0,8.0,11.0,12.0,9.0,10.0,10.5,11.0,10.157232314933223,130,40,7.0,6.157232314933223
558345748521,2025-10,10,18.0,10.0,14.0,7.0,12.0,13.0,10.333333333333334,12.5,10.0,11.353866250263566,130,41,8.0,6.646133749736434
558345748522,2025-10,8,4.0,7.0,9.0,5.0,14.0,12.0,7.0,10.0,7.0,9.299466874750413,130,42,3.0,5.299466874750413
558345748523,2025-10,10,12.0,11.0,11.0,12.0,18.0,21.0,11.333333333333334,12.0,11.0,12.529264447951697,130,43,1.0,0.5292644479516966
558345748525,2025-10,3,7.0,3.0,3.0,3.0,6.0,3.0,3.0,3.3333333333333335,3.0,3.3883870434218775,130,45,4.0,3.6116129565781225
558345748526,2025-10,9,7.0,11.0,11.0,15.0,12.0,20.0,12.333333333333334,11.5,11.0,11.770329467024746,130,46,4.0,4.770329467024746
558345748527,2025-10,5,6.0,10.0,5.0,4.0,10.0,5.0,6.333333333333333,7.0,10.0,6.5097881729953215,130,47,4.0,0.5097881729953215
558345748528,2025-10,5,3.0,3.0,5.0,3.0,10.0,3.0,3.6666666666666665,6.0,3.0,5.150393435786243,130,48,0.0,2.150393435786243
558345748529,2025-10,5,4.0,6.0,5.0,2.0,12.0,4.0,4.333333333333333,5.0,6.0,5.298483468845946,130,49,2.0,1.2984834688459461
558345748539,2025-10,5,7.0,20.0,8.0,11.0,6.0,3.0,13.0,9.333333333333334,20.0,8.296335017257952,130,59,13.0,1.2963350172579524
558345748544,2025-10,4,1.0,8.0,4.0,5.0,1.0,6.0,5.666666666666667,4.5,8.0,4.845091679994795,130,64,7.0,3.8450916799947947
558345748545,2025-10,8,4.0,11.0,12.0,7.0,7.0,3.0,10.0,7.833333333333333,11.0,7.764136680786722,130,65,7.0,3.764136680786722
558345748546,2025-10,7,4.0,2.0,4.0,6.0,1.0,11.0,4.0,3.6666666666666665,2.0,5.397720205583714,130,66,2.0,1.3977202055837141
558345748548,2025-10,5,17.0,12.0,11.0,9.0,9.0,10.0,10.666666666666666,11.0,12.0,9.060867332266934,130,68,5.0,7.939132667733066
558345748549,2025-10,9,15.0,15.0,18.0,18.0,25.0,14.0,17.0,19.833333333333332,15.0,15.344373327557172,130,69,0.0,0.34437332755717165
558345748550,2025-10,37,32.0,35.0,29.0,57.0,42.0,47.0,40.333333333333336,39.5,35.0,38.59958577988225,130,70,3.0,6.599585779882247
558345748551,2025-10,32,26.0,32.0,29.0,22.0,28.0,28.0,27.666666666666668,27.333333333333332,32.0,28.695365979938167,130,71,6.0,2.695365979938167
558345748552,2025-10,89,104.0,91.0,115.0,106.0,98.0,84.0,104.0,93.5,91.0,90.08200405936378,130,72,13.0,13.917995940636217
558345748553,2025-10,102,121.0,112.0,109.0,99.0,83.0,60.0,106.66666666666667,94.66666666666667,112.0,92.44990979155871,130,73,9.0,28.55009020844129
558345748554,2025-10,202,194.0,202.0,173.0,206.0,227.0,192.0,193.66666666666666,201.5,202.0,195.7210564662836,130,74,8.0,1.7210564662836134
558345748555,2025-10,43,48.0,41.0,45.0,46.0,41.0,28.0,44.0,38.5,41.0,38.62301047391846,130,75,7.0,9.376989526081537
558345748556,2025-10,22,18.0,27.0,21.0,23.0,20.0,13.0,23.666666666666668,22.0,27.0,21.009286866383533,130,76,9.0,3.0092868663835333
558345748557,2025-10,5,3.0,4.0,6.0,7.0,17.0,11.0,5.666666666666667,8.166666666666666,4.0,7.4358253799034575,130,77,1.0,4.4358253799034575
558345748558,2025-10,13,22.0,13.0,10.0,13.0,21.0,16.0,12.0,15.5,13.0,14.346688396317509,130,78,9.0,7.653311603682491
558345748559,2025-10,1,2.0,2.0,2.0,1.0,3.0,2.0,1.6666666666666667,2.0,2.0,1.8938732602666484,130,79,0.0,0.10612673973335163
558345748561,2025-10,5,3.0,8.0,7.0,6.0,4.0,10.0,7.0,7.166666666666667,8.0,6.8235279402633955,130,81,5.0,3.8235279402633955
558345748562,2025-10,7,2.0,6.0,13.0,6.0,1.0,14.0,8.333333333333334,6.333333333333333,6.0,7.478036910201248,130,82,4.0,5.478036910201248
558345748563,2025-10,3,4.0,4.0,6.0,9.0,13.0,14.0,6.333333333333333,10.166666666666666,4.0,7.801090184863192,130,83,0.0,3.8010901848631917
558345748564,2025-10,2,6.0,4.0,6.0,7.0,3.0,5.0,5.666666666666667,4.333333333333333,4.0,3.902171615457781,130,84,2.0,2.097828384542219
558345748565,2025-10,4,3.0,3.0,4.0,2.0,4.0,3.0,3.0,2.6666666666666665,3.0,3.3631421515079936,130,85,0.0,0.36314215150799356
558345748566,2025-10,2,5.0,3.0,5.0,8.0,2.0,7.0,5.333333333333333,4.166666666666667,3.0,3.919795255838812,130,86,2.0,1.080204744161188
558345748580,2025-10,1,4.0,2.0,3.0,6.0,6.0,14.0,3.6666666666666665,4.0,2.0,4.34203222376653,130,100,2.0,0.3420322237665303
558345748581,2025-10,2,2.0,3.0,3.0,6.0,2.0,3.0,4.0,2.8333333333333335,3.0,2.8377399809293546,130,101,1.0,0.8377399809293546
562640715801,2025-10,2,2.0,2.0,1.0,1.0,2.0,1.0,1.3333333333333333,1.6666666666666667,2.0,1.8582210020900458,131,25,0.0,0.14177899790995419
562640715814,2025-10,13,14.0,22.0,18.0,24.0,22.0,26.0,21.333333333333332,20.833333333333332,22.0,19.047792275014793,131,38,8.0,5.0477922750147926
562640715815,2025-10,9,7.0,5.0,13.0,11.0,17.0,14.0,9.666666666666666,12.333333333333334,5.0,10.898107891677812,131,39,2.0,3.898107891677812
562640715816,2025-10,3,4.0,5.0,8.0,8.0,4.0,4.0,7.0,7.333333333333333,5.0,5.377786986822996,131,40,1.0,1.3777869868229962
562640715817,2025-10,12,6.0,7.0,7.0,8.0,5.0,14.0,7.333333333333333,6.166666666666667,7.0,8.944296388523549,131,41,1.0,2.944296388523549
562640715818,2025-10,16,1.0,15.0,12.0,17.0,8.0,10.0,14.666666666666666,12.166666666666666,15.0,13.154612489261687,131,42,14.0,12.154612489261687
562640715822,2025-10,5,8.0,5.0,4.0,9.0,3.0,9.0,6.0,5.166666666666667,5.0,5.608240488116193,131,46,3.0,2.391759511883807
562640715823,2025-10,1,1.0,1.0,1.0,1.0,2.0,1.0,1.0,1.3333333333333333,1.0,1.3504261309326768,131,47,0.0,0.3504261309326768
562640715824,2025-10,20,16.0,13.0,10.0,24.0,20.0,12.0,15.666666666666666,14.333333333333334,13.0,15.736709767106909,131,48,3.0,0.26329023289309106
562640715825,2025-10,2,5.0,1.0,5.0,1.0,1.0,1.0,2.3333333333333335,2.0,1.0,1.9871621692512704,131,49,4.0,3.0128378307487296
562640715828,2025-10,2,1.0,1.0,3.0,2.0,1.0,5.0,2.0,1.5,1.0,2.236398036522731,131,52,0.0,1.236398036522731
562640715835,2025-10,10,4.0,5.0,10.0,11.0,5.0,5.0,8.666666666666666,7.0,5.0,7.591172641386219,131,59,1.0,3.591172641386219
562640715836,2025-10,1,3.0,2.0,5.0,3.0,1.0,2.0,3.3333333333333335,2.3333333333333335,2.0,2.101969195944017,131,60,1.0,0.898030804055983
562640715840,2025-10,2,2.0,4.0,1.0,4.0,2.0,2.0,3.0,3.3333333333333335,4.0,2.859340849624613,131,64,2.0,0.8593408496246129
562640715841,2025-10,4,1.0,4.0,1.0,1.0,2.0,1.0,2.0,1.6666666666666667,4.0,2.64095456284166,131,65,3.0,1.6409545628416602
562640715845,2025-10,10,20.0,12.0,20.0,13.0,18.0,19.0,15.0,16.0,12.0,14.190882201720703,131,69,8.0,5.809117798279297
562640715846,2025-10,4,3.0,2.0,9.0,8.0,6.0,3.0,6.333333333333333,7.166666666666667,2.0,5.297478724777466,131,70,1.0,2.2974787247774664
562640715847,2025-10,6,6.0,5.0,3.0,7.0,10.0,7.0,5.0,6.666666666666667,5.0,6.392302121291532,131,71,1.0,0.3923021212915323
562640715848,2025-10,3,5.0,8.0,4.0,13.0,8.0,6.0,8.333333333333334,7.666666666666667,8.0,6.212048134482362,131,72,3.0,1.2120481344823624
562640715849,2025-10,7,6.0,8.0,15.0,9.0,2.0,8.0,10.666666666666666,8.833333333333334,8.0,8.062999168899532,131,73,2.0,2.062999168899532
562640715850,2025-10,109,129.0,124.0,107.0,109.0,111.0,88.0,113.33333333333333,111.16666666666667,124.0,106.27686299998621,131,74,5.0,22.723137000013793
562640715851,2025-10,14,14.0,9.0,8.0,20.0,13.0,11.0,12.333333333333334,12.333333333333334,9.0,12.272258340492185,131,75,5.0,1.7277416595078154
562640715852,2025-10,22,16.0,18.0,20.0,19.0,10.0,12.0,19.0,16.166666666666668,18.0,17.293912917099746,131,76,2.0,1.293912917099746
562640715853,2025-10,11,5.0,3.0,6.0,6.0,9.0,8.0,5.0,8.0,3.0,8.239744834368299,131,77,2.0,3.239744834368299
562640715854,2025-10,14,16.0,5.0,16.0,12.0,12.0,16.0,11.0,11.666666666666666,5.0,12.258281910285275,131,78,11.0,3.741718089714725
562640715855,2025-10,8,8.0,12.0,10.0,18.0,11.0,7.0,13.333333333333334,11.666666666666666,12.0,10.103827055786365,131,79,4.0,2.1038270557863648
562640715856,2025-10,6,9.0,11.0,3.0,9.0,5.0,10.0,7.666666666666667,6.666666666666667,11.0,7.221547228209756,131,80,2.0,1.7784527717902439
562640715857,2025-10,5,5.0,12.0,9.0,4.0,10.0,9.0,8.333333333333334,7.333333333333333,12.0,7.4779208125868575,131,81,7.0,2.4779208125868575
562640715860,2025-10,5,7.0,10.0,6.0,10.0,4.0,4.0,8.666666666666666,6.666666666666667,10.0,6.222836169500943,131,84,3.0,0.7771638304990569
562640715862,2025-10,2,3.0,2.0,4.0,5.0,1.0,1.0,3.6666666666666665,2.3333333333333335,2.0,2.2858238497452525,131,86,1.0,0.7141761502547475
562640715863,2025-10,2,4.0,1.0,1.0,3.0,2.0,4.0,1.6666666666666667,2.1666666666666665,1.0,2.342418761041575,131,87,3.0,1.657581238958425
562640715871,2025-10,6,1.0,3.0,3.0,6.0,2.0,8.0,4.0,3.3333333333333335,3.0,4.748747413196767,131,95,2.0,3.7487474131967673
562640715875,2025-10,3,1.0,1.0,1.0,3.0,1.0,1.0,1.6666666666666667,1.6666666666666667,1.0,2.0512302944221776,131,99,0.0,1.0512302944221776
562640715876,2025-10,3,5.0,2.0,5.0,6.0,11.0,3.0,4.333333333333333,6.666666666666667,2.0,4.8389352432370405,131,100,3.0,0.1610647567629595
566935683109,2025-10,2,2.0,2.0,1.0,1.0,2.0,3.0,1.3333333333333333,1.5,2.0,2.0381369275011902,132,37,0.0,0.03813692750119024
566935683111,2025-10,13,15.0,10.0,11.0,13.0,12.0,23.0,11.333333333333334,14.333333333333334,10.0,14.09362952117837,132,39,5.0,0.9063704788216302
566935683112,2025-10,18,13.0,14.0,21.0,19.0,18.0,21.0,18.0,17.5,14.0,17.663442567215196,132,40,1.0,4.663442567215196
566935683113,2025-10,15,9.0,6.0,6.0,6.0,9.0,10.0,6.0,7.5,6.0,9.76259310239787,132,41,3.0,0.7625931023978705
566935683114,2025-10,11,3.0,5.0,9.0,2.0,3.0,9.0,5.333333333333333,4.0,5.0,6.911706021387264,132,42,2.0,3.911706021387264
566935683120,2025-10,5,8.0,3.0,6.0,7.0,10.0,5.0,5.333333333333333,7.5,3.0,6.070192332214188,132,48,5.0,1.9298076677858118
566935683128,2025-10,8,8.0,4.0,6.0,2.0,8.0,6.0,4.0,4.666666666666667,4.0,5.926114191160496,132,56,4.0,2.0738858088395036
566935683129,2025-10,4,6.0,4.0,3.0,12.0,4.0,4.0,6.333333333333333,5.166666666666667,4.0,4.713053471521713,132,57,2.0,1.2869465284782873
566935683135,2025-10,3,5.0,6.0,4.0,1.0,2.0,3.0,3.6666666666666665,4.166666666666667,6.0,3.8016719216889427,132,63,1.0,1.1983280783110573
566935683136,2025-10,2,2.0,2.0,1.0,1.0,1.0,2.0,1.3333333333333333,1.6666666666666667,2.0,1.932674520974274,132,64,0.0,0.06732547902572605
566935683137,2025-10,4,5.0,7.0,4.0,9.0,5.0,3.0,6.666666666666667,5.166666666666667,7.0,4.910026792677806,132,65,2.0,0.08997320732219372
566935683140,2025-10,3,4.0,4.0,5.0,5.0,3.0,5.0,4.666666666666667,4.333333333333333,4.0,4.088156545300892,132,68,0.0,0.08815654530089212
566935683141,2025-10,3,3.0,5.0,2.0,5.0,3.0,5.0,4.0,3.3333333333333335,5.0,3.7225555378097237,132,69,2.0,0.7225555378097237
566935683142,2025-10,2,3.0,7.0,14.0,10.0,2.0,9.0,10.333333333333334,8.0,7.0,6.34701264747039,132,70,4.0,3.3470126474703896
566935683143,2025-10,28,23.0,35.0,38.0,34.0,41.0,23.0,35.666666666666664,33.833333333333336,35.0,30.84569198093724,132,71,12.0,7.845691980937239
566935683144,2025-10,30,16.0,19.0,18.0,15.0,15.0,14.0,17.333333333333332,15.666666666666666,19.0,19.770095185737844,132,72,3.0,3.770095185737844
566935683145,2025-10,3,5.0,13.0,10.0,8.0,8.0,4.0,10.333333333333334,9.0,13.0,7.068842427123495,132,73,8.0,2.068842427123495
566935683146,2025-10,14,20.0,22.0,21.0,32.0,30.0,19.0,25.0,24.833333333333332,22.0,20.609919132961117,132,74,2.0,0.6099191329611173
566935683147,2025-10,29,21.0,35.0,40.0,25.0,36.0,40.0,33.333333333333336,31.666666666666668,35.0,31.993729421804233,132,75,14.0,10.993729421804233
566935683148,2025-10,23,27.0,27.0,32.0,24.0,18.0,39.0,27.666666666666668,25.0,27.0,25.82698602567048,132,76,0.0,1.1730139743295211
566935683149,2025-10,3,6.0,7.0,10.0,20.0,5.0,16.0,12.333333333333334,10.5,7.0,8.601878260359674,132,77,1.0,2.6018782603596744
566935683150,2025-10,13,15.0,8.0,13.0,13.0,8.0,18.0,11.333333333333334,10.0,8.0,11.675695787239672,132,78,7.0,3.324304212760328
566935683151,2025-10,14,7.0,13.0,16.0,23.0,7.0,18.0,17.333333333333332,13.166666666666666,13.0,13.967704912583994,132,79,6.0,6.967704912583994
566935683152,2025-10,17,19.0,15.0,21.0,17.0,14.0,15.0,17.666666666666668,16.666666666666668,15.0,16.241915802939722,132,80,4.0,2.7580841970602776
566935683153,2025-10,13,6.0,20.0,22.0,10.0,10.0,13.0,17.333333333333332,14.333333333333334,20.0,14.236008468397403,132,81,14.0,8.236008468397403
566935683154,2025-10,1,4.0,5.0,2.0,5.0,5.0,1.0,4.0,3.8333333333333335,5.0,2.9396404808665517,132,82,1.0,1.0603595191334483
566935683155,2025-10,2,4.0,8.0,1.0,2.0,3.0,3.0,3.6666666666666665,3.5,8.0,3.447190744666517,132,83,4.0,0.5528092553334831
566935683156,2025-10,6,5.0,2.0,6.0,1.0,2.0,5.0,3.0,3.8333333333333335,2.0,4.436342941613848,132,84,3.0,0.563657058386152
566935683157,2025-10,10,1.0,3.0,11.0,8.0,4.0,5.0,7.333333333333333,5.666666666666667,3.0,6.8217422112673525,132,85,2.0,5.8217422112673525
566935683159,2025-10,2,2.0,3.0,1.0,1.0,4.0,3.0,1.6666666666666667,2.1666666666666665,3.0,2.4663227302010204,132,87,1.0,0.46632273020102044
566935683165,2025-10,1,3.0,1.0,1.0,2.0,1.0,2.0,1.3333333333333333,1.6666666666666667,1.0,1.570541417938239,132,93,2.0,1.429458582061761
566935683167,2025-10,2,3.0,6.0,5.0,13.0,5.0,5.0,8.0,6.833333333333333,6.0,5.211412861848158,132,95,3.0,2.2114128618481583
571230650401,2025-10,2,1.0,1.0,2.0,1.0,2.0,3.0,1.3333333333333333,1.5,1.0,1.9728380471478584,133,33,0.0,0.9728380471478584
571230650407,2025-10,1,5.0,2.0,7.0,5.0,4.0,1.0,4.666666666666667,3.6666666666666665,2.0,2.722533943398859,133,39,3.0,2.277466056601141
571230650408,2025-10,13,11.0,4.0,5.0,7.0,7.0,23.0,5.333333333333333,6.333333333333333,4.0,10.019408970679702,133,40,7.0,0.9805910293202977
571230650409,2025-10,16,20.0,16.0,15.0,28.0,11.0,7.0,19.666666666666668,14.666666666666666,16.0,14.354563175561168,133,41,4.0,5.645436824438832
571230650411,2025-10,3,2.0,1.0,1.0,1.0,1.0,1.0,1.0,1.0,1.0,1.759906758179513,133,43,1.0,0.24009324182048708
571230650412,2025-10,3,3.0,1.0,5.0,8.0,5.0,10.0,4.666666666666667,3.6666666666666665,1.0,4.309229191485636,133,44,2.0,1.3092291914856364
571230650416,2025-10,1,2.0,2.0,2.0,3.0,5.0,3.0,2.3333333333333335,4.166666666666667,2.0,2.9174111234607647,133,48,0.0,0.9174111234607647
571230650423,2025-10,8,11.0,10.0,3.0,8.0,20.0,16.0,7.0,9.166666666666666,10.0,9.913499638330343,133,55,1.0,1.086500361669657
571230650424,2025-10,9,8.0,5.0,3.0,9.0,9.0,13.0,5.666666666666667,6.666666666666667,5.0,7.976328198677812,133,56,3.0,0.02367180132218838
571230650426,2025-10,1,3.0,4.0,1.0,4.0,1.0,2.0,3.0,3.3333333333333335,4.0,2.5294692908353165,133,58,1.0,0.47053070916468354
571230650427,2025-10,3,1.0,1.0,1.0,3.0,2.0,1.0,1.6666666666666667,1.8333333333333333,1.0,2.1540558063296924,133,59,0.0,1.1540558063296924
571230650431,2025-10,2,1.0,2.0,1.0,1.0,1.0,1.0,1.3333333333333333,1.1666666666666667,2.0,1.6389673994009701,133,63,1.0,0.6389673994009701
571230650434,2025-10,1,2.0,4.0,9.0,3.0,2.0,4.0,5.333333333333333,5.166666666666667,4.0,3.7497940121120656,133,66,2.0,1.7497940121120656
571230650435,2025-10,10,9.0,6.0,15.0,13.0,12.0,17.0,11.333333333333334,12.0,6.0,11.447267175070646,133,67,3.0,2.447267175070646
571230650436,2025-10,13,6.0,11.0,15.0,6.0,26.0,27.0,10.666666666666666,14.833333333333334,11.0,15.4337943079133,133,68,5.0,9.4337943079133
571230650437,2025-10,14,16.0,19.0,14.0,16.0,21.0,17.0,16.333333333333332,18.333333333333332,19.0,16.628224637272716,133,69,3.0,0.6282246372727158
571230650438,2025-10,4,5.0,11.0,8.0,4.0,2.0,9.0,7.666666666666667,6.5,11.0,6.397784265373376,133,70,6.0,1.3977842653733763
571230650439,2025-10,16,12.0,14.0,11.0,7.0,14.0,16.0,10.666666666666666,14.166666666666666,14.0,14.395988476206352,133,71,2.0,2.3959884762063517
571230650440,2025-10,6,4.0,5.0,2.0,10.0,6.0,5.0,5.666666666666667,5.0,5.0,5.440479054784278,133,72,1.0,1.4404790547842783
571230650441,2025-10,18,14.0,16.0,15.0,25.0,17.0,17.0,18.666666666666668,19.333333333333332,16.0,17.925694252138854,133,73,2.0,3.925694252138854
571230650442,2025-10,25,14.0,18.0,26.0,24.0,27.0,17.0,22.666666666666668,25.166666666666668,18.0,23.03798673600717,133,74,4.0,9.03798673600717
571230650443,2025-10,35,34.0,16.0,31.0,32.0,30.0,26.0,26.333333333333332,34.166666666666664,16.0,30.46526045925505,133,75,18.0,3.534739540744951
571230650444,2025-10,29,27.0,20.0,14.0,37.0,21.0,21.0,23.666666666666668,21.5,20.0,23.20946673762831,133,76,7.0,3.7905332623716887
571230650445,2025-10,9,16.0,11.0,15.0,18.0,22.0,23.0,14.666666666666666,18.333333333333332,11.0,15.21134721243591,133,77,5.0,0.7886527875640894
571230650446,2025-10,11,8.0,12.0,15.0,12.0,8.0,20.0,13.0,11.333333333333334,12.0,12.28582662719573,133,78,4.0,4.28582662719573
571230650447,2025-10,25,12.0,9.0,7.0,13.0,15.0,10.0,9.666666666666666,10.833333333333334,9.0,14.61090734547756,133,79,3.0,2.6109073454775604
571230650448,2025-10,10,10.0,9.0,7.0,10.0,8.0,25.0,8.666666666666666,7.666666666666667,9.0,10.61193258234226,133,80,1.0,0.6119325823422592
571230650449,2025-10,28,26.0,13.0,24.0,32.0,31.0,23.0,23.0,26.5,13.0,24.87403551712595,133,81,13.0,1.1259644828740498
571230650450,2025-10,14,13.0,15.0,13.0,15.0,13.0,16.0,14.333333333333334,13.5,15.0,13.969592365902606,133,82,2.0,0.9695923659026064
571230650451,2025-10,19,17.0,12.0,14.0,4.0,22.0,16.0,10.0,11.5,12.0,14.49974477392935,133,83,5.0,2.5002552260706494
571230650452,2025-10,5,12.0,5.0,9.0,7.0,10.0,5.0,7.0,8.833333333333334,5.0,6.870541494796647,133,84,7.0,5.129458505203353
571230650453,2025-10,17,3.0,8.0,1.0,9.0,7.0,2.0,6.0,9.0,8.0,9.911172248695108,133,85,5.0,6.911172248695108
571230650459,2025-10,2,4.0,2.0,1.0,2.0,1.0,2.0,1.6666666666666667,1.5,2.0,1.9036941529232667,133,91,2.0,2.0963058470767333
571230650462,2025-10,1,4.0,3.0,5.0,4.0,6.0,3.0,4.0,4.833333333333333,3.0,3.452642560233363,133,94,1.0,0.5473574397666372
575525617703,2025-10,3,7.0,3.0,5.0,13.0,6.0,3.0,7.0,6.333333333333333,3.0,4.810192249353462,134,39,4.0,2.189807750646538
575525617704,2025-10,5,2.0,1.0,7.0,4.0,5.0,2.0,4.0,3.6666666666666665,1.0,3.891910398963798,134,40,1.0,1.8919103989637982
575525617705,2025-10,4,1.0,1.0,3.0,2.0,1.0,4.0,2.0,1.5,1.0,2.687853235666898,134,41,0.0,1.687853235666898
575525617708,2025-10,5,7.0,4.0,16.0,14.0,7.0,8.0,11.333333333333334,9.666666666666666,4.0,7.7691559859277675,134,44,3.0,0.7691559859277675
575525617709,2025-10,2,1.0,1.0,2.0,2.0,1.0,2.0,1.6666666666666667,2.0,1.0,2.013037408742276,134,45,0.0,1.0130374087422762
575525617714,2025-10,2,2.0,5.0,3.0,5.0,4.0,3.0,4.333333333333333,5.833333333333333,5.0,4.15779542986358,134,50,3.0,2.1577954298635804
575525617719,2025-10,6,11.0,10.0,9.0,15.0,12.0,4.0,11.333333333333334,11.5,10.0,8.82178712018859,134,55,1.0,2.1782128798114098
575525617720,2025-10,8,7.0,12.0,15.0,10.0,17.0,11.0,12.333333333333334,11.5,12.0,10.759711371131207,134,56,5.0,3.759711371131207
575525617722,2025-10,8,10.0,9.0,7.0,10.0,4.0,15.0,8.666666666666666,8.0,9.0,8.788744768502132,134,58,1.0,1.2112552314978675
575525617723,2025-10,16,29.0,33.0,10.0,27.0,14.0,16.0,23.333333333333332,20.0,33.0,18.993372877890806,134,59,4.0,10.006627122109194
575525617724,2025-10,2,4.0,4.0,11.0,7.0,7.0,2.0,7.333333333333333,5.833333333333333,4.0,4.451387972588398,134,60,0.0,0.4513879725883978
575525617731,2025-10,9,17.0,14.0,16.0,29.0,9.0,12.0,19.666666666666668,18.166666666666668,14.0,13.944167585714146,134,67,3.0,3.055832414285854
575525617732,2025-10,11,9.0,13.0,12.0,12.0,4.0,8.0,12.333333333333334,9.833333333333334,13.0,10.13835779265374,134,68,4.0,1.1383577926537392
575525617733,2025-10,9,16.0,11.0,8.0,9.0,9.0,9.0,9.333333333333334,11.833333333333334,11.0,10.145382831557159,134,69,5.0,5.854617168442841
575525617734,2025-10,21,19.0,24.0,18.0,22.0,20.0,14.0,21.333333333333332,20.333333333333332,24.0,19.790974140704897,134,70,5.0,0.7909741407048969
575525617735,2025-10,6,3.0,3.0,3.0,1.0,3.0,3.0,2.3333333333333335,2.3333333333333335,3.0,3.7025812936651468,134,71,0.0,0.7025812936651468
575525617736,2025-10,4,6.0,3.0,5.0,8.0,5.0,3.0,5.333333333333333,4.833333333333333,3.0,4.380746079893411,134,72,3.0,1.6192539201065888
575525617737,2025-10,19,21.0,13.0,22.0,12.0,11.0,17.0,15.666666666666666,15.333333333333334,13.0,16.133445240454897,134,73,8.0,4.866554759545103
575525617738,2025-10,40,44.0,68.0,57.0,42.0,41.0,40.0,55.666666666666664,52.333333333333336,68.0,47.26541535177447,134,74,24.0,3.2654153517744717
575525617739,2025-10,17,17.0,14.0,16.0,17.0,15.0,7.0,15.666666666666666,15.166666666666666,14.0,14.499935250878938,134,75,3.0,2.500064749121062
575525617740,2025-10,24,8.0,17.0,18.0,20.0,13.0,12.0,18.333333333333332,17.5,17.0,18.305491238058025,134,76,9.0,10.305491238058025
575525617741,2025-10,11,8.0,14.0,14.0,17.0,17.0,8.0,15.0,16.166666666666668,14.0,13.264331272522842,134,77,6.0,5.264331272522842
575525617742,2025-10,24,16.0,25.0,22.0,22.0,21.0,16.0,23.0,21.166666666666668,25.0,21.48990400089803,134,78,9.0,5.489904000898029
575525617743,2025-10,50,20.0,36.0,45.0,29.0,36.0,20.0,36.666666666666664,36.5,36.0,37.718179404053345,134,79,16.0,17.718179404053345
575525617744,2025-10,21,18.0,14.0,17.0,9.0,16.0,23.0,13.333333333333334,16.666666666666668,14.0,17.921491650450086,134,80,4.0,0.0785083495499137
575525617745,2025-10,28,16.0,21.0,22.0,30.0,18.0,42.0,24.333333333333332,23.333333333333332,21.0,26.15902484724846,134,81,5.0,10.15902484724846
575525617746,2025-10,35,31.0,35.0,23.0,25.0,21.0,29.0,27.666666666666668,24.666666666666668,35.0,28.587680500116797,134,82,4.0,2.4123194998832034
575525617747,2025-10,13,10.0,18.0,12.0,14.0,16.0,20.0,14.666666666666666,14.0,18.0,14.717347330176478,134,83,8.0,4.717347330176478
575525617748,2025-10,9,6.0,3.0,9.0,3.0,9.0,6.0,5.0,6.0,3.0,6.767248525562295,134,84,3.0,0.7672485255622954
575525617755,2025-10,1,1.0,2.0,3.0,1.0,2.0,1.0,2.0,1.6666666666666667,2.0,1.6545765253173013,134,91,1.0,0.6545765253173013
575525617756,2025-10,4,3.0,6.0,10.0,10.0,6.0,6.0,8.666666666666666,6.833333333333333,6.0,6.061947505041218,134,92,3.0,3.0619475050412177
579820584998,2025-10,3,4.0,3.0,2.0,1.0,1.0,4.0,2.0,1.6666666666666667,3.0,2.6029790799019175,135,38,1.0,1.3970209200980825
579820585009,2025-10,5,3.0,1.0,4.0,5.0,1.0,1.0,3.3333333333333335,3.3333333333333335,1.0,3.3847817108043845,135,49,2.0,0.3847817108043845
579820585016,2025-10,3,2.0,5.0,1.0,3.0,3.0,4.0,3.0,2.6666666666666665,5.0,3.271359208416185,135,56,3.0,1.271359208416185
579820585017,2025-10,3,5.0,2.0,3.0,2.0,7.0,2.0,2.3333333333333335,3.3333333333333335,2.0,3.178593159094633,135,57,3.0,1.8214068409053672
579820585018,2025-10,33,26.0,32.0,36.0,25.0,23.0,34.0,31.0,32.5,32.0,31.649949745415718,135,58,6.0,5.649949745415718
579820585019,2025-10,31,22.0,19.0,16.0,13.0,21.0,26.0,16.0,18.166666666666668,19.0,22.484931612604697,135,59,3.0,0.4849316126046972
579820585020,2025-10,6,2.0,5.0,2.0,5.0,3.0,7.0,4.0,4.5,5.0,5.223964103164803,135,60,3.0,3.2239641031648034
579820585021,2025-10,3,1.0,2.0,1.0,2.0,1.0,1.0,1.6666666666666667,1.6666666666666667,2.0,2.1281033051856486,135,61,1.0,1.1281033051856486
579820585027,2025-10,3,2.0,1.0,2.0,1.0,4.0,1.0,1.3333333333333333,1.6666666666666667,1.0,2.167405147042743,135,67,1.0,0.1674051470427429
579820585028,2025-10,9,10.0,4.0,8.0,6.0,4.0,4.0,6.0,6.5,4.0,6.633703270721695,135,68,6.0,3.3662967292783046
579820585029,2025-10,12,17.0,14.0,10.0,16.0,9.0,17.0,13.333333333333334,12.0,14.0,12.616468458161284,135,69,3.0,4.383531541838716
579820585030,2025-10,27,15.0,27.0,19.0,10.0,18.0,18.0,18.666666666666668,19.166666666666668,27.0,21.49039712915758,135,70,12.0,6.490397129157579
579820585031,2025-10,5,20.0,7.0,12.0,13.0,13.0,12.0,10.666666666666666,10.166666666666666,7.0,8.813582018774673,135,71,13.0,11.186417981225327
579820585032,2025-10,32,29.0,27.0,37.0,27.0,23.0,23.0,30.333333333333332,28.0,27.0,28.051937310094736,135,72,2.0,0.9480626899052638
579820585033,2025-10,11,8.0,11.0,8.0,20.0,13.0,13.0,13.0,14.833333333333334,11.0,12.740032091544606,135,73,3.0,4.740032091544606
579820585034,2025-10,29,35.0,23.0,26.0,23.0,37.0,26.0,24.0,28.333333333333332,23.0,27.304093264474687,135,74,12.0,7.695906735525313
579820585035,2025-10,26,14.0,29.0,35.0,22.0,18.0,26.0,28.666666666666668,24.0,29.0,25.061806664707653,135,75,15.0,11.061806664707653
579820585036,2025-10,22,12.0,16.0,17.0,8.0,26.0,32.0,13.666666666666666,15.833333333333334,16.0,19.616360748411452,135,76,4.0,7.616360748411452
579820585037,2025-10,20,20.0,13.0,16.0,32.0,18.0,19.0,20.333333333333332,18.0,13.0,18.24036699569498,135,77,7.0,1.7596330043050195
579820585038,2025-10,18,8.0,17.0,8.0,10.0,9.0,14.0,11.666666666666666,10.0,17.0,13.333567895675698,135,78,9.0,5.333567895675698
579820585039,2025-10,25,16.0,16.0,11.0,22.0,27.0,24.0,16.333333333333332,18.5,16.0,20.660081971048015,135,79,0.0,4.660081971048015
579820585040,2025-10,10,11.0,12.0,15.0,7.0,13.0,7.0,11.333333333333334,9.333333333333334,12.0,9.831042125906094,135,80,1.0,1.1689578740939055
579820585041,2025-10,19,16.0,9.0,9.0,9.0,14.0,12.0,9.0,10.0,9.0,12.766475975314197,135,81,7.0,3.233524024685803
579820585042,2025-10,39,17.0,27.0,24.0,17.0,18.0,17.0,22.666666666666668,20.333333333333332,27.0,25.610626348890804,135,82,10.0,8.610626348890804
579820585043,2025-10,5,6.0,9.0,3.0,6.0,4.0,3.0,6.0,5.0,9.0,5.176165909480116,135,83,3.0,0.8238340905198838
579820585044,2025-10,1,1.0,2.0,1.0,1.0,2.0,2.0,1.3333333333333333,1.5,2.0,1.633811849827664,135,84,1.0,0.6338118498276639
579820585051,2025-10,5,11.0,4.0,7.0,8.0,11.0,9.0,6.333333333333333,7.333333333333333,4.0,6.708997868136915,135,91,7.0,4.291002131863085
579820585052,2025-10,4,10.0,10.0,5.0,3.0,3.0,2.0,6.0,5.0,10.0,4.827250636873604,135,92,0.0,5.172749363126396
579820585057,2025-10,4,3.0,3.0,5.0,4.0,1.0,7.0,4.0,3.6666666666666665,3.0,4.154127128335779,135,97,0.0,1.1541271283357792
579820585061,2025-10,5,3.0,5.0,4.0,5.0,1.0,4.0,4.666666666666667,3.8333333333333335,5.0,4.341045555592585,135,101,2.0,1.3410455555925846
584115552293,2025-10,1,3.0,2.0,1.0,1.0,2.0,2.0,1.3333333333333333,1.5,2.0,1.633811849827664,136,37,1.0,1.366188150172336
584115552294,2025-10,7,2.0,8.0,8.0,24.0,6.0,4.0,13.333333333333334,10.666666666666666,8.0,8.558390098508406,136,38,6.0,6.558390098508406
584115552301,2025-10,2,1.0,2.0,4.0,2.0,1.0,1.0,2.6666666666666665,1.8333333333333333,2.0,2.023480681553595,136,45,1.0,1.023480681553595
584115552304,2025-10,1,1.0,2.0,2.0,3.0,1.0,1.0,2.3333333333333335,2.5,2.0,1.9186948326841051,136,48,1.0,0.9186948326841051
584115552305,2025-10,5,6.0,3.0,3.0,6.0,1.0,5.0,4.0,3.6666666666666665,3.0,4.178108988986143,136,49,3.0,1.8218910110138573
584115552313,2025-10,2,6.0,10.0,4.0,3.0,3.0,2.0,5.666666666666667,4.666666666666667,10.0,4.099494553797003,136,57,4.0,1.900505446202997
584115552314,2025-10,9,8.0,16.0,15.0,13.0,25.0,13.0,14.666666666666666,17.666666666666668,16.0,14.306040630230719,136,58,8.0,6.306040630230719
584115552315,2025-10,5,3.0,2.0,5.0,1.0,1.0,3.0,2.6666666666666665,3.0,2.0,3.536463377318814,136,59,1.0,0.5364633773188139
584115552322,2025-10,1,1.0,1.0,1.0,1.0,3.0,1.0,1.0,1.8333333333333333,1.0,1.5696797336217525,136,66,0.0,0.5696797336217525
584115552324,2025-10,32,22.0,22.0,25.0,30.0,16.0,26.0,25.666666666666668,23.333333333333332,22.0,25.53433262824283,136,68,0.0,3.5343326282428293
584115552325,2025-10,41,26.0,49.0,36.0,36.0,26.0,35.0,40.333333333333336,34.833333333333336,49.0,37.12531065251094,136,69,23.0,11.12531065251094
584115552326,2025-10,33,43.0,20.0,60.0,31.0,30.0,26.0,37.0,32.666666666666664,20.0,30.949433366013487,136,70,23.0,12.050566633986513
584115552327,2025-10,29,34.0,31.0,35.0,36.0,29.0,47.0,34.0,35.666666666666664,31.0,33.60514580294753,136,71,3.0,0.39485419705246727
584115552328,2025-10,27,16.0,29.0,42.0,24.0,36.0,32.0,31.666666666666668,29.0,29.0,28.955006437339506,136,72,13.0,12.955006437339506
584115552329,2025-10,22,15.0,14.0,27.0,20.0,15.0,14.0,20.333333333333332,21.0,14.0,19.333769115994137,136,73,1.0,4.333769115994137
584115552330,2025-10,15,16.0,7.0,18.0,20.0,10.0,13.0,15.0,14.0,7.0,13.439819159216892,136,74,9.0,2.560180840783108
584115552331,2025-10,17,12.0,20.0,24.0,16.0,26.0,15.0,20.0,20.666666666666668,20.0,18.798113676945416,136,75,8.0,6.798113676945416
584115552332,2025-10,17,14.0,22.0,24.0,24.0,27.0,52.0,23.333333333333332,24.166666666666668,22.0,24.916707351428805,136,76,8.0,10.916707351428805
584115552333,2025-10,6,7.0,8.0,9.0,7.0,3.0,7.0,8.0,6.333333333333333,8.0,6.526760675702029,136,77,1.0,0.4732393242979711
584115552334,2025-10,5,3.0,2.0,6.0,2.0,1.0,1.0,3.3333333333333335,3.0,2.0,3.368374891606571,136,78,1.0,0.368374891606571
584115552335,2025-10,19,21.0,26.0,29.0,22.0,13.0,19.0,25.666666666666668,21.5,26.0,20.572096196738407,136,79,5.0,0.42790380326159294
584115552336,2025-10,23,11.0,15.0,20.0,26.0,29.0,16.0,20.333333333333332,20.833333333333332,15.0,20.41935976280461,136,80,4.0,9.41935976280461
584115552337,2025-10,20,11.0,13.0,20.0,9.0,19.0,14.0,14.0,14.833333333333334,13.0,16.074443324966964,136,81,2.0,5.074443324966964
584115552338,2025-10,18,19.0,13.0,13.0,7.0,18.0,22.0,11.0,18.0,13.0,17.17377641060871,136,82,6.0,1.8262235893912901
584115552339,2025-10,5,3.0,8.0,5.0,2.0,6.0,8.0,5.0,4.666666666666667,8.0,5.602859896774324,136,83,5.0,2.6028598967743237
584115552346,2025-10,2,2.0,1.0,3.0,1.0,1.0,5.0,1.6666666666666667,1.3333333333333333,1.0,2.148950313792179,136,90,1.0,0.14895031379217905
584115552347,2025-10,8,10.0,21.0,15.0,12.0,26.0,28.0,16.0,20.0,21.0,17.167663184136693,136,91,11.0,7.167663184136693
584115552348,2025-10,12,5.0,8.0,18.0,12.0,24.0,13.0,12.666666666666666,17.666666666666668,8.0,14.361545681615695,136,92,3.0,9.361545681615695
584115552353,2025-10,1,1.0,2.0,1.0,1.0,4.0,2.0,1.3333333333333333,1.6666666666666667,2.0,1.7812488282519094,136,97,1.0,0.7812488282519094
584115552356,2025-10,4,7.0,9.0,3.0,6.0,6.0,7.0,6.0,5.833333333333333,9.0,5.747458918798769,136,100,2.0,1.2525410812012314
584115552357,2025-10,1,1.0,1.0,1.0,2.0,2.0,2.0,1.3333333333333333,2.5,1.0,1.9062231114088757,136,101,0.0,0.9062231114088757
588410519580,2025-10,1,1.0,1.0,1.0,2.0,2.0,3.0,1.3333333333333333,2.1666666666666665,1.0,1.9088600060282754,137,28,0.0,0.9088600060282754
588410519582,2025-10,2,1.0,1.0,1.0,1.0,2.0,1.0,1.0,1.3333333333333333,1.0,1.6356862232052425,137,30,0.0,0.6356862232052425
588410519586,2025-10,2,2.0,2.0,4.0,1.0,2.0,6.0,2.3333333333333335,3.6666666666666665,2.0,3.2745378970339516,137,34,0.0,1.2745378970339516
588410519600,2025-10,7,6.0,15.0,12.0,11.0,8.0,7.0,12.666666666666666,10.0,15.0,9.297892048486943,137,48,9.0,3.2978920484869434
588410519602,2025-10,19,10.0,20.0,17.0,12.0,13.0,14.0,16.333333333333332,17.5,20.0,17.16096358533877,137,50,10.0,7.16096358533877
588410519604,2025-10,2,2.0,6.0,2.0,2.0,2.0,2.0,3.3333333333333335,2.8333333333333335,6.0,2.879252542729124,137,52,4.0,0.879252542729124
588410519605,2025-10,7,1.0,4.0,3.0,5.0,7.0,2.0,4.0,3.8333333333333335,4.0,4.794190072583033,137,53,3.0,3.7941900725830333
588410519607,2025-10,2,1.0,5.0,4.0,3.0,2.0,4.0,4.0,2.8333333333333335,5.0,3.122125118267398,137,55,4.0,2.122125118267398
588410519609,2025-10,3,3.0,4.0,4.0,5.0,3.0,8.0,4.333333333333333,4.833333333333333,4.0,4.57918582992621,137,57,1.0,1.5791858299262103
588410519618,2025-10,3,1.0,3.0,3.0,5.0,10.0,6.0,3.6666666666666665,6.0,3.0,4.913919946623725,137,66,2.0,3.913919946623725
588410519619,2025-10,8,6.0,9.0,5.0,10.0,10.0,4.0,8.0,10.166666666666666,9.0,8.421865702772267,137,67,3.0,2.4218657027722674
588410519620,2025-10,2,10.0,4.0,6.0,8.0,13.0,8.0,6.0,7.333333333333333,4.0,5.782567731201816,137,68,6.0,4.217432268798184
588410519621,2025-10,18,10.0,26.0,29.0,25.0,12.0,23.0,26.666666666666668,21.0,26.0,20.631543475399937,137,69,16.0,10.631543475399937
588410519622,2025-10,31,18.0,13.0,36.0,48.0,20.0,13.0,32.333333333333336,28.666666666666668,13.0,25.76265492876537,137,70,5.0,7.762654928765372
588410519625,2025-10,13,10.0,7.0,14.0,17.0,11.0,10.0,12.666666666666666,11.166666666666666,7.0,11.316144450323387,137,73,3.0,1.316144450323387
588410519627,2025-10,19,21.0,10.0,22.0,16.0,11.0,11.0,16.0,14.333333333333334,10.0,14.868385700753802,137,75,11.0,6.131614299246198
588410519628,2025-10,10,10.0,8.0,28.0,23.0,14.0,40.0,19.666666666666668,19.0,8.0,17.755026329092058,137,76,2.0,7.755026329092058
588410519633,2025-10,1,2.0,1.0,1.0,1.0,3.0,1.0,1.0,1.6666666666666667,1.0,1.511465688230972,137,81,1.0,0.48853431176902795
588410519636,2025-10,2,3.0,3.0,2.0,2.0,2.0,1.0,2.3333333333333335,2.1666666666666665,3.0,2.2090113114553116,137,84,0.0,0.7909886885446884
588410519640,2025-10,4,2.0,3.0,1.0,3.0,6.0,3.0,2.3333333333333335,3.1666666666666665,3.0,3.5338174748038416,137,88,1.0,1.5338174748038416
588410519641,2025-10,4,5.0,6.0,9.0,9.0,10.0,16.0,8.0,9.0,6.0,8.117784330108236,137,89,1.0,3.117784330108236
588410519642,2025-10,32,36.0,25.0,33.0,11.0,29.0,30.0,23.0,20.5,25.0,25.690245519774287,137,90,11.0,10.309754480225713
588410519643,2025-10,7,15.0,6.0,9.0,13.0,5.0,16.0,9.333333333333334,7.666666666666667,6.0,8.40172962057511,137,91,9.0,6.598270379424889
588410519644,2025-10,1,4.0,6.0,5.0,3.0,1.0,14.0,4.666666666666667,4.333333333333333,6.0,4.653744317857901,137,92,2.0,0.6537443178579014
588410519650,2025-10,7,3.0,3.0,4.0,10.0,3.0,5.0,5.666666666666667,5.166666666666667,3.0,5.519521032190759,137,98,0.0,2.5195210321907586
588410519652,2025-10,5,5.0,6.0,8.0,5.0,10.0,7.0,6.333333333333333,6.666666666666667,6.0,6.358720401192217,137,100,1.0,1.3587204011922172
592705486877,2025-10,1,2.0,1.0,1.0,1.0,1.0,1.0,1.0,1.0,1.0,1.1893865736343852,138,29,1.0,0.8106134263656148
592705486882,2025-10,2,2.0,3.0,4.0,3.0,7.0,4.0,3.3333333333333335,4.0,3.0,3.540467392380039,138,34,1.0,1.5404673923800392
592705486894,2025-10,5,1.0,10.0,8.0,7.0,7.0,3.0,8.333333333333334,7.0,10.0,6.347948257912244,138,46,9.0,5.347948257912244
592705486895,2025-10,10,7.0,16.0,7.0,11.0,14.0,8.0,11.333333333333334,13.5,16.0,11.664968712366077,138,47,9.0,4.664968712366077
592705486896,2025-10,10,6.0,5.0,7.0,6.0,7.0,5.0,6.0,8.0,5.0,7.761088036815777,138,48,1.0,1.761088036815777
592705486897,2025-10,2,1.0,5.0,3.0,4.0,5.0,3.0,4.0,4.333333333333333,5.0,3.6492468105235183,138,49,4.0,2.6492468105235183
592705486898,2025-10,12,10.0,18.0,20.0,15.0,21.0,11.0,17.666666666666668,16.333333333333332,18.0,14.754252476688892,138,50,8.0,4.754252476688892
592705486901,2025-10,3,1.0,4.0,1.0,3.0,3.0,3.0,2.6666666666666665,3.1666666666666665,4.0,3.2208296710843207,138,53,3.0,2.2208296710843207
592705486902,2025-10,7,8.0,1.0,2.0,3.0,4.0,12.0,2.0,3.3333333333333335,1.0,5.258768164130936,138,54,7.0,2.7412318358690637
592705486903,2025-10,6,13.0,7.0,12.0,9.0,8.0,10.0,9.333333333333334,8.333333333333334,7.0,7.8803655990039765,138,55,6.0,5.1196344009960235
592705486904,2025-10,3,6.0,2.0,5.0,6.0,2.0,12.0,4.333333333333333,3.8333333333333335,2.0,4.519378141551842,138,56,4.0,1.480621858448158
592705486907,2025-10,7,3.0,11.0,15.0,9.0,9.0,5.0,11.666666666666666,10.833333333333334,11.0,9.034973087312867,138,59,8.0,6.034973087312867
592705486908,2025-10,7,4.0,2.0,3.0,1.0,3.0,3.0,2.0,3.0,2.0,4.114590879397589,138,60,2.0,0.11459087939758916
592705486910,2025-10,1,2.0,3.0,1.0,1.0,1.0,2.0,1.6666666666666667,1.8333333333333333,3.0,1.8117351621957347,138,62,1.0,0.18826483780426528
592705486911,2025-10,2,1.0,3.0,6.0,1.0,3.0,2.0,3.3333333333333335,2.8333333333333335,3.0,2.7395414985959965,138,63,2.0,1.7395414985959965
592705486912,2025-10,3,2.0,2.0,3.0,4.0,3.0,9.0,3.0,5.5,2.0,4.648852135594126,138,64,0.0,2.648852135594126
592705486913,2025-10,2,2.0,3.0,11.0,2.0,2.0,3.0,5.333333333333333,5.166666666666667,3.0,3.8622643690404717,138,65,1.0,1.8622643690404717
592705486914,2025-10,4,1.0,1.0,6.0,3.0,5.0,4.0,3.3333333333333335,4.833333333333333,1.0,4.182237110138939,138,66,0.0,3.1822371101389386
592705486923,2025-10,4,9.0,16.0,7.0,13.0,14.0,17.0,12.0,10.833333333333334,16.0,10.152035655766412,138,75,7.0,1.1520356557664115
592705486924,2025-10,6,5.0,8.0,19.0,9.0,6.0,6.0,12.0,9.166666666666666,8.0,7.997714293673175,138,76,3.0,2.997714293673175
592705486925,2025-10,3,3.0,5.0,5.0,14.0,4.0,5.0,8.0,5.666666666666667,5.0,4.967690159105057,138,77,2.0,1.9676901591050573
592705486929,2025-10,4,4.0,15.0,7.0,8.0,15.0,6.0,10.0,9.166666666666666,15.0,8.052516754162651,138,81,11.0,4.052516754162651
592705486930,2025-10,8,3.0,2.0,7.0,2.0,2.0,3.0,3.6666666666666665,3.1666666666666665,2.0,4.605918458883613,138,82,1.0,1.6059184588836128
592705486935,2025-10,4,1.0,2.0,1.0,4.0,2.0,4.0,2.3333333333333335,2.0,2.0,2.990065265638939,138,87,1.0,1.9900652656389388
592705486936,2025-10,1,9.0,5.0,9.0,3.0,3.0,2.0,5.666666666666667,4.0,5.0,3.2548838781946543,138,88,4.0,5.745116121805346
592705486937,2025-10,3,3.0,4.0,6.0,6.0,2.0,8.0,5.333333333333333,4.833333333333333,4.0,4.6454236562490685,138,89,1.0,1.6454236562490685
592705486938,2025-10,10,7.0,3.0,4.0,8.0,4.0,2.0,5.0,3.6666666666666665,3.0,5.480324056125731,138,90,4.0,1.5196759438742689
592705486939,2025-10,26,14.0,26.0,18.0,25.0,11.0,21.0,23.0,18.333333333333332,26.0,21.2505721647603,138,91,12.0,7.2505721647603
592705486946,2025-10,20,14.0,13.0,13.0,15.0,14.0,15.0,13.666666666666666,15.833333333333334,13.0,16.2094826599182,138,98,1.0,2.2094826599182014
592705486947,2025-10,7,9.0,4.0,11.0,18.0,11.0,8.0,11.0,12.0,4.0,9.24601434262029,138,99,5.0,0.2460143426202901
592705486948,2025-10,1,3.0,5.0,2.0,6.0,6.0,4.0,4.333333333333333,4.833333333333333,5.0,3.7199648532706258,138,100,2.0,0.7199648532706258
592705486949,2025-10,2,6.0,2.0,1.0,5.0,1.0,4.0,2.6666666666666665,2.6666666666666665,2.0,2.63702347347997,138,101,4.0,3.36297652652003
597000454191,2025-10,1,2.0,4.0,3.0,7.0,4.0,1.0,4.666666666666667,3.3333333333333335,4.0,2.713555352503688,139,47,2.0,0.713555352503688
597000454192,2025-10,5,5.0,4.0,1.0,2.0,3.0,1.0,2.3333333333333335,2.8333333333333335,4.0,3.407558116706193,139,48,1.0,1.592441883293807
597000454193,2025-10,1,2.0,7.0,3.0,2.0,3.0,2.0,4.0,3.8333333333333335,7.0,3.1348026851711275,139,49,5.0,1.1348026851711275
597000454194,2025-10,4,4.0,2.0,4.0,6.0,6.0,2.0,4.0,6.333333333333333,2.0,4.624837118993508,139,50,2.0,0.6248371189935078
597000454197,2025-10,3,1.0,2.0,2.0,1.0,3.0,2.0,1.6666666666666667,2.6666666666666665,2.0,2.697249626374898,139,53,1.0,1.697249626374898
597000454199,2025-10,13,13.0,14.0,21.0,24.0,17.0,12.0,19.666666666666668,17.333333333333332,14.0,15.208900112035057,139,55,1.0,2.2089001120350567
597000454200,2025-10,16,17.0,13.0,11.0,15.0,14.0,13.0,13.0,14.333333333333334,13.0,14.224770296009178,139,56,4.0,2.7752297039908225
597000454202,2025-10,3,1.0,1.0,2.0,3.0,2.0,17.0,2.0,2.0,1.0,4.1581174258857825,139,58,0.0,3.1581174258857825
597000454203,2025-10,31,34.0,16.0,13.0,13.0,28.0,13.0,14.0,18.833333333333332,16.0,21.041479762012976,139,59,18.0,12.958520237987024
597000454204,2025-10,1,6.0,7.0,3.0,2.0,2.0,2.0,4.0,3.8333333333333335,7.0,3.090191218654395,139,60,1.0,2.909808781345605
597000454205,2025-10,1,2.0,7.0,2.0,2.0,6.0,4.0,3.6666666666666665,4.0,7.0,3.5241732931641216,139,61,5.0,1.5241732931641216
597000454206,2025-10,1,1.0,3.0,1.0,1.0,2.0,5.0,1.6666666666666667,1.6666666666666667,3.0,2.155327539524574,139,62,2.0,1.1553275395245741
597000454207,2025-10,8,6.0,8.0,15.0,3.0,11.0,2.0,8.666666666666666,8.833333333333334,8.0,7.859970483378286,139,63,2.0,1.8599704833782864
597000454208,2025-10,3,1.0,1.0,1.0,7.0,3.0,4.0,3.0,4.666666666666667,1.0,3.662435710051665,139,64,0.0,2.662435710051665
597000454218,2025-10,1,4.0,3.0,4.0,2.0,4.0,6.0,3.0,3.5,3.0,3.155627057847088,139,74,1.0,0.844372942152912
597000454219,2025-10,6,9.0,9.0,6.0,9.0,8.0,12.0,8.0,9.166666666666666,9.0,8.376932326466829,139,75,0.0,0.6230676735331713
597000454220,2025-10,1,9.0,4.0,11.0,4.0,2.0,6.0,6.333333333333333,4.5,4.0,3.8659170941904613,139,76,5.0,5.134082905809539
597000454222,2025-10,6,3.0,2.0,3.0,3.0,1.0,5.0,2.6666666666666665,2.5,2.0,3.8620630434006866,139,78,1.0,0.8620630434006866
597000454225,2025-10,2,4.0,4.0,6.0,7.0,4.0,3.0,5.666666666666667,4.833333333333333,4.0,3.88329524734493,139,81,0.0,0.11670475265507019
597000454231,2025-10,6,4.0,8.0,7.0,3.0,5.0,12.0,6.0,5.333333333333333,8.0,6.663473938536718,139,87,4.0,2.6634739385367183
597000454232,2025-10,7,4.0,8.0,6.0,3.0,4.0,3.0,5.666666666666667,5.166666666666667,8.0,5.733515842543197,139,88,4.0,1.7335158425431967
597000454233,2025-10,11,4.0,18.0,18.0,9.0,8.0,17.0,15.0,12.0,18.0,12.832850372405835,139,89,14.0,8.832850372405835
597000454234,2025-10,24,25.0,29.0,30.0,29.0,34.0,39.0,29.333333333333332,28.833333333333332,29.0,28.441718773604244,139,90,4.0,3.4417187736042436
597000454235,2025-10,7,3.0,6.0,7.0,5.0,4.0,6.0,6.0,4.833333333333333,6.0,5.861344494187493,139,91,3.0,2.8613444941874926
597000454242,2025-10,8,3.0,4.0,5.0,7.0,3.0,2.0,5.333333333333333,4.0,4.0,5.09930131435881,139,98,1.0,2.0993013143588097
597000454244,2025-10,3,1.0,1.0,2.0,2.0,2.0,1.0,1.6666666666666667,1.6666666666666667,1.0,2.1074158913490475,139,100,0.0,1.1074158913490475
601295421489,2025-10,2,1.0,1.0,3.0,1.0,4.0,1.0,1.6666666666666667,1.8333333333333333,1.0,1.9811669079108682,140,49,0.0,0.9811669079108682
601295421493,2025-10,1,1.0,6.0,3.0,3.0,4.0,1.0,4.0,3.3333333333333335,6.0,2.808834019351087,140,53,5.0,1.808834019351087
601295421494,2025-10,19,19.0,25.0,15.0,21.0,10.0,19.0,20.333333333333332,22.333333333333332,25.0,20.022682350200355,140,54,6.0,1.0226823502003555
601295421495,2025-10,16,14.0,11.0,15.0,10.0,6.0,10.0,12.0,10.833333333333334,11.0,12.093038122560333,140,55,3.0,1.9069618774396666
601295421496,2025-10,6,5.0,8.0,7.0,7.0,6.0,9.0,7.333333333333333,9.333333333333334,8.0,7.864962247588379,140,56,3.0,2.8649622475883794
601295421497,2025-10,5,5.0,3.0,9.0,16.0,12.0,5.0,9.333333333333334,8.333333333333334,3.0,6.836012011509234,140,57,2.0,1.8360120115092338
601295421501,2025-10,1,2.0,2.0,4.0,1.0,2.0,1.0,2.3333333333333335,2.1666666666666665,2.0,1.8700264692395532,140,61,0.0,0.12997353076044682
601295421506,2025-10,1,3.0,8.0,10.0,2.0,2.0,3.0,6.666666666666667,4.333333333333333,8.0,3.7756596825803115,140,66,5.0,0.7756596825803115
601295421509,2025-10,1,1.0,3.0,3.0,1.0,1.0,4.0,2.3333333333333335,1.8333333333333333,3.0,2.131480748497479,140,69,2.0,1.131480748497479
601295421513,2025-10,4,3.0,5.0,5.0,1.0,3.0,5.0,3.6666666666666665,3.5,5.0,4.07151838936371,140,73,2.0,1.0715183893637104
601295421514,2025-10,10,8.0,9.0,18.0,18.0,9.0,11.0,15.0,13.5,9.0,11.709881145890012,140,74,1.0,3.7098811458900123
601295421515,2025-10,2,1.0,3.0,1.0,4.0,5.0,3.0,2.6666666666666665,3.3333333333333335,3.0,3.0061335464725314,140,75,2.0,2.0061335464725314
601295421516,2025-10,6,5.0,8.0,9.0,1.0,3.0,3.0,6.0,5.833333333333333,8.0,5.700456533887207,140,76,3.0,0.7004565338872073
601295421517,2025-10,3,9.0,9.0,8.0,5.0,8.0,3.0,7.333333333333333,7.666666666666667,9.0,5.890321678664182,140,77,0.0,3.109678321335818
601295421518,2025-10,2,2.0,5.0,9.0,3.0,2.0,2.0,5.666666666666667,4.666666666666667,5.0,3.7283886855136057,140,78,3.0,1.7283886855136057
601295421521,2025-10,1,2.0,1.0,1.0,1.0,1.0,1.0,1.0,1.0,1.0,1.1893865736343852,140,81,1.0,0.8106134263656148
601295421526,2025-10,1,1.0,2.0,6.0,1.0,1.0,2.0,3.0,2.1666666666666665,2.0,2.0260956036236006,140,86,1.0,1.0260956036236006
601295421527,2025-10,3,8.0,3.0,5.0,3.0,2.0,7.0,3.6666666666666665,3.0,3.0,3.6513886436770546,140,87,5.0,4.348611356322945
601295421528,2025-10,5,7.0,7.0,9.0,6.0,5.0,6.0,7.333333333333333,7.333333333333333,7.0,6.425602437963636,140,88,0.0,0.5743975620363644
601295421529,2025-10,5,3.0,7.0,2.0,4.0,5.0,4.0,4.333333333333333,6.166666666666667,7.0,5.435852140497335,140,89,4.0,2.4358521404973352
601295421530,2025-10,6,12.0,10.0,6.0,6.0,10.0,5.0,7.333333333333333,9.333333333333334,10.0,7.709320063168265,140,90,2.0,4.290679936831735
601295421531,2025-10,3,3.0,3.0,1.0,4.0,8.0,2.0,2.6666666666666665,4.0,3.0,3.539019234457454,140,91,0.0,0.539019234457454
601295421536,2025-10,2,1.0,1.0,2.0,2.0,1.0,3.0,1.6666666666666667,1.3333333333333333,1.0,1.899246212580115,140,96,0.0,0.8992462125801151
605590388783,2025-10,5,4.0,1.0,1.0,4.0,1.0,3.0,2.0,1.6666666666666667,1.0,2.8891141271090035,141,47,3.0,1.1108858728909965
605590388784,2025-10,14,19.0,15.0,13.0,17.0,13.0,11.0,15.0,15.5,15.0,14.1313033382667,141,48,4.0,4.868696661733299
605590388785,2025-10,16,13.0,17.0,17.0,4.0,9.0,7.0,12.666666666666666,11.666666666666666,17.0,12.703601472942193,141,49,4.0,0.2963985270578071
605590388790,2025-10,13,20.0,14.0,22.0,29.0,52.0,53.0,21.666666666666668,28.666666666666668,14.0,25.797497122582,141,54,6.0,5.797497122582001
605590388791,2025-10,23,17.0,16.0,21.0,15.0,22.0,13.0,17.333333333333332,19.166666666666668,16.0,18.993088132192447,141,55,1.0,1.9930881321924474
605590388792,2025-10,5,7.0,14.0,7.0,5.0,6.0,9.0,8.666666666666666,9.666666666666666,14.0,8.274303020037287,141,56,7.0,1.2743030200372871
605590388793,2025-10,5,4.0,4.0,3.0,8.0,8.0,9.0,5.0,4.833333333333333,4.0,5.538721556725372,141,57,0.0,1.5387215567253723
605590388796,2025-10,1,1.0,5.0,3.0,2.0,3.0,5.0,3.3333333333333335,2.6666666666666665,5.0,2.8722859474320668,141,60,4.0,1.8722859474320668
605590388797,2025-10,2,4.0,5.0,11.0,6.0,8.0,7.0,7.333333333333333,6.666666666666667,5.0,5.459267603827316,141,61,1.0,1.4592676038273158
605590388800,2025-10,3,1.0,8.0,5.0,3.0,4.0,1.0,5.333333333333333,4.666666666666667,8.0,4.138895558728763,141,64,7.0,3.1388955587287626
605590388801,2025-10,1,2.0,1.0,3.0,2.0,3.0,2.0,2.0,1.8333333333333333,1.0,1.7995940118623057,141,65,1.0,0.20040598813769428
605590388804,2025-10,1,2.0,5.0,4.0,1.0,2.0,2.0,3.3333333333333335,2.6666666666666665,5.0,2.4820536551225842,141,68,3.0,0.48205365512258425
605590388808,2025-10,1,1.0,1.0,2.0,4.0,2.0,1.0,2.3333333333333335,1.8333333333333333,1.0,1.6535771068742449,141,72,0.0,0.6535771068742449
605590388809,2025-10,8,11.0,7.0,11.0,10.0,6.0,10.0,9.333333333333334,9.5,7.0,8.757587037840963,141,73,4.0,2.2424129621590367
605590388810,2025-10,4,5.0,2.0,9.0,5.0,2.0,1.0,5.333333333333333,4.0,2.0,3.6871349934644666,141,74,3.0,1.3128650065355334
605590388811,2025-10,10,8.0,14.0,9.0,10.0,12.0,5.0,11.0,13.666666666666666,14.0,11.116933430474065,141,75,6.0,3.116933430474065
605590388812,2025-10,38,34.0,34.0,30.0,34.0,56.0,32.0,32.666666666666664,40.166666666666664,34.0,37.21861434476967,141,76,0.0,3.2186143447696693
605590388813,2025-10,7,5.0,13.0,8.0,12.0,19.0,6.0,11.0,12.333333333333334,13.0,10.138338900374615,141,77,8.0,5.138338900374615
605590388814,2025-10,17,12.0,14.0,14.0,20.0,25.0,6.0,16.0,17.666666666666668,14.0,15.706281028026506,141,78,2.0,3.706281028026506
605590388819,2025-10,2,2.0,2.0,2.0,6.0,3.0,1.0,3.3333333333333335,3.1666666666666665,2.0,2.613735071572571,141,83,0.0,0.6137350715725711
605590388822,2025-10,1,2.0,2.0,4.0,4.0,5.0,3.0,3.3333333333333335,4.0,2.0,2.970046370909576,141,86,0.0,0.9700463709095759
605590388825,2025-10,2,7.0,1.0,1.0,7.0,2.0,3.0,3.0,2.3333333333333335,1.0,2.3985025303904814,141,89,6.0,4.6014974696095186
605590388826,2025-10,18,12.0,15.0,18.0,23.0,5.0,14.0,18.666666666666668,17.333333333333332,15.0,16.292442533512748,141,90,3.0,4.292442533512748
605590388829,2025-10,1,1.0,1.0,1.0,7.0,4.0,1.0,3.0,2.6666666666666665,1.0,2.0807634911310178,141,93,0.0,1.0807634911310178
605590388832,2025-10,1,1.0,1.0,3.0,2.0,1.0,2.0,2.0,2.0,1.0,1.768585124219621,141,96,0.0,0.7685851242196211
609885356061,2025-10,2,3.0,1.0,1.0,1.0,4.0,3.0,1.0,1.8333333333333333,1.0,2.137681263212974,142,29,2.0,0.8623187367870262
609885356071,2025-10,5,5.0,5.0,2.0,1.0,1.0,4.0,2.6666666666666665,3.0,5.0,3.8514250037797746,142,39,0.0,1.1485749962202254
609885356075,2025-10,5,1.0,2.0,2.0,1.0,2.0,2.0,1.6666666666666667,1.5,2.0,2.8156600266678318,142,43,1.0,1.8156600266678318
609885356080,2025-10,20,20.0,35.0,53.0,54.0,30.0,29.0,47.333333333333336,41.666666666666664,35.0,32.7201258198892,142,48,15.0,12.720125819889198
609885356081,2025-10,18,17.0,17.0,25.0,25.0,16.0,18.0,22.333333333333332,21.166666666666668,17.0,19.15468703592401,142,49,0.0,2.1546870359240096
609885356085,2025-10,9,4.0,5.0,2.0,10.0,4.0,11.0,5.666666666666667,5.833333333333333,5.0,7.212496537928182,142,53,1.0,3.212496537928182
609885356086,2025-10,4,5.0,2.0,6.0,7.0,7.0,4.0,5.0,6.833333333333333,2.0,5.193069985324099,142,54,3.0,0.19306998532409914
609885356087,2025-10,17,21.0,13.0,12.0,16.0,17.0,13.0,13.666666666666666,13.333333333333334,13.0,14.36462200057694,142,55,8.0,6.63537799942306
609885356088,2025-10,13,10.0,10.0,14.0,12.0,17.0,18.0,12.0,13.0,10.0,13.348839309540939,142,56,0.0,3.3488393095409386
609885356089,2025-10,3,5.0,5.0,3.0,9.0,8.0,12.0,5.666666666666667,7.0,5.0,6.21751928390629,142,57,0.0,1.2175192839062898
609885356091,2025-10,2,5.0,1.0,2.0,1.0,2.0,2.0,1.3333333333333333,1.8333333333333333,1.0,1.970201152528455,142,59,4.0,3.029798847471545
609885356092,2025-10,20,19.0,17.0,26.0,13.0,20.0,17.0,18.666666666666668,20.0,17.0,19.06709346307229,142,60,2.0,0.0670934630722897
609885356093,2025-10,10,1.0,4.0,5.0,1.0,1.0,2.0,3.3333333333333335,3.6666666666666665,4.0,5.288768411050281,142,61,3.0,4.288768411050281
609885356094,2025-10,3,4.0,2.0,3.0,4.0,1.0,5.0,3.0,3.1666666666666665,2.0,3.2683726254858856,142,62,2.0,0.7316273745141144
609885356097,2025-10,10,11.0,8.0,10.0,1.0,4.0,7.0,6.333333333333333,6.833333333333333,8.0,7.752460391192639,142,65,3.0,3.2475396088073607
609885356101,2025-10,3,2.0,3.0,5.0,3.0,1.0,1.0,3.6666666666666665,4.666666666666667,3.0,3.4745277186623493,142,69,1.0,1.4745277186623493
609885356104,2025-10,6,4.0,11.0,6.0,16.0,10.0,9.0,11.0,10.666666666666666,11.0,9.049735829399319,142,72,7.0,5.049735829399319
609885356105,2025-10,6,2.0,4.0,7.0,6.0,4.0,11.0,5.666666666666667,4.5,4.0,5.872001539271466,142,73,2.0,3.8720015392714657
609885356106,2025-10,22,19.0,22.0,17.0,37.0,24.0,41.0,25.333333333333332,29.166666666666668,22.0,26.740263086721917,142,74,3.0,7.740263086721917
609885356107,2025-10,12,12.0,20.0,15.0,18.0,7.0,11.0,17.666666666666668,16.166666666666668,20.0,14.167353269540103,142,75,8.0,2.1673532695401025
609885356108,2025-10,5,1.0,11.0,8.0,13.0,10.0,12.0,10.666666666666666,9.166666666666666,11.0,8.591658868293123,142,76,10.0,7.591658868293123
609885356109,2025-10,3,5.0,17.0,16.0,10.0,8.0,10.0,14.333333333333334,10.166666666666666,17.0,8.918471610856706,142,77,12.0,3.918471610856706
609885356111,2025-10,3,3.0,7.0,7.0,1.0,1.0,3.0,5.0,3.1666666666666665,7.0,3.6363062941804998,142,79,4.0,0.6363062941804998
609885356112,2025-10,6,5.0,3.0,8.0,2.0,1.0,4.0,4.333333333333333,4.833333333333333,3.0,4.838906742983669,142,80,2.0,0.16109325701633104
609885356113,2025-10,3,2.0,2.0,1.0,1.0,1.0,2.0,1.3333333333333333,2.1666666666666665,2.0,2.39257674941918,142,81,0.0,0.3925767494191801
609885356114,2025-10,3,3.0,1.0,14.0,1.0,5.0,1.0,5.333333333333333,5.666666666666667,1.0,4.098847395937124,142,82,2.0,1.098847395937124
614180323350,2025-10,2,2.0,1.0,1.0,3.0,1.0,1.0,1.6666666666666667,2.1666666666666665,1.0,1.9406123383219533,143,22,1.0,0.059387661678046655
614180323352,2025-10,1,2.0,2.0,1.0,5.0,3.0,4.0,2.6666666666666665,3.3333333333333335,2.0,2.673842495803994,143,24,0.0,0.6738424958039939
614180323356,2025-10,3,3.0,1.0,4.0,6.0,3.0,7.0,3.6666666666666665,3.8333333333333335,1.0,3.82175018521061,143,28,2.0,0.8217501852106102
614180323357,2025-10,2,1.0,1.0,2.0,1.0,4.0,3.0,1.3333333333333333,2.0,1.0,2.236703116353665,143,29,0.0,1.2367031163536648
614180323376,2025-10,4,3.0,7.0,13.0,5.0,2.0,3.0,8.333333333333334,5.833333333333333,7.0,5.259384135080829,143,48,4.0,2.259384135080829
614180323377,2025-10,3,6.0,4.0,9.0,5.0,4.0,1.0,6.0,4.666666666666667,4.0,3.9361673919949762,143,49,2.0,2.0638326080050238
614180323378,2025-10,11,10.0,8.0,6.0,20.0,14.0,9.0,11.333333333333334,10.5,8.0,10.394882756487652,143,50,2.0,0.39488275648765203
614180323379,2025-10,10,4.0,14.0,17.0,13.0,13.0,9.0,14.666666666666666,14.0,14.0,12.168396423394805,143,51,10.0,8.168396423394805
614180323380,2025-10,31,19.0,25.0,36.0,41.0,25.0,31.0,34.0,32.0,25.0,30.361807422242478,143,52,6.0,11.361807422242478
614180323381,2025-10,11,8.0,12.0,10.0,19.0,9.0,17.0,13.666666666666666,13.5,12.0,12.730622430218574,143,53,4.0,4.730622430218574
614180323382,2025-10,7,13.0,15.0,9.0,19.0,7.0,19.0,14.333333333333334,13.333333333333334,15.0,11.957787310065813,143,54,2.0,1.0422126899341873
614180323383,2025-10,14,21.0,18.0,16.0,12.0,28.0,21.0,15.333333333333334,19.166666666666668,18.0,17.566409289485087,143,55,3.0,3.4335907105149133
614180323384,2025-10,12,5.0,5.0,10.0,7.0,4.0,10.0,7.333333333333333,6.666666666666667,5.0,8.47904348627878,143,56,0.0,3.47904348627878
614180323385,2025-10,4,5.0,9.0,8.0,7.0,15.0,11.0,8.0,9.333333333333334,9.0,8.080989728348925,143,57,4.0,3.080989728348925
614180323387,2025-10,10,6.0,5.0,14.0,2.0,3.0,1.0,7.0,5.333333333333333,5.0,6.343677447782793,143,59,1.0,0.34367744778279263
614180323388,2025-10,5,6.0,3.0,2.0,4.0,7.0,10.0,3.0,4.833333333333333,3.0,5.349325870397361,143,60,3.0,0.6506741296026393
614180323389,2025-10,6,7.0,9.0,10.0,6.0,5.0,3.0,8.333333333333334,7.166666666666667,9.0,6.548474712598928,143,61,2.0,0.451525287401072
614180323390,2025-10,16,26.0,12.0,10.0,16.0,8.0,21.0,12.666666666666666,13.0,12.0,14.326228198476855,143,62,14.0,11.673771801523145
614180323392,2025-10,2,6.0,3.0,2.0,4.0,1.0,1.0,3.0,2.8333333333333335,3.0,2.455723381181244,143,64,3.0,3.544276618818756
614180323393,2025-10,7,6.0,6.0,9.0,4.0,7.0,12.0,6.333333333333333,6.666666666666667,6.0,7.402305243602097,143,65,0.0,1.4023052436020969
614180323394,2025-10,1,2.0,3.0,4.0,6.0,5.0,2.0,4.333333333333333,3.6666666666666665,3.0,2.8991273375098396,143,66,1.0,0.8991273375098396
614180323400,2025-10,2,1.0,5.0,5.0,4.0,4.0,8.0,4.666666666666667,4.666666666666667,5.0,4.398003977292979,143,72,4.0,3.398003977292979
614180323401,2025-10,4,9.0,6.0,3.0,7.0,8.0,4.0,5.333333333333333,6.666666666666667,6.0,5.481470735613293,143,73,3.0,3.518529264386707
614180323402,2025-10,10,12.0,14.0,9.0,7.0,9.0,11.0,10.0,12.0,14.0,11.027647457402523,143,74,2.0,0.972352542597477
614180323403,2025-10,10,5.0,10.0,10.0,12.0,10.0,8.0,10.666666666666666,9.833333333333334,10.0,9.720830819672024,143,75,5.0,4.720830819672024
614180323405,2025-10,20,17.0,20.0,21.0,10.0,18.0,23.0,17.0,15.666666666666666,20.0,18.205275255825175,143,77,3.0,1.2052752558251747
614180323406,2025-10,6,5.0,10.0,7.0,8.0,10.0,6.0,8.333333333333334,10.5,10.0,8.335158528734143,143,78,5.0,3.3351585287341425
614180323407,2025-10,7,9.0,4.0,5.0,21.0,2.0,4.0,10.0,6.5,4.0,6.290041889989951,143,79,5.0,2.7099581100100494
614180323408,2025-10,4,2.0,2.0,5.0,7.0,4.0,7.0,4.666666666666667,4.833333333333333,2.0,4.677054189537514,143,80,0.0,2.6770541895375137
618475290650,2025-10,4,4.0,2.0,1.0,5.0,2.0,2.0,2.6666666666666665,2.5,2.0,2.9558111083491267,144,26,2.0,1.0441888916508733
618475290652,2025-10,5,4.0,4.0,8.0,9.0,5.0,5.0,7.0,5.666666666666667,4.0,5.452970158614547,144,28,0.0,1.452970158614547
618475290653,2025-10,9,4.0,4.0,9.0,9.0,3.0,6.0,7.333333333333333,5.5,4.0,6.606446342431432,144,29,0.0,2.6064463424314317
618475290654,2025-10,2,2.0,5.0,2.0,1.0,1.0,1.0,2.6666666666666665,2.1666666666666665,5.0,2.3473795438052925,144,30,3.0,0.34737954380529246
618475290671,2025-10,10,1.0,1.0,4.0,2.0,1.0,2.0,2.3333333333333335,1.6666666666666667,1.0,4.26030567164105,144,47,0.0,3.26030567164105
618475290673,2025-10,8,5.0,10.0,10.0,16.0,11.0,8.0,12.0,10.833333333333334,10.0,9.661141083347397,144,49,5.0,4.661141083347397
618475290674,2025-10,17,15.0,9.0,10.0,29.0,22.0,14.0,16.0,15.666666666666666,9.0,15.395736391536735,144,50,6.0,0.3957363915367349
618475290675,2025-10,3,1.0,3.0,2.0,6.0,5.0,4.0,3.6666666666666665,4.333333333333333,3.0,3.859018058920194,144,51,2.0,2.859018058920194
618475290676,2025-10,24,18.0,14.0,28.0,34.0,18.0,30.0,25.333333333333332,25.0,14.0,23.79037984639031,144,52,4.0,5.790379846390309
618475290677,2025-10,19,17.0,21.0,28.0,12.0,18.0,8.0,20.333333333333332,18.833333333333332,21.0,17.690335941995155,144,53,4.0,0.6903359419951549
618475290678,2025-10,20,12.0,11.0,24.0,10.0,9.0,7.0,15.0,12.166666666666666,11.0,13.843700567873336,144,54,1.0,1.843700567873336
618475290679,2025-10,6,6.0,6.0,3.0,14.0,6.0,18.0,7.666666666666667,9.0,6.0,8.649310159587758,144,55,0.0,2.649310159587758
618475290680,2025-10,9,6.0,12.0,9.0,12.0,5.0,7.0,11.0,9.0,12.0,8.973783750917505,144,56,6.0,2.973783750917505
618475290681,2025-10,6,12.0,9.0,8.0,6.0,18.0,3.0,7.666666666666667,10.166666666666666,9.0,8.094660978850682,144,57,3.0,3.9053390211493184
618475290682,2025-10,20,9.0,23.0,14.0,16.0,17.0,10.0,17.666666666666668,17.0,23.0,17.28659881632116,144,58,14.0,8.28659881632116
618475290684,2025-10,5,5.0,12.0,3.0,6.0,4.0,11.0,7.0,6.166666666666667,12.0,6.854504174733007,144,60,7.0,1.854504174733007
618475290685,2025-10,2,4.0,4.0,2.0,3.0,4.0,6.0,3.0,4.833333333333333,4.0,3.96032426318909,144,61,0.0,0.03967573681090997
618475290688,2025-10,17,8.0,11.0,8.0,6.0,8.0,19.0,8.333333333333334,8.5,11.0,12.321520017395645,144,64,3.0,4.321520017395645
618475290696,2025-10,3,1.0,1.0,5.0,2.0,3.0,2.0,2.6666666666666665,3.0,1.0,2.859228129642717,144,72,0.0,1.8592281296427169
618475290697,2025-10,3,4.0,12.0,4.0,6.0,8.0,5.0,7.333333333333333,8.666666666666666,12.0,6.6620584324606495,144,73,8.0,2.6620584324606495
618475290698,2025-10,2,2.0,3.0,12.0,4.0,1.0,9.0,6.333333333333333,4.333333333333333,3.0,4.340247750405066,144,74,1.0,2.340247750405066
618475290699,2025-10,22,19.0,19.0,26.0,12.0,14.0,24.0,19.0,18.5,19.0,19.86245303667345,144,75,0.0,0.8624530366734504
618475290700,2025-10,6,10.0,2.0,6.0,15.0,12.0,7.0,7.666666666666667,8.166666666666666,2.0,7.043424240500197,144,76,8.0,2.9565757594998026
618475290701,2025-10,16,10.0,10.0,12.0,16.0,25.0,25.0,12.666666666666666,19.833333333333332,10.0,17.81706117118049,144,77,0.0,7.817061171180491
618475290702,2025-10,18,19.0,23.0,11.0,13.0,20.0,28.0,15.666666666666666,18.5,23.0,19.306884721791533,144,78,4.0,0.30688472179153337
618475290703,2025-10,7,10.0,7.0,4.0,8.0,5.0,2.0,6.333333333333333,5.5,7.0,5.733936497536325,144,79,3.0,4.266063502463675
618475290706,2025-10,2,4.0,6.0,7.0,5.0,1.0,2.0,6.0,4.333333333333333,6.0,3.650307555498279,144,82,2.0,0.3496924445017209
618475290707,2025-10,12,4.0,4.0,6.0,5.0,5.0,11.0,5.0,5.333333333333333,4.0,7.849202301287805,144,83,0.0,3.8492023012878054
618475290708,2025-10,2,2.0,1.0,3.0,2.0,2.0,11.0,2.0,2.3333333333333335,1.0,3.2864696423991413,144,84,1.0,1.2864696423991413
618475290710,2025-10,1,1.0,2.0,2.0,3.0,3.0,1.0,2.3333333333333335,2.6666666666666665,2.0,2.0661318111083506,144,86,1.0,1.0661318111083506
622770257948,2025-10,7,4.0,6.0,4.0,5.0,2.0,3.0,5.0,5.0,6.0,5.350717227092189,145,28,2.0,1.350717227092189
622770257967,2025-10,10,16.0,13.0,14.0,13.0,3.0,10.0,13.333333333333334,12.5,13.0,11.088890223758442,145,47,3.0,4.911109776241558
622770257969,2025-10,4,5.0,2.0,4.0,3.0,4.0,3.0,3.0,4.166666666666667,2.0,3.810195549261545,145,49,3.0,1.189804450738455
622770257970,2025-10,6,7.0,8.0,9.0,8.0,5.0,12.0,8.333333333333334,7.166666666666667,8.0,7.531612440033982,145,50,1.0,0.5316124400339817
622770257971,2025-10,34,20.0,29.0,20.0,21.0,18.0,30.0,23.333333333333332,22.0,29.0,26.480228006214233,145,51,9.0,6.480228006214233
622770257972,2025-10,10,10.0,9.0,6.0,10.0,8.0,10.0,8.333333333333334,8.166666666666666,9.0,8.959792129750252,145,52,1.0,1.0402078702497484
622770257973,2025-10,5,5.0,6.0,9.0,12.0,12.0,14.0,9.0,8.166666666666666,6.0,8.050768189677756,145,53,1.0,3.050768189677756
622770257974,2025-10,6,12.0,4.0,10.0,7.0,12.0,5.0,7.0,8.5,4.0,7.063297548967784,145,54,8.0,4.936702451032216
622770257975,2025-10,15,9.0,21.0,19.0,15.0,7.0,20.0,18.333333333333332,13.666666666666666,21.0,15.403144621188321,145,55,12.0,6.403144621188321
622770257976,2025-10,33,36.0,20.0,32.0,25.0,10.0,27.0,25.666666666666668,19.5,20.0,24.259338754172035,145,56,16.0,11.740661245827965
622770257977,2025-10,11,3.0,9.0,9.0,5.0,14.0,7.0,7.666666666666667,10.0,9.0,9.772135600769781,145,57,6.0,6.772135600769781
622770257978,2025-10,6,3.0,2.0,2.0,4.0,4.0,3.0,2.6666666666666665,3.3333333333333335,2.0,4.037263568692724,145,58,1.0,1.0372635686927243
622770257980,2025-10,4,4.0,3.0,2.0,5.0,3.0,1.0,3.3333333333333335,3.1666666666666665,3.0,3.2611282668811716,145,60,1.0,0.7388717331188284
622770257981,2025-10,9,12.0,10.0,13.0,22.0,13.0,13.0,15.0,14.166666666666666,10.0,12.093055430762206,145,61,2.0,0.09305543076220602
622770257984,2025-10,1,7.0,13.0,16.0,3.0,10.0,10.0,10.666666666666666,8.5,13.0,7.225971411645866,145,64,6.0,0.2259714116458662
622770257986,2025-10,3,2.0,1.0,3.0,4.0,1.0,1.0,2.6666666666666665,2.5,1.0,2.4531498142156725,145,66,1.0,0.45314981421567246
622770257987,2025-10,4,2.0,4.0,3.0,1.0,1.0,2.0,2.6666666666666665,2.1666666666666665,4.0,2.971665833398051,145,67,2.0,0.9716658333980508
622770257992,2025-10,1,3.0,2.0,2.0,4.0,2.0,1.0,2.6666666666666665,2.5,2.0,1.992539976540609,145,72,1.0,1.007460023459391
622770257994,2025-10,1,1.0,1.0,1.0,1.0,1.0,3.0,1.0,1.3333333333333333,1.0,1.543944635217871,145,74,0.0,0.543944635217871
622770257995,2025-10,13,24.0,11.0,12.0,18.0,8.0,12.0,13.666666666666666,12.666666666666666,11.0,12.31641124434506,145,75,13.0,11.68358875565494
622770257996,2025-10,9,16.0,14.0,20.0,18.0,20.0,8.0,17.333333333333332,15.666666666666666,14.0,12.927083875194802,145,76,2.0,3.0729161248051984
622770257997,2025-10,19,7.0,19.0,15.0,18.0,12.0,9.0,17.333333333333332,15.833333333333334,19.0,15.92656649834499,145,77,12.0,8.92656649834499
622770257998,2025-10,4,1.0,5.0,5.0,6.0,10.0,4.0,5.333333333333333,5.666666666666667,5.0,5.167684646358882,145,78,4.0,4.167684646358882
622770257999,2025-10,4,3.0,1.0,3.0,5.0,4.0,3.0,3.0,4.0,1.0,3.6635343626971553,145,79,2.0,0.6635343626971553
622770258001,2025-10,3,2.0,4.0,4.0,1.0,7.0,4.0,3.0,3.6666666666666665,4.0,3.7569387272947417,145,81,2.0,1.7569387272947417
622770258002,2025-10,9,4.0,10.0,5.0,12.0,6.0,7.0,9.0,9.333333333333334,10.0,8.759378701009673,145,82,6.0,4.759378701009673
622770258003,2025-10,15,14.0,10.0,7.0,14.0,22.0,23.0,10.333333333333334,13.666666666666666,10.0,14.74341063566784,145,83,4.0,0.7434106356678392
622770258004,2025-10,10,9.0,15.0,11.0,10.0,35.0,15.0,12.0,19.833333333333332,15.0,15.675288997430481,145,84,6.0,6.675288997430481
622770258005,2025-10,1,1.0,1.0,4.0,1.0,6.0,4.0,2.0,2.8333333333333335,1.0,2.53241678496925,145,85,0.0,1.53241678496925
622770258006,2025-10,2,1.0,3.0,2.0,4.0,1.0,1.0,3.0,2.5,3.0,2.339295290399683,145,86,2.0,1.3392952903996829
622770258007,2025-10,1,1.0,3.0,1.0,1.0,2.0,3.0,1.6666666666666667,1.5,3.0,1.8589835233318706,145,87,2.0,0.8589835233318706
627065225250,2025-10,1,1.0,1.0,1.0,2.0,1.0,1.0,1.3333333333333333,1.1666666666666667,1.0,1.276834296364937,146,34,0.0,0.27683429636493706
627065225254,2025-10,3,3.0,8.0,6.0,9.0,5.0,2.0,7.666666666666667,6.0,8.0,4.984494245561242,146,38,5.0,1.9844942455612422
627065225260,2025-10,17,18.0,25.0,10.0,8.0,12.0,7.0,14.333333333333334,12.333333333333334,25.0,14.035685706263738,146,44,7.0,3.964314293736262
627065225261,2025-10,7,6.0,6.0,4.0,5.0,4.0,5.0,5.0,4.833333333333333,6.0,5.619856085536799,146,45,0.0,0.3801439144632006
627065225262,2025-10,3,3.0,2.0,2.0,2.0,2.0,4.0,2.0,2.1666666666666665,2.0,2.7453596718275204,146,46,1.0,0.2546403281724796
627065225263,2025-10,14,14.0,16.0,24.0,13.0,17.0,27.0,17.666666666666668,17.5,16.0,17.351415379431565,146,47,2.0,3.3514153794315646
627065225264,2025-10,6,3.0,2.0,2.0,2.0,3.0,1.0,2.0,2.0,2.0,3.2303424135682794,146,48,1.0,0.23034241356827945
627065225265,2025-10,3,8.0,4.0,4.0,3.0,2.0,4.0,3.6666666666666665,4.166666666666667,4.0,3.7669908855629632,146,49,4.0,4.233009114437037
627065225266,2025-10,12,16.0,24.0,21.0,21.0,17.0,23.0,22.0,19.833333333333332,24.0,18.079931389047896,146,50,8.0,2.0799313890478963
627065225267,2025-10,45,44.0,41.0,32.0,40.0,35.0,47.0,37.666666666666664,40.333333333333336,41.0,41.1225475164926,146,51,3.0,2.8774524835073976
627065225268,2025-10,27,19.0,34.0,27.0,29.0,12.0,21.0,30.0,21.833333333333332,34.0,24.135997160690202,146,52,15.0,5.135997160690202
627065225269,2025-10,13,12.0,16.0,17.0,15.0,17.0,32.0,16.0,13.333333333333334,16.0,15.978941779824478,146,53,4.0,3.9789417798244777
627065225270,2025-10,8,4.0,26.0,5.0,12.0,6.0,10.0,14.333333333333334,10.833333333333334,26.0,11.052946983108905,146,54,22.0,7.052946983108905
627065225271,2025-10,8,4.0,9.0,10.0,2.0,10.0,11.0,7.0,8.333333333333334,9.0,8.585135721311797,146,55,5.0,4.585135721311797
627065225272,2025-10,28,26.0,38.0,17.0,32.0,22.0,29.0,29.0,27.666666666666668,38.0,27.961433096948298,146,56,12.0,1.9614330969482978
627065225273,2025-10,17,14.0,15.0,22.0,10.0,6.0,11.0,15.666666666666666,12.5,15.0,13.789585060804006,146,57,1.0,0.21041493919599397
627065225279,2025-10,6,7.0,1.0,6.0,9.0,16.0,7.0,5.333333333333333,6.166666666666667,1.0,6.241792809735892,146,63,6.0,0.7582071902641081
627065225280,2025-10,2,5.0,5.0,3.0,3.0,4.0,3.0,3.6666666666666665,3.3333333333333335,5.0,3.2261173943223334,146,64,0.0,1.7738826056776666
627065225281,2025-10,5,2.0,4.0,7.0,8.0,5.0,4.0,6.333333333333333,5.333333333333333,4.0,5.147435597342342,146,65,2.0,3.1474355973423416
627065225282,2025-10,5,7.0,8.0,4.0,8.0,11.0,12.0,6.666666666666667,6.833333333333333,8.0,7.193554017330704,146,66,1.0,0.19355401733070376
627065225283,2025-10,2,8.0,3.0,4.0,7.0,6.0,13.0,4.666666666666667,5.0,3.0,5.033659776175738,146,67,5.0,2.966340223824262
627065225288,2025-10,4,3.0,2.0,3.0,1.0,1.0,3.0,2.0,1.6666666666666667,2.0,2.703875306420187,146,72,1.0,0.29612469357981297
627065225290,2025-10,2,3.0,2.0,4.0,4.0,1.0,3.0,3.3333333333333335,3.0,2.0,2.727576324770526,146,74,1.0,0.27242367522947397
627065225291,2025-10,1,7.0,3.0,11.0,9.0,3.0,5.0,7.666666666666667,7.5,3.0,4.879378090935894,146,75,4.0,2.1206219090641056
627065225292,2025-10,10,22.0,20.0,9.0,13.0,17.0,16.0,14.0,18.0,20.0,14.887611943267379,146,76,2.0,7.112388056732621
627065225293,2025-10,14,13.0,19.0,13.0,21.0,19.0,20.0,17.666666666666668,18.833333333333332,19.0,17.176199375563428,146,77,6.0,4.176199375563428
627065225294,2025-10,12,10.0,6.0,10.0,19.0,14.0,8.0,11.666666666666666,12.333333333333334,6.0,11.12321654011122,146,78,4.0,1.1232165401112209
627065225295,2025-10,12,17.0,22.0,15.0,19.0,17.0,18.0,18.666666666666668,18.5,22.0,16.50336652153135,146,79,5.0,0.4966334784686488
627065225296,2025-10,2,2.0,2.0,2.0,7.0,2.0,2.0,3.6666666666666665,2.6666666666666665,2.0,2.542780131624232,146,80,0.0,0.542780131624232
627065225298,2025-10,9,11.0,7.0,19.0,10.0,7.0,12.0,12.0,10.333333333333334,7.0,9.943121256385368,146,82,4.0,1.0568787436146323
627065225299,2025-10,6,8.0,4.0,2.0,6.0,8.0,10.0,4.0,5.833333333333333,4.0,6.193055744314127,146,83,4.0,1.806944255685873
627065225300,2025-10,3,7.0,9.0,9.0,13.0,9.0,10.0,10.333333333333334,9.5,9.0,7.683419768754321,146,84,2.0,0.6834197687543213
627065225301,2025-10,6,14.0,8.0,9.0,12.0,10.0,6.0,9.666666666666666,9.0,8.0,7.797569068869542,146,85,6.0,6.202430931130458
627065225302,2025-10,3,2.0,5.0,5.0,4.0,4.0,1.0,4.666666666666667,3.8333333333333335,5.0,3.5587389448049045,146,86,3.0,1.5587389448049045
627065225304,2025-10,1,2.0,1.0,1.0,2.0,2.0,4.0,1.3333333333333333,1.5,1.0,1.7950688098661178,146,88,1.0,0.20493119013388217
631360192540,2025-10,3,3.0,9.0,1.0,2.0,2.0,5.0,4.0,2.8333333333333335,9.0,3.7992198477643946,147,28,6.0,0.7992198477643946
631360192545,2025-10,2,1.0,1.0,1.0,1.0,2.0,1.0,1.0,2.0,1.0,1.8685424047683643,147,33,0.0,0.8685424047683643
631360192556,2025-10,9,8.0,10.0,6.0,5.0,11.0,7.0,7.0,8.333333333333334,10.0,8.469323827620162,147,44,2.0,0.4693238276201619
631360192557,2025-10,8,9.0,10.0,17.0,19.0,16.0,25.0,15.333333333333334,16.333333333333332,10.0,14.20272235191186,147,45,1.0,5.202722351911859
631360192558,2025-10,6,7.0,7.0,5.0,10.0,3.0,10.0,7.333333333333333,6.0,7.0,6.5858906540397895,147,46,0.0,0.41410934596021054
631360192559,2025-10,7,5.0,11.0,5.0,10.0,12.0,6.0,8.666666666666666,8.666666666666666,11.0,8.152245482024558,147,47,6.0,3.152245482024558
631360192561,2025-10,4,13.0,5.0,10.0,9.0,4.0,2.0,8.0,6.833333333333333,5.0,5.361124264960887,147,49,8.0,7.638875735039113
631360192562,2025-10,1,5.0,4.0,3.0,2.0,1.0,4.0,3.0,2.5,4.0,2.4996772955036146,147,50,1.0,2.5003227044963854
631360192563,2025-10,63,49.0,60.0,51.0,66.0,69.0,40.0,59.0,61.333333333333336,60.0,57.82698489244324,147,51,11.0,8.826984892443242
631360192564,2025-10,20,12.0,5.0,17.0,11.0,5.0,8.0,11.0,10.166666666666666,5.0,12.192690036988948,147,52,7.0,0.1926900369889477
631360192565,2025-10,3,1.0,1.0,2.0,3.0,2.0,3.0,2.0,2.0,1.0,2.4912076302723074,147,53,0.0,1.4912076302723074
631360192566,2025-10,10,6.0,4.0,14.0,11.0,4.0,10.0,9.666666666666666,7.333333333333333,4.0,8.315438735552256,147,54,2.0,2.315438735552256
631360192567,2025-10,13,6.0,8.0,11.0,22.0,14.0,9.0,13.666666666666666,12.5,8.0,11.92647787915124,147,55,2.0,5.926477879151239
631360192568,2025-10,43,42.0,43.0,41.0,41.0,35.0,34.0,41.666666666666664,39.166666666666664,43.0,39.205401527294946,147,56,1.0,2.7945984727050543
631360192575,2025-10,3,2.0,5.0,3.0,4.0,4.0,3.0,4.0,4.5,5.0,3.948109481670132,147,63,3.0,1.9481094816701319
631360192577,2025-10,9,4.0,8.0,6.0,4.0,3.0,5.0,6.0,4.833333333333333,8.0,6.410360117931729,147,65,4.0,2.410360117931729
631360192578,2025-10,1,5.0,8.0,7.0,4.0,3.0,4.0,6.333333333333333,5.333333333333333,8.0,4.224664338272502,147,66,3.0,0.7753356617274978
631360192582,2025-10,8,6.0,4.0,5.0,9.0,14.0,20.0,6.0,10.166666666666666,4.0,9.945584217398613,147,70,2.0,3.945584217398613
631360192584,2025-10,10,4.0,9.0,3.0,5.0,5.0,3.0,5.666666666666667,5.166666666666667,9.0,6.67605820541068,147,72,5.0,2.67605820541068
631360192585,2025-10,12,12.0,9.0,11.0,12.0,5.0,8.0,10.666666666666666,9.5,9.0,9.886566700498594,147,73,3.0,2.1134332995014056
631360192586,2025-10,14,13.0,21.0,18.0,19.0,10.0,13.0,19.333333333333332,15.166666666666666,21.0,15.01831734078542,147,74,8.0,2.018317340785419
631360192587,2025-10,12,10.0,16.0,9.0,22.0,24.0,16.0,15.666666666666666,16.833333333333332,16.0,15.201590419339151,147,75,6.0,5.201590419339151
631360192588,2025-10,11,6.0,12.0,16.0,15.0,7.0,11.0,14.333333333333334,12.833333333333334,12.0,11.822065540356583,147,76,6.0,5.822065540356583
631360192589,2025-10,19,20.0,28.0,18.0,25.0,28.0,19.0,23.666666666666668,22.333333333333332,28.0,21.383366944420096,147,77,8.0,1.3833669444200964
631360192590,2025-10,17,19.0,32.0,37.0,35.0,30.0,31.0,34.666666666666664,32.333333333333336,32.0,27.315804114225784,147,78,13.0,8.315804114225784
631360192591,2025-10,14,11.0,23.0,13.0,28.0,21.0,22.0,21.333333333333332,22.166666666666668,23.0,19.2968956810058,147,79,12.0,8.2968956810058
631360192593,2025-10,6,3.0,1.0,4.0,1.0,3.0,4.0,2.0,2.8333333333333335,1.0,3.8248828467818736,147,81,2.0,0.8248828467818736
631360192595,2025-10,1,5.0,4.0,5.0,5.0,6.0,3.0,4.666666666666667,5.333333333333333,4.0,3.762625061848718,147,83,1.0,1.237374938151282
631360192596,2025-10,7,12.0,13.0,12.0,13.0,18.0,11.0,12.666666666666666,15.0,13.0,11.81294199545459,147,84,1.0,0.18705800454540977
631360192597,2025-10,3,6.0,2.0,5.0,6.0,15.0,8.0,4.333333333333333,7.0,2.0,5.7291341270903455,147,85,4.0,0.27086587290965447
631360192598,2025-10,4,3.0,9.0,4.0,7.0,3.0,7.0,6.666666666666667,5.333333333333333,9.0,5.509023868165912,147,86,6.0,2.5090238681659116
631360192599,2025-10,5,3.0,2.0,1.0,2.0,1.0,2.0,1.6666666666666667,1.6666666666666667,2.0,2.8176884751317406,147,87,1.0,0.1823115248682594
631360192600,2025-10,1,2.0,2.0,1.0,8.0,3.0,3.0,3.6666666666666665,4.5,2.0,3.049976860157809,147,88,0.0,1.049976860157809
635655159836,2025-10,1,1.0,1.0,3.0,1.0,2.0,3.0,1.6666666666666667,1.6666666666666667,1.0,1.7865998080159837,148,28,0.0,0.7865998080159837
635655159837,2025-10,10,10.0,6.0,13.0,6.0,7.0,9.0,8.333333333333334,6.166666666666667,6.0,7.947947013723747,148,29,4.0,2.0520529862762533
635655159838,2025-10,7,1.0,7.0,2.0,3.0,4.0,5.0,4.0,4.833333333333333,7.0,5.585879803460678,148,30,6.0,4.585879803460678
635655159852,2025-10,5,3.0,5.0,9.0,5.0,2.0,7.0,6.333333333333333,5.666666666666667,5.0,5.587245516360338,148,44,2.0,2.587245516360338
635655159853,2025-10,5,8.0,5.0,6.0,8.0,3.0,6.0,6.333333333333333,5.5,5.0,5.419855560854915,148,45,3.0,2.5801444391450854
635655159854,2025-10,2,2.0,2.0,2.0,1.0,2.0,4.0,1.6666666666666667,2.3333333333333335,2.0,2.4890799476059646,148,46,0.0,0.4890799476059646
635655159859,2025-10,3,4.0,3.0,4.0,1.0,6.0,3.0,2.6666666666666665,3.3333333333333335,3.0,3.3707274964922433,148,51,1.0,0.6292725035077567
635655159861,2025-10,1,2.0,4.0,5.0,6.0,2.0,2.0,5.0,4.0,4.0,3.0286355245943533,148,53,2.0,1.0286355245943533
635655159862,2025-10,5,7.0,5.0,5.0,5.0,4.0,4.0,5.0,4.333333333333333,5.0,4.690329899065034,148,54,2.0,2.309670100934966
635655159863,2025-10,3,1.0,2.0,2.0,3.0,3.0,1.0,2.3333333333333335,2.6666666666666665,2.0,2.6366519956534793,148,55,1.0,1.6366519956534793
635655159864,2025-10,12,16.0,12.0,15.0,22.0,5.0,13.0,16.333333333333332,13.833333333333334,12.0,12.769344876370782,148,56,4.0,3.2306551236292176
635655159865,2025-10,5,3.0,1.0,1.0,7.0,12.0,8.0,3.0,4.333333333333333,1.0,4.9942909440696805,148,57,2.0,1.9942909440696805
635655159869,2025-10,1,13.0,1.0,7.0,1.0,4.0,7.0,3.0,3.0,1.0,2.9810262767791826,148,61,12.0,10.018973723220817
635655159870,2025-10,6,2.0,6.0,3.0,3.0,6.0,2.0,4.0,6.0,6.0,5.374847125400821,148,62,4.0,3.374847125400821
635655159871,2025-10,3,4.0,4.0,3.0,3.0,5.0,9.0,3.3333333333333335,4.333333333333333,4.0,4.513556449758843,148,63,0.0,0.513556449758843
635655159878,2025-10,2,1.0,5.0,3.0,4.0,6.0,3.0,4.0,4.0,5.0,3.5774301862586917,148,70,4.0,2.5774301862586917
635655159880,2025-10,12,9.0,12.0,16.0,19.0,13.0,18.0,15.666666666666666,19.0,12.0,15.479303718354242,148,72,3.0,6.479303718354242
635655159881,2025-10,71,44.0,54.0,26.0,50.0,53.0,23.0,43.333333333333336,49.333333333333336,54.0,51.05519198659993,148,73,10.0,7.0551919865999295
635655159882,2025-10,17,21.0,22.0,22.0,27.0,25.0,17.0,23.666666666666668,26.166666666666668,22.0,21.36486389057052,148,74,1.0,0.3648638905705184
635655159883,2025-10,11,18.0,15.0,8.0,13.0,6.0,7.0,12.0,11.166666666666666,15.0,10.652443925959101,148,75,3.0,7.347556074040899
635655159884,2025-10,5,7.0,11.0,11.0,11.0,3.0,7.0,11.0,9.333333333333334,11.0,7.806223789632147,148,76,4.0,0.8062237896321474
635655159885,2025-10,7,4.0,5.0,8.0,13.0,6.0,11.0,8.666666666666666,8.5,5.0,7.9951718911877805,148,77,1.0,3.9951718911877805
635655159886,2025-10,34,25.0,15.0,26.0,26.0,25.0,30.0,22.333333333333332,26.166666666666668,15.0,27.15338100635379,148,78,10.0,2.15338100635379
635655159887,2025-10,15,12.0,21.0,31.0,38.0,23.0,25.0,30.0,27.666666666666668,21.0,22.76430109710008,148,79,9.0,10.76430109710008
635655159889,2025-10,12,9.0,3.0,17.0,8.0,13.0,12.0,9.333333333333334,10.833333333333334,3.0,10.676702745883464,148,81,6.0,1.676702745883464
635655159890,2025-10,7,10.0,15.0,8.0,7.0,15.0,11.0,10.0,13.0,15.0,10.854119132383241,148,82,5.0,0.8541191323832411
635655159891,2025-10,11,5.0,6.0,13.0,8.0,7.0,9.0,9.0,7.333333333333333,6.0,8.699172778411317,148,83,1.0,3.6991727784113166
635655159893,2025-10,11,4.0,5.0,2.0,8.0,2.0,4.0,5.0,4.333333333333333,5.0,6.277945128436541,148,85,1.0,2.2779451284365413
635655159894,2025-10,6,10.0,9.0,6.0,7.0,8.0,6.0,7.333333333333333,8.0,9.0,7.196576741646048,148,86,1.0,2.803423258353952
635655159895,2025-10,4,8.0,5.0,3.0,6.0,3.0,8.0,4.666666666666667,3.8333333333333335,5.0,4.609694207547198,148,87,3.0,3.3903057924528017
635655159896,2025-10,6,2.0,1.0,3.0,3.0,5.0,2.0,2.3333333333333335,3.0,1.0,3.7518494013338284,148,88,1.0,1.7518494013338284
635655159897,2025-10,5,3.0,2.0,5.0,4.0,5.0,2.0,3.6666666666666665,3.3333333333333335,2.0,3.7999733807856604,148,89,1.0,0.7999733807856604
635655159902,2025-10,2,2.0,4.0,5.0,3.0,1.0,2.0,4.0,2.8333333333333335,4.0,2.774084800595407,148,94,2.0,0.7740848005954071
639950127133,2025-10,5,8.0,5.0,5.0,9.0,2.0,3.0,6.333333333333333,5.0,5.0,4.831832871552815,149,29,3.0,3.168167128447185
639950127143,2025-10,9,15.0,27.0,7.0,8.0,9.0,9.0,14.0,11.5,27.0,11.656620265337802,149,39,12.0,3.3433797346621983
639950127148,2025-10,8,6.0,12.0,7.0,11.0,4.0,11.0,10.0,9.166666666666666,12.0,9.067536886283246,149,44,6.0,3.0675368862832464
639950127154,2025-10,14,10.0,7.0,5.0,17.0,7.0,13.0,9.666666666666666,9.666666666666666,7.0,10.888956954465694,149,50,3.0,0.8889569544656943
639950127155,2025-10,13,9.0,12.0,6.0,7.0,13.0,21.0,8.333333333333334,9.666666666666666,12.0,12.102890019369633,149,51,3.0,3.1028900193696334
639950127157,2025-10,5,5.0,3.0,2.0,5.0,1.0,2.0,3.3333333333333335,3.1666666666666665,3.0,3.576230411521232,149,53,2.0,1.423769588478768
639950127159,2025-10,4,2.0,6.0,6.0,8.0,10.0,1.0,6.666666666666667,6.833333333333333,6.0,5.423369858424153,149,55,4.0,3.423369858424153
639950127160,2025-10,3,2.0,8.0,1.0,10.0,5.0,8.0,6.333333333333333,6.0,8.0,5.524078796557239,149,56,6.0,3.524078796557239
639950127165,2025-10,10,10.0,10.0,16.0,19.0,17.0,8.0,15.0,12.166666666666666,10.0,11.297590308637941,149,61,0.0,1.2975903086379414
639950127166,2025-10,5,15.0,12.0,5.0,9.0,6.0,13.0,8.666666666666666,7.5,12.0,7.816886089213776,149,62,3.0,7.183113910786224
639950127167,2025-10,6,1.0,5.0,8.0,7.0,5.0,4.0,6.666666666666667,5.833333333333333,5.0,5.725018644300628,149,63,4.0,4.725018644300628
639950127168,2025-10,19,9.0,16.0,17.0,13.0,11.0,9.0,15.333333333333334,10.833333333333334,16.0,13.75266083459608,149,64,7.0,4.75266083459608
639950127169,2025-10,9,1.0,4.0,5.0,9.0,17.0,6.0,6.0,8.666666666666666,4.0,8.173842505090878,149,65,3.0,7.173842505090878
639950127175,2025-10,5,2.0,4.0,4.0,3.0,10.0,8.0,3.6666666666666665,4.166666666666667,4.0,5.170662743845805,149,71,2.0,3.1706627438458046
639950127176,2025-10,25,26.0,19.0,24.0,23.0,27.0,21.0,22.0,23.0,19.0,22.752721482794524,149,72,7.0,3.2472785172054763
639950127177,2025-10,9,6.0,8.0,2.0,4.0,5.0,9.0,4.666666666666667,4.833333333333333,8.0,6.812611761569405,149,73,2.0,0.8126117615694053
639950127178,2025-10,11,18.0,23.0,13.0,22.0,19.0,21.0,19.333333333333332,18.666666666666668,23.0,16.83493046850866,149,74,5.0,1.1650695314913406
639950127179,2025-10,10,19.0,14.0,14.0,14.0,19.0,11.0,14.0,17.0,14.0,13.628858264421215,149,75,5.0,5.371141735578785
639950127180,2025-10,23,24.0,26.0,22.0,18.0,18.0,12.0,22.0,20.166666666666668,26.0,20.234437273870892,149,76,2.0,3.765562726129108
639950127181,2025-10,18,28.0,19.0,36.0,30.0,25.0,24.0,28.333333333333332,27.833333333333332,19.0,23.406409610765948,149,77,9.0,4.593590389234052
639950127182,2025-10,5,17.0,11.0,12.0,11.0,13.0,15.0,11.333333333333334,12.0,11.0,10.177090872009572,149,78,6.0,6.822909127990428
639950127183,2025-10,3,2.0,5.0,1.0,4.0,3.0,4.0,3.3333333333333335,3.0,5.0,3.4170209765375175,149,79,3.0,1.4170209765375175
639950127185,2025-10,9,5.0,6.0,6.0,10.0,7.0,6.0,7.333333333333333,8.666666666666666,6.0,8.009982701219716,149,81,1.0,3.009982701219716
639950127186,2025-10,11,5.0,1.0,9.0,6.0,10.0,9.0,5.333333333333333,7.333333333333333,1.0,8.080775151766117,149,82,4.0,3.080775151766117
639950127187,2025-10,16,11.0,8.0,16.0,25.0,18.0,11.0,16.333333333333332,19.166666666666668,8.0,15.819135879237868,149,83,3.0,4.819135879237868
639950127189,2025-10,14,5.0,4.0,6.0,18.0,9.0,9.0,9.333333333333334,10.5,4.0,10.544711593629167,149,85,1.0,5.544711593629167
639950127190,2025-10,20,6.0,15.0,13.0,20.0,10.0,9.0,16.0,11.166666666666666,15.0,14.045035373408993,149,86,9.0,8.045035373408993
639950127191,2025-10,4,3.0,3.0,1.0,3.0,1.0,3.0,2.3333333333333335,2.5,3.0,3.0779039606570553,149,87,0.0,0.0779039606570553
639950127192,2025-10,30,37.0,36.0,44.0,30.0,14.0,29.0,36.666666666666664,28.666666666666668,36.0,29.355475900065784,149,88,1.0,7.644524099934216
639950127197,2025-10,2,3.0,1.0,1.0,1.0,5.0,2.0,1.0,1.6666666666666667,1.0,2.0050136989379634,149,93,2.0,0.9949863010620366
639950127198,2025-10,4,3.0,2.0,1.0,2.0,3.0,3.0,1.6666666666666667,2.0,2.0,2.857144392075166,149,94,1.0,0.14285560792483398
644245094441,2025-10,3,2.0,1.0,4.0,1.0,3.0,1.0,2.0,2.1666666666666665,1.0,2.379051432198171,150,41,1.0,0.37905143219817106
644245094442,2025-10,5,4.0,3.0,1.0,3.0,4.0,3.0,2.3333333333333335,3.3333333333333335,3.0,3.788068679433721,150,42,1.0,0.21193132056627917
644245094449,2025-10,6,7.0,9.0,7.0,7.0,3.0,7.0,7.666666666666667,6.0,9.0,6.434823657523892,150,49,2.0,0.565176342476108
644245094450,2025-10,34,17.0,21.0,22.0,29.0,22.0,17.0,24.0,23.166666666666668,21.0,24.984958909196166,150,50,4.0,7.984958909196166
644245094451,2025-10,13,4.0,2.0,5.0,5.0,17.0,4.0,4.0,9.666666666666666,2.0,9.096889090158319,150,51,2.0,5.096889090158319
644245094453,2025-10,6,8.0,7.0,4.0,7.0,4.0,8.0,6.0,5.666666666666667,7.0,6.14743521920381,150,53,1.0,1.8525647807961896
644245094454,2025-10,15,7.0,11.0,6.0,17.0,8.0,14.0,11.333333333333334,11.333333333333334,11.0,12.38526851272664,150,54,4.0,5.38526851272664
644245094461,2025-10,8,7.0,13.0,7.0,10.0,7.0,8.0,10.0,9.0,13.0,8.862835295003247,150,61,6.0,1.8628352950032472
644245094462,2025-10,16,16.0,21.0,20.0,20.0,18.0,21.0,20.333333333333332,17.166666666666668,21.0,17.70766697820107,150,62,5.0,1.7076669782010683
644245094463,2025-10,60,42.0,80.0,49.0,54.0,53.0,69.0,61.0,54.833333333333336,80.0,59.12967197623308,150,63,38.0,17.129671976233077
644245094464,2025-10,25,20.0,15.0,17.0,14.0,14.0,21.0,15.333333333333334,16.666666666666668,15.0,18.98745419050706,150,64,5.0,1.0125458094929414
644245094465,2025-10,8,9.0,5.0,8.0,11.0,5.0,4.0,8.0,6.833333333333333,5.0,6.761757810549527,150,65,4.0,2.2382421894504727
644245094466,2025-10,6,4.0,8.0,6.0,16.0,1.0,5.0,10.0,6.666666666666667,8.0,6.456515535456417,150,66,4.0,2.4565155354564174
644245094468,2025-10,1,3.0,3.0,3.0,2.0,5.0,12.0,2.6666666666666665,3.0,3.0,3.699178492847345,150,68,0.0,0.699178492847345
644245094470,2025-10,4,3.0,4.0,3.0,1.0,1.0,4.0,2.6666666666666665,2.6666666666666665,4.0,3.384437940372317,150,70,1.0,0.38443794037231704
644245094471,2025-10,18,11.0,17.0,26.0,14.0,17.0,24.0,19.0,18.666666666666668,17.0,18.759715090997233,150,71,6.0,7.759715090997233
644245094472,2025-10,5,4.0,8.0,7.0,7.0,5.0,2.0,7.333333333333333,6.833333333333333,8.0,5.828425110130639,150,72,4.0,1.828425110130639
644245094474,2025-10,39,34.0,39.0,31.0,36.0,36.0,27.0,35.333333333333336,32.333333333333336,39.0,33.91006864928176,150,74,5.0,0.08993135071823843
644245094475,2025-10,39,24.0,25.0,28.0,36.0,18.0,18.0,29.666666666666668,24.5,25.0,27.691500193310098,150,75,1.0,3.691500193310098
644245094478,2025-10,13,21.0,22.0,20.0,27.0,25.0,46.0,23.0,21.666666666666668,22.0,22.023313257057282,150,78,1.0,1.023313257057282
644245094479,2025-10,24,22.0,29.0,20.0,22.0,21.0,21.0,23.666666666666668,20.333333333333332,29.0,22.136969837862097,150,79,7.0,0.1369698378620967
644245094480,2025-10,7,4.0,8.0,10.0,10.0,6.0,9.0,9.333333333333334,10.0,8.0,8.59320297669311,150,80,4.0,4.59320297669311
644245094481,2025-10,2,7.0,2.0,5.0,4.0,8.0,4.0,3.6666666666666665,3.8333333333333335,2.0,3.490799610492431,150,81,5.0,3.509200389507569
644245094482,2025-10,30,15.0,25.0,34.0,20.0,26.0,35.0,26.333333333333332,24.333333333333332,25.0,27.22404981047957,150,82,10.0,12.22404981047957
644245094483,2025-10,7,16.0,9.0,13.0,13.0,5.0,1.0,11.666666666666666,10.0,9.0,7.9123027703409665,150,83,7.0,8.087697229659033
644245094484,2025-10,12,15.0,4.0,10.0,8.0,12.0,9.0,7.333333333333333,9.333333333333334,4.0,9.571421948500694,150,84,11.0,5.428578051499306
644245094485,2025-10,11,12.0,9.0,16.0,20.0,3.0,9.0,15.0,13.666666666666666,9.0,11.524408252830758,150,85,3.0,0.4755917471692417
644245094486,2025-10,10,2.0,7.0,7.0,4.0,5.0,3.0,6.0,5.333333333333333,7.0,6.656056428254843,150,86,5.0,4.656056428254843
644245094487,2025-10,6,6.0,4.0,7.0,6.0,5.0,3.0,5.666666666666667,4.833333333333333,4.0,5.08052121336206,150,87,2.0,0.9194787866379404
644245094488,2025-10,6,7.0,5.0,7.0,18.0,17.0,17.0,10.0,11.666666666666666,5.0,10.126455284378828,150,88,2.0,3.126455284378828
644245094493,2025-10,4,2.0,4.0,8.0,2.0,2.0,1.0,4.666666666666667,3.8333333333333335,4.0,3.712625484510948,150,93,2.0,1.7126254845109479
648540061738,2025-10,2,2.0,5.0,2.0,2.0,4.0,4.0,3.0,3.6666666666666665,5.0,3.391568985415173,151,42,3.0,1.391568985415173
648540061746,2025-10,18,13.0,24.0,15.0,15.0,5.0,13.0,18.0,15.166666666666666,24.0,16.015262308992924,151,50,11.0,3.0152623089929236
648540061747,2025-10,7,7.0,9.0,8.0,15.0,7.0,8.0,10.666666666666666,8.833333333333334,9.0,8.281910599375703,151,51,2.0,1.2819105993757027
648540061749,2025-10,1,3.0,12.0,14.0,12.0,11.0,9.0,12.666666666666666,15.0,12.0,9.497246455456953,151,53,9.0,6.497246455456953
648540061750,2025-10,5,6.0,6.0,15.0,5.0,9.0,14.0,8.666666666666666,8.666666666666666,6.0,8.131787031420956,151,54,0.0,2.1317870314209557
648540061751,2025-10,2,2.0,1.0,2.0,3.0,4.0,2.0,2.0,3.6666666666666665,1.0,2.758245939540049,151,55,1.0,0.7582459395400489
648540061752,2025-10,1,1.0,1.0,2.0,1.0,1.0,1.0,1.3333333333333333,1.3333333333333333,1.0,1.3466224721658548,151,56,0.0,0.34662247216585484
648540061753,2025-10,1,1.0,2.0,1.0,1.0,1.0,4.0,1.3333333333333333,1.8333333333333333,2.0,1.9437584448944154,151,57,1.0,0.9437584448944154
648540061756,2025-10,2,2.0,1.0,3.0,2.0,14.0,1.0,2.0,4.0,1.0,3.2132978404981145,151,60,1.0,1.2132978404981145
648540061757,2025-10,12,20.0,14.0,12.0,9.0,11.0,8.0,11.666666666666666,12.5,14.0,11.685728532879846,151,61,6.0,8.314271467120154
648540061758,2025-10,13,11.0,12.0,14.0,16.0,21.0,9.0,14.0,14.333333333333334,12.0,13.250560755691023,151,62,1.0,2.2505607556910228
648540061759,2025-10,55,22.0,40.0,34.0,18.0,35.0,39.0,30.666666666666668,31.5,40.0,39.26965217622078,151,63,18.0,17.26965217622078
648540061760,2025-10,3,5.0,9.0,10.0,11.0,9.0,7.0,10.0,8.5,9.0,6.959280993277119,151,64,4.0,1.959280993277119
648540061762,2025-10,5,2.0,2.0,4.0,6.0,3.0,2.0,4.0,4.0,2.0,3.9612661762449486,151,66,0.0,1.9612661762449486
648540061763,2025-10,3,11.0,5.0,4.0,6.0,3.0,6.0,5.0,4.0,5.0,4.185325997613399,151,67,6.0,6.814674002386601
648540061766,2025-10,3,1.0,6.0,2.0,1.0,1.0,1.0,3.0,2.5,6.0,2.8551744149626606,151,70,5.0,1.8551744149626606
648540061767,2025-10,8,11.0,11.0,4.0,8.0,6.0,13.0,7.666666666666667,8.833333333333334,11.0,8.962230555964787,151,71,0.0,2.037769444035213
648540061768,2025-10,4,7.0,6.0,4.0,11.0,5.0,14.0,7.0,7.166666666666667,6.0,6.870670843354057,151,72,1.0,0.1293291566459427
648540061769,2025-10,7,10.0,15.0,11.0,9.0,6.0,7.0,11.666666666666666,9.833333333333334,15.0,9.051179907633244,151,73,5.0,0.9488200923667556
648540061770,2025-10,38,29.0,24.0,26.0,45.0,34.0,38.0,31.666666666666668,36.5,24.0,34.768115333915574,151,74,5.0,5.768115333915574
648540061771,2025-10,30,14.0,17.0,22.0,38.0,20.0,22.0,25.666666666666668,24.5,17.0,24.654409240848473,151,75,3.0,10.654409240848473
648540061774,2025-10,7,11.0,13.0,18.0,14.0,9.0,17.0,15.0,14.333333333333334,13.0,12.16705305148588,151,78,2.0,1.1670530514858797
648540061775,2025-10,7,13.0,9.0,11.0,6.0,7.0,8.0,8.666666666666666,7.5,9.0,7.6755185634412415,151,79,4.0,5.3244814365587585
648540061776,2025-10,7,6.0,8.0,4.0,18.0,11.0,8.0,10.0,9.0,8.0,8.336933623749847,151,80,2.0,2.3369336237498466
648540061778,2025-10,5,3.0,2.0,1.0,2.0,4.0,3.0,1.6666666666666667,2.3333333333333335,2.0,3.3034440416460242,151,82,1.0,0.30344404164602423
648540061779,2025-10,5,2.0,2.0,7.0,3.0,7.0,14.0,4.0,5.0,2.0,5.952498530698527,151,83,0.0,3.952498530698527
648540061780,2025-10,6,1.0,3.0,4.0,4.0,7.0,1.0,3.6666666666666665,4.166666666666667,3.0,4.411760527997963,151,84,2.0,3.411760527997963
648540061782,2025-10,1,4.0,2.0,1.0,3.0,1.0,3.0,2.0,1.8333333333333333,2.0,1.8831608141729976,151,86,2.0,2.1168391858270024
648540061783,2025-10,6,5.0,2.0,1.0,13.0,6.0,4.0,5.333333333333333,7.0,2.0,5.748555774032356,151,87,3.0,0.7485557740323561
648540061784,2025-10,24,10.0,16.0,4.0,22.0,6.0,3.0,14.0,13.166666666666666,16.0,14.789112281749503,151,88,6.0,4.789112281749503
648540061787,2025-10,5,2.0,1.0,4.0,8.0,2.0,2.0,4.333333333333333,4.0,1.0,3.8690153763045174,151,91,1.0,1.8690153763045174
652835029029,2025-10,2,2.0,3.0,1.0,3.0,2.0,3.0,2.3333333333333335,3.0,3.0,2.7266373788009997,152,37,1.0,0.7266373788009997
652835029040,2025-10,13,11.0,7.0,8.0,8.0,4.0,9.0,7.666666666666667,7.666666666666667,7.0,9.154354303541501,152,48,4.0,1.845645696458499
652835029041,2025-10,10,9.0,7.0,14.0,6.0,2.0,5.0,9.0,7.166666666666667,7.0,7.744828507734066,152,49,2.0,1.2551714922659336
652835029042,2025-10,2,5.0,6.0,3.0,6.0,10.0,3.0,5.0,5.333333333333333,6.0,4.386162458234653,152,50,1.0,0.6138375417653474
652835029043,2025-10,8,19.0,6.0,7.0,4.0,13.0,13.0,5.666666666666667,8.5,6.0,8.633038004174786,152,51,13.0,10.366961995825214
652835029044,2025-10,1,3.0,4.0,2.0,5.0,5.0,6.0,3.6666666666666665,3.5,4.0,3.3124306289865597,152,52,1.0,0.3124306289865597
652835029050,2025-10,1,2.0,4.0,2.0,4.0,4.0,8.0,3.3333333333333335,3.6666666666666665,4.0,3.53492950132276,152,58,2.0,1.5349295013227602
652835029051,2025-10,1,2.0,2.0,2.0,3.0,3.0,5.0,2.3333333333333335,2.6666666666666665,2.0,2.5423917527122004,152,59,0.0,0.5423917527122004
652835029052,2025-10,1,3.0,2.0,1.0,2.0,4.0,2.0,1.6666666666666667,2.6666666666666665,2.0,2.1597667779363636,152,60,1.0,0.8402332220636364
652835029053,2025-10,5,4.0,2.0,2.0,1.0,2.0,1.0,1.6666666666666667,3.5,2.0,3.395163585956233,152,61,2.0,0.604836414043767
652835029054,2025-10,7,2.0,3.0,2.0,7.0,4.0,4.0,4.0,4.333333333333333,3.0,4.984680638833492,152,62,1.0,2.984680638833492
652835029055,2025-10,18,12.0,13.0,10.0,15.0,2.0,9.0,12.666666666666666,11.0,13.0,12.578604225184144,152,63,1.0,0.5786042251841437
652835029056,2025-10,6,3.0,14.0,2.0,3.0,3.0,3.0,6.333333333333333,6.5,14.0,6.34276554449996,152,64,11.0,3.3427655444999598
652835029059,2025-10,5,6.0,4.0,13.0,7.0,6.0,4.0,8.0,7.833333333333333,4.0,6.2808709138804675,152,67,2.0,0.2808709138804675
652835029060,2025-10,10,11.0,7.0,7.0,3.0,8.0,11.0,5.666666666666667,8.0,7.0,8.644601759925454,152,68,4.0,2.355398240074546
652835029061,2025-10,1,3.0,5.0,5.0,7.0,2.0,8.0,5.666666666666667,5.666666666666667,5.0,4.460506256350946,152,69,2.0,1.4605062563509463
652835029062,2025-10,1,1.0,3.0,2.0,1.0,1.0,3.0,2.0,2.6666666666666665,3.0,2.26267818230051,152,70,2.0,1.26267818230051
652835029063,2025-10,5,1.0,5.0,5.0,6.0,3.0,6.0,5.333333333333333,4.666666666666667,5.0,5.029510171471559,152,71,4.0,4.029510171471559
652835029064,2025-10,10,4.0,6.0,14.0,7.0,14.0,5.0,9.0,10.0,6.0,9.192931866814657,152,72,2.0,5.192931866814657
652835029065,2025-10,9,5.0,11.0,13.0,11.0,14.0,10.0,11.666666666666666,12.0,11.0,10.80822558836166,152,73,6.0,5.80822558836166
652835029066,2025-10,44,43.0,40.0,59.0,51.0,47.0,49.0,50.0,47.333333333333336,40.0,45.373019471517345,152,74,3.0,2.3730194715173454
652835029067,2025-10,73,56.0,46.0,56.0,58.0,51.0,50.0,53.333333333333336,52.833333333333336,46.0,56.58298894353349,152,75,10.0,0.5829889435334934
652835029068,2025-10,3,4.0,2.0,3.0,5.0,3.0,6.0,3.3333333333333335,3.0,2.0,3.4476801758693068,152,76,2.0,0.5523198241306932
652835029069,2025-10,19,17.0,22.0,21.0,32.0,33.0,35.0,25.0,28.166666666666668,22.0,25.239374668105146,152,77,5.0,8.239374668105146
652835029070,2025-10,19,12.0,12.0,8.0,14.0,16.0,15.0,11.333333333333334,11.166666666666666,12.0,14.04407282554469,152,78,0.0,2.0440728255446903
652835029071,2025-10,20,20.0,14.0,13.0,13.0,12.0,16.0,13.333333333333334,12.333333333333334,14.0,15.064469092503012,152,79,6.0,4.935530907496988
652835029072,2025-10,9,9.0,13.0,11.0,10.0,6.0,7.0,11.333333333333334,9.5,13.0,9.322292302530098,152,80,4.0,0.3222923025300979
652835029073,2025-10,3,4.0,3.0,3.0,5.0,9.0,4.0,3.6666666666666665,4.5,3.0,4.1072521007880445,152,81,1.0,0.10725210078804448
652835029074,2025-10,2,4.0,2.0,7.0,3.0,7.0,7.0,4.0,4.5,2.0,4.088621219901754,152,82,2.0,0.08862121990175442
652835029077,2025-10,6,3.0,4.0,3.0,7.0,6.0,2.0,4.666666666666667,4.0,4.0,4.58099991386406,152,85,1.0,1.5809999138640602
652835029078,2025-10,3,4.0,5.0,4.0,1.0,2.0,5.0,3.3333333333333335,3.0,5.0,3.526196886652162,152,86,1.0,0.473803113347838
652835029080,2025-10,1,2.0,2.0,3.0,3.0,1.0,1.0,2.6666666666666665,2.0,2.0,1.7848605042616743,152,88,0.0,0.2151394957383257
657129996328,2025-10,2,1.0,5.0,8.0,6.0,6.0,6.0,6.333333333333333,5.0,5.0,4.546415808235354,153,40,4.0,3.546415808235354
657129996335,2025-10,1,2.0,2.0,6.0,1.0,1.0,2.0,3.0,2.8333333333333335,2.0,2.2589517851867225,153,47,0.0,0.25895178518672246
657129996336,2025-10,15,15.0,12.0,9.0,10.0,7.0,14.0,10.333333333333334,9.833333333333334,12.0,11.840625007667454,153,48,3.0,3.1593749923325465
657129996337,2025-10,18,6.0,30.0,14.0,14.0,12.0,15.0,19.333333333333332,20.333333333333332,30.0,18.93690659605594,153,49,24.0,12.936906596055941
657129996338,2025-10,10,7.0,5.0,12.0,11.0,18.0,8.0,9.333333333333334,11.0,5.0,10.007069367185181,153,50,2.0,3.0070693671851814
657129996339,2025-10,10,3.0,10.0,13.0,14.0,10.0,13.0,12.333333333333334,11.0,10.0,10.904544842341572,153,51,7.0,7.904544842341572
657129996346,2025-10,4,3.0,1.0,8.0,4.0,7.0,4.0,4.333333333333333,4.333333333333333,1.0,4.207667199839656,153,58,2.0,1.2076671998396558
657129996347,2025-10,2,2.0,4.0,3.0,9.0,1.0,3.0,5.333333333333333,4.0,4.0,3.394434552270644,153,59,2.0,1.3944345522706438
657129996348,2025-10,1,1.0,1.0,3.0,6.0,2.0,1.0,3.3333333333333335,3.0,1.0,2.1603505870391615,153,60,0.0,1.1603505870391615
657129996351,2025-10,13,7.0,4.0,10.0,11.0,11.0,10.0,8.333333333333334,7.166666666666667,4.0,9.26205400159666,153,63,3.0,2.2620540015966597
657129996352,2025-10,10,11.0,17.0,9.0,14.0,8.0,3.0,13.333333333333334,11.333333333333334,17.0,10.320615731803102,153,64,6.0,0.6793842681968982
657129996355,2025-10,4,5.0,1.0,2.0,7.0,7.0,7.0,3.3333333333333335,4.5,1.0,4.465930386953179,153,67,4.0,0.534069613046821
657129996356,2025-10,32,12.0,25.0,29.0,21.0,16.0,21.0,25.0,27.833333333333332,25.0,26.729235126040507,153,68,13.0,14.729235126040507
657129996357,2025-10,6,2.0,4.0,5.0,9.0,5.0,10.0,6.0,6.5,4.0,6.502201981596096,153,69,2.0,4.502201981596096
657129996359,2025-10,3,5.0,4.0,4.0,4.0,1.0,6.0,4.0,3.5,4.0,3.756886885624805,153,71,1.0,1.2431131143751948
657129996360,2025-10,6,5.0,6.0,4.0,10.0,5.0,2.0,6.666666666666667,5.666666666666667,6.0,5.459251117230842,153,72,1.0,0.459251117230842
657129996361,2025-10,16,20.0,19.0,19.0,18.0,26.0,25.0,18.666666666666668,23.666666666666668,19.0,20.49967788354327,153,73,1.0,0.4996778835432707
657129996362,2025-10,15,13.0,19.0,23.0,17.0,9.0,14.0,19.666666666666668,16.166666666666668,19.0,15.660673532150415,153,74,6.0,2.6606735321504154
657129996363,2025-10,31,23.0,21.0,19.0,33.0,15.0,10.0,24.333333333333332,20.166666666666668,21.0,21.93010193802992,153,75,2.0,1.069898061970079
657129996364,2025-10,15,10.0,14.0,20.0,14.0,13.0,18.0,16.0,16.333333333333332,14.0,15.632935489426716,153,76,4.0,5.632935489426716
657129996365,2025-10,24,14.0,11.0,21.0,26.0,25.0,37.0,19.333333333333332,21.5,11.0,22.875775919330515,153,77,3.0,8.875775919330515
657129996366,2025-10,16,11.0,19.0,18.0,12.0,21.0,20.0,16.333333333333332,19.333333333333332,19.0,17.951520572005965,153,78,8.0,6.951520572005965
657129996367,2025-10,14,10.0,15.0,5.0,13.0,12.0,16.0,11.0,12.5,15.0,13.190766810362367,153,79,5.0,3.1907668103623674
657129996368,2025-10,45,42.0,40.0,45.0,43.0,33.0,64.0,42.666666666666664,42.666666666666664,40.0,44.38452181541132,153,80,2.0,2.3845218154113184
657129996369,2025-10,7,8.0,4.0,16.0,3.0,11.0,7.0,7.666666666666667,8.166666666666666,4.0,7.553560191884351,153,81,4.0,0.4464398081156489
657129996370,2025-10,1,1.0,1.0,4.0,3.0,1.0,2.0,2.6666666666666665,2.0,1.0,1.838626609309303,153,82,0.0,0.8386266093093031
657129996373,2025-10,3,1.0,2.0,1.0,7.0,4.0,6.0,3.3333333333333335,2.8333333333333335,2.0,3.4109293361749824,153,85,1.0,2.4109293361749824
657129996374,2025-10,5,8.0,3.0,6.0,3.0,2.0,2.0,4.0,4.5,3.0,4.191318117484304,153,86,5.0,3.808681882515696
657129996375,2025-10,3,1.0,4.0,2.0,1.0,2.0,3.0,2.3333333333333335,3.0,4.0,3.1003446122471736,153,87,3.0,2.1003446122471736
661424963628,2025-10,3,5.0,4.0,4.0,2.0,11.0,6.0,3.3333333333333335,5.333333333333333,4.0,4.7848886954111745,154,44,1.0,0.21511130458882555
661424963630,2025-10,2,5.0,7.0,8.0,3.0,3.0,5.0,6.0,6.0,7.0,4.767313039816045,154,46,2.0,0.23268696018395474
661424963631,2025-10,1,3.0,4.0,4.0,3.0,2.0,4.0,3.6666666666666665,3.6666666666666665,4.0,3.0218285648454923,154,47,1.0,0.021828564845492338
661424963632,2025-10,4,10.0,11.0,7.0,17.0,10.0,9.0,11.666666666666666,11.0,11.0,8.665685220725432,154,48,1.0,1.3343147792745675
661424963633,2025-10,8,4.0,4.0,6.0,5.0,2.0,8.0,5.0,5.0,4.0,6.1007044856629005,154,49,0.0,2.1007044856629005
661424963640,2025-10,2,2.0,7.0,2.0,2.0,4.0,4.0,3.6666666666666665,3.5,7.0,3.545568316230879,154,56,5.0,1.545568316230879
661424963641,2025-10,3,3.0,1.0,3.0,2.0,2.0,4.0,2.0,1.6666666666666667,1.0,2.5054186553018454,154,57,2.0,0.4945813446981546
661424963642,2025-10,2,1.0,4.0,4.0,2.0,2.0,1.0,3.3333333333333335,3.1666666666666665,4.0,2.746017887403056,154,58,3.0,1.746017887403056
661424963643,2025-10,2,1.0,5.0,1.0,3.0,2.0,3.0,3.0,2.5,5.0,2.764208618835145,154,59,4.0,1.764208618835145
661424963644,2025-10,3,1.0,5.0,4.0,3.0,2.0,1.0,4.0,2.8333333333333335,5.0,3.0501902543370747,154,60,4.0,2.0501902543370747
661424963647,2025-10,7,5.0,3.0,3.0,11.0,13.0,7.0,5.666666666666667,5.833333333333333,3.0,6.425047719312996,154,63,2.0,1.425047719312996
661424963650,2025-10,61,67.0,58.0,59.0,58.0,53.0,67.0,58.333333333333336,55.0,58.0,57.425681791681335,154,66,9.0,9.574318208318665
661424963651,2025-10,3,8.0,3.0,9.0,7.0,4.0,9.0,6.333333333333333,5.0,3.0,4.957476032560537,154,67,5.0,3.042523967439463
661424963652,2025-10,8,11.0,4.0,4.0,8.0,5.0,10.0,5.333333333333333,5.333333333333333,4.0,6.595182363316081,154,68,7.0,4.404817636683919
661424963653,2025-10,14,8.0,11.0,3.0,15.0,16.0,10.0,9.666666666666666,11.5,11.0,11.857963478445594,154,69,3.0,3.857963478445594
661424963654,2025-10,65,79.0,62.0,34.0,48.0,63.0,71.0,48.0,54.666666666666664,62.0,58.48456346202871,154,70,17.0,20.51543653797129
661424963656,2025-10,2,3.0,3.0,5.0,1.0,2.0,6.0,3.0,2.1666666666666665,3.0,2.8975259843700814,154,72,0.0,0.10247401562991865
661424963657,2025-10,42,32.0,57.0,47.0,31.0,42.0,54.0,45.0,39.833333333333336,57.0,43.28458129676902,154,73,25.0,11.28458129676902
661424963658,2025-10,55,34.0,36.0,25.0,32.0,23.0,19.0,31.0,28.666666666666668,36.0,34.98095055895212,154,74,2.0,0.9809505589521166
661424963659,2025-10,10,8.0,16.0,20.0,10.0,3.0,22.0,15.333333333333334,11.333333333333334,16.0,12.585637609624403,154,75,8.0,4.585637609624403
661424963660,2025-10,8,7.0,14.0,17.0,11.0,17.0,17.0,14.0,14.333333333333334,14.0,12.786802724226325,154,76,7.0,5.786802724226325
661424963661,2025-10,48,42.0,35.0,21.0,25.0,37.0,45.0,27.0,32.166666666666664,35.0,37.45290135742855,154,77,7.0,4.547098642571449
661424963662,2025-10,34,36.0,14.0,23.0,24.0,18.0,33.0,20.333333333333332,23.5,14.0,25.97987350465455,154,78,22.0,10.020126495345451
661424963663,2025-10,5,11.0,10.0,7.0,7.0,8.0,14.0,8.0,7.0,10.0,7.661466756089654,154,79,1.0,3.338533243910346
661424963664,2025-10,5,8.0,5.0,7.0,6.0,4.0,12.0,6.0,5.833333333333333,5.0,6.277625483629349,154,80,3.0,1.7223745163706514
661424963665,2025-10,8,11.0,9.0,5.0,8.0,7.0,9.0,7.333333333333333,7.166666666666667,9.0,7.777036058513292,154,81,2.0,3.222963941486708
661424963666,2025-10,5,1.0,5.0,9.0,18.0,10.0,6.0,10.666666666666666,10.333333333333334,5.0,7.8351033394521234,154,82,4.0,6.8351033394521234
661424963667,2025-10,1,1.0,1.0,1.0,1.0,2.0,1.0,1.0,1.1666666666666667,1.0,1.2922120855418964,154,83,0.0,0.29221208554189637
665719930915,2025-10,2,2.0,1.0,1.0,1.0,4.0,2.0,1.0,2.0,1.0,2.076830323202792,155,35,1.0,0.07683032320279182
665719930924,2025-10,5,3.0,5.0,2.0,3.0,5.0,5.0,3.3333333333333335,3.6666666666666665,5.0,4.4402593914903346,155,44,2.0,1.4402593914903346
665719930925,2025-10,1,2.0,1.0,2.0,6.0,1.0,1.0,3.0,2.6666666666666665,1.0,1.9585032219909575,155,45,1.0,0.0414967780090425
665719930927,2025-10,5,3.0,7.0,7.0,1.0,14.0,5.0,5.0,7.166666666666667,7.0,6.42204260362381,155,47,4.0,3.42204260362381
665719930928,2025-10,3,4.0,7.0,10.0,5.0,3.0,7.0,7.333333333333333,5.166666666666667,7.0,5.1397158461159975,155,48,3.0,1.1397158461159975
665719930929,2025-10,3,1.0,1.0,1.0,1.0,1.0,2.0,1.0,1.0,1.0,1.8789717435804754,155,49,0.0,0.8789717435804754
665719930930,2025-10,3,2.0,1.0,3.0,1.0,2.0,5.0,1.6666666666666667,1.5,1.0,2.5370359179722577,155,50,1.0,0.5370359179722577
665719930937,2025-10,1,1.0,3.0,3.0,2.0,1.0,1.0,2.6666666666666665,1.8333333333333333,3.0,1.8035194696343648,155,57,2.0,0.8035194696343648
665719930938,2025-10,10,10.0,7.0,13.0,8.0,14.0,5.0,9.333333333333334,9.666666666666666,7.0,9.1710363337262,155,58,3.0,0.8289636662738005
665719930939,2025-10,8,6.0,9.0,15.0,16.0,14.0,10.0,13.333333333333334,13.833333333333334,9.0,11.178890621379873,155,59,3.0,5.178890621379873
665719930946,2025-10,7,7.0,12.0,3.0,11.0,4.0,11.0,8.666666666666666,7.666666666666667,12.0,8.095119154494018,155,66,5.0,1.095119154494018
665719930947,2025-10,20,14.0,20.0,22.0,15.0,17.0,14.0,19.0,19.833333333333332,20.0,18.731406249918056,155,67,6.0,4.731406249918056
665719930948,2025-10,9,18.0,16.0,20.0,16.0,11.0,17.0,17.333333333333332,15.166666666666666,16.0,13.576269430507468,155,68,2.0,4.423730569492532
665719930949,2025-10,18,16.0,18.0,18.0,27.0,22.0,22.0,21.0,23.0,18.0,20.417889664460255,155,69,2.0,4.4178896644602546
665719930950,2025-10,17,11.0,13.0,18.0,21.0,19.0,31.0,17.333333333333332,16.5,13.0,18.094096766450875,155,70,2.0,7.094096766450875
665719930951,2025-10,10,14.0,15.0,13.0,20.0,13.0,9.0,16.0,17.833333333333332,15.0,13.654830665864758,155,71,1.0,0.3451693341352424
665719930952,2025-10,9,16.0,14.0,10.0,20.0,10.0,12.0,14.666666666666666,15.0,14.0,12.374762247248645,155,72,2.0,3.625237752751355
665719930953,2025-10,11,5.0,15.0,8.0,4.0,8.0,14.0,9.0,9.0,15.0,10.555236070661213,155,73,10.0,5.555236070661213
665719930954,2025-10,12,5.0,13.0,7.0,14.0,21.0,17.0,11.333333333333334,13.666666666666666,13.0,13.446949044237366,155,74,8.0,8.446949044237366
665719930955,2025-10,68,46.0,59.0,55.0,81.0,49.0,25.0,65.0,51.5,59.0,53.6360822673939,155,75,13.0,7.636082267393903
665719930956,2025-10,25,35.0,23.0,31.0,19.0,26.0,27.0,24.333333333333332,25.0,23.0,24.714215170676184,155,76,12.0,10.285784829323816
665719930957,2025-10,41,40.0,22.0,19.0,19.0,25.0,26.0,20.0,22.666666666666668,22.0,27.703903178546433,155,77,18.0,12.296096821453567
665719930958,2025-10,31,45.0,26.0,15.0,45.0,21.0,30.0,28.666666666666668,30.333333333333332,26.0,28.848233551581004,155,78,19.0,16.151766448418996
665719930959,2025-10,6,7.0,9.0,11.0,6.0,9.0,10.0,8.666666666666666,10.166666666666666,9.0,8.649036101256552,155,79,2.0,1.6490361012565522
665719930960,2025-10,10,4.0,1.0,2.0,6.0,2.0,9.0,3.0,4.666666666666667,1.0,6.221543946857834,155,80,3.0,2.2215439468578344
665719930961,2025-10,16,11.0,16.0,19.0,12.0,14.0,16.0,15.666666666666666,15.166666666666666,16.0,15.43011697345566,155,81,5.0,4.430116973455659
665719930962,2025-10,10,9.0,23.0,15.0,20.0,11.0,6.0,19.333333333333332,19.166666666666668,23.0,14.604594260080411,155,82,14.0,5.604594260080411
665719930963,2025-10,1,4.0,1.0,2.0,1.0,4.0,1.0,1.3333333333333333,2.3333333333333335,1.0,1.8297411440607352,155,83,3.0,2.170258855939265
665719930964,2025-10,3,4.0,3.0,4.0,6.0,2.0,7.0,4.333333333333333,4.333333333333333,3.0,4.163994231072703,155,84,1.0,0.16399423107270295
665719930968,2025-10,4,6.0,8.0,5.0,7.0,4.0,7.0,6.666666666666667,5.166666666666667,8.0,5.430122408938532,155,88,2.0,0.5698775910614682
670014898220,2025-10,2,15.0,9.0,11.0,7.0,14.0,12.0,9.0,12.166666666666666,9.0,8.69698525758102,156,44,6.0,6.303014742418981
670014898221,2025-10,16,11.0,15.0,12.0,7.0,5.0,13.0,11.333333333333334,9.0,15.0,11.97956941009183,156,45,4.0,0.9795694100918304
670014898223,2025-10,1,10.0,3.0,4.0,6.0,8.0,4.0,4.333333333333333,4.833333333333333,3.0,3.678590025597426,156,47,7.0,6.321409974402574
670014898224,2025-10,7,3.0,3.0,7.0,11.0,7.0,6.0,7.0,6.5,3.0,6.434401347374397,156,48,0.0,3.434401347374397
670014898235,2025-10,19,16.0,19.0,20.0,25.0,13.0,12.0,21.333333333333332,19.5,19.0,18.01775669978973,156,59,3.0,2.0177566997897287
670014898238,2025-10,2,5.0,1.0,4.0,6.0,7.0,3.0,3.6666666666666665,4.0,1.0,3.296890062791907,156,62,4.0,1.703109937208093
670014898239,2025-10,10,11.0,7.0,15.0,13.0,12.0,14.0,11.666666666666666,12.166666666666666,7.0,11.254392952361782,156,63,4.0,0.2543929523617816
670014898240,2025-10,20,22.0,19.0,28.0,15.0,14.0,20.0,20.666666666666668,18.666666666666668,19.0,19.043203603434385,156,64,3.0,2.9567963965656148
670014898244,2025-10,14,19.0,21.0,13.0,21.0,14.0,26.0,18.333333333333332,17.333333333333332,21.0,17.355818923075,156,68,2.0,1.6441810769250012
670014898245,2025-10,24,15.0,16.0,9.0,22.0,9.0,9.0,15.666666666666666,15.0,16.0,16.48173013175361,156,69,1.0,1.4817301317536113
670014898246,2025-10,21,23.0,18.0,27.0,13.0,10.0,15.0,19.333333333333332,17.666666666666668,18.0,18.00002677975783,156,70,5.0,4.999973220242168
670014898247,2025-10,32,27.0,20.0,36.0,30.0,26.0,35.0,28.666666666666668,31.0,20.0,29.96655075903724,156,71,7.0,2.96655075903724
670014898248,2025-10,27,36.0,29.0,26.0,23.0,28.0,27.0,26.0,28.333333333333332,29.0,27.087774995299377,156,72,7.0,8.912225004700623
670014898249,2025-10,3,1.0,7.0,3.0,2.0,3.0,3.0,4.0,3.5,7.0,3.7079597643356585,156,73,6.0,2.7079597643356585
670014898250,2025-10,21,14.0,17.0,14.0,19.0,8.0,18.0,16.666666666666668,13.333333333333334,17.0,16.293227497953524,156,74,3.0,2.2932274979535237
670014898251,2025-10,35,39.0,41.0,17.0,22.0,27.0,29.0,26.666666666666668,24.833333333333332,41.0,29.217655594708653,156,75,2.0,9.782344405291347
670014898252,2025-10,30,24.0,16.0,15.0,19.0,13.0,20.0,16.666666666666668,16.833333333333332,16.0,20.478951704645247,156,76,8.0,3.5210482953547526
670014898253,2025-10,18,10.0,6.0,9.0,8.0,9.0,20.0,7.666666666666667,9.333333333333334,6.0,12.630268510453046,156,77,4.0,2.630268510453046
670014898254,2025-10,15,13.0,17.0,9.0,19.0,13.0,18.0,15.0,17.166666666666668,17.0,15.939608282140195,156,78,4.0,2.9396082821401954
670014898255,2025-10,22,9.0,17.0,5.0,22.0,13.0,10.0,14.666666666666666,16.5,17.0,16.675522664297002,156,79,8.0,7.675522664297002
670014898256,2025-10,4,7.0,4.0,7.0,22.0,5.0,7.0,11.0,9.0,4.0,6.90935094262664,156,80,3.0,0.09064905737336026
670014898257,2025-10,12,19.0,16.0,21.0,9.0,11.0,9.0,15.333333333333334,14.666666666666666,16.0,13.141059754316627,156,81,3.0,5.858940245683373
670014898258,2025-10,46,19.0,12.0,8.0,11.0,20.0,13.0,10.333333333333334,12.0,12.0,21.889780407103526,156,82,7.0,2.889780407103526
670014898260,2025-10,2,11.0,3.0,7.0,5.0,5.0,3.0,5.0,6.333333333333333,3.0,4.328066887345809,156,84,8.0,6.671933112654191
670014898261,2025-10,21,24.0,12.0,19.0,30.0,23.0,26.0,20.333333333333332,22.666666666666668,12.0,21.169981969766738,156,85,12.0,2.830018030233262
670014898262,2025-10,8,4.0,7.0,11.0,13.0,19.0,20.0,10.333333333333334,13.666666666666666,7.0,12.07123812335694,156,86,3.0,8.07123812335694
670014898263,2025-10,2,5.0,5.0,7.0,7.0,2.0,6.0,6.333333333333333,4.5,5.0,4.181753675585944,156,87,0.0,0.8182463244140559
670014898264,2025-10,1,1.0,3.0,1.0,5.0,1.0,2.0,3.0,2.6666666666666665,3.0,2.2197400985087246,156,88,2.0,1.2197400985087246
674309865508,2025-10,1,2.0,3.0,2.0,5.0,2.0,2.0,3.3333333333333335,3.0,3.0,2.4215874635569277,157,36,1.0,0.42158746355692767
674309865516,2025-10,10,8.0,6.0,5.0,6.0,9.0,5.0,5.666666666666667,8.5,6.0,8.049444178625006,157,44,2.0,0.04944417862500572
674309865517,2025-10,3,12.0,4.0,6.0,4.0,6.0,13.0,4.666666666666667,5.5,4.0,5.593583276204391,157,45,8.0,6.406416723795609
674309865519,2025-10,1,2.0,1.0,2.0,4.0,2.0,2.0,2.3333333333333335,2.5,1.0,2.005498273838329,157,47,1.0,0.005498273838329126
674309865530,2025-10,2,1.0,1.0,2.0,1.0,2.0,1.0,1.3333333333333333,1.5,1.0,1.7347080763459335,157,58,0.0,0.7347080763459335
674309865531,2025-10,10,11.0,14.0,14.0,8.0,3.0,11.0,12.0,8.833333333333334,14.0,9.887184511966622,157,59,3.0,1.1128154880333785
674309865534,2025-10,20,8.0,16.0,12.0,29.0,14.0,20.0,19.0,17.5,16.0,18.073731780147444,157,62,8.0,10.073731780147444
674309865535,2025-10,23,17.0,14.0,21.0,25.0,18.0,13.0,20.0,19.166666666666668,14.0,18.894765663316754,157,63,3.0,1.894765663316754
674309865536,2025-10,6,11.0,6.0,8.0,5.0,6.0,5.0,6.333333333333333,7.5,6.0,6.5184748835498265,157,64,5.0,4.4815251164501735
674309865540,2025-10,3,7.0,2.0,1.0,1.0,3.0,2.0,1.3333333333333333,1.5,2.0,2.248943500889526,157,68,5.0,4.751056499110474
674309865541,2025-10,77,68.0,72.0,76.0,85.0,77.0,71.0,77.66666666666667,74.5,72.0,73.31635737013683,157,69,4.0,5.316357370136828
674309865542,2025-10,21,43.0,38.0,61.0,75.0,49.0,44.0,58.0,53.833333333333336,38.0,41.14729362096531,157,70,5.0,1.852706379034693
674309865543,2025-10,36,23.0,29.0,34.0,37.0,37.0,54.0,33.333333333333336,37.166666666666664,29.0,37.09245198069649,157,71,6.0,14.092451980696488
674309865544,2025-10,2,3.0,9.0,1.0,4.0,5.0,9.0,4.666666666666667,4.666666666666667,9.0,4.822875950624006,157,72,6.0,1.822875950624006
674309865545,2025-10,16,21.0,15.0,29.0,35.0,27.0,25.0,26.333333333333332,25.833333333333332,15.0,21.7816957800024,157,73,6.0,0.7816957800024014
674309865546,2025-10,83,77.0,66.0,56.0,74.0,63.0,48.0,65.33333333333333,60.166666666666664,66.0,64.88408809035354,157,74,11.0,12.115911909646456
674309865547,2025-10,104,99.0,105.0,87.0,87.0,89.0,121.0,93.0,92.66666666666667,105.0,97.86117162467562,157,75,6.0,1.1388283753243797
674309865548,2025-10,62,65.0,40.0,34.0,38.0,43.0,59.0,37.333333333333336,37.166666666666664,40.0,46.568615352363814,157,76,25.0,18.431384647636186
674309865549,2025-10,41,26.0,26.0,17.0,26.0,31.0,31.0,23.0,26.333333333333332,26.0,30.395052781540365,157,77,0.0,4.395052781540365
674309865550,2025-10,11,13.0,20.0,15.0,29.0,9.0,17.0,21.333333333333332,17.333333333333332,20.0,15.414774791179733,157,78,7.0,2.414774791179733
674309865551,2025-10,11,10.0,16.0,8.0,23.0,12.0,27.0,15.666666666666666,15.5,16.0,15.21342107474,157,79,6.0,5.213421074739999
674309865552,2025-10,1,2.0,2.0,1.0,3.0,4.0,2.0,2.0,2.8333333333333335,2.0,2.2472145006669155,157,80,0.0,0.24721450066691553
674309865553,2025-10,11,8.0,9.0,13.0,10.0,7.0,5.0,10.666666666666666,11.0,9.0,9.880409254393907,157,81,1.0,1.880409254393907
674309865554,2025-10,4,2.0,1.0,1.0,6.0,4.0,3.0,2.6666666666666665,4.0,1.0,3.6111524245371074,157,82,1.0,1.6111524245371074
674309865555,2025-10,4,6.0,3.0,5.0,4.0,5.0,15.0,4.0,4.666666666666667,3.0,5.6343771499550925,157,83,3.0,0.36562285004490747
674309865556,2025-10,2,2.0,3.0,6.0,5.0,2.0,5.0,4.666666666666667,4.333333333333333,3.0,3.692986106158261,157,84,1.0,1.6929861061582612
674309865557,2025-10,9,8.0,13.0,20.0,15.0,12.0,12.0,16.0,15.0,13.0,12.619788182979107,157,85,5.0,4.619788182979107
674309865558,2025-10,13,20.0,6.0,12.0,17.0,10.0,8.0,11.666666666666666,12.166666666666666,6.0,11.194964981746349,157,86,14.0,8.805035018253651
674309865559,2025-10,5,2.0,3.0,2.0,4.0,4.0,5.0,3.0,4.166666666666667,3.0,4.387310362279228,157,87,1.0,2.387310362279228
678604832811,2025-10,9,3.0,2.0,7.0,7.0,4.0,3.0,5.333333333333333,6.666666666666667,2.0,6.34906482409489,158,43,1.0,3.3490648240948904
678604832812,2025-10,12,7.0,9.0,7.0,11.0,15.0,2.0,9.0,10.666666666666666,9.0,9.833324862656198,158,44,2.0,2.833324862656198
678604832815,2025-10,18,17.0,11.0,18.0,22.0,14.0,14.0,17.0,16.0,11.0,15.77457293928436,158,47,6.0,1.2254270607156403
678604832816,2025-10,12,15.0,20.0,17.0,20.0,21.0,15.0,19.0,18.333333333333332,20.0,16.165039302637723,158,48,5.0,1.165039302637723
678604832817,2025-10,15,11.0,14.0,12.0,16.0,18.0,14.0,14.0,16.333333333333332,14.0,15.111737773086794,158,49,3.0,4.111737773086794
678604832826,2025-10,8,2.0,8.0,8.0,12.0,7.0,9.0,9.333333333333334,11.0,8.0,9.249210547006815,158,58,6.0,7.249210547006815
678604832827,2025-10,2,1.0,3.0,3.0,1.0,1.0,1.0,2.3333333333333335,2.1666666666666665,3.0,2.1759739753487164,158,59,2.0,1.1759739753487164
678604832828,2025-10,4,2.0,1.0,1.0,2.0,3.0,2.0,1.3333333333333333,2.0,1.0,2.6319727185709603,158,60,1.0,0.6319727185709603
678604832830,2025-10,20,13.0,23.0,20.0,11.0,23.0,18.0,18.0,17.166666666666668,23.0,18.66368000382064,158,62,10.0,5.663680003820641
678604832831,2025-10,37,14.0,22.0,17.0,36.0,38.0,16.0,25.0,24.5,22.0,27.007873418738967,158,63,8.0,13.007873418738967
678604832832,2025-10,25,11.0,16.0,18.0,14.0,6.0,15.0,16.0,14.0,16.0,17.131662315568086,158,64,5.0,6.131662315568086
678604832833,2025-10,5,2.0,4.0,19.0,9.0,4.0,6.0,10.666666666666666,9.0,4.0,7.140590470563393,158,65,2.0,5.140590470563393
678604832837,2025-10,11,11.0,2.0,9.0,20.0,18.0,7.0,10.333333333333334,13.833333333333334,2.0,10.985262854198538,158,69,9.0,0.014737145801461793
678604832838,2025-10,57,51.0,46.0,59.0,63.0,52.0,59.0,56.0,56.666666666666664,46.0,54.742538656234395,158,70,5.0,3.7425386562343945
678604832839,2025-10,9,6.0,7.0,9.0,14.0,14.0,20.0,10.0,11.0,7.0,11.149634218633308,158,71,1.0,5.149634218633308
678604832840,2025-10,7,4.0,2.0,2.0,1.0,2.0,6.0,1.6666666666666667,2.1666666666666665,2.0,4.095296334379932,158,72,2.0,0.09529633437993201
678604832841,2025-10,39,17.0,45.0,27.0,50.0,35.0,33.0,40.666666666666664,35.166666666666664,45.0,36.45216624719069,158,73,28.0,19.45216624719069
678604832842,2025-10,266,291.0,253.0,306.0,276.0,290.0,267.0,278.3333333333333,270.0,253.0,262.5293082607523,158,74,38.0,28.470691739247684
678604832843,2025-10,329,271.0,241.0,261.0,296.0,281.0,268.0,266.0,263.5,241.0,275.4229500312444,158,75,30.0,4.4229500312443975
678604832844,2025-10,69,51.0,57.0,33.0,47.0,73.0,77.0,45.666666666666664,52.833333333333336,57.0,59.54517898378759,158,76,6.0,8.545178983787594
678604832845,2025-10,27,30.0,23.0,27.0,29.0,30.0,44.0,26.333333333333332,29.333333333333332,23.0,29.129956695662976,158,77,7.0,0.8700433043370239
678604832846,2025-10,4,8.0,3.0,7.0,3.0,3.0,4.0,4.333333333333333,4.166666666666667,3.0,4.113179179498747,158,78,5.0,3.886820820501253
678604832847,2025-10,9,13.0,4.0,14.0,10.0,14.0,9.0,9.333333333333334,11.333333333333334,4.0,9.725131735085014,158,79,9.0,3.2748682649149856
678604832848,2025-10,15,7.0,10.0,17.0,12.0,8.0,8.0,13.0,12.166666666666666,10.0,12.158559637721673,158,80,3.0,5.158559637721673
678604832849,2025-10,8,5.0,9.0,5.0,5.0,13.0,8.0,6.333333333333333,7.666666666666667,9.0,8.012580976365753,158,81,4.0,3.0125809763657525
678604832850,2025-10,29,30.0,35.0,28.0,23.0,6.0,10.0,28.666666666666668,18.666666666666668,35.0,21.99457927611404,158,82,5.0,8.005420723885958
678604832851,2025-10,1,4.0,5.0,4.0,2.0,4.0,4.0,3.6666666666666665,3.3333333333333335,5.0,3.0714964178608692,158,83,1.0,0.9285035821391308
678604832852,2025-10,2,3.0,2.0,3.0,4.0,5.0,7.0,3.0,4.666666666666667,2.0,3.923614778599201,158,84,1.0,0.9236147785992008
678604832853,2025-10,7,20.0,8.0,17.0,33.0,14.0,13.0,19.333333333333332,17.166666666666668,8.0,12.887587835298504,158,85,12.0,7.112412164701496
678604832854,2025-10,9,10.0,5.0,10.0,12.0,5.0,12.0,9.0,9.166666666666666,5.0,8.925383714340308,158,86,5.0,1.0746162856596921
678604832855,2025-10,3,4.0,6.0,7.0,5.0,10.0,13.0,6.0,7.333333333333333,6.0,6.6946385028660735,158,87,2.0,2.6946385028660735
682899800104,2025-10,3,1.0,1.0,1.0,1.0,1.0,2.0,1.0,1.0,1.0,1.8789717435804754,159,40,0.0,0.8789717435804754
682899800105,2025-10,11,6.0,2.0,11.0,8.0,6.0,5.0,7.0,8.666666666666666,2.0,8.137971365504185,159,41,4.0,2.1379713655041854
682899800106,2025-10,2,1.0,3.0,1.0,3.0,1.0,1.0,2.3333333333333335,1.8333333333333333,3.0,2.036397623746881,159,42,2.0,1.0363976237468808
682899800110,2025-10,19,29.0,29.0,27.0,33.0,29.0,26.0,29.666666666666668,30.0,29.0,25.646525773290065,159,46,0.0,3.3534742267099347
682899800111,2025-10,19,14.0,15.0,16.0,42.0,21.0,26.0,24.333333333333332,23.5,15.0,21.34800984827931,159,47,1.0,7.348009848279311
682899800112,2025-10,11,12.0,6.0,20.0,23.0,10.0,19.0,16.333333333333332,13.333333333333334,6.0,12.84352248038518,159,48,6.0,0.8435224803851806
682899800113,2025-10,7,3.0,5.0,5.0,4.0,7.0,3.0,4.666666666666667,7.666666666666667,5.0,6.410666728235234,159,49,2.0,3.410666728235234
682899800114,2025-10,8,4.0,6.0,3.0,5.0,7.0,2.0,4.666666666666667,6.0,6.0,6.048446131142228,159,50,2.0,2.048446131142228
682899800115,2025-10,7,3.0,9.0,1.0,13.0,13.0,10.0,7.666666666666667,7.666666666666667,9.0,8.036089042613648,159,51,6.0,5.036089042613648
682899800116,2025-10,9,4.0,5.0,1.0,9.0,9.0,12.0,5.0,6.833333333333333,5.0,7.833861643167809,159,52,1.0,3.8338616431678094
682899800120,2025-10,5,4.0,2.0,1.0,1.0,1.0,1.0,1.3333333333333333,1.8333333333333333,2.0,2.727603857781787,159,56,2.0,1.2723961422182128
682899800122,2025-10,7,1.0,3.0,3.0,1.0,3.0,3.0,2.3333333333333335,3.1666666666666665,3.0,4.278911612891612,159,58,2.0,3.278911612891612
682899800123,2025-10,5,5.0,1.0,4.0,3.0,2.0,1.0,2.6666666666666665,2.5,1.0,3.079855595687672,159,59,4.0,1.9201444043123281
682899800125,2025-10,6,1.0,3.0,1.0,3.0,7.0,2.0,2.3333333333333335,4.5,3.0,4.495596503590983,159,61,2.0,3.495596503590983
682899800126,2025-10,4,7.0,7.0,10.0,11.0,7.0,4.0,9.333333333333334,7.833333333333333,7.0,6.353053638543722,159,62,0.0,0.646946361456278
682899800127,2025-10,7,10.0,5.0,4.0,4.0,4.0,5.0,4.333333333333333,4.333333333333333,5.0,5.309873583921444,159,63,5.0,4.690126416078556
682899800128,2025-10,14,20.0,9.0,12.0,10.0,12.0,14.0,10.333333333333334,12.166666666666666,9.0,12.397522242389478,159,64,11.0,7.602477757610522
682899800129,2025-10,9,6.0,6.0,6.0,10.0,4.0,8.0,7.333333333333333,7.833333333333333,6.0,7.823208045517541,159,65,0.0,1.823208045517541
682899800130,2025-10,4,7.0,1.0,7.0,9.0,7.0,2.0,5.666666666666667,5.166666666666667,1.0,4.365968034940582,159,66,6.0,2.6340319650594184
682899800131,2025-10,14,18.0,12.0,6.0,9.0,12.0,10.0,9.0,12.166666666666666,12.0,11.965501841256126,159,67,6.0,6.034498158743874
682899800132,2025-10,22,25.0,15.0,28.0,26.0,22.0,16.0,23.0,23.5,15.0,21.079706593166676,159,68,10.0,3.9202934068333235
682899800133,2025-10,42,47.0,37.0,43.0,39.0,47.0,34.0,39.666666666666664,42.666666666666664,37.0,40.06448211863038,159,69,10.0,6.93551788136962
682899800134,2025-10,2,1.0,1.0,4.0,5.0,1.0,3.0,3.3333333333333335,2.5,1.0,2.4760611778347137,159,70,0.0,1.4760611778347137
682899800135,2025-10,10,4.0,11.0,12.0,9.0,12.0,12.0,10.666666666666666,11.666666666666666,11.0,11.02668946519167,159,71,7.0,7.026689465191669
682899800136,2025-10,8,14.0,14.0,7.0,13.0,9.0,17.0,11.333333333333334,12.5,14.0,11.439945769974322,159,72,0.0,2.5600542300256777
682899800137,2025-10,8,11.0,13.0,12.0,14.0,13.0,10.0,13.0,13.166666666666666,13.0,11.144958947783715,159,73,2.0,0.14495894778371543
682899800138,2025-10,84,102.0,111.0,110.0,121.0,110.0,103.0,114.0,112.16666666666667,111.0,100.32984888599931,159,74,9.0,1.6701511140006886
682899800139,2025-10,160,147.0,133.0,146.0,123.0,134.0,142.0,134.0,130.5,133.0,137.9892660906868,159,75,14.0,9.010733909313188
682899800140,2025-10,43,28.0,22.0,25.0,34.0,35.0,45.0,27.0,28.5,22.0,33.703616346150525,159,76,6.0,5.703616346150525
682899800141,2025-10,3,4.0,4.0,2.0,6.0,7.0,4.0,4.0,5.166666666666667,4.0,4.3454179070108045,159,77,0.0,0.34541790701080455
682899800142,2025-10,20,22.0,12.0,21.0,11.0,20.0,14.0,14.666666666666666,16.5,12.0,16.694363719717707,159,78,10.0,5.305636280282293
682899800143,2025-10,31,29.0,19.0,30.0,20.0,16.0,23.0,23.0,21.5,19.0,23.844905281510897,159,79,10.0,5.155094718489103
682899800144,2025-10,12,26.0,10.0,14.0,19.0,15.0,25.0,14.333333333333334,14.5,10.0,14.536373331937071,159,80,16.0,11.463626668062929
682899800145,2025-10,28,15.0,19.0,19.0,18.0,23.0,36.0,18.666666666666668,21.333333333333332,19.0,24.28368279520351,159,81,4.0,9.28368279520351
682899800146,2025-10,18,9.0,12.0,11.0,14.0,8.0,18.0,12.333333333333334,13.5,12.0,14.696536016061804,159,82,3.0,5.696536016061804
682899800147,2025-10,3,1.0,1.0,4.0,6.0,3.0,4.0,3.6666666666666665,3.1666666666666665,1.0,3.231699047444601,159,83,0.0,2.231699047444601
682899800148,2025-10,17,12.0,21.0,6.0,2.0,8.0,7.0,9.666666666666666,7.333333333333333,21.0,11.347758431022154,159,84,9.0,0.6522415689778462
682899800149,2025-10,5,6.0,8.0,7.0,15.0,8.0,13.0,10.0,9.0,8.0,8.262626357889745,159,85,2.0,2.2626263578897454
682899800150,2025-10,3,7.0,4.0,7.0,8.0,5.0,3.0,6.333333333333333,7.833333333333333,4.0,5.3310611082579555,159,86,3.0,1.6689388917420445
682899800151,2025-10,4,1.0,2.0,2.0,2.0,1.0,7.0,2.0,2.0,2.0,3.2849892083954604,159,87,1.0,2.2849892083954604
682899800152,2025-10,1,2.0,2.0,3.0,3.0,3.0,4.0,2.6666666666666665,2.5,2.0,2.405920529670368,159,88,0.0,0.40592052967036807
687194767399,2025-10,8,12.0,12.0,7.0,10.0,18.0,10.0,9.666666666666666,10.166666666666666,12.0,9.893083027121454,160,39,0.0,2.1069169728785457
687194767400,2025-10,6,7.0,8.0,1.0,2.0,4.0,4.0,3.6666666666666665,3.5,8.0,4.75190756567447,160,40,1.0,2.24809243432553
687194767401,2025-10,4,4.0,2.0,7.0,3.0,2.0,2.0,4.0,3.3333333333333335,2.0,3.433260827122945,160,41,2.0,0.566739172877055
687194767402,2025-10,2,3.0,1.0,3.0,4.0,2.0,1.0,2.6666666666666665,2.1666666666666665,1.0,2.0960730976782784,160,42,2.0,0.9039269023217216
687194767406,2025-10,4,8.0,9.0,6.0,9.0,6.0,3.0,8.0,6.5,9.0,5.714179614027087,160,46,1.0,2.2858203859729134
687194767407,2025-10,18,24.0,11.0,24.0,20.0,22.0,24.0,18.333333333333332,19.166666666666668,11.0,18.614560879672588,160,47,13.0,5.385439120327412
687194767408,2025-10,16,25.0,16.0,18.0,28.0,24.0,22.0,20.666666666666668,21.5,16.0,19.229686305564854,160,48,9.0,5.770313694435146
687194767409,2025-10,14,11.0,17.0,16.0,16.0,8.0,12.0,16.333333333333332,14.666666666666666,17.0,14.041643886246542,160,49,6.0,3.0416438862465416
687194767410,2025-10,16,7.0,11.0,13.0,19.0,21.0,25.0,14.333333333333334,16.333333333333332,11.0,16.650735879779642,160,50,4.0,9.650735879779642
687194767413,2025-10,1,4.0,1.0,4.0,2.0,2.0,1.0,2.3333333333333335,2.0,1.0,1.7349394130853018,160,53,3.0,2.2650605869146982
687194767417,2025-10,1,1.0,1.0,2.0,1.0,1.0,1.0,1.3333333333333333,1.5,1.0,1.4048365175566353,160,57,0.0,0.4048365175566353
687194767419,2025-10,3,8.0,2.0,8.0,6.0,5.0,10.0,5.333333333333333,4.0,2.0,4.595720038940626,160,59,6.0,3.404279961059374
687194767420,2025-10,6,3.0,10.0,4.0,6.0,2.0,2.0,6.666666666666667,5.333333333333333,10.0,5.516480669952966,160,60,7.0,2.5164806699529656
687194767423,2025-10,7,11.0,17.0,13.0,6.0,3.0,8.0,12.0,9.333333333333334,17.0,9.067896316998656,160,63,6.0,1.932103683001344
687194767424,2025-10,51,42.0,29.0,54.0,37.0,44.0,23.0,40.0,37.333333333333336,29.0,38.86698928336123,160,64,13.0,3.133010716638772
687194767425,2025-10,12,12.0,13.0,9.0,8.0,7.0,13.0,10.0,10.0,13.0,10.971633124263276,160,65,1.0,1.0283668757367241
687194767426,2025-10,21,24.0,35.0,19.0,32.0,25.0,21.0,28.666666666666668,26.5,35.0,24.501724200837472,160,66,11.0,0.5017242008374723
687194767427,2025-10,20,19.0,17.0,17.0,11.0,18.0,12.0,15.0,14.333333333333334,17.0,15.977530435318748,160,67,2.0,3.022469564681252
687194767428,2025-10,22,27.0,20.0,21.0,15.0,16.0,8.0,18.666666666666668,16.666666666666668,20.0,17.396050385365943,160,68,7.0,9.603949614634057
687194767429,2025-10,8,13.0,19.0,21.0,24.0,10.0,34.0,21.333333333333332,16.833333333333332,19.0,16.44564036822015,160,69,6.0,3.4456403682201504
687194767430,2025-10,14,16.0,9.0,10.0,11.0,14.0,12.0,10.0,12.0,9.0,12.138019221070191,160,70,7.0,3.8619807789298086
687194767431,2025-10,33,25.0,24.0,27.0,32.0,54.0,27.0,27.666666666666668,33.833333333333336,24.0,31.653674639557217,160,71,1.0,6.653674639557217
687194767432,2025-10,10,8.0,17.0,14.0,19.0,12.0,9.0,16.666666666666668,15.0,17.0,12.844367934321385,160,72,9.0,4.844367934321385
687194767433,2025-10,8,19.0,16.0,14.0,11.0,17.0,12.0,13.666666666666666,14.0,16.0,12.164839659396707,160,73,3.0,6.835160340603293
687194767434,2025-10,28,35.0,9.0,17.0,28.0,31.0,14.0,18.0,20.5,9.0,20.879728898427768,160,74,26.0,14.120271101572232
687194767435,2025-10,11,13.0,11.0,6.0,15.0,13.0,14.0,10.666666666666666,11.666666666666666,11.0,11.525246212322063,160,75,2.0,1.4747537876779369
687194767436,2025-10,52,35.0,41.0,46.0,51.0,36.0,32.0,46.0,47.666666666666664,41.0,44.832302604333414,160,76,6.0,9.832302604333414
687194767437,2025-10,19,10.0,22.0,25.0,26.0,11.0,28.0,24.333333333333332,21.0,22.0,20.909092722087742,160,77,12.0,10.909092722087742
687194767438,2025-10,19,12.0,28.0,18.0,21.0,20.0,28.0,22.333333333333332,22.166666666666668,28.0,21.922911326145027,160,78,16.0,9.922911326145027
687194767439,2025-10,38,27.0,31.0,34.0,43.0,26.0,35.0,36.0,34.333333333333336,31.0,34.307987979541124,160,79,4.0,7.3079879795411244
687194767440,2025-10,5,6.0,11.0,7.0,5.0,10.0,6.0,7.666666666666667,8.333333333333334,11.0,7.311521502465362,160,80,5.0,1.3115215024653617
687194767441,2025-10,3,3.0,5.0,3.0,5.0,7.0,1.0,4.333333333333333,4.5,5.0,3.873047587758176,160,81,2.0,0.873047587758176
687194767442,2025-10,1,4.0,1.0,1.0,4.0,3.0,1.0,2.0,2.6666666666666665,1.0,1.9484509925949691,160,82,3.0,2.051549007405031
687194767443,2025-10,8,12.0,16.0,9.0,20.0,23.0,15.0,15.0,16.5,16.0,13.721978152870093,160,83,4.0,1.7219781528700935
687194767444,2025-10,9,8.0,11.0,11.0,11.0,9.0,12.0,11.0,12.333333333333334,11.0,10.85811070186166,160,84,3.0,2.8581107018616603
687194767445,2025-10,2,2.0,5.0,6.0,8.0,5.0,8.0,6.333333333333333,4.666666666666667,5.0,4.60035796091871,160,85,3.0,2.6003579609187097
687194767446,2025-10,6,2.0,3.0,6.0,6.0,3.0,7.0,5.0,4.5,3.0,5.2042156352977305,160,86,1.0,3.2042156352977305
687194767447,2025-10,2,3.0,2.0,3.0,3.0,1.0,4.0,2.6666666666666665,2.5,2.0,2.601957688909465,160,87,1.0,0.3980423110905349
687194767448,2025-10,1,3.0,4.0,3.0,1.0,1.0,2.0,2.6666666666666665,2.1666666666666665,4.0,2.1158855565803574,160,88,1.0,0.8841144434196426
691489734694,2025-10,10,13.0,4.0,21.0,15.0,12.0,3.0,13.333333333333334,11.333333333333334,4.0,9.638602022866568,161,38,9.0,3.361397977133432
691489734698,2025-10,4,1.0,1.0,4.0,4.0,6.0,7.0,3.0,4.333333333333333,1.0,4.357019458526169,161,42,0.0,3.3570194585261692
691489734699,2025-10,2,1.0,4.0,1.0,1.0,2.0,1.0,2.0,2.0,4.0,2.1868624690780916,161,43,3.0,1.1868624690780916
691489734703,2025-10,18,25.0,15.0,32.0,21.0,17.0,23.0,22.666666666666668,21.833333333333332,15.0,19.983986179692472,161,47,10.0,5.016013820307528
691489734704,2025-10,13,13.0,15.0,12.0,17.0,22.0,30.0,14.666666666666666,20.333333333333332,15.0,18.15718067584574,161,48,2.0,5.157180675845741
691489734705,2025-10,19,17.0,21.0,29.0,18.0,19.0,16.0,22.666666666666668,22.666666666666668,21.0,20.242600207496075,161,49,4.0,3.242600207496075
691489734706,2025-10,18,5.0,17.0,23.0,25.0,8.0,17.0,21.666666666666668,19.0,17.0,17.840332112809218,161,50,12.0,12.840332112809218
691489734707,2025-10,2,1.0,2.0,5.0,2.0,2.0,2.0,3.0,3.6666666666666665,2.0,2.868319440519784,161,51,1.0,1.8683194405197838
691489734708,2025-10,1,2.0,5.0,4.0,15.0,10.0,7.0,8.0,8.166666666666666,5.0,5.764605294913818,161,52,3.0,3.7646052949138182
691489734709,2025-10,3,7.0,6.0,6.0,4.0,6.0,5.0,5.333333333333333,4.833333333333333,6.0,4.620420587640055,161,53,1.0,2.379579412359945
691489734710,2025-10,3,16.0,1.0,11.0,15.0,9.0,5.0,9.0,9.666666666666666,1.0,6.43753835249371,161,54,15.0,9.56246164750629
691489734711,2025-10,5,1.0,2.0,5.0,5.0,3.0,1.0,4.0,4.666666666666667,2.0,4.086631502817246,161,55,1.0,3.086631502817246
691489734719,2025-10,3,3.0,2.0,3.0,3.0,2.0,3.0,2.6666666666666665,2.0,2.0,2.6381221261254595,161,63,1.0,0.3618778738745405
691489734720,2025-10,2,6.0,2.0,11.0,5.0,11.0,5.0,6.0,6.666666666666667,2.0,5.00741829092609,161,64,4.0,0.9925817090739102
691489734721,2025-10,6,8.0,17.0,13.0,13.0,8.0,10.0,14.333333333333334,13.0,17.0,10.729168268087252,161,65,9.0,2.7291682680872515
691489734722,2025-10,18,15.0,11.0,9.0,9.0,24.0,9.0,9.666666666666666,14.833333333333334,11.0,14.47055628454519,161,66,4.0,0.5294437154548106
691489734723,2025-10,7,5.0,4.0,3.0,2.0,6.0,3.0,3.0,4.666666666666667,4.0,5.0720127864018485,161,67,1.0,0.0720127864018485
691489734724,2025-10,9,14.0,10.0,2.0,5.0,8.0,2.0,5.666666666666667,6.833333333333333,10.0,7.0530068615484875,161,68,4.0,6.9469931384515125
691489734725,2025-10,4,7.0,5.0,5.0,4.0,7.0,6.0,4.666666666666667,5.0,5.0,4.980656681367943,161,69,2.0,2.019343318632057
691489734726,2025-10,16,20.0,10.0,17.0,21.0,30.0,18.0,16.0,19.0,10.0,17.265800804451928,161,70,10.0,2.7341991955480722
691489734729,2025-10,20,24.0,42.0,36.0,25.0,24.0,33.0,34.333333333333336,32.5,42.0,28.928181908020584,161,73,18.0,4.9281819080205835
691489734730,2025-10,36,29.0,22.0,44.0,43.0,25.0,36.0,36.333333333333336,31.833333333333332,22.0,32.39182851758843,161,74,7.0,3.3918285175884293
691489734731,2025-10,33,28.0,15.0,26.0,32.0,20.0,27.0,24.333333333333332,25.166666666666668,15.0,26.113986416988624,161,75,13.0,1.8860135830113762
691489734732,2025-10,15,13.0,21.0,14.0,22.0,31.0,40.0,19.0,26.0,21.0,23.163555587155756,161,76,8.0,10.163555587155756
691489734733,2025-10,46,42.0,54.0,69.0,62.0,52.0,61.0,61.666666666666664,58.333333333333336,54.0,53.65264597093118,161,77,12.0,11.652645970931182
691489734734,2025-10,80,54.0,55.0,59.0,79.0,77.0,60.0,64.33333333333333,72.66666666666667,55.0,69.54911981470312,161,78,1.0,15.549119814703118
691489734735,2025-10,65,67.0,54.0,102.0,74.0,76.0,82.0,76.66666666666667,73.0,54.0,69.46392539214469,161,79,13.0,2.463925392144688
691489734736,2025-10,11,10.0,10.0,24.0,12.0,9.0,13.0,15.333333333333334,12.5,10.0,12.059538407183892,161,80,0.0,2.059538407183892
691489734737,2025-10,1,1.0,1.0,2.0,6.0,2.0,3.0,3.0,3.0,1.0,2.357672750091176,161,81,0.0,1.3576727500911758
691489734738,2025-10,6,10.0,4.0,7.0,8.0,9.0,6.0,6.333333333333333,6.5,4.0,6.256769844219225,161,82,6.0,3.7432301557807746
691489734739,2025-10,5,6.0,4.0,8.0,9.0,4.0,6.0,7.0,5.666666666666667,4.0,5.527423677498776,161,83,2.0,0.47257632250122406
691489734740,2025-10,2,4.0,2.0,4.0,5.0,11.0,4.0,3.6666666666666665,5.0,2.0,4.020558197367953,161,84,2.0,0.02055819736795339
691489734741,2025-10,4,10.0,8.0,5.0,6.0,4.0,3.0,6.333333333333333,6.833333333333333,8.0,5.5067692439027125,161,85,2.0,4.4932307560972875
691489734743,2025-10,1,5.0,4.0,4.0,3.0,2.0,1.0,3.6666666666666665,3.0,4.0,2.431777427079483,161,87,1.0,2.568222572920517
691489734744,2025-10,4,1.0,1.0,1.0,2.0,4.0,5.0,1.3333333333333333,2.5,1.0,3.2084212774629215,161,88,0.0,2.2084212774629215
691489734745,2025-10,1,1.0,3.0,1.0,2.0,1.0,1.0,2.0,1.5,3.0,1.6054757633529828,161,89,2.0,0.6054757633529828
695784701991,2025-10,7,8.0,9.0,31.0,11.0,9.0,8.0,17.0,15.0,9.0,11.34669808075688,162,39,1.0,3.3466980807568802
695784701992,2025-10,9,15.0,4.0,13.0,11.0,7.0,3.0,9.333333333333334,11.666666666666666,4.0,8.80331551743353,162,40,11.0,6.19668448256647
695784701994,2025-10,1,3.0,2.0,1.0,1.0,3.0,1.0,1.3333333333333333,1.8333333333333333,2.0,1.675786421724995,162,42,1.0,1.324213578275005
695784701995,2025-10,7,2.0,2.0,3.0,1.0,4.0,2.0,2.0,2.5,2.0,3.865495224341018,162,43,0.0,1.8654952243410179
695784701997,2025-10,2,1.0,1.0,2.0,1.0,5.0,1.0,1.3333333333333333,2.0,1.0,2.0431846120684725,162,45,0.0,1.0431846120684725
695784701998,2025-10,9,12.0,1.0,1.0,14.0,5.0,2.0,5.333333333333333,6.833333333333333,1.0,6.186507557377141,162,46,11.0,5.813492442622859
695784702000,2025-10,15,15.0,17.0,19.0,28.0,19.0,16.0,21.333333333333332,20.833333333333332,17.0,17.921037282592884,162,48,2.0,2.9210372825928843
695784702001,2025-10,20,14.0,10.0,19.0,25.0,11.0,13.0,18.0,16.333333333333332,10.0,16.23102398132587,162,49,4.0,2.231023981325869
695784702002,2025-10,19,12.0,23.0,21.0,25.0,26.0,48.0,23.0,23.833333333333332,23.0,24.862844979265077,162,50,11.0,12.862844979265077
695784702003,2025-10,9,5.0,4.0,9.0,13.0,8.0,5.0,8.666666666666666,9.333333333333334,4.0,8.166296442961169,162,51,1.0,3.166296442961169
695784702004,2025-10,11,10.0,2.0,6.0,7.0,8.0,4.0,5.0,5.666666666666667,2.0,6.827003780013321,162,52,8.0,3.172996219986679
695784702005,2025-10,2,1.0,1.0,4.0,3.0,1.0,1.0,2.6666666666666665,2.1666666666666665,1.0,2.063035761571685,162,53,0.0,1.063035761571685
695784702006,2025-10,9,6.0,10.0,5.0,9.0,10.0,4.0,8.0,6.833333333333333,10.0,7.619717897992697,162,54,4.0,1.6197178979926967
695784702007,2025-10,1,4.0,1.0,2.0,1.0,1.0,2.0,1.3333333333333333,1.5,1.0,1.5239015029575977,162,55,3.0,2.4760984970424023
695784702008,2025-10,6,7.0,7.0,4.0,7.0,7.0,9.0,6.0,7.5,7.0,7.0406891034535555,162,56,0.0,0.040689103453555475
695784702009,2025-10,2,2.0,2.0,3.0,2.0,1.0,1.0,2.3333333333333335,2.6666666666666665,2.0,2.273743100757587,162,57,0.0,0.2737431007575868
695784702012,2025-10,1,2.0,2.0,1.0,1.0,2.0,1.0,1.3333333333333333,1.3333333333333333,2.0,1.456532819035921,162,60,0.0,0.543467180964079
695784702014,2025-10,4,3.0,3.0,3.0,3.0,1.0,4.0,3.0,2.6666666666666665,3.0,3.3367986069486175,162,62,0.0,0.3367986069486175
695784702018,2025-10,4,1.0,2.0,1.0,2.0,1.0,1.0,1.6666666666666667,1.6666666666666667,2.0,2.4133633974582134,162,66,1.0,1.4133633974582134
695784702024,2025-10,1,2.0,2.0,1.0,1.0,1.0,2.0,1.3333333333333333,2.0,2.0,1.763842519483271,162,72,0.0,0.23615748051672902
695784702025,2025-10,7,5.0,5.0,4.0,6.0,2.0,7.0,5.0,6.333333333333333,5.0,6.2158165210588106,162,73,0.0,1.2158165210588106
695784702026,2025-10,32,33.0,29.0,29.0,58.0,57.0,21.0,38.666666666666664,50.666666666666664,29.0,38.03970228574799,162,74,4.0,5.0397022857479925
695784702027,2025-10,12,11.0,13.0,16.0,20.0,15.0,19.0,16.333333333333332,16.0,13.0,14.77507918519764,162,75,2.0,3.77507918519764
695784702028,2025-10,8,4.0,9.0,7.0,15.0,15.0,11.0,10.333333333333334,10.166666666666666,9.0,9.706161935361349,162,76,5.0,5.706161935361349
695784702029,2025-10,94,68.0,97.0,95.0,116.0,95.0,80.0,102.66666666666667,98.0,97.0,92.5828101521426,162,77,29.0,24.5828101521426
695784702030,2025-10,56,58.0,50.0,56.0,72.0,108.0,85.0,59.333333333333336,69.16666666666667,50.0,64.98237013885363,162,78,8.0,6.982370138853625
695784702031,2025-10,27,28.0,23.0,32.0,33.0,20.0,27.0,29.333333333333332,26.5,23.0,25.99107225514466,162,79,5.0,2.0089277448553418
695784702032,2025-10,15,12.0,8.0,23.0,19.0,18.0,6.0,16.666666666666668,15.5,8.0,13.768094451574061,162,80,4.0,1.7680944515740613
695784702033,2025-10,7,5.0,12.0,15.0,13.0,10.0,18.0,13.333333333333334,12.666666666666666,12.0,11.490825260803026,162,81,7.0,6.490825260803026
695784702034,2025-10,5,1.0,12.0,5.0,6.0,1.0,3.0,7.666666666666667,7.166666666666667,12.0,6.19904977981961,162,82,11.0,5.19904977981961
695784702035,2025-10,4,6.0,3.0,4.0,12.0,4.0,3.0,6.333333333333333,4.333333333333333,3.0,4.237619378813516,162,83,3.0,1.7623806211864839
695784702036,2025-10,4,3.0,5.0,2.0,9.0,1.0,9.0,5.333333333333333,3.8333333333333335,5.0,4.686429484184101,162,84,2.0,1.6864294841841012
695784702037,2025-10,10,18.0,7.0,6.0,8.0,5.0,16.0,7.0,9.5,7.0,9.735379274846041,162,85,11.0,8.264620725153959
695784702038,2025-10,2,2.0,6.0,4.0,10.0,3.0,7.0,6.666666666666667,6.5,6.0,5.115382969065832,162,86,4.0,3.1153829690658323
695784702039,2025-10,7,11.0,8.0,1.0,8.0,4.0,5.0,5.666666666666667,6.666666666666667,8.0,6.437701569811455,162,87,3.0,4.562298430188545
695784702040,2025-10,1,1.0,4.0,1.0,1.0,4.0,2.0,2.0,2.1666666666666665,4.0,2.1681043406307356,162,88,3.0,1.1681043406307356
695784702049,2025-10,1,1.0,1.0,1.0,2.0,1.0,1.0,1.3333333333333333,1.5,1.0,1.393262387146498,162,97,0.0,0.39326238714649797
700079669286,2025-10,1,4.0,1.0,2.0,1.0,3.0,2.0,1.3333333333333333,2.3333333333333335,1.0,1.904194662944965,163,38,3.0,2.095805337055035
700079669288,2025-10,11,8.0,6.0,8.0,8.0,12.0,10.0,7.333333333333333,8.333333333333334,6.0,9.186540329991075,163,40,2.0,1.1865403299910753
700079669289,2025-10,3,2.0,5.0,1.0,1.0,2.0,5.0,2.3333333333333335,2.8333333333333335,5.0,3.3455594180116517,163,41,3.0,1.3455594180116517
700079669293,2025-10,3,2.0,5.0,3.0,2.0,12.0,9.0,3.3333333333333335,5.5,5.0,5.3102080438749075,163,45,3.0,3.3102080438749075
700079669294,2025-10,4,5.0,4.0,9.0,10.0,6.0,10.0,7.666666666666667,7.166666666666667,4.0,6.401614353470233,163,46,1.0,1.401614353470233
700079669296,2025-10,17,26.0,9.0,14.0,23.0,29.0,27.0,15.333333333333334,21.666666666666668,9.0,19.339396268395475,163,48,17.0,6.660603731604525
700079669297,2025-10,28,32.0,27.0,26.0,29.0,20.0,32.0,27.333333333333332,27.5,27.0,27.283586743321138,163,49,5.0,4.716413256678862
700079669298,2025-10,18,13.0,16.0,5.0,14.0,17.0,18.0,11.666666666666666,13.5,16.0,15.277619120625912,163,50,3.0,2.2776191206259124
700079669299,2025-10,14,8.0,5.0,5.0,8.0,8.0,9.0,6.0,7.5,5.0,9.225209417034002,163,51,3.0,1.2252094170340015
700079669300,2025-10,10,7.0,13.0,15.0,13.0,20.0,11.0,13.666666666666666,13.666666666666666,13.0,12.414656265429237,163,52,6.0,5.414656265429237
700079669301,2025-10,2,5.0,5.0,6.0,1.0,7.0,4.0,4.0,4.166666666666667,5.0,3.834043074797581,163,53,0.0,1.1659569252024191
700079669302,2025-10,10,3.0,3.0,3.0,3.0,7.0,4.0,3.0,3.8333333333333335,3.0,5.723526277419865,163,54,0.0,2.7235262774198654
700079669303,2025-10,16,15.0,12.0,23.0,15.0,14.0,13.0,16.666666666666668,16.0,12.0,15.190497754812657,163,55,3.0,0.1904977548126574
700079669304,2025-10,2,5.0,3.0,8.0,7.0,9.0,5.0,6.0,6.5,3.0,4.9021319320349,163,56,2.0,0.09786806796510028
700079669305,2025-10,2,1.0,1.0,3.0,1.0,1.0,1.0,1.6666666666666667,2.0,1.0,1.905546553751451,163,57,0.0,0.9055465537514511
700079669308,2025-10,5,3.0,3.0,4.0,10.0,9.0,3.0,5.666666666666667,5.666666666666667,3.0,5.153181812116443,163,60,0.0,2.1531818121164434
700079669310,2025-10,9,10.0,10.0,1.0,4.0,1.0,5.0,5.0,3.3333333333333335,10.0,5.805385113838177,163,62,0.0,4.194614886161823
700079669311,2025-10,1,5.0,6.0,4.0,1.0,9.0,8.0,3.6666666666666665,5.0,6.0,4.429827156719657,163,63,1.0,0.5701728432803428
700079669314,2025-10,2,5.0,1.0,4.0,3.0,1.0,1.0,2.6666666666666665,2.5,1.0,2.179463852353246,163,66,4.0,2.820536147646754
700079669322,2025-10,4,2.0,4.0,2.0,3.0,4.0,5.0,3.0,3.8333333333333335,4.0,4.062495189988574,163,74,2.0,2.0624951899885744
700079669323,2025-10,22,11.0,23.0,20.0,20.0,20.0,20.0,21.0,23.5,23.0,21.813732580525095,163,75,12.0,10.813732580525095
700079669324,2025-10,37,48.0,35.0,29.0,36.0,42.0,45.0,33.333333333333336,37.666666666666664,35.0,37.107194085646526,163,76,13.0,10.892805914353474
700079669325,2025-10,30,35.0,63.0,52.0,56.0,49.0,49.0,57.0,52.5,63.0,45.57420407867318,163,77,28.0,10.574204078673183
700079669326,2025-10,23,14.0,22.0,35.0,28.0,15.0,21.0,28.333333333333332,23.333333333333332,22.0,22.676666127087756,163,78,8.0,8.676666127087756
700079669327,2025-10,23,31.0,22.0,21.0,25.0,21.0,33.0,22.666666666666668,23.0,22.0,23.597676319700092,163,79,9.0,7.402323680299908
700079669328,2025-10,10,11.0,14.0,8.0,14.0,18.0,11.0,12.0,13.5,14.0,12.116904998198635,163,80,3.0,1.1169049981986348
700079669329,2025-10,10,10.0,7.0,7.0,11.0,6.0,13.0,8.333333333333334,10.5,7.0,9.900588897273794,163,81,3.0,0.09941110272620612
700079669333,2025-10,8,4.0,5.0,10.0,4.0,6.0,6.0,6.333333333333333,5.833333333333333,5.0,6.572194849644919,163,85,1.0,2.5721948496449194
700079669335,2025-10,1,1.0,1.0,1.0,1.0,2.0,1.0,1.0,1.3333333333333333,1.0,1.3504261309326768,163,87,0.0,0.3504261309326768
700079669336,2025-10,7,13.0,4.0,7.0,5.0,8.0,6.0,5.333333333333333,5.833333333333333,4.0,6.17686125639262,163,88,9.0,6.82313874360738
704374636583,2025-10,1,3.0,3.0,1.0,1.0,2.0,3.0,1.6666666666666667,1.6666666666666667,3.0,1.9171975687226492,164,39,0.0,1.0828024312773508
704374636584,2025-10,4,3.0,4.0,4.0,4.0,2.0,1.0,4.0,3.1666666666666665,4.0,3.3750054266277285,164,40,1.0,0.3750054266277285
704374636585,2025-10,10,17.0,12.0,3.0,6.0,3.0,20.0,7.0,7.0,12.0,9.59884826514166,164,41,5.0,7.40115173485834
704374636586,2025-10,8,7.0,8.0,9.0,8.0,13.0,13.0,8.333333333333334,10.333333333333334,8.0,9.684156204538763,164,42,1.0,2.6841562045387626
704374636589,2025-10,8,9.0,11.0,12.0,12.0,17.0,8.0,11.666666666666666,12.0,11.0,10.407095794427232,164,45,2.0,1.4070957944272315
704374636591,2025-10,7,10.0,7.0,2.0,2.0,6.0,12.0,3.6666666666666665,5.166666666666667,7.0,6.59575204774267,164,47,3.0,3.4042479522573297
704374636592,2025-10,31,16.0,18.0,27.0,27.0,10.0,21.0,24.0,20.666666666666668,18.0,23.0241419146801,164,48,2.0,7.024141914680101
704374636593,2025-10,108,110.0,95.0,111.0,97.0,107.0,115.0,101.0,100.5,95.0,102.03754589039109,164,49,15.0,7.962454109608913
704374636594,2025-10,80,55.0,69.0,63.0,68.0,108.0,93.0,66.66666666666667,80.16666666666667,69.0,78.80800625124625,164,50,14.0,23.808006251246255
704374636595,2025-10,8,4.0,5.0,11.0,11.0,13.0,8.0,9.0,8.0,5.0,8.124831225272434,164,51,1.0,4.124831225272434
704374636596,2025-10,17,12.0,13.0,10.0,12.0,16.0,7.0,11.666666666666666,13.0,13.0,13.290642206013963,164,52,1.0,1.2906422060139633
704374636597,2025-10,3,2.0,2.0,1.0,1.0,2.0,2.0,1.3333333333333333,2.1666666666666665,2.0,2.4371882159359135,164,53,0.0,0.4371882159359135
704374636599,2025-10,3,6.0,10.0,9.0,6.0,8.0,13.0,8.333333333333334,7.0,10.0,7.024263524303611,164,55,4.0,1.0242635243036107
704374636600,2025-10,15,6.0,11.0,11.0,10.0,17.0,7.0,10.666666666666666,11.333333333333334,11.0,11.952720110941645,164,56,5.0,5.9527201109416445
704374636603,2025-10,5,2.0,3.0,4.0,1.0,2.0,4.0,2.6666666666666665,2.8333333333333335,3.0,3.707224664199062,164,59,1.0,1.707224664199062
704374636604,2025-10,2,2.0,2.0,2.0,4.0,3.0,4.0,2.6666666666666665,3.0,2.0,2.854248627705134,164,60,0.0,0.8542486277051342
704374636607,2025-10,4,1.0,8.0,3.0,5.0,5.0,5.0,5.333333333333333,5.5,8.0,5.212949025255536,164,63,7.0,4.212949025255536
704374636609,2025-10,1,1.0,1.0,2.0,2.0,7.0,1.0,1.6666666666666667,3.8333333333333335,1.0,2.51673562946773,164,65,0.0,1.51673562946773
704374636611,2025-10,3,5.0,3.0,3.0,1.0,2.0,4.0,2.3333333333333335,2.3333333333333335,3.0,2.9212545357316824,164,67,2.0,2.0787454642683176
704374636617,2025-10,10,11.0,13.0,10.0,11.0,18.0,12.0,11.333333333333334,11.166666666666666,13.0,11.308781243505935,164,73,2.0,0.30878124350593517
704374636618,2025-10,5,2.0,6.0,8.0,7.0,3.0,6.0,7.0,5.5,6.0,5.578344187118205,164,74,4.0,3.578344187118205
704374636619,2025-10,15,20.0,15.0,13.0,23.0,9.0,14.0,17.0,16.666666666666668,15.0,15.178212902449316,164,75,5.0,4.8217870975506845
704374636620,2025-10,16,14.0,12.0,15.0,14.0,5.0,13.0,13.666666666666666,11.166666666666666,12.0,12.745091100490379,164,76,2.0,1.254908899509621
704374636621,2025-10,28,22.0,35.0,40.0,12.0,7.0,4.0,29.0,18.333333333333332,35.0,21.091235889432305,164,77,13.0,0.9087641105676951
704374636622,2025-10,27,25.0,28.0,28.0,29.0,15.0,13.0,28.333333333333332,22.5,28.0,22.954335537726273,164,78,3.0,2.0456644622737272
704374636623,2025-10,19,19.0,18.0,20.0,29.0,13.0,16.0,22.333333333333332,18.333333333333332,18.0,18.097346344913962,164,79,1.0,0.9026536550860378
704374636624,2025-10,17,27.0,18.0,23.0,30.0,12.0,14.0,23.666666666666668,19.833333333333332,18.0,17.919668232156702,164,80,9.0,9.080331767843298
704374636625,2025-10,3,3.0,5.0,4.0,6.0,2.0,7.0,5.0,4.666666666666667,5.0,4.49263569806075,164,81,2.0,1.4926356980607496
704374636626,2025-10,1,2.0,1.0,2.0,4.0,3.0,3.0,2.3333333333333335,2.6666666666666665,1.0,2.2273887711468046,164,82,1.0,0.22738877114680456
704374636627,2025-10,6,9.0,9.0,8.0,12.0,12.0,4.0,9.666666666666666,8.333333333333334,9.0,7.481104729891295,164,83,0.0,1.5188952701087048
704374636628,2025-10,4,1.0,2.0,6.0,5.0,4.0,5.0,4.333333333333333,3.8333333333333335,2.0,4.071980399461273,164,84,1.0,3.071980399461273
708669603882,2025-10,1,3.0,2.0,3.0,4.0,3.0,6.0,3.0,3.0,2.0,2.8479263139844058,165,42,1.0,0.15207368601559423
708669603883,2025-10,1,4.0,1.0,1.0,1.0,1.0,1.0,1.0,1.1666666666666667,1.0,1.2476006190251656,165,43,3.0,2.7523993809748344
708669603885,2025-10,8,25.0,16.0,20.0,25.0,26.0,11.0,20.333333333333332,21.166666666666668,16.0,15.604600153706162,165,45,9.0,9.395399846293838
708669603886,2025-10,7,14.0,8.0,6.0,14.0,14.0,5.0,9.333333333333334,10.666666666666666,8.0,8.660394427145693,165,46,6.0,5.339605572854307
708669603887,2025-10,17,10.0,17.0,7.0,13.0,11.0,7.0,12.333333333333334,10.666666666666666,17.0,12.583825244462389,165,47,7.0,2.583825244462389
708669603888,2025-10,28,18.0,17.0,24.0,16.0,20.0,16.0,19.0,20.333333333333332,17.0,21.352622723152898,165,48,1.0,3.3526227231528978
708669603889,2025-10,43,29.0,42.0,40.0,40.0,25.0,47.0,40.666666666666664,40.666666666666664,42.0,40.654909907664226,165,49,13.0,11.654909907664226
708669603890,2025-10,34,20.0,22.0,19.0,12.0,15.0,23.0,17.666666666666668,19.0,22.0,23.418428171292696,165,50,2.0,3.418428171292696
708669603891,2025-10,40,29.0,39.0,29.0,25.0,36.0,26.0,31.0,29.333333333333332,39.0,32.625224872882,165,51,10.0,3.6252248728820007
708669603892,2025-10,7,1.0,5.0,1.0,1.0,4.0,1.0,2.3333333333333335,3.5,5.0,4.332418960094647,165,52,4.0,3.332418960094647
708669603895,2025-10,1,1.0,1.0,1.0,3.0,1.0,1.0,1.6666666666666667,1.3333333333333333,1.0,1.364282019095489,165,55,0.0,0.36428201909548896
708669603902,2025-10,4,5.0,10.0,8.0,2.0,7.0,6.0,6.666666666666667,7.833333333333333,10.0,6.564784962097608,165,62,5.0,1.5647849620976082
708669603903,2025-10,1,3.0,2.0,4.0,3.0,3.0,2.0,3.0,2.5,2.0,2.208598366618352,165,63,1.0,0.791401633381648
708669603904,2025-10,3,4.0,3.0,9.0,12.0,15.0,7.0,8.0,11.5,3.0,7.626588350381966,165,64,1.0,3.626588350381966
708669603905,2025-10,10,9.0,12.0,9.0,17.0,21.0,14.0,12.666666666666666,15.0,12.0,13.048156226031486,165,65,3.0,4.048156226031486
708669603906,2025-10,4,4.0,3.0,1.0,3.0,2.0,3.0,2.3333333333333335,2.5,3.0,3.1225154271737887,165,66,1.0,0.8774845728262113
708669603912,2025-10,1,3.0,5.0,1.0,4.0,5.0,1.0,3.3333333333333335,4.833333333333333,5.0,3.2188832681215507,165,72,2.0,0.21888326812155068
708669603913,2025-10,10,4.0,2.0,2.0,1.0,1.0,2.0,1.6666666666666667,1.6666666666666667,2.0,4.255563066904701,165,73,2.0,0.2555630669047009
708669603914,2025-10,9,5.0,8.0,9.0,7.0,6.0,10.0,8.0,8.166666666666666,8.0,8.513924807571392,165,74,3.0,3.5139248075713923
708669603915,2025-10,27,14.0,12.0,18.0,12.0,18.0,22.0,14.0,15.333333333333334,12.0,19.053793252154474,165,75,2.0,5.053793252154474
708669603916,2025-10,15,22.0,18.0,20.0,16.0,18.0,16.0,18.0,19.833333333333332,18.0,17.323251911507356,165,76,4.0,4.676748088492644
708669603917,2025-10,17,19.0,31.0,14.0,11.0,20.0,18.0,18.666666666666668,17.833333333333332,31.0,18.51092816734235,165,77,12.0,0.4890718326576504
708669603918,2025-10,7,18.0,14.0,16.0,13.0,11.0,11.0,14.333333333333334,13.833333333333334,14.0,11.36250133120488,165,78,4.0,6.63749866879512
708669603919,2025-10,9,3.0,3.0,17.0,8.0,5.0,6.0,9.333333333333334,8.0,3.0,7.760002052882867,165,79,0.0,4.760002052882867
708669603920,2025-10,12,7.0,9.0,9.0,17.0,7.0,17.0,11.666666666666666,12.666666666666666,9.0,12.217994135764588,165,80,2.0,5.217994135764588
708669603921,2025-10,18,11.0,11.0,6.0,11.0,8.0,7.0,9.333333333333334,12.5,11.0,12.639690145434425,165,81,0.0,1.6396901454344253
708669603922,2025-10,2,2.0,2.0,1.0,1.0,2.0,1.0,1.3333333333333333,1.3333333333333333,2.0,1.741792911308485,165,82,0.0,0.2582070886915151
708669603923,2025-10,1,2.0,1.0,1.0,1.0,1.0,2.0,1.0,1.1666666666666667,1.0,1.3666656044261263,165,83,1.0,0.6333343955738737
712964571179,2025-10,1,3.0,1.0,3.0,2.0,1.0,3.0,2.0,2.0,1.0,1.8876501096205835,166,43,2.0,1.1123498903794165
712964571180,2025-10,8,5.0,10.0,8.0,6.0,4.0,8.0,8.0,7.5,10.0,7.81062752101712,166,44,5.0,2.8106275210171203
712964571181,2025-10,16,6.0,7.0,14.0,13.0,6.0,7.0,11.333333333333334,10.333333333333334,7.0,11.18366750204154,166,45,1.0,5.183667502041541
712964571182,2025-10,34,20.0,24.0,20.0,40.0,27.0,22.0,28.0,27.166666666666668,24.0,27.75875315771077,166,46,4.0,7.758753157710771
712964571183,2025-10,11,16.0,12.0,11.0,17.0,13.0,17.0,13.333333333333334,12.833333333333334,12.0,12.65855256779275,166,47,4.0,3.34144743220725
712964571185,2025-10,22,12.0,7.0,16.0,16.0,18.0,12.0,13.0,16.0,7.0,16.1744847716882,166,49,5.0,4.174484771688199
712964571186,2025-10,10,15.0,12.0,12.0,9.0,12.0,17.0,11.0,11.333333333333334,12.0,11.611692989518165,166,50,3.0,3.388307010481835
712964571187,2025-10,13,14.0,13.0,16.0,22.0,16.0,21.0,17.0,18.166666666666668,13.0,16.15833065954855,166,51,1.0,2.1583306595485503
712964571188,2025-10,2,6.0,3.0,8.0,6.0,4.0,2.0,5.666666666666667,5.666666666666667,3.0,4.001575738954674,166,52,3.0,1.9984242610453258
712964571192,2025-10,2,5.0,2.0,1.0,10.0,2.0,2.0,4.333333333333333,3.6666666666666665,2.0,2.9389576282383194,166,56,3.0,2.0610423717616806
712964571193,2025-10,3,4.0,2.0,2.0,5.0,9.0,1.0,3.0,4.5,2.0,3.603142648732004,166,57,2.0,0.3968573512679958
712964571199,2025-10,6,7.0,3.0,3.0,4.0,5.0,7.0,3.3333333333333335,4.833333333333333,3.0,5.228975881183482,166,63,4.0,1.7710241188165181
712964571200,2025-10,10,11.0,14.0,9.0,15.0,11.0,15.0,12.666666666666666,14.166666666666666,14.0,12.583782340838159,166,64,3.0,1.5837823408381588
712964571201,2025-10,8,10.0,11.0,9.0,24.0,6.0,12.0,14.666666666666666,12.166666666666666,11.0,10.679224354565331,166,65,1.0,0.6792243545653314
712964571206,2025-10,8,6.0,6.0,2.0,9.0,4.0,5.0,5.666666666666667,6.833333333333333,6.0,6.639003816357995,166,70,0.0,0.6390038163579952
712964571209,2025-10,19,11.0,36.0,14.0,10.0,12.0,14.0,20.0,18.5,36.0,18.982452622889333,166,73,25.0,7.982452622889333
712964571210,2025-10,10,29.0,14.0,18.0,14.0,17.0,23.0,15.333333333333334,17.666666666666668,14.0,15.364502568762061,166,74,15.0,13.635497431237939
712964571211,2025-10,20,26.0,35.0,23.0,13.0,7.0,35.0,23.666666666666668,23.333333333333332,35.0,23.582092005996333,166,75,9.0,2.4179079940036665
712964571212,2025-10,6,8.0,4.0,8.0,3.0,5.0,17.0,5.0,6.333333333333333,4.0,7.224464193223151,166,76,4.0,0.7755358067768494
712964571213,2025-10,15,9.0,9.0,9.0,5.0,9.0,6.0,7.666666666666667,9.833333333333334,9.0,10.512839606484631,166,77,0.0,1.512839606484631
712964571214,2025-10,12,8.0,15.0,16.0,11.0,8.0,7.0,14.0,12.833333333333334,15.0,11.877062512492671,166,78,7.0,3.877062512492671
712964571215,2025-10,9,4.0,1.0,5.0,11.0,4.0,13.0,5.666666666666667,7.666666666666667,1.0,7.818211356205222,166,79,3.0,3.8182113562052216
712964571216,2025-10,5,9.0,11.0,9.0,20.0,14.0,10.0,13.333333333333334,14.0,11.0,10.465625629019073,166,80,2.0,1.4656256290190726
712964571217,2025-10,12,15.0,9.0,9.0,11.0,13.0,17.0,9.666666666666666,10.833333333333334,9.0,11.66990637152777,166,81,6.0,3.3300936284722304
712964571223,2025-10,4,1.0,1.0,1.0,2.0,3.0,3.0,1.3333333333333333,1.5,1.0,2.5763955677995822,166,87,0.0,1.5763955677995822
717259538477,2025-10,4,3.0,4.0,8.0,8.0,2.0,4.0,6.666666666666667,5.0,4.0,4.652720822487929,167,45,1.0,1.6527208224879288
717259538478,2025-10,31,35.0,41.0,33.0,45.0,48.0,28.0,39.666666666666664,39.5,41.0,35.3425265342708,167,46,6.0,0.34252653427080304
717259538479,2025-10,4,3.0,4.0,14.0,5.0,11.0,4.0,7.666666666666667,8.5,4.0,6.433864788825055,167,47,1.0,3.433864788825055
717259538482,2025-10,17,11.0,18.0,12.0,16.0,14.0,27.0,15.333333333333334,14.666666666666666,18.0,16.89394320028267,167,50,7.0,5.893943200282671
717259538483,2025-10,14,18.0,21.0,16.0,13.0,27.0,14.0,16.666666666666668,21.166666666666668,21.0,17.73446521150048,167,51,3.0,0.2655347884995187
717259538484,2025-10,10,8.0,19.0,10.0,12.0,8.0,9.0,13.666666666666666,11.166666666666666,19.0,11.171345428094947,167,52,11.0,3.1713454280949467
717259538485,2025-10,6,6.0,10.0,9.0,6.0,10.0,7.0,8.333333333333334,7.666666666666667,10.0,7.487733003312116,167,53,4.0,1.4877330033121163
717259538487,2025-10,3,4.0,1.0,1.0,4.0,7.0,2.0,2.0,3.6666666666666665,1.0,3.165766300952674,167,55,3.0,0.834233699047326
717259538488,2025-10,6,6.0,5.0,7.0,13.0,9.0,7.0,8.333333333333334,8.333333333333334,5.0,7.268464403720874,167,56,1.0,1.2684644037208743
717259538489,2025-10,7,2.0,1.0,2.0,4.0,4.0,4.0,2.3333333333333335,2.1666666666666665,1.0,3.927983640527546,167,57,1.0,1.927983640527546
717259538496,2025-10,11,8.0,15.0,9.0,17.0,12.0,14.0,13.666666666666666,13.833333333333334,15.0,12.842734866227719,167,64,7.0,4.842734866227719
717259538497,2025-10,9,7.0,1.0,4.0,7.0,6.0,4.0,4.0,4.666666666666667,1.0,5.630254086486981,167,65,6.0,1.369745913513019
717259538498,2025-10,5,6.0,3.0,11.0,4.0,13.0,5.0,6.0,7.333333333333333,3.0,6.262150693103841,167,66,3.0,0.2621506931038411
717259538501,2025-10,5,2.0,1.0,3.0,5.0,3.0,2.0,3.0,3.6666666666666665,1.0,3.6686899122704633,167,69,1.0,1.6686899122704633
717259538505,2025-10,1,3.0,3.0,1.0,2.0,2.0,2.0,2.0,2.0,3.0,1.9437943514430192,167,73,0.0,1.0562056485569808
717259538506,2025-10,14,7.0,18.0,26.0,11.0,11.0,11.0,18.333333333333332,16.5,18.0,15.064784178597845,167,74,11.0,8.064784178597845
717259538507,2025-10,1,1.0,8.0,6.0,2.0,1.0,5.0,5.333333333333333,4.5,8.0,3.864161001256644,167,75,7.0,2.864161001256644
717259538508,2025-10,11,12.0,9.0,20.0,12.0,7.0,9.0,13.666666666666666,11.0,9.0,10.70079120492667,167,76,3.0,1.29920879507333
717259538509,2025-10,22,15.0,16.0,20.0,30.0,41.0,35.0,22.0,24.833333333333332,16.0,24.551850478192186,167,77,1.0,9.551850478192186
717259538510,2025-10,26,14.0,19.0,17.0,29.0,12.0,13.0,21.666666666666668,19.333333333333332,19.0,20.02532810530049,167,78,5.0,6.025328105300488
717259538511,2025-10,16,32.0,24.0,26.0,21.0,25.0,22.0,23.666666666666668,23.333333333333332,24.0,20.88533249682699,167,79,8.0,11.11466750317301
717259538512,2025-10,4,5.0,5.0,5.0,9.0,14.0,10.0,6.333333333333333,9.166666666666666,5.0,7.370716410057291,167,80,0.0,2.370716410057291
717259538513,2025-10,20,10.0,17.0,24.0,17.0,24.0,16.0,19.333333333333332,23.0,17.0,20.209646254631572,167,81,7.0,10.209646254631572
717259538514,2025-10,5,6.0,6.0,13.0,11.0,5.0,11.0,10.0,9.166666666666666,6.0,7.864574793862288,167,82,0.0,1.864574793862288
717259538515,2025-10,10,10.0,10.0,14.0,9.0,6.0,16.0,11.0,12.166666666666666,10.0,11.385431671264039,167,83,0.0,1.3854316712640387
717259538516,2025-10,6,6.0,4.0,4.0,6.0,14.0,2.0,4.666666666666667,6.333333333333333,4.0,5.764462411878986,167,84,2.0,0.235537588121014
717259538518,2025-10,1,2.0,2.0,2.0,1.0,1.0,1.0,1.6666666666666667,1.3333333333333333,2.0,1.452729160269099,167,86,0.0,0.547270839730901
717259538519,2025-10,1,1.0,1.0,1.0,1.0,1.0,1.0,1.0,1.1666666666666667,1.0,1.2476006190251656,167,87,0.0,0.2476006190251656
721554505769,2025-10,2,1.0,3.0,3.0,1.0,3.0,1.0,2.3333333333333335,2.5,3.0,2.3816249991637424,168,41,2.0,1.3816249991637424
721554505770,2025-10,2,1.0,2.0,1.0,1.0,3.0,9.0,1.3333333333333333,1.6666666666666667,2.0,2.855352351814478,168,42,1.0,1.8553523518144779
721554505773,2025-10,1,1.0,1.0,2.0,3.0,3.0,1.0,2.0,2.0,1.0,1.7271689414419864,168,45,0.0,0.7271689414419864
721554505775,2025-10,1,1.0,2.0,1.0,4.0,2.0,2.0,2.3333333333333335,2.3333333333333335,2.0,2.0125831088008805,168,47,1.0,1.0125831088008805
721554505779,2025-10,1,1.0,1.0,2.0,2.0,1.0,2.0,1.6666666666666667,1.3333333333333333,1.0,1.4949211349065887,168,51,0.0,0.49492113490658873
721554505785,2025-10,1,3.0,1.0,2.0,1.0,1.0,1.0,1.3333333333333333,1.5,1.0,1.4048365175566353,168,57,2.0,1.5951634824433647
721554505789,2025-10,6,1.0,4.0,2.0,2.0,4.0,1.0,2.6666666666666665,3.8333333333333335,4.0,4.127521755590082,168,61,3.0,3.127521755590082
721554505793,2025-10,11,6.0,4.0,4.0,7.0,9.0,8.0,5.0,6.5,4.0,7.769543175794471,168,65,2.0,1.769543175794471
721554505794,2025-10,11,9.0,7.0,14.0,8.0,7.0,13.0,9.666666666666666,11.166666666666666,7.0,10.661270259856266,168,66,2.0,1.6612702598562663
721554505797,2025-10,2,1.0,5.0,1.0,4.0,5.0,7.0,3.3333333333333335,3.8333333333333335,5.0,3.8692490004552083,168,69,4.0,2.8692490004552083
721554505798,2025-10,3,4.0,7.0,2.0,5.0,4.0,2.0,4.666666666666667,3.3333333333333335,7.0,3.6221854243300546,168,70,3.0,0.37781457566994536
721554505800,2025-10,5,10.0,6.0,14.0,5.0,6.0,6.0,8.333333333333334,14.666666666666666,6.0,9.100330574981237,168,72,4.0,0.8996694250187627
721554505802,2025-10,11,13.0,6.0,5.0,10.0,11.0,19.0,7.0,9.166666666666666,6.0,10.44062789046672,168,74,7.0,2.55937210953328
721554505803,2025-10,4,8.0,4.0,5.0,8.0,7.0,9.0,5.666666666666667,7.333333333333333,4.0,6.163676294297599,168,75,4.0,1.8363237057024007
721554505804,2025-10,1,2.0,1.0,4.0,4.0,2.0,2.0,3.0,3.3333333333333335,1.0,2.3781841162920507,168,76,1.0,0.37818411629205073
721554505805,2025-10,18,17.0,19.0,14.0,16.0,13.0,19.0,16.333333333333332,17.333333333333332,19.0,17.301218972686353,168,77,2.0,0.3012189726863532
721554505806,2025-10,26,31.0,29.0,34.0,31.0,27.0,46.0,31.333333333333332,31.333333333333332,29.0,30.62832285687987,168,78,2.0,0.3716771431201309
721554505807,2025-10,16,24.0,16.0,15.0,23.0,15.0,16.0,18.0,21.0,16.0,17.670559248387555,168,79,8.0,6.329440751612445
721554505808,2025-10,9,18.0,9.0,23.0,17.0,5.0,16.0,16.333333333333332,15.833333333333334,9.0,12.831302111436031,168,80,9.0,5.168697888563969
721554505809,2025-10,11,8.0,9.0,13.0,7.0,11.0,7.0,9.666666666666666,9.333333333333334,9.0,9.627143605335645,168,81,1.0,1.627143605335645
721554505810,2025-10,14,6.0,15.0,14.0,8.0,9.0,15.0,12.333333333333334,12.5,15.0,13.158969308461536,168,82,9.0,7.158969308461536
721554505811,2025-10,9,10.0,11.0,14.0,4.0,8.0,6.0,9.666666666666666,7.666666666666667,11.0,8.38690373386863,168,83,1.0,1.61309626613137
721554505812,2025-10,9,3.0,5.0,4.0,7.0,5.0,5.0,5.333333333333333,5.5,5.0,6.420204584738084,168,84,2.0,3.4202045847380838
725849473057,2025-10,1,1.0,1.0,2.0,3.0,2.0,2.0,2.0,2.0,1.0,1.8016224603262163,169,33,0.0,0.8016224603262163
725849473066,2025-10,3,1.0,5.0,2.0,5.0,2.0,6.0,4.0,3.3333333333333335,5.0,3.7970090566939527,169,42,4.0,2.7970090566939527
725849473077,2025-10,3,1.0,3.0,1.0,1.0,3.0,2.0,1.6666666666666667,2.0,3.0,2.52969232516511,169,53,2.0,1.5296923251651098
725849473081,2025-10,2,1.0,1.0,6.0,11.0,4.0,4.0,6.0,6.166666666666667,1.0,4.266687240921494,169,57,0.0,3.2666872409214944
725849473089,2025-10,4,7.0,5.0,7.0,10.0,6.0,5.0,7.333333333333333,7.5,5.0,5.947208589850404,169,65,2.0,1.052791410149596
725849473090,2025-10,1,3.0,1.0,3.0,2.0,1.0,1.0,2.0,1.5,1.0,1.4748780026463173,169,66,2.0,1.5251219973536827
725849473097,2025-10,3,1.0,2.0,1.0,6.0,2.0,5.0,3.0,3.8333333333333335,2.0,3.5226920127454644,169,73,1.0,2.5226920127454644
725849473099,2025-10,7,5.0,4.0,8.0,6.0,6.0,8.0,6.0,6.333333333333333,4.0,6.570451915423102,169,75,1.0,1.570451915423102
725849473100,2025-10,9,12.0,2.0,5.0,8.0,10.0,3.0,5.0,6.333333333333333,2.0,6.447923594253679,169,76,10.0,5.552076405746321
725849473101,2025-10,8,16.0,7.0,22.0,10.0,20.0,21.0,13.0,15.0,7.0,13.061811791630573,169,77,9.0,2.938188208369427
725849473102,2025-10,14,20.0,16.0,28.0,18.0,11.0,20.0,20.666666666666668,16.666666666666668,16.0,16.268621073269024,169,78,4.0,3.731378926730976
725849473103,2025-10,4,13.0,14.0,8.0,10.0,6.0,4.0,10.666666666666666,9.666666666666666,14.0,7.580694195208681,169,79,1.0,5.419305804791319
725849473104,2025-10,64,27.0,38.0,51.0,36.0,22.0,43.0,41.666666666666664,38.333333333333336,38.0,45.127805292240055,169,80,11.0,18.127805292240055
725849473105,2025-10,12,6.0,22.0,17.0,9.0,13.0,13.0,16.0,13.666666666666666,22.0,13.830667254229079,169,81,16.0,7.830667254229079
725849473106,2025-10,11,6.0,11.0,5.0,6.0,10.0,4.0,7.333333333333333,8.833333333333334,11.0,8.907212283311116,169,82,5.0,2.9072122833111163
725849473107,2025-10,11,3.0,18.0,13.0,16.0,7.0,10.0,15.666666666666666,14.5,18.0,12.828591391572923,169,83,15.0,9.828591391572923
725849473108,2025-10,6,5.0,4.0,3.0,2.0,2.0,3.0,3.0,2.8333333333333335,4.0,3.9679523287637686,169,84,1.0,1.0320476712362314
730144440365,2025-10,5,5.0,1.0,2.0,4.0,1.0,1.0,2.3333333333333335,1.8333333333333333,1.0,2.7500060094477696,170,45,4.0,2.2499939905522304
730144440367,2025-10,2,3.0,4.0,4.0,1.0,2.0,1.0,3.0,2.1666666666666665,4.0,2.367499937718602,170,47,1.0,0.6325000622813981
730144440377,2025-10,1,2.0,3.0,1.0,2.0,3.0,1.0,2.0,2.3333333333333335,3.0,1.9857689233403502,170,57,1.0,0.014231076659649844
730144440382,2025-10,1,6.0,5.0,9.0,6.0,12.0,6.0,6.666666666666667,6.5,5.0,5.093558731330122,170,62,1.0,0.9064412686698784
730144440384,2025-10,10,7.0,11.0,19.0,6.0,7.0,4.0,12.0,11.166666666666666,11.0,9.874423735458018,170,64,4.0,2.874423735458018
730144440385,2025-10,10,9.0,7.0,7.0,12.0,16.0,4.0,8.666666666666666,8.5,7.0,8.60578382648287,170,65,2.0,0.3942161735171297
730144440386,2025-10,2,2.0,2.0,4.0,1.0,3.0,2.0,2.3333333333333335,2.0,2.0,2.2607489680390316,170,66,0.0,0.2607489680390316
730144440394,2025-10,4,2.0,1.0,2.0,3.0,3.0,5.0,2.0,2.0,1.0,3.0592091598635305,170,74,1.0,1.0592091598635305
730144440395,2025-10,9,8.0,6.0,6.0,10.0,6.0,6.0,7.333333333333333,6.166666666666667,6.0,7.09216055384128,170,75,2.0,0.9078394461587198
730144440396,2025-10,4,2.0,3.0,5.0,4.0,7.0,5.0,4.0,5.666666666666667,3.0,4.882234501323616,170,76,1.0,2.882234501323616
730144440397,2025-10,35,27.0,32.0,38.0,35.0,27.0,31.0,35.0,32.5,32.0,32.41567322872243,170,77,5.0,5.415673228722433
730144440398,2025-10,3,11.0,6.0,5.0,5.0,1.0,4.0,5.333333333333333,4.5,6.0,4.15029604846373,170,78,5.0,6.84970395153627
730144440399,2025-10,11,18.0,17.0,7.0,11.0,10.0,19.0,11.666666666666666,10.333333333333334,17.0,12.081537603660713,170,79,1.0,5.918462396339287
730144440400,2025-10,17,16.0,12.0,25.0,10.0,14.0,14.0,15.666666666666666,15.5,12.0,15.355627925114803,170,80,4.0,0.6443720748851973
730144440401,2025-10,16,25.0,12.0,23.0,21.0,21.0,25.0,18.666666666666668,20.0,12.0,18.504096998658696,170,81,13.0,6.495903001341304
730144440402,2025-10,9,9.0,9.0,11.0,9.0,10.0,7.0,9.666666666666666,9.833333333333334,9.0,9.163505829625848,170,82,0.0,0.1635058296258478
730144440403,2025-10,2,1.0,3.0,4.0,4.0,7.0,6.0,3.6666666666666665,4.333333333333333,3.0,3.9242591313032964,170,83,2.0,2.9242591313032964
730144440404,2025-10,1,2.0,3.0,1.0,3.0,1.0,1.0,2.3333333333333335,1.8333333333333333,3.0,1.7511375314743152,170,84,1.0,0.24886246852568483
734439407680,2025-10,2,1.0,1.0,1.0,1.0,1.0,1.0,1.0,1.1666666666666667,1.0,1.5328607112977277,171,64,0.0,0.5328607112977277
734439407681,2025-10,2,4.0,9.0,12.0,5.0,4.0,6.0,8.666666666666666,7.166666666666667,9.0,5.772399771354872,171,65,5.0,1.7723997713548716
734439407682,2025-10,2,1.0,3.0,9.0,8.0,3.0,7.0,6.666666666666667,5.166666666666667,3.0,4.476922225699867,171,66,2.0,3.476922225699867
734439407689,2025-10,1,1.0,3.0,1.0,1.0,1.0,2.0,1.6666666666666667,1.5,3.0,1.6953070714141738,171,73,2.0,0.6953070714141738
734439407690,2025-10,6,4.0,2.0,3.0,1.0,12.0,1.0,2.0,4.333333333333333,2.0,4.458416378099939,171,74,2.0,0.4584163780999386
734439407691,2025-10,4,2.0,7.0,5.0,4.0,3.0,4.0,5.333333333333333,5.0,7.0,4.776294220705571,171,75,5.0,2.776294220705571
734439407692,2025-10,3,6.0,2.0,5.0,2.0,4.0,5.0,3.0,3.8333333333333335,2.0,3.6582114674194823,171,76,4.0,2.3417885325805177
734439407693,2025-10,7,7.0,5.0,6.0,8.0,8.0,5.0,6.333333333333333,6.833333333333333,5.0,6.560080455708988,171,77,2.0,0.439919544291012
734439407694,2025-10,6,6.0,10.0,5.0,9.0,4.0,4.0,8.0,7.0,10.0,6.554482867465386,171,78,4.0,0.5544828674653859
734439407695,2025-10,16,14.0,22.0,11.0,27.0,23.0,17.0,20.0,21.5,22.0,18.911501709073626,171,79,8.0,4.911501709073626
734439407696,2025-10,47,27.0,28.0,71.0,22.0,41.0,91.0,40.333333333333336,37.166666666666664,28.0,45.779440360144086,171,80,1.0,18.779440360144086
734439407697,2025-10,12,10.0,6.0,9.0,4.0,8.0,12.0,6.333333333333333,8.0,6.0,9.338929534607896,171,81,4.0,0.661070465392104
734439407708,2025-10,1,1.0,1.0,2.0,2.0,6.0,3.0,1.6666666666666667,2.1666666666666665,1.0,2.1281136798451197,171,92,0.0,1.1281136798451197
734439407711,2025-10,1,1.0,1.0,4.0,1.0,1.0,3.0,2.0,1.8333333333333333,1.0,1.8410101946399404,171,95,0.0,0.8410101946399404
738734374956,2025-10,2,7.0,8.0,4.0,2.0,3.0,1.0,4.666666666666667,4.166666666666667,8.0,3.564340378677443,172,44,1.0,3.435659621322557
738734374966,2025-10,3,3.0,1.0,6.0,4.0,2.0,4.0,3.6666666666666665,3.0,1.0,3.1520217963573627,172,54,2.0,0.15202179635736268
738734374985,2025-10,2,5.0,2.0,3.0,4.0,3.0,3.0,3.0,2.8333333333333335,2.0,2.717777404663302,172,73,3.0,2.282222595336698
738734374986,2025-10,18,18.0,11.0,12.0,6.0,12.0,17.0,9.666666666666666,9.166666666666666,11.0,12.943183417495977,172,74,7.0,5.056816582504023
738734374987,2025-10,1,1.0,1.0,2.0,1.0,2.0,2.0,1.3333333333333333,1.5,1.0,1.568512969474332,172,75,0.0,0.568512969474332
738734374989,2025-10,5,3.0,2.0,6.0,7.0,5.0,4.0,5.0,4.666666666666667,2.0,4.632324554483054,172,77,1.0,1.6323245544830538
738734374990,2025-10,4,1.0,5.0,5.0,4.0,9.0,1.0,4.666666666666667,4.666666666666667,5.0,4.358126596615036,172,78,4.0,3.358126596615036
738734374991,2025-10,9,4.0,5.0,8.0,9.0,8.0,9.0,7.333333333333333,8.666666666666666,5.0,8.358064373996143,172,79,1.0,4.358064373996143
738734374992,2025-10,3,5.0,2.0,1.0,2.0,4.0,2.0,1.6666666666666667,2.3333333333333335,2.0,2.6138588716999323,172,80,3.0,2.3861411283000677
743029342251,2025-10,1,4.0,5.0,2.0,4.0,6.0,3.0,3.6666666666666665,3.8333333333333335,5.0,3.1931482408454377,173,43,1.0,0.8068517591545623
743029342252,2025-10,1,3.0,2.0,3.0,4.0,3.0,1.0,3.0,2.8333333333333335,2.0,2.194387341588813,173,44,1.0,0.8056126584111869
743029342253,2025-10,4,3.0,2.0,5.0,2.0,8.0,4.0,3.0,3.6666666666666665,2.0,3.944638394967236,173,45,1.0,0.9446383949672361
743029342262,2025-10,10,10.0,7.0,7.0,16.0,9.0,8.0,10.0,8.833333333333334,7.0,9.003126302610237,173,54,3.0,0.9968736973897627
743029342268,2025-10,3,1.0,1.0,1.0,2.0,1.0,1.0,1.3333333333333333,1.5,1.0,1.9637825716916257,173,60,0.0,0.9637825716916257
743029342282,2025-10,1,5.0,1.0,1.0,1.0,3.0,3.0,1.0,3.0,1.0,2.215308022159139,173,74,4.0,2.784691977840861
743029342283,2025-10,15,14.0,18.0,11.0,5.0,10.0,4.0,11.333333333333334,11.5,18.0,11.938037364536248,173,75,4.0,2.061962635463752
743029342284,2025-10,3,4.0,5.0,1.0,4.0,3.0,3.0,3.3333333333333335,3.6666666666666665,5.0,3.530812172699677,173,76,1.0,0.46918782730032316
743029342285,2025-10,2,1.0,1.0,5.0,1.0,3.0,6.0,2.3333333333333335,3.6666666666666665,1.0,3.2538504831973514,173,77,0.0,2.2538504831973514
743029342289,2025-10,4,1.0,1.0,2.0,3.0,5.0,5.0,2.0,3.0,1.0,3.4977163652416774,173,81,0.0,2.4977163652416774
743029342290,2025-10,1,1.0,2.0,2.0,4.0,3.0,3.0,2.6666666666666665,2.1666666666666665,2.0,2.1588533230777056,173,82,1.0,1.1588533230777056
743029342291,2025-10,2,2.0,3.0,1.0,3.0,5.0,2.0,2.3333333333333335,2.5,3.0,2.5667646567778952,173,83,1.0,0.5667646567778952
743029342296,2025-10,2,5.0,2.0,6.0,2.0,2.0,5.0,3.3333333333333335,2.5,2.0,2.8588238867371194,173,88,3.0,2.1411761132628806
747324309540,2025-10,6,7.0,7.0,1.0,5.0,2.0,6.0,4.333333333333333,2.8333333333333335,7.0,4.649552765795881,174,36,0.0,2.350447234204119
747324309546,2025-10,1,2.0,4.0,5.0,1.0,3.0,4.0,3.3333333333333335,3.1666666666666665,4.0,2.8741383482602503,174,42,2.0,0.8741383482602503
747324309554,2025-10,6,2.0,5.0,12.0,2.0,7.0,2.0,6.333333333333333,6.666666666666667,5.0,5.884244677786851,174,50,3.0,3.8842446777868513
747324309555,2025-10,6,8.0,10.0,4.0,6.0,9.0,7.0,6.666666666666667,7.166666666666667,10.0,7.064440361873492,174,51,2.0,0.9355596381265077
747324309556,2025-10,12,16.0,15.0,19.0,16.0,15.0,12.0,16.666666666666668,16.666666666666668,15.0,14.392182559051152,174,52,1.0,1.607817440948848
747324309557,2025-10,28,19.0,17.0,25.0,25.0,37.0,57.0,22.333333333333332,24.166666666666668,17.0,28.635516003172626,174,53,2.0,9.635516003172626
747324309559,2025-10,2,2.0,2.0,2.0,7.0,5.0,5.0,3.6666666666666665,3.6666666666666665,2.0,3.3830937597219997,174,55,0.0,1.3830937597219997
747324309560,2025-10,2,1.0,1.0,1.0,2.0,3.0,4.0,1.3333333333333333,2.3333333333333335,1.0,2.4160105956093165,174,56,0.0,1.4160105956093165
747324309567,2025-10,2,2.0,2.0,4.0,2.0,1.0,1.0,2.6666666666666665,1.8333333333333333,2.0,2.023480681553595,174,63,0.0,0.023480681553595062
747324309572,2025-10,16,17.0,5.0,9.0,5.0,6.0,10.0,6.333333333333333,6.166666666666667,5.0,9.43538948980071,174,68,12.0,7.564610510199291
747324309573,2025-10,1,3.0,5.0,4.0,3.0,4.0,1.0,4.0,3.3333333333333335,5.0,2.7435351389977534,174,69,2.0,0.25646486100224664
747324309577,2025-10,8,12.0,5.0,7.0,4.0,7.0,2.0,5.333333333333333,5.666666666666667,5.0,5.959908905917292,174,73,7.0,6.040091094082708
747324309580,2025-10,12,19.0,8.0,8.0,9.0,10.0,6.0,8.333333333333334,9.666666666666666,8.0,9.613476964298824,174,76,11.0,9.386523035701176
747324309584,2025-10,1,3.0,3.0,1.0,2.0,1.0,1.0,2.0,1.5,3.0,1.6054757633529828,174,80,0.0,1.3945242366470172
747324309593,2025-10,3,2.0,5.0,1.0,1.0,2.0,1.0,2.3333333333333335,2.0,5.0,2.5782292494538996,174,89,3.0,0.5782292494538996
747324309603,2025-10,2,4.0,2.0,1.0,1.0,3.0,1.0,1.3333333333333333,1.8333333333333333,2.0,1.9610465139975588,174,99,2.0,2.038953486002441
751619276836,2025-10,7,5.0,7.0,7.0,8.0,12.0,10.0,7.333333333333333,7.333333333333333,7.0,7.761514568909469,175,36,2.0,2.761514568909469
751619276837,2025-10,1,3.0,3.0,3.0,1.0,2.0,4.0,2.3333333333333335,2.3333333333333335,3.0,2.350734351186553,175,37,0.0,0.6492656488134472
751619276842,2025-10,2,1.0,9.0,5.0,4.0,1.0,2.0,6.0,4.5,9.0,3.915992372359195,175,42,8.0,2.915992372359195
751619276844,2025-10,4,1.0,1.0,3.0,1.0,1.0,1.0,1.6666666666666667,1.3333333333333333,1.0,2.243210556733459,175,44,0.0,1.2432105567334588
751619276845,2025-10,1,1.0,1.0,1.0,1.0,2.0,1.0,1.0,1.1666666666666667,1.0,1.2922120855418964,175,45,0.0,0.29221208554189637
751619276846,2025-10,9,12.0,4.0,4.0,7.0,3.0,3.0,5.0,5.0,4.0,5.812102856627109,175,46,8.0,6.187897143372891
751619276850,2025-10,12,5.0,4.0,8.0,12.0,9.0,4.0,8.0,10.166666666666666,4.0,9.168651942758853,175,50,1.0,4.168651942758853
751619276851,2025-10,22,25.0,21.0,23.0,9.0,14.0,17.0,17.666666666666668,16.666666666666668,21.0,18.39073256050557,175,51,4.0,6.609267439494431
751619276852,2025-10,9,8.0,4.0,2.0,2.0,4.0,11.0,2.6666666666666665,4.5,4.0,6.406808067980521,175,52,4.0,1.5931919320194794
751619276853,2025-10,14,9.0,16.0,12.0,15.0,13.0,18.0,14.333333333333334,15.5,16.0,14.971589761747229,175,53,7.0,5.971589761747229
751619276854,2025-10,2,3.0,2.0,1.0,9.0,5.0,3.0,4.0,3.8333333333333335,2.0,3.2208373812404893,175,54,1.0,0.22083738124048935
751619276856,2025-10,1,3.0,3.0,4.0,1.0,2.0,2.0,2.6666666666666665,2.8333333333333335,3.0,2.32805432430688,175,56,0.0,0.6719456756931201
751619276857,2025-10,1,1.0,1.0,1.0,2.0,2.0,4.0,1.3333333333333333,1.8333333333333333,1.0,1.9114969006476787,175,57,0.0,0.9114969006476787
751619276862,2025-10,6,6.0,2.0,5.0,1.0,4.0,5.0,2.6666666666666665,3.0,2.0,4.193687839943502,175,62,4.0,1.806312160056498
751619276867,2025-10,1,1.0,2.0,3.0,4.0,2.0,6.0,3.0,2.8333333333333335,2.0,2.745100802076892,175,67,1.0,1.7451008020768919
751619276868,2025-10,5,3.0,5.0,2.0,3.0,3.0,3.0,3.3333333333333335,2.6666666666666665,5.0,3.763622215310262,175,68,2.0,0.7636222153102619
751619276899,2025-10,5,3.0,1.0,2.0,1.0,3.0,3.0,1.3333333333333333,1.5,1.0,2.8732297904822843,175,99,2.0,0.12677020951771567
751619276900,2025-10,1,1.0,1.0,1.0,1.0,1.0,2.0,1.0,1.3333333333333333,1.0,1.4248796498169067,175,100,0.0,0.42487964981690673
755914244132,2025-10,18,16.0,19.0,11.0,13.0,17.0,11.0,14.333333333333334,16.333333333333332,19.0,15.967736227931855,176,36,3.0,0.0322637720681449
755914244143,2025-10,3,7.0,2.0,3.0,5.0,6.0,3.0,3.3333333333333335,4.166666666666667,2.0,3.63181793695208,176,47,5.0,3.36818206304792
755914244148,2025-10,1,3.0,2.0,1.0,5.0,4.0,6.0,2.6666666666666665,2.3333333333333335,2.0,2.6072996607779695,176,52,1.0,0.3927003392220305
755914244149,2025-10,2,9.0,8.0,12.0,6.0,5.0,3.0,8.666666666666666,6.333333333333333,8.0,5.091873043951345,176,53,1.0,3.9081269560486547
755914244150,2025-10,19,14.0,15.0,10.0,17.0,11.0,19.0,14.0,15.333333333333334,15.0,16.240263281163248,176,54,1.0,2.240263281163248
755914244151,2025-10,1,5.0,1.0,2.0,2.0,5.0,1.0,1.6666666666666667,2.5,1.0,1.9618003333080214,176,55,4.0,3.0381996666919786
755914244152,2025-10,1,2.0,1.0,2.0,7.0,6.0,6.0,3.3333333333333335,4.0,1.0,3.2718315220454492,176,56,1.0,1.2718315220454492
755914244156,2025-10,1,1.0,5.0,4.0,3.0,1.0,4.0,4.0,2.5,5.0,2.675825468696541,176,60,4.0,1.6758254686965408
760209211425,2025-10,3,1.0,3.0,3.0,4.0,1.0,2.0,3.3333333333333335,2.5,3.0,2.7844281758231197,177,33,2.0,1.7844281758231197
760209211428,2025-10,2,1.0,4.0,3.0,1.0,8.0,1.0,2.6666666666666665,3.0,4.0,2.8854311560229906,177,36,3.0,1.8854311560229906
760209211429,2025-10,2,7.0,4.0,6.0,8.0,4.0,2.0,6.0,5.166666666666667,4.0,3.9098920300652997,177,37,3.0,3.0901079699347003
760209211440,2025-10,7,8.0,9.0,10.0,15.0,22.0,17.0,11.333333333333334,13.166666666666666,9.0,11.617848261395466,177,48,1.0,3.6178482613954657
760209211444,2025-10,3,2.0,3.0,3.0,4.0,1.0,1.0,3.3333333333333335,3.1666666666666665,3.0,2.898219371985279,177,52,1.0,0.8982193719852791
760209211446,2025-10,4,1.0,5.0,3.0,6.0,6.0,7.0,4.666666666666667,4.5,5.0,4.857319803259555,177,54,4.0,3.8573198032595553
760209211447,2025-10,2,2.0,3.0,2.0,1.0,1.0,4.0,2.0,1.5,3.0,2.259504942238573,177,55,1.0,0.2595049422385731
760209211454,2025-10,2,3.0,3.0,1.0,1.0,2.0,3.0,1.6666666666666667,3.3333333333333335,3.0,2.784598114903017,177,62,0.0,0.21540188509698321
760209211464,2025-10,4,5.0,2.0,3.0,1.0,1.0,1.0,2.0,1.8333333333333333,2.0,2.5239593810090426,177,72,3.0,2.4760406189909574
760209211465,2025-10,6,6.0,2.0,5.0,5.0,6.0,1.0,4.0,5.0,2.0,4.62215408542157,177,73,4.0,1.3778459145784296
760209211474,2025-10,4,4.0,1.0,2.0,6.0,7.0,1.0,3.0,4.166666666666667,1.0,3.605878706426072,177,82,3.0,0.394121293573928
760209211475,2025-10,1,1.0,2.0,1.0,1.0,1.0,1.0,1.3333333333333333,1.1666666666666667,2.0,1.353707307128408,177,83,1.0,0.35370730712840803
760209211498,2025-10,6,1.0,5.0,10.0,6.0,4.0,1.0,7.0,5.0,5.0,5.084523932787155,177,106,4.0,4.084523932787155
764504178720,2025-10,6,7.0,8.0,9.0,4.0,2.0,1.0,7.0,4.833333333333333,8.0,5.156131856243183,178,32,1.0,1.8438681437568167
764504178744,2025-10,2,2.0,6.0,1.0,5.0,9.0,8.0,4.0,4.166666666666667,6.0,4.418528308147678,178,56,4.0,2.4185283081476783
764504178749,2025-10,3,4.0,2.0,4.0,1.0,1.0,1.0,2.3333333333333335,1.6666666666666667,2.0,2.221293051095607,178,61,2.0,1.778706948904393
764504178755,2025-10,3,2.0,6.0,1.0,6.0,3.0,5.0,4.333333333333333,4.333333333333333,6.0,4.16637236784751,178,67,4.0,2.1663723678475098
764504178761,2025-10,4,6.0,8.0,1.0,3.0,10.0,3.0,4.0,5.5,8.0,5.057793416857912,178,73,2.0,0.942206583142088
764504178762,2025-10,32,16.0,21.0,16.0,15.0,7.0,20.0,17.333333333333332,15.666666666666666,21.0,20.82871131126155,178,74,5.0,4.82871131126155
764504178763,2025-10,1,1.0,2.0,2.0,4.0,3.0,2.0,2.6666666666666665,3.5,2.0,2.505500700802987,178,75,1.0,1.5055007008029868
764504178770,2025-10,4,2.0,2.0,1.0,2.0,2.0,2.0,1.6666666666666667,1.5,2.0,2.518825803985129,178,82,0.0,0.5188258039851288
764504178791,2025-10,1,1.0,3.0,3.0,2.0,1.0,5.0,2.6666666666666665,1.8333333333333333,3.0,2.2797794112382146,178,103,2.0,1.2797794112382146
764504178792,2025-10,11,11.0,14.0,7.0,14.0,18.0,12.0,11.666666666666666,12.666666666666666,14.0,12.189352041168352,178,104,3.0,1.1893520411683518
764504178793,2025-10,3,2.0,2.0,6.0,3.0,3.0,6.0,3.6666666666666665,4.333333333333333,2.0,3.9773486075657347,178,105,0.0,1.9773486075657347
764504178794,2025-10,4,2.0,3.0,4.0,8.0,6.0,2.0,5.0,5.833333333333333,3.0,4.6147690256039535,178,106,1.0,2.6147690256039535
768799146017,2025-10,6,1.0,1.0,1.0,3.0,2.0,1.0,1.6666666666666667,2.5,1.0,3.242692264710506,179,33,0.0,2.242692264710506
768799146037,2025-10,45,34.0,56.0,32.0,28.0,37.0,46.0,38.666666666666664,39.833333333333336,56.0,42.15885952142414,179,53,22.0,8.15885952142414
768799146039,2025-10,1,1.0,1.0,1.0,1.0,2.0,1.0,1.0,1.3333333333333333,1.0,1.3504261309326768,179,55,0.0,0.3504261309326768
768799146040,2025-10,5,11.0,11.0,12.0,7.0,5.0,24.0,10.0,9.0,11.0,9.726996482091238,179,56,0.0,1.2730035179087622
768799146041,2025-10,2,10.0,1.0,4.0,1.0,1.0,1.0,2.0,1.6666666666666667,1.0,1.829926270719799,179,57,9.0,8.170073729280201
768799146049,2025-10,11,11.0,6.0,9.0,7.0,17.0,11.0,7.333333333333333,9.666666666666666,6.0,10.005949141512083,179,65,5.0,0.9940508584879169
768799146051,2025-10,4,2.0,5.0,2.0,11.0,3.0,12.0,6.0,6.166666666666667,5.0,6.006311363570923,179,67,3.0,4.006311363570923
768799146053,2025-10,3,2.0,1.0,2.0,3.0,4.0,1.0,2.0,2.3333333333333335,1.0,2.4587286832854085,179,69,1.0,0.4587286832854085
768799146056,2025-10,3,1.0,4.0,4.0,3.0,1.0,5.0,3.6666666666666665,2.5,4.0,3.2593039505393886,179,72,3.0,2.2593039505393886
768799146057,2025-10,3,1.0,1.0,3.0,1.0,2.0,2.0,1.6666666666666667,1.8333333333333333,1.0,2.2962690525509295,179,73,0.0,1.2962690525509295
768799146058,2025-10,7,4.0,6.0,2.0,3.0,6.0,2.0,3.6666666666666665,4.833333333333333,6.0,5.211801092188013,179,74,2.0,1.2118010921880131
768799146059,2025-10,7,8.0,10.0,5.0,10.0,4.0,6.0,8.333333333333334,6.666666666666667,10.0,6.990678517098087,179,75,2.0,1.009321482901913
768799146077,2025-10,2,1.0,13.0,50.0,1.0,4.0,1.0,21.333333333333332,12.333333333333334,13.0,8.839898989014713,179,93,12.0,7.8398989890147135
768799146088,2025-10,15,7.0,11.0,7.0,8.0,26.0,20.0,8.666666666666666,14.666666666666666,11.0,14.844650441941177,179,104,4.0,7.844650441941177
768799146089,2025-10,1,9.0,7.0,6.0,13.0,7.0,5.0,8.666666666666666,8.666666666666666,7.0,5.8026446977607975,179,105,2.0,3.1973553022392025
768799146090,2025-10,5,2.0,1.0,2.0,3.0,2.0,3.0,2.0,3.5,1.0,3.5856542233344584,179,106,1.0,1.5856542233344584
773094113317,2025-10,3,3.0,3.0,1.0,10.0,6.0,2.0,4.666666666666667,4.666666666666667,3.0,3.8580545470257412,180,37,0.0,0.8580545470257412
773094113318,2025-10,6,8.0,6.0,11.0,5.0,14.0,6.0,7.333333333333333,8.833333333333334,6.0,7.5825673874606245,180,38,2.0,0.41743261253937547
773094113319,2025-10,12,8.0,11.0,13.0,11.0,9.0,6.0,11.666666666666666,9.666666666666666,11.0,10.149691955520915,180,39,3.0,2.1496919555209146
773094113331,2025-10,3,5.0,1.0,1.0,3.0,3.0,5.0,1.6666666666666667,2.8333333333333335,1.0,3.0242114867949565,180,51,4.0,1.9757885132050435
773094113336,2025-10,3,4.0,6.0,5.0,9.0,6.0,9.0,6.666666666666667,7.333333333333333,6.0,6.075251789054559,180,56,2.0,2.075251789054559
773094113337,2025-10,13,11.0,2.0,3.0,3.0,6.0,5.0,2.6666666666666665,3.3333333333333335,2.0,6.373011248846205,180,57,9.0,4.626988751153795
773094113338,2025-10,11,4.0,5.0,4.0,12.0,8.0,5.0,7.0,6.5,5.0,7.620011827876954,180,58,1.0,3.6200118278769544
773094113339,2025-10,4,1.0,3.0,4.0,3.0,1.0,1.0,3.3333333333333335,2.1666666666666665,3.0,2.8457693223232994,180,59,2.0,1.8457693223232994
773094113344,2025-10,8,7.0,7.0,5.0,2.0,2.0,3.0,4.666666666666667,4.333333333333333,7.0,5.46233460163547,180,64,0.0,1.5376653983645303
773094113347,2025-10,1,1.0,2.0,1.0,3.0,2.0,3.0,2.0,2.0,2.0,1.9859863260805124,180,67,1.0,0.9859863260805124
773094113348,2025-10,3,5.0,5.0,9.0,14.0,12.0,1.0,9.333333333333334,9.333333333333334,5.0,6.292262179231878,180,68,0.0,1.2922621792318782
773094113349,2025-10,3,6.0,5.0,7.0,5.0,2.0,5.0,5.666666666666667,4.666666666666667,5.0,4.347695473168782,180,69,1.0,1.6523045268312178
773094113352,2025-10,3,4.0,7.0,4.0,2.0,4.0,2.0,4.333333333333333,4.333333333333333,7.0,3.9653842801552397,180,72,3.0,0.034615719844760307
773094113354,2025-10,2,6.0,1.0,4.0,8.0,5.0,1.0,4.333333333333333,4.166666666666667,1.0,3.0862185590268405,180,74,5.0,2.9137814409731595
773094113386,2025-10,16,23.0,32.0,19.0,26.0,26.0,21.0,25.666666666666668,23.5,32.0,21.578460260608978,180,106,9.0,1.4215397393910223
777389080612,2025-10,18,9.0,16.0,24.0,33.0,16.0,24.0,24.333333333333332,20.166666666666668,16.0,19.606747598850127,181,36,7.0,10.606747598850127
777389080613,2025-10,8,3.0,9.0,8.0,10.0,6.0,4.0,9.0,7.666666666666667,9.0,7.492632579093361,181,37,6.0,4.492632579093361
777389080623,2025-10,12,11.0,8.0,13.0,8.0,7.0,5.0,9.666666666666666,8.333333333333334,8.0,9.0696705776312,181,47,3.0,1.9303294223688
777389080624,2025-10,5,4.0,3.0,7.0,7.0,3.0,2.0,5.666666666666667,4.333333333333333,3.0,4.335458055719254,181,48,1.0,0.33545805571925413
777389080631,2025-10,5,3.0,10.0,5.0,8.0,5.0,12.0,7.666666666666667,6.166666666666667,10.0,6.946050220623581,181,55,7.0,3.9460502206235812
777389080632,2025-10,6,5.0,8.0,3.0,16.0,1.0,9.0,9.0,6.666666666666667,8.0,6.810352053810537,181,56,3.0,1.8103520538105373
777389080633,2025-10,6,8.0,13.0,4.0,5.0,3.0,1.0,7.333333333333333,5.833333333333333,13.0,5.905755674211034,181,57,5.0,2.0942443257889662
777389080634,2025-10,4,1.0,3.0,11.0,2.0,9.0,8.0,5.333333333333333,7.166666666666667,3.0,6.038958290896908,181,58,2.0,5.038958290896908
777389080635,2025-10,7,3.0,7.0,8.0,10.0,9.0,3.0,8.333333333333334,7.333333333333333,7.0,6.893500433981987,181,59,4.0,3.8935004339819868
777389080639,2025-10,3,12.0,6.0,5.0,8.0,2.0,3.0,6.333333333333333,4.166666666666667,6.0,4.047115470817255,181,63,6.0,7.952884529182745
777389080640,2025-10,4,1.0,3.0,6.0,2.0,1.0,3.0,3.6666666666666665,2.3333333333333335,3.0,3.1944952766760535,181,64,2.0,2.1944952766760535
777389080644,2025-10,7,16.0,14.0,19.0,14.0,21.0,7.0,15.666666666666666,17.166666666666668,14.0,12.648294063173468,181,68,2.0,3.351705936826532
777389080645,2025-10,2,3.0,5.0,2.0,4.0,3.0,3.0,3.6666666666666665,3.3333333333333335,5.0,3.1699317973954617,181,69,2.0,0.16993179739546171
777389080647,2025-10,1,1.0,1.0,1.0,1.0,1.0,4.0,1.0,1.8333333333333333,1.0,1.837651756791173,181,71,0.0,0.837651756791173
777389080674,2025-10,7,1.0,2.0,4.0,3.0,1.0,1.0,3.0,3.3333333333333335,2.0,4.002941228773214,181,98,1.0,3.0029412287732136
781684047905,2025-10,5,9.0,12.0,17.0,6.0,17.0,12.0,11.666666666666666,13.166666666666666,12.0,10.56981743976301,182,33,3.0,1.5698174397630105
781684047906,2025-10,12,11.0,16.0,20.0,14.0,7.0,15.0,16.666666666666668,12.666666666666666,16.0,13.083795834915056,182,34,5.0,2.0837958349150565
781684047919,2025-10,39,20.0,24.0,29.0,30.0,41.0,22.0,27.666666666666668,30.0,24.0,30.874186418302592,182,47,4.0,10.874186418302592
781684047920,2025-10,13,10.0,9.0,12.0,11.0,14.0,16.0,10.666666666666666,13.0,9.0,12.75991895824598,182,48,1.0,2.7599189582459793
781684047921,2025-10,4,3.0,2.0,2.0,5.0,4.0,1.0,3.0,3.5,2.0,3.3160611360762227,182,49,1.0,0.31606113607622266
781684047924,2025-10,8,4.0,8.0,6.0,10.0,4.0,2.0,8.0,6.333333333333333,8.0,6.511845008528665,182,52,4.0,2.511845008528665
781684047927,2025-10,2,6.0,4.0,3.0,10.0,1.0,3.0,5.666666666666667,6.166666666666667,4.0,4.180450819690559,182,55,2.0,1.8195491803094406
781684047928,2025-10,6,7.0,9.0,9.0,11.0,9.0,9.0,9.666666666666666,10.166666666666666,9.0,8.59452388705463,182,56,2.0,1.5945238870546294
781684047929,2025-10,19,13.0,20.0,11.0,18.0,15.0,39.0,16.333333333333332,16.166666666666668,20.0,19.691654007809227,182,57,7.0,6.691654007809227
781684047930,2025-10,17,13.0,9.0,8.0,17.0,17.0,24.0,11.333333333333334,15.333333333333334,9.0,15.814481078604052,182,58,4.0,2.814481078604052
781684047931,2025-10,32,27.0,29.0,26.0,27.0,41.0,20.0,27.333333333333332,29.0,29.0,28.6103605144952,182,59,2.0,1.6103605144951985
781684047932,2025-10,3,10.0,5.0,1.0,5.0,2.0,1.0,3.6666666666666665,4.0,5.0,3.393732503502351,182,60,5.0,6.606267496497649
781684047935,2025-10,4,14.0,5.0,14.0,7.0,10.0,9.0,8.666666666666666,8.5,5.0,7.149152292095922,182,63,9.0,6.850847707904078
781684047940,2025-10,4,4.0,1.0,2.0,5.0,4.0,3.0,2.6666666666666665,3.5,1.0,3.4480844187749042,182,68,3.0,0.5519155812250958
781684047971,2025-10,1,1.0,1.0,6.0,3.0,1.0,1.0,3.3333333333333335,2.6666666666666665,1.0,2.034033420971282,182,99,0.0,1.0340334209712818
781684047972,2025-10,2,3.0,4.0,3.0,2.0,1.0,2.0,3.0,2.1666666666666665,4.0,2.4303793261926927,182,100,1.0,0.5696206738073073
785979015200,2025-10,12,8.0,1.0,5.0,1.0,4.0,7.0,2.3333333333333335,3.5,1.0,6.211913812449913,183,32,7.0,1.7880861875500873
785979015201,2025-10,39,31.0,15.0,18.0,21.0,32.0,10.0,18.0,26.166666666666668,15.0,26.038031176616357,183,33,16.0,4.961968823383643
785979015202,2025-10,33,22.0,17.0,16.0,21.0,19.0,28.0,18.0,22.0,17.0,24.564937921417922,183,34,5.0,2.564937921417922
785979015203,2025-10,3,1.0,5.0,2.0,4.0,2.0,1.0,3.6666666666666665,2.5,5.0,2.881380225395467,183,35,4.0,1.8813802253954668
785979015208,2025-10,3,2.0,3.0,3.0,5.0,2.0,4.0,3.6666666666666665,4.166666666666667,3.0,3.678543744389353,183,40,1.0,1.6785437443893532
785979015209,2025-10,3,4.0,1.0,1.0,3.0,3.0,4.0,1.6666666666666667,2.3333333333333335,1.0,2.7305043652216536,183,41,3.0,1.2694956347783464
785979015215,2025-10,6,1.0,2.0,7.0,3.0,7.0,7.0,4.0,6.166666666666667,2.0,5.811802042899816,183,47,1.0,4.811802042899816
785979015216,2025-10,9,10.0,11.0,13.0,17.0,10.0,4.0,13.666666666666666,13.833333333333334,11.0,10.731146373226169,183,48,1.0,0.7311463732261689
785979015217,2025-10,8,11.0,6.0,4.0,5.0,13.0,5.0,5.0,7.333333333333333,6.0,7.179830057321666,183,49,5.0,3.8201699426783344
785979015218,2025-10,7,5.0,13.0,9.0,9.0,7.0,10.0,10.333333333333334,9.0,13.0,8.868087111692656,183,50,8.0,3.868087111692656
785979015219,2025-10,2,3.0,6.0,2.0,2.0,3.0,3.0,3.3333333333333335,3.3333333333333335,6.0,3.2175711308191612,183,51,3.0,0.21757113081916124
785979015220,2025-10,1,1.0,6.0,2.0,1.0,1.0,2.0,3.0,2.1666666666666665,6.0,2.2872911250369334,183,52,5.0,1.2872911250369334
785979015223,2025-10,2,2.0,2.0,1.0,4.0,6.0,3.0,2.3333333333333335,4.166666666666667,2.0,3.235708551839924,183,55,0.0,1.2357085518399238
785979015224,2025-10,37,13.0,25.0,34.0,34.0,26.0,31.0,31.0,24.833333333333332,25.0,29.32852413371282,183,56,12.0,16.32852413371282
785979015225,2025-10,10,13.0,14.0,14.0,13.0,9.0,11.0,13.666666666666666,13.666666666666666,14.0,11.989229014098507,183,57,1.0,1.0107709859014928
785979015226,2025-10,41,47.0,49.0,36.0,59.0,50.0,42.0,48.0,43.5,49.0,42.7289456858546,183,58,2.0,4.2710543141454025
785979015227,2025-10,46,32.0,39.0,36.0,41.0,61.0,41.0,38.666666666666664,46.0,39.0,43.81284490121391,183,59,7.0,11.812844901213907
785979015228,2025-10,9,5.0,8.0,17.0,8.0,5.0,3.0,11.0,8.833333333333334,8.0,8.224410764150097,183,60,3.0,3.2244107641500968
785979015231,2025-10,2,1.0,2.0,3.0,1.0,1.0,1.0,2.0,2.0,2.0,2.0116532418546935,183,63,1.0,1.0116532418546935
785979015261,2025-10,2,1.0,2.0,3.0,1.0,3.0,1.0,2.0,2.0,2.0,2.1008761748881586,183,93,1.0,1.1008761748881586
785979015264,2025-10,2,2.0,1.0,2.0,4.0,2.0,4.0,2.3333333333333335,2.3333333333333335,1.0,2.4706742915220374,183,96,1.0,0.47067429152203744
785979015265,2025-10,2,4.0,3.0,1.0,4.0,1.0,5.0,2.6666666666666665,2.3333333333333335,3.0,2.7165333788628434,183,97,1.0,1.2834666211371566
785979015266,2025-10,3,1.0,1.0,1.0,1.0,1.0,2.0,1.0,1.1666666666666667,1.0,1.9371857889712558,183,98,0.0,0.9371857889712558
790273982496,2025-10,3,4.0,4.0,7.0,5.0,4.0,3.0,5.333333333333333,4.166666666666667,4.0,3.9180396111247404,184,32,0.0,0.08196038887525958
790273982497,2025-10,10,6.0,20.0,21.0,19.0,15.0,21.0,20.0,17.166666666666668,20.0,15.767739467322375,184,33,14.0,9.767739467322375
790273982498,2025-10,6,2.0,2.0,4.0,6.0,1.0,7.0,4.0,5.333333333333333,2.0,5.218340625615102,184,34,0.0,3.2183406256151024
790273982499,2025-10,3,5.0,2.0,1.0,2.0,2.0,3.0,1.6666666666666667,2.5,2.0,2.7019149694582083,184,35,3.0,2.2980850305417917
790273982504,2025-10,2,7.0,4.0,5.0,7.0,4.0,4.0,5.333333333333333,4.833333333333333,4.0,3.9615524249959826,184,40,3.0,3.0384475750040174
790273982511,2025-10,9,5.0,6.0,12.0,13.0,9.0,5.0,10.333333333333334,10.833333333333334,6.0,9.06947111745114,184,47,1.0,4.06947111745114
790273982512,2025-10,5,3.0,7.0,1.0,5.0,2.0,1.0,4.333333333333333,3.6666666666666665,7.0,4.060037973472406,184,48,4.0,1.0600379734724061
790273982519,2025-10,21,15.0,6.0,8.0,10.0,9.0,14.0,8.0,8.333333333333334,6.0,12.440034149449916,184,55,9.0,2.5599658505500837
790273982520,2025-10,10,9.0,11.0,10.0,12.0,11.0,10.0,11.0,11.333333333333334,11.0,10.633605353610946,184,56,2.0,1.633605353610946
790273982521,2025-10,12,9.0,22.0,15.0,13.0,9.0,14.0,16.666666666666668,14.166666666666666,22.0,13.981247603594717,184,57,13.0,4.981247603594717
790273982522,2025-10,14,15.0,14.0,13.0,23.0,13.0,9.0,16.666666666666668,17.5,14.0,14.66103728808953,184,58,1.0,0.33896271191047056
790273982523,2025-10,18,16.0,12.0,8.0,27.0,6.0,19.0,15.666666666666666,13.5,12.0,14.983992450596606,184,59,4.0,1.016007549403394
790273982529,2025-10,1,2.0,1.0,1.0,1.0,2.0,2.0,1.0,1.6666666666666667,1.0,1.5859192071152002,184,65,1.0,0.4140807928847998
790273982542,2025-10,1,3.0,1.0,1.0,1.0,1.0,2.0,1.0,1.0,1.0,1.3084515590353458,184,78,2.0,1.6915484409646542
790273982546,2025-10,1,2.0,1.0,3.0,1.0,1.0,1.0,1.6666666666666667,1.3333333333333333,1.0,1.3874302799157654,184,82,1.0,0.6125697200842346
794568949788,2025-10,3,2.0,6.0,6.0,3.0,4.0,8.0,5.0,5.0,6.0,4.917372978860485,185,28,4.0,2.9173729788604854
794568949789,2025-10,2,2.0,7.0,7.0,7.0,1.0,5.0,7.0,6.333333333333333,7.0,4.870645099173318,185,29,5.0,2.870645099173318
794568949793,2025-10,6,1.0,3.0,3.0,3.0,2.0,10.0,3.0,2.8333333333333335,3.0,4.724534215807036,185,33,2.0,3.7245342158070356
794568949794,2025-10,1,1.0,1.0,3.0,2.0,2.0,3.0,2.0,1.6666666666666667,1.0,1.8158334853557552,185,34,0.0,0.8158334853557552
794568949799,2025-10,4,2.0,1.0,2.0,1.0,4.0,2.0,1.3333333333333333,1.8333333333333333,1.0,2.6299442701070515,185,39,1.0,0.6299442701070515
794568949800,2025-10,8,12.0,6.0,6.0,4.0,2.0,17.0,5.333333333333333,6.5,6.0,7.879195461655299,185,40,6.0,4.120804538344701
794568949801,2025-10,5,1.0,3.0,2.0,5.0,1.0,1.0,3.3333333333333335,3.0,3.0,3.398951380729489,185,41,2.0,2.398951380729489
794568949807,2025-10,3,2.0,8.0,2.0,3.0,5.0,3.0,4.333333333333333,5.666666666666667,8.0,4.648497845142373,185,47,6.0,2.648497845142373
794568949808,2025-10,1,4.0,1.0,6.0,1.0,3.0,2.0,2.6666666666666665,2.5,1.0,2.125639939335386,185,48,3.0,1.874360060664614
794568949815,2025-10,18,9.0,10.0,12.0,12.0,13.0,10.0,11.333333333333334,11.5,10.0,13.038631997612287,185,55,1.0,4.038631997612287
794568949816,2025-10,5,7.0,6.0,13.0,16.0,20.0,18.0,11.666666666666666,14.333333333333334,6.0,11.318005483233069,185,56,1.0,4.318005483233069
794568949817,2025-10,9,17.0,13.0,13.0,9.0,13.0,15.0,11.666666666666666,13.333333333333334,13.0,11.978397433502924,185,57,4.0,5.0216025664970765
794568949818,2025-10,7,4.0,13.0,6.0,3.0,1.0,2.0,7.333333333333333,5.333333333333333,13.0,6.06936394349903,185,58,9.0,2.06936394349903
794568949819,2025-10,3,2.0,2.0,1.0,2.0,2.0,1.0,1.6666666666666667,1.8333333333333333,2.0,2.2309288170931634,185,59,0.0,0.23092881709316337
794568949820,2025-10,1,4.0,5.0,4.0,5.0,9.0,2.0,4.666666666666667,6.0,5.0,4.0755495379144095,185,60,1.0,0.07554953791440955
794568949834,2025-10,1,1.0,1.0,4.0,1.0,8.0,5.0,2.0,3.1666666666666665,1.0,2.8571327941852385,185,74,0.0,1.8571327941852385
798863917084,2025-10,20,12.0,11.0,14.0,11.0,11.0,30.0,12.0,11.166666666666666,11.0,15.94328949262493,186,28,1.0,3.9432894926249293
798863917085,2025-10,11,17.0,24.0,23.0,17.0,21.0,39.0,21.333333333333332,20.166666666666668,24.0,19.959265926179956,186,29,7.0,2.959265926179956
798863917096,2025-10,4,6.0,4.0,7.0,5.0,1.0,3.0,5.333333333333333,4.166666666666667,4.0,4.069465303847106,186,40,2.0,1.9305346961528942
798863917097,2025-10,4,1.0,2.0,3.0,4.0,1.0,1.0,3.0,3.8333333333333335,2.0,3.3102289577177224,186,41,1.0,2.3102289577177224
798863917099,2025-10,7,2.0,3.0,2.0,3.0,1.0,2.0,2.6666666666666665,2.1666666666666665,3.0,3.738998969042136,186,43,1.0,1.738998969042136
798863917100,2025-10,5,2.0,1.0,5.0,1.0,2.0,1.0,2.3333333333333335,2.0,1.0,2.8875539125856973,186,44,1.0,0.8875539125856973
798863917106,2025-10,8,6.0,4.0,5.0,2.0,7.0,10.0,3.6666666666666665,6.166666666666667,4.0,6.840881267014726,186,50,2.0,0.8408812670147263
798863917107,2025-10,2,2.0,6.0,4.0,4.0,1.0,1.0,4.666666666666667,3.6666666666666665,6.0,3.1467292879446944,186,51,4.0,1.1467292879446944
798863917108,2025-10,1,2.0,1.0,2.0,3.0,2.0,2.0,2.0,2.1666666666666665,1.0,1.8598365057169968,186,52,1.0,0.14016349428300323
798863917112,2025-10,18,8.0,5.0,11.0,5.0,9.0,2.0,7.0,8.5,5.0,10.08383644165908,186,56,3.0,2.0838364416590807
798863917113,2025-10,2,2.0,4.0,3.0,2.0,4.0,9.0,3.0,2.8333333333333335,4.0,3.630524805112751,186,57,2.0,1.630524805112751
798863917114,2025-10,9,2.0,3.0,10.0,6.0,6.0,4.0,6.333333333333333,6.0,3.0,6.523792994979397,186,58,1.0,4.523792994979397
798863917115,2025-10,2,3.0,4.0,1.0,2.0,1.0,4.0,2.3333333333333335,2.3333333333333335,4.0,2.6451077268855796,186,59,1.0,0.3548922731144204
798863917129,2025-10,2,4.0,3.0,4.0,2.0,4.0,3.0,3.0,3.1666666666666665,3.0,2.9672641031352036,186,73,1.0,1.0327358968647964
798863917130,2025-10,1,2.0,2.0,5.0,3.0,2.0,2.0,3.3333333333333335,2.8333333333333335,2.0,2.32122279863309,186,74,0.0,0.32122279863309
798863917131,2025-10,2,1.0,3.0,7.0,2.0,3.0,2.0,4.0,2.8333333333333335,3.0,2.8095829836856785,186,75,2.0,1.8095829836856785
798863917158,2025-10,22,20.0,24.0,18.0,23.0,28.0,17.0,21.666666666666668,21.666666666666668,24.0,21.285266961780223,186,102,4.0,1.2852669617802235
798863917159,2025-10,3,1.0,1.0,1.0,2.0,1.0,1.0,1.3333333333333333,1.3333333333333333,1.0,1.9055685263008453,186,103,0.0,0.9055685263008453
803158884380,2025-10,2,3.0,1.0,3.0,3.0,6.0,2.0,2.3333333333333335,3.1666666666666665,1.0,2.7136345441510823,187,28,2.0,0.2863654558489177
803158884381,2025-10,14,7.0,18.0,12.0,13.0,17.0,13.0,14.333333333333334,13.833333333333334,18.0,14.126316268428486,187,29,11.0,7.126316268428486
803158884382,2025-10,2,4.0,4.0,5.0,3.0,8.0,2.0,4.0,4.666666666666667,4.0,3.7267195655111207,187,30,0.0,0.2732804344888793
803158884402,2025-10,8,10.0,11.0,6.0,7.0,12.0,12.0,8.0,9.5,11.0,9.396072489387391,187,50,1.0,0.6039275106126087
803158884403,2025-10,6,8.0,12.0,4.0,7.0,6.0,10.0,7.666666666666667,8.166666666666666,12.0,7.87853224441712,187,51,4.0,0.12146775558287981
803158884405,2025-10,4,8.0,5.0,5.0,4.0,7.0,5.0,4.666666666666667,4.666666666666667,5.0,4.74516360518542,187,53,3.0,3.25483639481458
803158884409,2025-10,17,11.0,9.0,8.0,10.0,15.0,13.0,9.0,10.5,9.0,12.522700248448967,187,57,2.0,1.5227002484489667
803158884410,2025-10,17,19.0,15.0,23.0,16.0,11.0,23.0,18.0,16.5,15.0,17.054769179366488,187,58,4.0,1.9452308206335118
803158884411,2025-10,26,20.0,17.0,19.0,22.0,15.0,19.0,19.333333333333332,22.0,17.0,21.46974364142388,187,59,3.0,1.4697436414238787
807453851676,2025-10,2,4.0,2.0,1.0,1.0,1.0,3.0,1.3333333333333333,1.3333333333333333,2.0,1.9353114155936755,188,28,2.0,2.0646885844063245
807453851677,2025-10,6,10.0,10.0,14.0,6.0,8.0,10.0,10.0,10.0,10.0,8.774740700702012,188,29,0.0,1.2252592992979885
807453851678,2025-10,12,13.0,15.0,14.0,22.0,12.0,12.0,17.0,16.0,15.0,13.996855003226912,188,30,2.0,0.9968550032269121
807453851696,2025-10,3,5.0,6.0,5.0,5.0,3.0,4.0,5.333333333333333,4.0,6.0,4.0648768453248545,188,48,1.0,0.9351231546751455
807453851698,2025-10,18,8.0,14.0,9.0,12.0,4.0,5.0,11.666666666666666,9.333333333333334,14.0,11.587024611039975,188,50,6.0,3.5870246110399755
807453851699,2025-10,32,29.0,18.0,51.0,44.0,40.0,48.0,37.666666666666664,38.666666666666664,18.0,35.62597741125888,188,51,11.0,6.62597741125888
807453851700,2025-10,8,7.0,5.0,4.0,8.0,4.0,5.0,5.666666666666667,5.0,5.0,5.944924567116217,188,52,2.0,1.0550754328837826
807453851701,2025-10,2,3.0,1.0,2.0,3.0,2.0,4.0,2.0,1.6666666666666667,1.0,2.2085844326191424,188,53,2.0,0.7914155673808576
807453851706,2025-10,30,35.0,16.0,15.0,15.0,17.0,23.0,15.333333333333334,14.333333333333334,16.0,20.02444713669427,188,58,19.0,14.97555286330573
807453851707,2025-10,17,17.0,19.0,13.0,17.0,17.0,10.0,16.333333333333332,15.5,19.0,15.470891248163335,188,59,2.0,1.5291087518366648
807453851708,2025-10,7,11.0,5.0,3.0,5.0,4.0,2.0,4.333333333333333,5.833333333333333,5.0,5.465030905825441,188,60,6.0,5.534969094174559
807453851709,2025-10,5,7.0,1.0,4.0,5.0,5.0,6.0,3.3333333333333335,3.1666666666666665,1.0,4.100338458485348,188,61,6.0,2.899661541514652
811748818973,2025-10,1,2.0,1.0,1.0,2.0,1.0,1.0,1.3333333333333333,1.1666666666666667,1.0,1.276834296364937,189,29,1.0,0.7231657036350629
811748818974,2025-10,10,9.0,6.0,19.0,21.0,6.0,6.0,15.333333333333334,13.333333333333334,6.0,10.73269654940372,189,30,3.0,1.7326965494037196
811748818975,2025-10,2,2.0,9.0,1.0,1.0,2.0,2.0,3.6666666666666665,3.1666666666666665,9.0,3.243959212730731,189,31,7.0,1.243959212730731
811748818993,2025-10,6,3.0,3.0,14.0,1.0,4.0,1.0,6.0,6.333333333333333,3.0,5.355085764007692,189,49,0.0,2.3550857640076917
811748818994,2025-10,11,3.0,25.0,12.0,13.0,6.0,7.0,16.666666666666668,12.166666666666666,25.0,12.226026310335852,189,50,22.0,9.226026310335852
811748818995,2025-10,39,28.0,21.0,33.0,22.0,18.0,32.0,25.333333333333332,23.833333333333332,21.0,28.49589461094022,189,51,7.0,0.49589461094021914
811748818996,2025-10,41,38.0,25.0,43.0,29.0,36.0,63.0,32.333333333333336,37.666666666666664,25.0,39.42934207894162,189,52,13.0,1.4293420789416231
811748818997,2025-10,11,9.0,15.0,13.0,11.0,9.0,3.0,13.0,13.333333333333334,15.0,11.212372658055601,189,53,6.0,2.2123726580556013
811748818998,2025-10,11,4.0,1.0,6.0,5.0,5.0,6.0,4.0,4.833333333333333,1.0,6.475655081528359,189,54,3.0,2.475655081528359
811748819000,2025-10,1,2.0,3.0,3.0,2.0,2.0,1.0,2.6666666666666665,2.3333333333333335,3.0,2.0227730723234387,189,56,1.0,0.022773072323438726
811748819001,2025-10,5,4.0,4.0,2.0,6.0,1.0,3.0,4.0,3.6666666666666665,4.0,4.005277898537551,189,57,0.0,0.005277898537550563
811748819002,2025-10,10,11.0,13.0,6.0,9.0,6.0,4.0,9.333333333333334,8.0,13.0,8.49315831399343,189,58,2.0,2.5068416860065703
811748819003,2025-10,36,19.0,35.0,14.0,15.0,8.0,34.0,21.333333333333332,18.833333333333332,35.0,26.191217822852423,189,59,16.0,7.191217822852423
811748819004,2025-10,8,13.0,10.0,8.0,20.0,12.0,18.0,12.666666666666666,14.5,10.0,12.212430496330189,189,60,3.0,0.7875695036698112
811748819006,2025-10,3,3.0,5.0,1.0,2.0,3.0,1.0,2.6666666666666665,3.0,5.0,3.0013586656550864,189,62,2.0,0.0013586656550863552
816043786268,2025-10,13,6.0,7.0,10.0,13.0,14.0,4.0,10.0,10.5,7.0,10.222566815545964,190,28,1.0,4.222566815545964
816043786269,2025-10,4,4.0,7.0,2.0,6.0,1.0,5.0,5.0,3.5,7.0,4.218253795985859,190,29,3.0,0.21825379598585926
816043786270,2025-10,26,14.0,14.0,26.0,12.0,13.0,6.0,17.333333333333332,16.5,14.0,17.586610216824074,190,30,0.0,3.5866102168240737
816043786288,2025-10,4,3.0,6.0,8.0,13.0,6.0,1.0,9.0,6.333333333333333,6.0,5.298065858383561,190,48,3.0,2.298065858383561
816043786289,2025-10,9,5.0,5.0,6.0,8.0,6.0,8.0,6.333333333333333,8.0,5.0,7.806070981159001,190,49,0.0,2.806070981159001
816043786290,2025-10,10,10.0,11.0,11.0,12.0,7.0,22.0,11.333333333333334,11.5,11.0,11.982961165496254,190,50,1.0,1.9829611654962545
816043786291,2025-10,10,11.0,18.0,6.0,14.0,12.0,20.0,12.666666666666666,13.833333333333334,18.0,13.380060295401613,190,51,7.0,2.380060295401613
816043786292,2025-10,12,14.0,10.0,17.0,19.0,8.0,10.0,15.333333333333334,12.0,10.0,11.687331027693528,190,52,4.0,2.312668972306472
816043786293,2025-10,1,10.0,10.0,9.0,8.0,6.0,9.0,9.0,8.166666666666666,10.0,6.3542261375361715,190,53,0.0,3.6457738624638285
816043786294,2025-10,2,3.0,7.0,3.0,6.0,7.0,2.0,5.333333333333333,5.166666666666667,7.0,4.181155715995954,190,54,4.0,1.1811557159959536
816043786298,2025-10,3,4.0,2.0,1.0,2.0,2.0,3.0,1.6666666666666667,3.3333333333333335,2.0,2.9929851964121106,190,58,2.0,1.0070148035878894
816043786299,2025-10,1,1.0,3.0,2.0,4.0,1.0,2.0,3.0,2.3333333333333335,3.0,2.1148861381373028,190,59,2.0,1.1148861381373028
816043786300,2025-10,19,10.0,23.0,13.0,21.0,15.0,9.0,19.0,15.0,23.0,16.199842839873753,190,60,13.0,6.199842839873753
816043786301,2025-10,6,2.0,4.0,12.0,15.0,6.0,4.0,10.333333333333334,8.5,4.0,6.992048798684419,190,61,2.0,4.992048798684419
820338753564,2025-10,3,3.0,9.0,1.0,3.0,7.0,3.0,4.333333333333333,4.666666666666667,9.0,4.453735386184489,191,28,6.0,1.4537353861844888
820338753565,2025-10,20,16.0,23.0,22.0,24.0,22.0,28.0,23.0,22.166666666666668,23.0,22.017793173953798,191,29,7.0,6.017793173953798
820338753566,2025-10,18,9.0,15.0,15.0,21.0,17.0,38.0,17.0,15.5,15.0,18.864094504108785,191,30,6.0,9.864094504108785
820338753567,2025-10,4,3.0,8.0,3.0,3.0,7.0,2.0,4.666666666666667,5.666666666666667,8.0,4.944723692797352,191,31,5.0,1.9447236927973517
820338753586,2025-10,18,18.0,20.0,15.0,22.0,13.0,14.0,19.0,20.333333333333332,20.0,18.07606342260737,191,50,2.0,0.07606342260736909
820338753587,2025-10,15,21.0,9.0,22.0,28.0,15.0,19.0,19.666666666666668,21.0,9.0,17.431570336543405,191,51,12.0,3.5684296634565946
820338753588,2025-10,10,8.0,8.0,8.0,13.0,19.0,11.0,9.666666666666666,11.666666666666666,8.0,10.855288159457556,191,52,0.0,2.8552881594575563
820338753590,2025-10,5,8.0,3.0,3.0,4.0,7.0,4.0,3.3333333333333335,4.333333333333333,3.0,4.501101629569155,191,54,5.0,3.4988983704308447
820338753591,2025-10,17,10.0,5.0,33.0,14.0,11.0,12.0,17.333333333333332,14.166666666666666,5.0,14.218601546272104,191,55,5.0,4.2186015462721045
820338753594,2025-10,3,3.0,1.0,3.0,1.0,2.0,1.0,1.6666666666666667,2.0,1.0,2.2354181125407475,191,58,2.0,0.7645818874592525
824633720861,2025-10,9,3.0,3.0,4.0,4.0,5.0,5.0,3.6666666666666665,4.833333333333333,3.0,5.887433994949161,192,29,0.0,2.887433994949161
824633720862,2025-10,26,13.0,20.0,22.0,27.0,35.0,15.0,23.0,23.333333333333332,20.0,22.938337267539247,192,30,7.0,9.938337267539247
824633720863,2025-10,10,8.0,8.0,13.0,15.0,21.0,26.0,12.0,14.666666666666666,8.0,14.040845083968598,192,31,0.0,6.040845083968598
824633720866,2025-10,9,10.0,5.0,6.0,5.0,5.0,11.0,5.333333333333333,7.166666666666667,5.0,7.739883211871938,192,34,5.0,2.2601167881280624
824633720867,2025-10,1,3.0,4.0,6.0,4.0,4.0,2.0,4.666666666666667,4.0,4.0,3.100198910698186,192,35,1.0,0.10019891069818598
824633720882,2025-10,2,4.0,2.0,2.0,3.0,4.0,6.0,2.3333333333333335,2.6666666666666665,2.0,2.99132829690246,192,50,2.0,1.0086717030975398
824633720883,2025-10,17,6.0,6.0,12.0,11.0,4.0,3.0,9.666666666666666,7.0,6.0,9.492974153578576,192,51,0.0,3.492974153578576
824633720884,2025-10,1,3.0,7.0,1.0,4.0,3.0,3.0,4.0,4.0,7.0,3.288933455142595,192,52,4.0,0.28893345514259483
824633720886,2025-10,1,1.0,1.0,2.0,5.0,2.0,2.0,2.6666666666666665,3.8333333333333335,1.0,2.5004443143043433,192,54,0.0,1.5004443143043433
828928688157,2025-10,2,1.0,4.0,2.0,1.0,2.0,5.0,2.3333333333333335,2.3333333333333335,4.0,2.820358309213413,193,29,3.0,1.8203583092134128
828928688158,2025-10,3,4.0,2.0,3.0,5.0,2.0,1.0,3.3333333333333335,3.0,2.0,2.8077437823477602,193,30,2.0,1.1922562176522398
828928688159,2025-10,4,7.0,2.0,2.0,8.0,2.0,2.0,4.0,3.3333333333333335,2.0,3.375390175072255,193,31,5.0,3.624609824927745
828928688160,2025-10,2,2.0,1.0,1.0,3.0,2.0,2.0,1.6666666666666667,2.1666666666666665,1.0,2.1042887902396483,193,32,1.0,0.10428879023964832
828928688162,2025-10,4,4.0,1.0,3.0,6.0,10.0,7.0,3.3333333333333335,4.666666666666667,1.0,4.669552962304296,193,34,3.0,0.6695529623042962
828928688163,2025-10,1,2.0,1.0,1.0,1.0,3.0,3.0,1.0,1.5,1.0,1.6913816136421165,193,35,1.0,0.3086183863578835
828928688181,2025-10,1,7.0,3.0,3.0,9.0,2.0,5.0,5.0,4.333333333333333,3.0,3.402237299995055,193,53,4.0,3.597762700004945
828928688183,2025-10,3,2.0,8.0,3.0,5.0,8.0,10.0,5.333333333333333,6.666666666666667,8.0,6.0643465772734455,193,55,6.0,4.0643465772734455
828928688184,2025-10,9,2.0,2.0,7.0,4.0,13.0,7.0,4.333333333333333,8.666666666666666,2.0,7.837695477019384,193,56,0.0,5.837695477019384
833223655472,2025-10,5,1.0,3.0,1.0,1.0,2.0,3.0,1.6666666666666667,2.0,3.0,3.1746660285944674,194,48,2.0,2.1746660285944674
833223655478,2025-10,10,3.0,3.0,7.0,3.0,3.0,8.0,4.333333333333333,3.5,3.0,6.068143493174863,194,54,0.0,3.068143493174863
833223655479,2025-10,3,1.0,4.0,4.0,1.0,2.0,2.0,3.0,2.1666666666666665,4.0,2.77182501539213,194,55,3.0,1.77182501539213
833223655480,2025-10,13,14.0,12.0,12.0,26.0,14.0,6.0,16.666666666666668,15.833333333333334,12.0,13.315733100285927,194,56,2.0,0.6842668997140731
837518622755,2025-10,7,4.0,11.0,13.0,7.0,16.0,12.0,10.333333333333334,11.166666666666666,11.0,10.157053371338932,195,35,7.0,6.157053371338932
837518622756,2025-10,4,1.0,2.0,2.0,2.0,3.0,4.0,2.0,2.3333333333333335,2.0,3.133445276007599,195,36,1.0,2.133445276007599
837518622765,2025-10,3,1.0,5.0,3.0,2.0,1.0,2.0,3.3333333333333335,2.1666666666666665,5.0,2.821746106568501,195,45,4.0,1.8217461065685008
837518622767,2025-10,5,1.0,1.0,1.0,1.0,1.0,2.0,1.0,1.1666666666666667,1.0,2.5077059735163854,195,47,0.0,1.5077059735163854
837518622768,2025-10,2,2.0,2.0,2.0,1.0,2.0,2.0,1.6666666666666667,2.3333333333333335,2.0,2.250949976804039,195,48,0.0,0.25094997680403885
837518622773,2025-10,19,11.0,18.0,19.0,24.0,19.0,12.0,20.333333333333332,20.0,18.0,18.283919461869544,195,53,7.0,7.283919461869544
837518622774,2025-10,8,12.0,8.0,10.0,12.0,14.0,7.0,10.0,12.333333333333334,8.0,9.870688820448082,195,54,4.0,2.1293111795519177
837518622775,2025-10,15,4.0,9.0,12.0,13.0,1.0,6.0,11.333333333333334,9.166666666666666,9.0,10.279384534755552,195,55,5.0,6.279384534755552
837518622776,2025-10,4,1.0,1.0,6.0,1.0,2.0,3.0,2.6666666666666665,2.6666666666666665,1.0,3.114087780428089,195,56,0.0,2.114087780428089
841813590050,2025-10,5,2.0,1.0,3.0,5.0,8.0,5.0,3.0,4.833333333333333,1.0,4.656440518792477,196,34,1.0,2.6564405187924773
841813590051,2025-10,4,6.0,9.0,4.0,3.0,3.0,3.0,5.333333333333333,3.8333333333333335,9.0,4.391902808685952,196,35,3.0,1.608097191314048
841813590069,2025-10,15,13.0,30.0,31.0,20.0,16.0,22.0,27.0,23.333333333333332,30.0,21.010014695933066,196,53,17.0,8.010014695933066
841813590070,2025-10,12,10.0,15.0,11.0,10.0,21.0,4.0,12.0,12.333333333333334,15.0,11.69190176874565,196,54,5.0,1.69190176874565
841813590071,2025-10,25,17.0,15.0,21.0,37.0,27.0,27.0,24.333333333333332,24.333333333333332,15.0,23.795245065420648,196,55,2.0,6.795245065420648
846108557351,2025-10,3,2.0,1.0,1.0,5.0,1.0,2.0,2.3333333333333335,1.8333333333333333,1.0,2.286976679893465,197,39,1.0,0.2869766798934652
846108557366,2025-10,4,7.0,4.0,12.0,10.0,14.0,10.0,8.666666666666666,9.166666666666666,4.0,7.57949805354319,197,54,3.0,0.5794980535431904
846108557367,2025-10,15,5.0,5.0,11.0,15.0,11.0,21.0,10.333333333333334,13.5,5.0,13.618271955614269,197,55,0.0,8.618271955614269
850403524663,2025-10,17,7.0,7.0,18.0,24.0,15.0,13.0,16.333333333333332,13.666666666666666,7.0,14.233903294923213,198,55,0.0,7.233903294923213
850403524664,2025-10,12,6.0,9.0,22.0,10.0,7.0,7.0,13.666666666666666,11.166666666666666,9.0,10.829283632608366,198,56,3.0,4.829283632608366
854698491941,2025-10,3,2.0,2.0,2.0,1.0,6.0,5.0,1.6666666666666667,2.8333333333333335,2.0,3.2464930275187642,199,37,0.0,1.2464930275187642
854698491957,2025-10,7,3.0,1.0,2.0,4.0,5.0,7.0,2.3333333333333335,2.6666666666666665,1.0,4.504432199419508,199,53,2.0,1.504432199419508
854698491958,2025-10,5,2.0,4.0,8.0,12.0,16.0,8.0,8.0,10.333333333333334,4.0,8.01858554946266,199,54,2.0,6.01858554946266
854698491959,2025-10,3,6.0,4.0,7.0,11.0,5.0,6.0,7.333333333333333,7.0,4.0,5.484886869526257,199,55,2.0,0.5151131304737433
