cell_id,month,count,target_next_count,lag_1,lag_2,lag_3,lag_6,lag_12,roll3_mean,roll6_mean,pred_lag1,pred_ridge,cell_x,cell_y,abs_err_lag1,abs_err_ridge
330712481852,2025-07,3,1.0,4.0,3.0,5.0,1.0,1.0,4.0,2.8333333333333335,4.0,2.989306583878215,77,60,3.0,1.9893065838782151
335007449148,2025-07,7,5.0,14.0,11.0,3.0,5.0,7.0,9.333333333333334,7.0,14.0,7.801811038565261,78,60,9.0,2.801811038565261
339302416444,2025-07,3,2.0,5.0,6.0,3.0,7.0,7.0,4.666666666666667,4.333333333333333,5.0,4.623841016520111,79,60,3.0,2.623841016520111
343597383740,2025-07,6,1.0,1.0,3.0,3.0,2.0,3.0,2.3333333333333335,1.8333333333333333,1.0,3.380640684904499,80,60,0.0,2.380640684904499
347892351035,2025-07,1,1.0,2.0,2.0,2.0,4.0,4.0,2.0,2.3333333333333335,2.0,2.363015067221335,81,59,1.0,1.363015067221335
352187318331,2025-07,4,3.0,10.0,8.0,8.0,4.0,7.0,8.666666666666666,6.166666666666667,10.0,6.250295568735459,82,59,7.0,3.250295568735459
356482285625,2025-07,6,1.0,4.0,11.0,4.0,2.0,6.0,6.333333333333333,4.333333333333333,4.0,5.262700680876256,83,57,3.0,4.262700680876256
356482285626,2025-07,5,7.0,4.0,3.0,4.0,3.0,6.0,3.6666666666666665,3.3333333333333335,4.0,4.3992368352827675,83,58,3.0,2.6007631647172325
360777252914,2025-07,4,3.0,3.0,1.0,1.0,1.0,2.0,1.6666666666666667,1.6666666666666667,3.0,2.673361035560143,84,50,0.0,0.32663896443985685
360777252915,2025-07,3,4.0,1.0,6.0,2.0,4.0,4.0,3.0,3.5,1.0,3.344723307326765,84,51,3.0,0.655276692673235
360777252916,2025-07,3,3.0,4.0,5.0,3.0,2.0,4.0,4.0,3.5,4.0,3.622555122847472,84,52,1.0,0.6225551228474719
360777252917,2025-07,2,1.0,2.0,1.0,3.0,1.0,2.0,2.0,1.6666666666666667,2.0,2.062655359207014,84,53,1.0,1.0626553592070138
360777252918,2025-07,4,2.0,3.0,2.0,1.0,6.0,2.0,2.0,3.3333333333333335,3.0,3.4500455077825958,84,54,1.0,1.4500455077825958
360777252919,2025-07,11,8.0,5.0,8.0,10.0,19.0,9.0,7.666666666666667,12.333333333333334,5.0,10.602914824173677,84,55,3.0,2.602914824173677
360777252921,2025-07,10,6.0,8.0,8.0,5.0,3.0,6.0,7.0,6.0,8.0,7.392734774533792,84,57,2.0,1.3927347745337917
360777252922,2025-07,10,11.0,10.0,9.0,10.0,4.0,12.0,9.666666666666666,6.666666666666667,10.0,8.879055077562018,84,58,1.0,2.1209449224379817
365072220215,2025-07,3,3.0,2.0,5.0,4.0,2.0,3.0,3.6666666666666665,3.5,2.0,3.299893428894835,85,55,1.0,0.29989342889483517
365072220216,2025-07,33,34.0,16.0,15.0,18.0,14.0,19.0,16.333333333333332,17.5,16.0,21.521359156264822,85,56,18.0,12.478640843735178
365072220217,2025-07,10,5.0,6.0,15.0,10.0,13.0,12.0,10.333333333333334,12.333333333333334,6.0,10.836432203892098,85,57,1.0,5.836432203892098
369367187512,2025-07,25,13.0,16.0,12.0,11.0,13.0,10.0,13.0,13.5,16.0,16.355435548195647,86,56,3.0,3.355435548195647
373662154808,2025-07,5,1.0,2.0,3.0,2.0,2.0,5.0,2.3333333333333335,2.1666666666666665,2.0,3.5372332623351355,87,56,1.0,2.5372332623351355
373662154809,2025-07,5,8.0,3.0,3.0,3.0,3.0,1.0,3.0,4.0,3.0,3.826407572809053,87,57,5.0,4.173592427190947
377957122105,2025-07,1,2.0,1.0,2.0,1.0,2.0,1.0,1.3333333333333333,1.8333333333333333,1.0,1.5837340011454426,88,57,1.0,0.4162659988545574
386547056698,2025-07,4,3.0,2.0,1.0,2.0,1.0,1.0,1.6666666666666667,2.1666666666666665,2.0,2.632456458983447,90,58,1.0,0.36754354101655284
399431958589,2025-07,3,1.0,1.0,2.0,1.0,1.0,1.0,1.3333333333333333,1.1666666666666667,1.0,1.8973447944919233,93,61,0.0,0.8973447944919233
403726925886,2025-07,3,1.0,1.0,4.0,2.0,3.0,1.0,2.3333333333333335,2.3333333333333335,1.0,2.4689669237817853,94,62,0.0,1.4689669237817853
408021893182,2025-07,7,6.0,6.0,5.0,5.0,6.0,10.0,5.333333333333333,4.833333333333333,6.0,6.43371739287177,95,62,0.0,0.43371739287177036
408021893183,2025-07,1,6.0,1.0,4.0,2.0,3.0,3.0,2.3333333333333335,2.8333333333333335,1.0,2.3164372678062506,95,63,5.0,3.6835627321937494
408021893184,2025-07,2,2.0,4.0,1.0,1.0,3.0,1.0,2.0,2.5,4.0,2.443093101782292,95,64,2.0,0.4430931017822921
412316860477,2025-07,3,6.0,5.0,9.0,7.0,2.0,4.0,7.0,4.333333333333333,5.0,4.31352556793648,96,61,1.0,1.6864744320635197
412316860478,2025-07,14,20.0,30.0,27.0,12.0,21.0,23.0,23.0,20.0,30.0,19.531218498998985,96,62,10.0,0.4687815010010148
412316860479,2025-07,7,6.0,4.0,9.0,1.0,4.0,3.0,4.666666666666667,4.166666666666667,4.0,5.000182064788424,96,63,2.0,0.9998179352115759
412316860484,2025-07,1,2.0,1.0,3.0,1.0,1.0,1.0,1.6666666666666667,1.3333333333333333,1.0,1.4166251313461071,96,68,1.0,0.5833748686538929
416611827774,2025-07,4,3.0,5.0,1.0,1.0,4.0,3.0,2.3333333333333335,2.6666666666666665,5.0,3.479485992044842,97,62,2.0,0.4794859920448422
425201762362,2025-07,2,1.0,3.0,2.0,2.0,1.0,1.0,2.3333333333333335,2.6666666666666665,3.0,2.3786502478302296,99,58,2.0,1.3786502478302296
425201762363,2025-07,1,5.0,1.0,4.0,7.0,6.0,6.0,4.0,4.666666666666667,1.0,3.611666181247422,99,59,4.0,1.388333818752578
425201762364,2025-07,1,2.0,3.0,2.0,1.0,2.0,2.0,2.0,1.8333333333333333,3.0,1.945384119310921,99,60,1.0,0.05461588068907908
429496729644,2025-07,2,2.0,2.0,1.0,2.0,4.0,1.0,1.6666666666666667,2.0,2.0,2.121569236066339,100,44,0.0,0.12156923606633896
429496729659,2025-07,3,4.0,4.0,5.0,5.0,7.0,6.0,4.666666666666667,4.5,4.0,4.4763444583658165,100,59,0.0,0.4763444583658165
429496729660,2025-07,10,11.0,19.0,16.0,11.0,5.0,25.0,15.333333333333334,12.5,19.0,13.83590173934211,100,60,8.0,2.835901739342111
433791696951,2025-07,1,1.0,1.0,1.0,2.0,1.0,1.0,1.3333333333333333,1.3333333333333333,1.0,1.3838274055114486,101,55,0.0,0.38382740551144856
433791696993,2025-07,1,3.0,1.0,2.0,3.0,1.0,1.0,2.0,1.8333333333333333,1.0,1.6232399008980778,101,97,2.0,1.3767600991019222
438086664288,2025-07,1,2.0,10.0,15.0,4.0,2.0,4.0,9.666666666666666,7.0,10.0,5.304091594150597,102,96,8.0,3.304091594150597
442381631547,2025-07,1,8.0,3.0,7.0,1.0,3.0,1.0,3.6666666666666665,3.8333333333333335,3.0,2.6942465519892025,103,59,5.0,5.3057534480107975
442381631548,2025-07,1,1.0,1.0,3.0,3.0,1.0,2.0,2.3333333333333335,1.8333333333333333,1.0,1.7863308516355012,103,60,0.0,0.7863308516355012
442381631570,2025-07,3,2.0,4.0,5.0,1.0,2.0,3.0,3.3333333333333335,3.0,4.0,3.2528494025580796,103,82,2.0,1.2528494025580796
442381631573,2025-07,8,3.0,2.0,11.0,6.0,1.0,6.0,6.333333333333333,4.833333333333333,2.0,5.803741737880031,103,85,1.0,2.8037417378800313
442381631574,2025-07,1,3.0,1.0,1.0,5.0,2.0,2.0,2.3333333333333335,1.8333333333333333,1.0,1.830992498686733,103,86,2.0,1.169007501313267
442381631577,2025-07,1,2.0,2.0,3.0,1.0,1.0,7.0,2.0,1.6666666666666667,2.0,2.406725837620723,103,89,0.0,0.4067258376207228
442381631584,2025-07,9,5.0,3.0,2.0,3.0,4.0,3.0,2.6666666666666665,2.6666666666666665,3.0,4.787544681924749,103,96,2.0,0.21245531807525087
442381631585,2025-07,6,7.0,14.0,24.0,16.0,21.0,18.0,18.0,17.333333333333332,14.0,13.904561392251106,103,97,7.0,6.9045613922511055
446676598827,2025-07,4,1.0,1.0,1.0,1.0,1.0,1.0,1.0,1.0,1.0,2.092336255861282,104,43,0.0,1.092336255861282
446676598829,2025-07,2,1.0,2.0,2.0,3.0,4.0,2.0,2.3333333333333335,2.3333333333333335,2.0,2.4333359417832945,104,45,1.0,1.4333359417832945
446676598830,2025-07,1,1.0,7.0,4.0,1.0,3.0,1.0,4.0,3.1666666666666665,7.0,2.836097150288185,104,46,6.0,1.836097150288185
446676598834,2025-07,1,1.0,1.0,2.0,5.0,1.0,2.0,2.6666666666666665,1.8333333333333333,1.0,1.8284146250374356,104,50,0.0,0.8284146250374356
446676598844,2025-07,3,1.0,1.0,2.0,2.0,1.0,5.0,1.6666666666666667,1.3333333333333333,1.0,2.4999683869427907,104,60,0.0,1.4999683869427907
446676598861,2025-07,2,3.0,10.0,3.0,4.0,12.0,1.0,5.666666666666667,6.0,10.0,4.833156762931449,104,77,7.0,1.8331567629314494
446676598862,2025-07,4,2.0,1.0,6.0,6.0,2.0,2.0,4.333333333333333,3.6666666666666665,1.0,3.509911222564499,104,78,1.0,1.509911222564499
446676598865,2025-07,6,8.0,7.0,5.0,5.0,5.0,6.0,5.666666666666667,5.166666666666667,7.0,5.827640191560182,104,81,1.0,2.1723598084398184
446676598866,2025-07,4,4.0,5.0,3.0,3.0,4.0,6.0,3.6666666666666665,3.8333333333333335,5.0,4.39474827534246,104,82,1.0,0.3947482753424598
446676598867,2025-07,1,2.0,6.0,4.0,3.0,3.0,1.0,4.333333333333333,3.5,6.0,2.906535208254657,104,83,4.0,0.9065352082546569
446676598869,2025-07,3,1.0,4.0,6.0,5.0,5.0,4.0,5.0,4.666666666666667,4.0,4.235743549999475,104,85,3.0,3.2357435499994747
446676598873,2025-07,2,1.0,1.0,2.0,2.0,1.0,3.0,1.6666666666666667,1.6666666666666667,1.0,2.0695317645056868,104,89,0.0,1.0695317645056868
446676598880,2025-07,6,2.0,6.0,6.0,3.0,3.0,4.0,5.0,4.833333333333333,6.0,5.227305317392212,104,96,4.0,3.2273053173922124
446676598884,2025-07,1,1.0,2.0,1.0,2.0,2.0,1.0,1.6666666666666667,1.5,2.0,1.5943681407937476,104,100,1.0,0.5943681407937476
446676598885,2025-07,4,1.0,1.0,2.0,2.0,1.0,2.0,1.6666666666666667,1.5,1.0,2.4589466269615823,104,101,0.0,1.4589466269615823
450971566126,2025-07,2,4.0,6.0,3.0,2.0,1.0,1.0,3.6666666666666665,3.5,6.0,3.0404400134484213,105,46,2.0,0.9595599865515787
450971566127,2025-07,15,3.0,6.0,11.0,6.0,5.0,4.0,7.666666666666667,5.333333333333333,6.0,8.336762674633734,105,47,3.0,5.336762674633734
450971566130,2025-07,2,4.0,1.0,1.0,1.0,1.0,2.0,1.0,1.6666666666666667,1.0,1.8674523895554227,105,50,3.0,2.1325476104445773
450971566134,2025-07,3,2.0,2.0,3.0,1.0,4.0,6.0,2.0,3.1666666666666665,2.0,3.459990199929221,105,54,0.0,1.459990199929221
450971566137,2025-07,1,1.0,2.0,2.0,1.0,1.0,1.0,1.6666666666666667,1.3333333333333333,2.0,1.497958177548261,105,57,1.0,0.4979581775482611
450971566138,2025-07,5,2.0,7.0,7.0,9.0,5.0,8.0,7.666666666666667,6.333333333333333,7.0,6.407953245793358,105,58,5.0,4.407953245793358
450971566139,2025-07,1,4.0,1.0,2.0,4.0,2.0,2.0,2.3333333333333335,2.0,1.0,1.8827408148809859,105,59,3.0,2.117259185119014
450971566140,2025-07,1,1.0,2.0,1.0,1.0,1.0,4.0,1.3333333333333333,1.3333333333333333,2.0,1.8436587296655205,105,60,1.0,0.8436587296655205
450971566141,2025-07,2,1.0,1.0,1.0,1.0,1.0,3.0,1.0,1.1666666666666667,1.0,1.8301192691190558,105,61,0.0,0.8301192691190558
450971566161,2025-07,4,8.0,6.0,4.0,2.0,3.0,2.0,4.0,3.1666666666666665,6.0,3.7422419343181605,105,81,2.0,4.2577580656818395
450971566162,2025-07,8,9.0,11.0,7.0,10.0,4.0,8.0,9.333333333333334,7.666666666666667,11.0,8.173309134632902,105,82,2.0,0.8266908653670981
450971566163,2025-07,2,1.0,5.0,4.0,2.0,5.0,3.0,3.6666666666666665,3.3333333333333335,5.0,3.312542847982459,105,83,4.0,2.312542847982459
450971566165,2025-07,4,4.0,6.0,10.0,6.0,2.0,9.0,7.333333333333333,5.0,6.0,5.56874858185148,105,85,2.0,1.5687485818514801
450971566166,2025-07,2,3.0,1.0,6.0,6.0,3.0,3.0,4.333333333333333,4.0,1.0,3.213810974164998,105,86,2.0,0.21381097416499806
450971566171,2025-07,1,1.0,1.0,1.0,3.0,4.0,1.0,1.6666666666666667,1.8333333333333333,1.0,1.7027596718934745,105,91,0.0,0.7027596718934745
450971566176,2025-07,8,1.0,4.0,2.0,1.0,5.0,2.0,2.3333333333333335,2.6666666666666665,4.0,4.4523388259078915,105,96,3.0,3.4523388259078915
450971566177,2025-07,1,4.0,2.0,1.0,3.0,1.0,2.0,2.0,1.5,2.0,1.7220834920472115,105,97,2.0,2.2779165079527885
450971566179,2025-07,2,8.0,5.0,7.0,4.0,4.0,1.0,5.333333333333333,5.166666666666667,5.0,3.808612540595809,105,99,3.0,4.191387459404191
450971566180,2025-07,19,5.0,14.0,7.0,4.0,4.0,7.0,8.333333333333334,6.666666666666667,14.0,10.97780730456083,105,100,9.0,5.97780730456083
450971566181,2025-07,3,2.0,2.0,3.0,2.0,6.0,3.0,2.3333333333333335,2.5,2.0,2.974952232813772,105,101,0.0,0.9749522328137719
455266533423,2025-07,7,1.0,4.0,1.0,1.0,3.0,1.0,2.0,2.3333333333333335,4.0,3.816890445281226,106,47,3.0,2.816890445281226
455266533424,2025-07,2,1.0,1.0,1.0,3.0,1.0,1.0,1.6666666666666667,1.3333333333333333,1.0,1.7085440315007467,106,48,0.0,0.7085440315007467
455266533425,2025-07,1,1.0,1.0,1.0,2.0,2.0,1.0,1.3333333333333333,1.8333333333333333,1.0,1.5868293503345345,106,49,0.0,0.5868293503345345
455266533426,2025-07,1,3.0,1.0,3.0,1.0,3.0,1.0,1.6666666666666667,2.0,1.0,1.7129416902255876,106,50,2.0,1.2870583097744124
455266533427,2025-07,2,1.0,1.0,1.0,1.0,1.0,2.0,1.0,1.0,1.0,1.6480777280220398,106,51,0.0,0.6480777280220398
455266533428,2025-07,6,5.0,3.0,4.0,1.0,1.0,2.0,2.6666666666666665,2.1666666666666665,3.0,3.517027660334344,106,52,2.0,1.4829723396656558
455266533429,2025-07,6,15.0,3.0,4.0,6.0,2.0,4.0,4.333333333333333,3.5,3.0,4.443585804565712,106,53,12.0,10.556414195434288
455266533430,2025-07,14,20.0,25.0,15.0,6.0,10.0,13.0,15.333333333333334,13.666666666666666,25.0,14.501221970200021,106,54,5.0,5.498778029799979
455266533432,2025-07,2,2.0,3.0,1.0,2.0,2.0,2.0,2.0,1.6666666666666667,3.0,2.1793640048931238,106,56,1.0,0.17936400489312376
455266533433,2025-07,1,1.0,1.0,1.0,1.0,1.0,1.0,1.0,1.1666666666666667,1.0,1.2899953159152595,106,57,0.0,0.2899953159152595
455266533436,2025-07,2,1.0,2.0,3.0,1.0,1.0,1.0,2.0,1.8333333333333333,2.0,1.9841104504985054,106,60,1.0,0.9841104504985054
455266533458,2025-07,2,1.0,1.0,1.0,1.0,2.0,1.0,1.0,1.3333333333333333,1.0,1.6690381317481116,106,82,0.0,0.6690381317481116
455266533459,2025-07,6,5.0,8.0,4.0,4.0,6.0,7.0,5.333333333333333,4.666666666666667,8.0,5.871122641786174,106,83,3.0,0.8711226417861742
455266533461,2025-07,2,3.0,3.0,4.0,4.0,2.0,5.0,3.6666666666666665,3.3333333333333335,3.0,3.2950503593645273,106,85,0.0,0.2950503593645273
455266533462,2025-07,6,11.0,6.0,12.0,4.0,6.0,9.0,7.333333333333333,6.0,6.0,6.616960074018479,106,86,5.0,4.383039925981521
455266533463,2025-07,2,7.0,1.0,1.0,1.0,1.0,1.0,1.0,1.0,1.0,1.5208798523083704,106,87,6.0,5.47912014769163
455266533464,2025-07,6,10.0,3.0,6.0,2.0,9.0,2.0,3.6666666666666665,4.833333333333333,3.0,4.813068470112611,106,88,7.0,5.186931529887389
455266533466,2025-07,13,10.0,16.0,9.0,12.0,20.0,18.0,12.333333333333334,13.333333333333334,16.0,14.090042307057127,106,90,6.0,4.090042307057127
455266533467,2025-07,10,3.0,9.0,9.0,9.0,5.0,8.0,9.0,7.833333333333333,9.0,8.63642563562506,106,91,6.0,5.636425635625059
455266533475,2025-07,7,13.0,5.0,5.0,2.0,4.0,4.0,4.0,4.5,5.0,5.249709516612528,106,99,8.0,7.750290483387472
455266533476,2025-07,16,9.0,7.0,14.0,7.0,3.0,9.0,9.333333333333334,9.0,7.0,10.651992766576043,106,100,2.0,1.6519927665760434
455266533477,2025-07,13,10.0,5.0,11.0,7.0,4.0,12.0,7.666666666666667,7.666666666666667,5.0,9.43399194647091,106,101,5.0,0.5660080535290906
459561500701,2025-07,1,2.0,1.0,1.0,2.0,2.0,1.0,1.3333333333333333,1.5,1.0,1.477142019567843,107,29,1.0,0.5228579804321569
459561500702,2025-07,1,1.0,2.0,3.0,3.0,3.0,1.0,2.6666666666666665,2.6666666666666665,2.0,2.12751932141056,107,30,1.0,1.1275193214105599
459561500703,2025-07,5,16.0,7.0,4.0,6.0,7.0,8.0,5.666666666666667,5.666666666666667,7.0,6.040875983896292,107,31,9.0,9.959124016103708
459561500725,2025-07,1,1.0,1.0,1.0,2.0,1.0,2.0,1.3333333333333333,1.1666666666666667,1.0,1.456181615841773,107,53,0.0,0.4561816158417731
459561500726,2025-07,3,13.0,10.0,19.0,16.0,13.0,11.0,15.0,13.166666666666666,10.0,9.829762572935644,107,54,3.0,3.1702374270643556
459561500736,2025-07,3,3.0,1.0,1.0,1.0,2.0,1.0,1.0,1.1666666666666667,1.0,1.8999226681412207,107,64,2.0,1.1000773318587793
459561500755,2025-07,8,6.0,3.0,5.0,4.0,3.0,1.0,4.0,3.8333333333333335,3.0,4.73952308701542,107,83,3.0,1.26047691298458
459561500758,2025-07,24,34.0,31.0,53.0,33.0,25.0,40.0,39.0,29.0,31.0,29.535509109601925,107,86,3.0,4.464490890398075
459561500759,2025-07,3,3.0,3.0,1.0,3.0,9.0,4.0,2.3333333333333335,4.0,3.0,3.795584338387944,107,87,0.0,0.7955843383879442
459561500760,2025-07,7,6.0,4.0,11.0,7.0,7.0,7.0,7.333333333333333,6.166666666666667,4.0,6.5882270935869585,107,88,2.0,0.5882270935869585
459561500761,2025-07,10,6.0,6.0,11.0,14.0,6.0,8.0,10.333333333333334,8.333333333333334,6.0,8.754477487882149,107,89,0.0,2.7544774878821485
459561500762,2025-07,21,16.0,15.0,21.0,28.0,17.0,19.0,21.333333333333332,19.666666666666668,15.0,19.40901780199502,107,90,1.0,3.40901780199502
459561500763,2025-07,22,27.0,21.0,19.0,20.0,20.0,36.0,20.0,21.0,21.0,22.730935243594956,107,91,6.0,4.269064756405044
459561500771,2025-07,1,3.0,2.0,2.0,4.0,2.0,3.0,2.6666666666666665,2.8333333333333335,2.0,2.4013831387372875,107,99,1.0,0.5986168612627125
459561500772,2025-07,1,2.0,1.0,2.0,3.0,2.0,5.0,2.0,1.6666666666666667,1.0,2.115658687042462,107,100,1.0,0.11565868704246185
463856467999,2025-07,6,8.0,11.0,10.0,12.0,5.0,8.0,11.0,7.5,11.0,7.771136087866633,108,31,3.0,0.22886391213336665
463856468016,2025-07,2,1.0,2.0,2.0,4.0,1.0,2.0,2.6666666666666665,1.8333333333333333,2.0,2.1923805238269534,108,48,1.0,1.1923805238269534
463856468021,2025-07,1,1.0,3.0,1.0,2.0,1.0,8.0,2.0,1.5,3.0,2.5635084433422923,108,53,2.0,1.5635084433422923
463856468022,2025-07,11,4.0,7.0,4.0,3.0,3.0,9.0,4.666666666666667,4.5,7.0,7.227688345254553,108,54,3.0,3.2276883452545526
463856468024,2025-07,5,3.0,3.0,8.0,5.0,3.0,6.0,5.333333333333333,5.0,3.0,5.048901167221917,108,56,0.0,2.048901167221917
463856468030,2025-07,3,1.0,2.0,2.0,1.0,2.0,1.0,1.6666666666666667,1.5,2.0,2.162729195157567,108,62,1.0,1.1627291951575671
463856468032,2025-07,4,8.0,1.0,9.0,4.0,2.0,5.0,4.666666666666667,5.166666666666667,1.0,4.414800214801186,108,64,7.0,3.5851997851988138
463856468052,2025-07,1,3.0,3.0,2.0,2.0,11.0,1.0,2.3333333333333335,3.5,3.0,2.751849859700993,108,84,0.0,0.24815014029900695
463856468053,2025-07,4,3.0,1.0,4.0,3.0,1.0,2.0,2.6666666666666665,1.8333333333333333,1.0,2.679408531988619,108,85,2.0,0.32059146801138105
463856468054,2025-07,3,8.0,3.0,6.0,11.0,11.0,8.0,6.666666666666667,7.166666666666667,3.0,5.914720149693787,108,86,5.0,2.085279850306213
463856468055,2025-07,32,19.0,14.0,33.0,19.0,34.0,27.0,22.0,23.333333333333332,14.0,25.392772754264357,108,87,5.0,6.392772754264357
463856468056,2025-07,11,7.0,12.0,15.0,12.0,12.0,5.0,13.0,12.333333333333334,12.0,10.974637902780927,108,88,5.0,3.974637902780927
463856468057,2025-07,25,25.0,21.0,31.0,21.0,27.0,17.0,24.333333333333332,24.666666666666668,21.0,23.116922814007403,108,89,4.0,1.8830771859925974
463856468058,2025-07,48,32.0,25.0,18.0,30.0,28.0,18.0,24.333333333333332,25.166666666666668,25.0,30.372061602913078,108,90,7.0,1.627938397086922
463856468059,2025-07,9,10.0,13.0,6.0,10.0,8.0,17.0,9.666666666666666,9.166666666666666,13.0,10.449854168402751,108,91,3.0,0.4498541684027515
463856468060,2025-07,1,1.0,3.0,1.0,1.0,4.0,5.0,1.6666666666666667,2.0,3.0,2.4228702341576236,108,92,2.0,1.4228702341576236
463856468061,2025-07,2,7.0,8.0,2.0,3.0,10.0,1.0,4.333333333333333,5.666666666666667,8.0,4.3371937931302575,108,93,1.0,2.6628062068697425
468151435295,2025-07,2,1.0,1.0,1.0,1.0,2.0,1.0,1.0,1.1666666666666667,1.0,1.614194466364765,109,31,0.0,0.6141944663647649
468151435312,2025-07,1,1.0,5.0,1.0,2.0,1.0,1.0,2.6666666666666665,1.8333333333333333,5.0,2.0172628865651028,109,48,4.0,1.0172628865651028
468151435318,2025-07,19,11.0,11.0,15.0,17.0,8.0,16.0,14.333333333333334,13.0,11.0,14.802847016522438,109,54,0.0,3.8028470165224384
468151435319,2025-07,19,20.0,15.0,8.0,17.0,14.0,14.0,13.333333333333334,13.333333333333334,15.0,15.106617247637445,109,55,5.0,4.893382752362555
468151435320,2025-07,16,19.0,5.0,7.0,11.0,7.0,6.0,7.666666666666667,8.0,5.0,9.765470871060462,109,56,14.0,9.234529128939538
468151435321,2025-07,5,6.0,3.0,2.0,3.0,4.0,2.0,2.6666666666666665,2.6666666666666665,3.0,3.517433999105257,109,57,3.0,2.482566000894743
468151435322,2025-07,3,1.0,2.0,4.0,1.0,6.0,1.0,2.3333333333333335,2.6666666666666665,2.0,2.772304797580685,109,58,1.0,1.7723047975806852
468151435323,2025-07,3,3.0,3.0,2.0,8.0,1.0,3.0,4.333333333333333,3.1666666666666665,3.0,3.3172357424611176,109,59,0.0,0.31723574246111763
468151435325,2025-07,1,1.0,2.0,1.0,1.0,1.0,1.0,1.3333333333333333,1.1666666666666667,2.0,1.407221437141164,109,61,1.0,0.407221437141164
468151435328,2025-07,28,16.0,11.0,20.0,23.0,20.0,13.0,18.0,17.333333333333332,11.0,19.293789809808917,109,64,5.0,3.293789809808917
468151435329,2025-07,1,2.0,1.0,3.0,6.0,2.0,2.0,3.3333333333333335,2.5,1.0,2.1611417344804593,109,65,1.0,0.16114173448045932
468151435350,2025-07,5,5.0,4.0,2.0,1.0,3.0,3.0,2.3333333333333335,2.3333333333333335,4.0,3.5357228681794055,109,86,1.0,1.4642771318205945
468151435351,2025-07,9,9.0,22.0,6.0,7.0,12.0,3.0,11.666666666666666,9.0,22.0,9.706193856114835,109,87,13.0,0.7061938561148349
468151435352,2025-07,27,20.0,19.0,19.0,26.0,17.0,36.0,21.333333333333332,20.166666666666668,19.0,23.76942338236661,109,88,1.0,3.769423382366611
468151435353,2025-07,23,40.0,31.0,27.0,23.0,18.0,19.0,27.0,26.0,31.0,23.999038707480878,109,89,9.0,16.000961292519122
468151435354,2025-07,36,30.0,48.0,40.0,21.0,17.0,49.0,36.333333333333336,33.166666666666664,48.0,36.23072545251916,109,90,18.0,6.2307254525191595
468151435355,2025-07,10,20.0,24.0,8.0,20.0,12.0,19.0,17.333333333333332,16.833333333333332,24.0,15.41782824959352,109,91,4.0,4.582171750406481
468151435356,2025-07,10,3.0,11.0,7.0,13.0,4.0,11.0,10.333333333333334,9.166666666666666,11.0,9.736917426415461,109,92,8.0,6.736917426415461
468151435357,2025-07,4,2.0,6.0,2.0,13.0,1.0,3.0,7.0,4.833333333333333,6.0,4.698021082812957,109,93,4.0,2.698021082812957
472446402615,2025-07,17,16.0,15.0,16.0,8.0,12.0,16.0,13.0,13.833333333333334,15.0,14.813394476590235,110,55,1.0,1.1866055234097654
472446402616,2025-07,8,3.0,4.0,6.0,7.0,1.0,4.0,5.666666666666667,4.5,4.0,5.533633947231898,110,56,1.0,2.5336339472318983
472446402617,2025-07,2,2.0,3.0,1.0,3.0,1.0,2.0,2.3333333333333335,1.8333333333333333,3.0,2.234725145816263,110,57,1.0,0.23472514581626314
472446402618,2025-07,5,2.0,12.0,6.0,4.0,4.0,1.0,7.333333333333333,5.833333333333333,12.0,5.66986158101614,110,58,10.0,3.66986158101614
472446402619,2025-07,1,3.0,3.0,2.0,6.0,6.0,1.0,3.6666666666666665,3.8333333333333335,3.0,2.8251361439538094,110,59,0.0,0.1748638560461906
472446402620,2025-07,6,4.0,4.0,12.0,8.0,5.0,7.0,8.0,8.0,4.0,6.903718812917798,110,60,0.0,2.9037188129177984
472446402623,2025-07,2,8.0,2.0,2.0,1.0,2.0,1.0,1.6666666666666667,1.6666666666666667,2.0,1.9318446587644562,110,63,6.0,6.068155341235544
472446402624,2025-07,20,9.0,13.0,9.0,13.0,18.0,24.0,11.666666666666666,14.0,13.0,16.68306979849675,110,64,4.0,7.683069798496749
472446402625,2025-07,4,5.0,3.0,1.0,1.0,2.0,2.0,1.6666666666666667,2.5,3.0,2.9860503111499206,110,65,2.0,2.0139496888500794
472446402626,2025-07,3,1.0,5.0,3.0,1.0,2.0,1.0,3.0,2.1666666666666665,5.0,2.769675295392414,110,66,4.0,1.769675295392414
472446402647,2025-07,12,12.0,7.0,6.0,2.0,2.0,4.0,5.0,4.5,7.0,6.8717539456242696,110,87,5.0,5.1282460543757304
472446402648,2025-07,20,14.0,12.0,8.0,14.0,10.0,14.0,11.333333333333334,11.666666666666666,12.0,14.221381364572007,110,88,2.0,0.2213813645720073
472446402649,2025-07,30,30.0,21.0,30.0,44.0,42.0,24.0,31.666666666666668,35.333333333333336,21.0,30.383848449386857,110,89,9.0,0.383848449386857
472446402650,2025-07,132,94.0,96.0,96.0,95.0,98.0,137.0,95.66666666666667,93.33333333333333,96.0,108.29076534369045,110,90,2.0,14.290765343690452
472446402651,2025-07,37,35.0,20.0,35.0,20.0,26.0,31.0,25.0,24.0,20.0,28.055943639766074,110,91,15.0,6.944056360233926
472446402652,2025-07,18,28.0,33.0,15.0,13.0,12.0,14.0,20.333333333333332,17.833333333333332,33.0,18.430094124246388,110,92,5.0,9.569905875753612
476741369911,2025-07,12,6.0,7.0,3.0,10.0,4.0,1.0,6.666666666666667,5.5,7.0,7.1003923767609205,111,55,1.0,1.1003923767609205
476741369912,2025-07,5,4.0,2.0,3.0,4.0,2.0,4.0,3.0,3.3333333333333335,2.0,3.87191789273057,111,56,2.0,0.1280821072694298
476741369913,2025-07,3,3.0,1.0,1.0,3.0,2.0,3.0,1.6666666666666667,2.0,1.0,2.5065135949109747,111,57,2.0,0.4934864050890253
476741369914,2025-07,9,19.0,7.0,24.0,19.0,12.0,16.0,16.666666666666668,14.833333333333334,7.0,12.634839151402705,111,58,12.0,6.365160848597295
476741369915,2025-07,14,15.0,20.0,14.0,12.0,15.0,19.0,15.333333333333334,14.666666666666666,20.0,15.397732824271143,111,59,5.0,0.3977328242711433
476741369916,2025-07,10,6.0,15.0,13.0,14.0,22.0,9.0,14.0,14.166666666666666,15.0,12.543560071862341,111,60,9.0,6.543560071862341
476741369917,2025-07,5,3.0,3.0,2.0,5.0,2.0,2.0,3.3333333333333335,3.6666666666666665,3.0,3.8475309424849167,111,61,0.0,0.8475309424849167
476741369918,2025-07,2,2.0,6.0,2.0,1.0,2.0,1.0,3.0,3.1666666666666665,6.0,2.894342132118185,111,62,4.0,0.8943421321181848
476741369919,2025-07,30,28.0,19.0,18.0,11.0,11.0,15.0,16.0,13.666666666666666,19.0,18.965004517503743,111,63,9.0,9.034995482496257
476741369920,2025-07,16,13.0,12.0,17.0,10.0,21.0,23.0,13.0,14.5,12.0,15.745856164172016,111,64,1.0,2.7458561641720163
476741369921,2025-07,10,7.0,6.0,15.0,8.0,5.0,5.0,9.666666666666666,7.666666666666667,6.0,8.024680005352653,111,65,1.0,1.0246800053526535
476741369922,2025-07,7,3.0,6.0,16.0,6.0,3.0,3.0,9.333333333333334,6.666666666666667,6.0,6.465011985547839,111,66,3.0,3.4650119855478394
476741369923,2025-07,1,3.0,1.0,1.0,1.0,1.0,1.0,1.0,1.3333333333333333,1.0,1.3448389812986044,111,67,2.0,1.6551610187013956
476741369924,2025-07,2,1.0,2.0,2.0,3.0,1.0,2.0,2.3333333333333335,1.6666666666666667,2.0,2.0985484342307643,111,68,1.0,1.0985484342307643
476741369925,2025-07,2,1.0,4.0,4.0,1.0,1.0,1.0,3.0,2.0,4.0,2.3092994333574115,111,69,3.0,1.3092994333574115
476741369928,2025-07,3,1.0,1.0,3.0,1.0,1.0,1.0,1.6666666666666667,1.6666666666666667,1.0,2.09776886566571,111,72,0.0,1.09776886566571
476741369931,2025-07,18,14.0,26.0,17.0,24.0,17.0,18.0,22.333333333333332,18.166666666666668,26.0,18.92100366904045,111,75,12.0,4.921003669040449
476741369932,2025-07,4,2.0,4.0,6.0,6.0,1.0,2.0,5.333333333333333,3.5,4.0,3.768274972185818,111,76,2.0,1.768274972185818
476741369933,2025-07,1,1.0,3.0,1.0,3.0,4.0,2.0,2.3333333333333335,2.3333333333333335,3.0,2.228940786208991,111,77,2.0,1.228940786208991
476741369936,2025-07,4,8.0,2.0,5.0,4.0,17.0,4.0,3.6666666666666665,6.0,2.0,5.112538717230883,111,80,6.0,2.8874612827691166
476741369937,2025-07,19,6.0,10.0,6.0,1.0,6.0,2.0,5.666666666666667,6.5,10.0,9.742153325389335,111,81,4.0,3.742153325389335
476741369944,2025-07,6,6.0,6.0,3.0,10.0,1.0,2.0,6.333333333333333,4.666666666666667,6.0,5.006363747654076,111,88,0.0,0.9936362523459241
476741369945,2025-07,5,9.0,6.0,6.0,10.0,6.0,8.0,7.333333333333333,8.166666666666666,6.0,6.935573741646396,111,89,3.0,2.0644262583536044
476741369946,2025-07,5,4.0,6.0,8.0,4.0,7.0,15.0,6.0,6.0,6.0,6.989317775102087,111,90,2.0,2.989317775102087
476741369947,2025-07,26,45.0,18.0,25.0,19.0,30.0,34.0,20.666666666666668,20.833333333333332,18.0,23.77400978287254,111,91,27.0,21.22599021712746
476741369948,2025-07,3,6.0,8.0,1.0,1.0,2.0,7.0,3.3333333333333335,3.3333333333333335,8.0,4.196660420988064,111,92,2.0,1.8033395790119364
481036337188,2025-07,1,4.0,3.0,1.0,1.0,1.0,2.0,1.6666666666666667,1.3333333333333333,3.0,1.7064890994640844,112,36,1.0,2.2935109005359156
481036337207,2025-07,3,2.0,1.0,2.0,2.0,3.0,2.0,1.6666666666666667,1.6666666666666667,1.0,2.3050039879145707,112,55,1.0,0.30500398791457073
481036337208,2025-07,4,7.0,6.0,7.0,5.0,7.0,4.0,6.0,5.333333333333333,6.0,5.088133628130971,112,56,1.0,1.9118663718690287
481036337209,2025-07,22,13.0,25.0,18.0,18.0,20.0,15.0,20.333333333333332,21.166666666666668,25.0,20.469658080445416,112,57,12.0,7.4696580804454165
481036337210,2025-07,23,16.0,15.0,22.0,23.0,19.0,6.0,20.0,18.333333333333332,15.0,17.80604534950909,112,58,1.0,1.8060453495090911
481036337211,2025-07,15,19.0,13.0,19.0,17.0,10.0,16.0,16.333333333333332,15.666666666666666,13.0,14.992399295443054,112,59,6.0,4.007600704556946
481036337212,2025-07,7,3.0,8.0,8.0,2.0,3.0,3.0,6.0,4.5,8.0,5.543398280974776,112,60,5.0,2.5433982809747757
481036337213,2025-07,12,18.0,9.0,4.0,7.0,8.0,4.0,6.666666666666667,6.833333333333333,9.0,8.227999166497924,112,61,9.0,9.772000833502076
481036337214,2025-07,8,12.0,6.0,14.0,7.0,4.0,6.0,9.0,7.666666666666667,6.0,7.467069029603769,112,62,6.0,4.532930970396231
481036337215,2025-07,19,15.0,18.0,16.0,19.0,8.0,14.0,17.666666666666668,13.666666666666666,18.0,15.70227869865925,112,63,3.0,0.7022786986592493
481036337216,2025-07,25,23.0,30.0,13.0,21.0,20.0,37.0,21.333333333333332,21.333333333333332,30.0,24.703670120508164,112,64,7.0,1.7036701205081641
481036337217,2025-07,23,22.0,25.0,16.0,21.0,13.0,44.0,20.666666666666668,21.5,25.0,24.329694490564673,112,65,3.0,2.3296944905646733
481036337218,2025-07,18,18.0,21.0,25.0,31.0,13.0,23.0,25.666666666666668,18.666666666666668,21.0,19.541573212617024,112,66,3.0,1.541573212617024
481036337225,2025-07,1,1.0,1.0,3.0,3.0,1.0,2.0,2.3333333333333335,2.1666666666666665,1.0,1.8960181824021909,112,73,0.0,0.8960181824021909
481036337226,2025-07,3,3.0,1.0,2.0,1.0,2.0,5.0,1.3333333333333333,1.5,1.0,2.5542945767863436,112,74,2.0,0.44570542321365636
481036337227,2025-07,9,6.0,13.0,7.0,2.0,3.0,17.0,7.333333333333333,6.0,13.0,8.939455464074948,112,75,7.0,2.939455464074948
481036337228,2025-07,5,5.0,24.0,18.0,11.0,3.0,7.0,17.666666666666668,12.166666666666666,24.0,10.588986495678009,112,76,19.0,5.588986495678009
481036337233,2025-07,2,4.0,2.0,4.0,7.0,6.0,9.0,4.333333333333333,4.166666666666667,2.0,4.231683135240757,112,81,2.0,0.23168313524075668
481036337240,2025-07,5,2.0,5.0,4.0,5.0,6.0,6.0,4.666666666666667,4.833333333333333,5.0,5.200350290214524,112,88,3.0,3.2003502902145238
481036337241,2025-07,6,2.0,5.0,2.0,2.0,1.0,2.0,3.0,3.5,5.0,4.157431500018259,112,89,3.0,2.1574315000182587
481036337242,2025-07,5,1.0,6.0,6.0,4.0,8.0,13.0,5.333333333333333,5.0,6.0,6.372544830000221,112,90,5.0,5.372544830000221
481036337243,2025-07,14,5.0,3.0,7.0,11.0,15.0,5.0,7.0,9.333333333333334,3.0,9.57888126179323,112,91,2.0,4.57888126179323
481036337244,2025-07,6,12.0,11.0,7.0,11.0,5.0,15.0,9.666666666666666,10.166666666666666,11.0,9.392352214711755,112,92,1.0,2.607647785288245
481036337245,2025-07,2,2.0,1.0,1.0,3.0,1.0,3.0,1.6666666666666667,1.5,1.0,2.017783448311434,112,93,1.0,0.017783448311433858
481036337259,2025-07,5,2.0,3.0,1.0,2.0,1.0,2.0,2.0,1.8333333333333333,3.0,3.052921326932788,112,107,1.0,1.052921326932788
485331304483,2025-07,4,8.0,6.0,3.0,5.0,3.0,1.0,4.666666666666667,5.5,6.0,4.463927571586106,113,35,2.0,3.5360724284138936
485331304484,2025-07,2,4.0,5.0,2.0,3.0,4.0,7.0,3.3333333333333335,3.3333333333333335,5.0,3.75006567632943,113,36,1.0,0.24993432367057
485331304494,2025-07,4,3.0,3.0,8.0,7.0,3.0,1.0,6.0,4.0,3.0,3.876098443002723,113,46,0.0,0.8760984430027232
485331304495,2025-07,1,1.0,2.0,1.0,1.0,1.0,1.0,1.3333333333333333,1.3333333333333333,2.0,1.4620651025245088,113,47,1.0,0.46206510252450883
485331304503,2025-07,2,2.0,1.0,1.0,1.0,2.0,1.0,1.0,1.1666666666666667,1.0,1.614194466364765,113,55,1.0,0.38580553363523507
485331304504,2025-07,19,23.0,11.0,16.0,8.0,20.0,36.0,11.666666666666666,16.666666666666668,11.0,18.700013810414195,113,56,12.0,4.299986189585805
485331304505,2025-07,18,22.0,21.0,29.0,22.0,21.0,32.0,24.0,21.0,21.0,21.5546094809707,113,57,1.0,0.44539051902929927
485331304506,2025-07,37,39.0,25.0,33.0,36.0,42.0,33.0,31.333333333333332,32.0,25.0,32.69652975185029,113,58,14.0,6.303470248149708
485331304507,2025-07,15,31.0,24.0,27.0,8.0,20.0,15.0,19.666666666666668,17.833333333333332,24.0,17.188614672202743,113,59,7.0,13.811385327797257
485331304508,2025-07,3,2.0,1.0,4.0,3.0,2.0,2.0,2.6666666666666665,2.1666666666666665,1.0,2.5418386096519026,113,60,1.0,0.5418386096519026
485331304509,2025-07,18,29.0,22.0,30.0,24.0,14.0,20.0,25.333333333333332,24.833333333333332,22.0,21.251438680187608,113,61,7.0,7.748561319812392
485331304510,2025-07,32,32.0,29.0,24.0,15.0,17.0,29.0,22.666666666666668,18.166666666666668,29.0,24.572409197689584,113,62,3.0,7.427590802310416
485331304511,2025-07,6,7.0,12.0,15.0,14.0,12.0,8.0,13.666666666666666,11.166666666666666,12.0,9.621661711781925,113,63,5.0,2.6216617117819254
485331304512,2025-07,5,2.0,7.0,4.0,2.0,1.0,2.0,4.333333333333333,3.1666666666666665,7.0,4.068254359974423,113,64,5.0,2.068254359974423
485331304513,2025-07,10,7.0,3.0,4.0,3.0,6.0,4.0,3.3333333333333335,4.5,3.0,5.952479126025277,113,65,4.0,1.0475208739747233
485331304514,2025-07,14,8.0,20.0,7.0,15.0,5.0,22.0,14.0,10.5,20.0,13.889239077570295,113,66,12.0,5.889239077570295
485331304515,2025-07,2,2.0,1.0,2.0,1.0,1.0,1.0,1.3333333333333333,1.1666666666666667,1.0,1.6116165927154675,113,67,1.0,0.38838340728453247
485331304516,2025-07,3,1.0,1.0,1.0,1.0,5.0,1.0,1.0,1.6666666666666667,1.0,2.1798665103104042,113,68,0.0,1.1798665103104042
485331304520,2025-07,2,2.0,3.0,1.0,1.0,1.0,1.0,1.6666666666666667,1.8333333333333333,3.0,2.029550421676907,113,72,1.0,0.029550421676907135
485331304536,2025-07,2,2.0,2.0,1.0,1.0,1.0,2.0,1.3333333333333333,1.8333333333333333,2.0,2.039522176164672,113,88,0.0,0.03952217616467202
485331304537,2025-07,2,3.0,1.0,1.0,3.0,3.0,5.0,1.6666666666666667,2.3333333333333335,1.0,2.623339424001599,113,89,2.0,0.3766605759984012
485331304538,2025-07,1,1.0,1.0,1.0,5.0,1.0,1.0,2.3333333333333335,1.6666666666666667,1.0,1.6104800089166673,113,90,0.0,0.6104800089166673
485331304540,2025-07,12,18.0,8.0,6.0,8.0,6.0,13.0,7.333333333333333,6.166666666666667,8.0,9.070011942075913,113,92,10.0,8.929988057924087
485331304555,2025-07,4,2.0,7.0,4.0,2.0,3.0,1.0,4.333333333333333,4.5,7.0,4.17101950289716,113,107,5.0,2.1710195028971597
489626271779,2025-07,6,11.0,5.0,8.0,8.0,11.0,22.0,7.0,7.333333333333333,5.0,8.79679180025866,114,35,6.0,2.20320819974134
489626271780,2025-07,5,8.0,5.0,2.0,4.0,7.0,18.0,3.6666666666666665,4.0,5.0,6.38020284627454,114,36,3.0,1.61979715372546
489626271787,2025-07,3,2.0,2.0,2.0,2.0,1.0,2.0,2.0,1.6666666666666667,2.0,2.345288211794376,114,43,0.0,0.34528821179437585
489626271791,2025-07,2,6.0,7.0,3.0,4.0,9.0,7.0,4.666666666666667,5.0,7.0,4.800190815216535,114,47,1.0,1.199809184783465
489626271793,2025-07,1,1.0,1.0,1.0,2.0,2.0,2.0,1.3333333333333333,1.5,1.0,1.6043398952815124,114,49,0.0,0.6043398952815124
489626271796,2025-07,5,4.0,3.0,4.0,1.0,3.0,2.0,2.6666666666666665,2.1666666666666665,3.0,3.308241355903987,114,52,1.0,0.6917586440960131
489626271797,2025-07,4,2.0,5.0,3.0,7.0,2.0,2.0,5.0,3.8333333333333335,5.0,3.9649685719930527,114,53,3.0,1.9649685719930527
489626271798,2025-07,2,2.0,1.0,2.0,2.0,2.0,5.0,1.6666666666666667,2.3333333333333335,1.0,2.581773126139458,114,54,1.0,0.5817731261394581
489626271799,2025-07,4,5.0,1.0,3.0,2.0,1.0,5.0,2.0,1.6666666666666667,1.0,2.9312769945096893,114,55,4.0,2.0687230054903107
489626271800,2025-07,27,23.0,28.0,33.0,26.0,30.0,26.0,29.0,28.666666666666668,28.0,27.35213203389583,114,56,5.0,4.352132033895831
489626271801,2025-07,21,19.0,13.0,22.0,9.0,10.0,28.0,14.666666666666666,14.333333333333334,13.0,17.590165522967574,114,57,6.0,1.409834477032426
489626271802,2025-07,23,22.0,24.0,25.0,18.0,23.0,12.0,22.333333333333332,22.166666666666668,24.0,20.95229289734044,114,58,2.0,1.0477071026595617
489626271803,2025-07,15,21.0,17.0,28.0,9.0,29.0,19.0,18.0,20.833333333333332,17.0,18.285129340670345,114,59,4.0,2.714870659329655
489626271804,2025-07,17,16.0,18.0,33.0,24.0,21.0,21.0,25.0,22.166666666666668,18.0,20.123481088870275,114,60,2.0,4.123481088870275
489626271805,2025-07,26,7.0,20.0,19.0,27.0,15.0,17.0,22.0,17.5,20.0,20.268709543989548,114,61,13.0,13.268709543989548
489626271806,2025-07,6,9.0,12.0,9.0,3.0,15.0,13.0,8.0,8.833333333333334,12.0,8.961021504518806,114,62,3.0,0.03897849548119403
489626271807,2025-07,3,3.0,2.0,1.0,5.0,2.0,9.0,2.6666666666666665,2.3333333333333335,2.0,3.574591149611275,114,63,1.0,0.5745911496112752
489626271808,2025-07,9,14.0,15.0,8.0,8.0,5.0,18.0,10.333333333333334,9.333333333333334,15.0,10.744744407554245,114,64,1.0,3.2552555924457547
489626271809,2025-07,1,1.0,2.0,3.0,3.0,1.0,1.0,2.6666666666666665,1.8333333333333333,2.0,1.7763590971477345,114,65,1.0,0.7763590971477345
489626271812,2025-07,2,2.0,2.0,2.0,1.0,1.0,2.0,1.6666666666666667,1.3333333333333333,2.0,1.910884255038388,114,68,0.0,0.08911574496161201
489626271828,2025-07,1,2.0,4.0,1.0,2.0,4.0,2.0,2.3333333333333335,2.8333333333333335,4.0,2.4717094793720893,114,84,2.0,0.4717094793720893
489626271836,2025-07,1,4.0,6.0,5.0,2.0,2.0,1.0,4.333333333333333,4.0,6.0,3.0294999065425525,114,92,2.0,0.9705000934574475
493921239076,2025-07,1,2.0,1.0,1.0,3.0,1.0,2.0,1.6666666666666667,2.0,1.0,1.7693883669713433,115,36,1.0,0.23061163302865673
493921239077,2025-07,2,1.0,2.0,2.0,1.0,1.0,1.0,1.6666666666666667,1.3333333333333333,2.0,1.7836863793247169,115,37,1.0,0.7836863793247169
493921239080,2025-07,1,2.0,1.0,1.0,2.0,1.0,1.0,1.3333333333333333,1.1666666666666667,1.0,1.328983740128102,115,40,1.0,0.6710162598718981
493921239083,2025-07,3,1.0,1.0,4.0,6.0,1.0,1.0,3.6666666666666665,2.3333333333333335,1.0,2.547978723287059,115,43,0.0,1.5479787232870592
493921239084,2025-07,1,1.0,1.0,1.0,1.0,1.0,3.0,1.0,1.0,1.0,1.4895474019592534,115,44,0.0,0.4895474019592534
493921239087,2025-07,6,11.0,6.0,6.0,4.0,2.0,7.0,5.333333333333333,3.6666666666666665,6.0,5.225510762389598,115,47,5.0,5.774489237610402
493921239088,2025-07,5,2.0,1.0,1.0,1.0,1.0,1.0,1.0,1.0,1.0,2.3780644576377377,115,48,1.0,0.37806445763773766
493921239090,2025-07,2,3.0,5.0,4.0,4.0,5.0,8.0,4.333333333333333,4.0,5.0,4.245883736509876,115,50,2.0,1.2458837365098763
493921239091,2025-07,3,3.0,2.0,2.0,2.0,1.0,1.0,2.0,1.8333333333333333,2.0,2.2729340014640513,115,51,1.0,0.7270659985359487
493921239093,2025-07,3,1.0,2.0,6.0,4.0,1.0,1.0,4.0,3.1666666666666665,2.0,2.9332324730515076,115,53,1.0,1.9332324730515076
493921239095,2025-07,2,3.0,1.0,3.0,1.0,2.0,8.0,1.6666666666666667,2.3333333333333335,1.0,2.960271404091376,115,55,2.0,0.03972859590862399
493921239096,2025-07,10,12.0,4.0,2.0,17.0,8.0,9.0,7.666666666666667,10.0,4.0,9.066529269748331,115,56,8.0,2.9334707302516687
493921239097,2025-07,21,23.0,19.0,15.0,27.0,17.0,18.0,20.333333333333332,21.833333333333332,19.0,20.20934518681311,115,57,4.0,2.7906548131868902
493921239098,2025-07,25,28.0,20.0,20.0,30.0,48.0,36.0,23.333333333333332,34.666666666666664,20.0,29.471038169130313,115,58,8.0,1.4710381691303134
493921239099,2025-07,50,43.0,47.0,35.0,33.0,43.0,48.0,38.333333333333336,40.666666666666664,47.0,43.74310160363516,115,59,4.0,0.7431016036351608
493921239100,2025-07,22,19.0,19.0,14.0,22.0,5.0,18.0,18.333333333333332,15.333333333333334,19.0,17.663683858474535,115,60,0.0,1.3363161415254652
493921239101,2025-07,22,8.0,11.0,28.0,15.0,12.0,18.0,18.0,15.5,11.0,17.279599275604603,115,61,3.0,9.279599275604603
493921239113,2025-07,10,4.0,6.0,3.0,2.0,5.0,1.0,3.6666666666666665,3.8333333333333335,6.0,5.589836753118956,115,73,2.0,1.5898367531189557
493921239121,2025-07,3,2.0,1.0,2.0,2.0,4.0,1.0,1.6666666666666667,2.3333333333333335,1.0,2.435651722407333,115,81,1.0,0.4356517224073331
493921239122,2025-07,2,3.0,1.0,1.0,2.0,1.0,1.0,1.3333333333333333,1.1666666666666667,1.0,1.6147119419045595,115,82,2.0,1.3852880580954405
493921239123,2025-07,1,1.0,2.0,2.0,2.0,1.0,2.0,2.0,1.6666666666666667,2.0,1.7738318082414644,115,83,1.0,0.7738318082414644
493921239131,2025-07,4,7.0,3.0,6.0,4.0,3.0,3.0,4.333333333333333,3.0,3.0,3.6126807794439593,115,91,4.0,3.3873192205560407
493921239132,2025-07,5,2.0,1.0,3.0,6.0,1.0,4.0,3.3333333333333335,2.6666666666666665,1.0,3.5748230097239198,115,92,1.0,1.5748230097239198
498216206365,2025-07,2,2.0,9.0,2.0,1.0,2.0,9.0,4.0,3.0,9.0,4.208759836121913,116,29,7.0,2.2087598361219127
498216206366,2025-07,2,2.0,1.0,1.0,1.0,1.0,3.0,1.0,1.3333333333333333,1.0,1.8849629345024024,116,30,1.0,0.11503706549759762
498216206370,2025-07,1,1.0,1.0,2.0,2.0,4.0,1.0,1.6666666666666667,2.1666666666666665,1.0,1.809351653471074,116,34,0.0,0.8093516534710741
498216206372,2025-07,1,1.0,2.0,1.0,1.0,1.0,2.0,1.3333333333333333,1.3333333333333333,2.0,1.58926297823818,116,36,1.0,0.58926297823818
498216206374,2025-07,3,1.0,1.0,1.0,2.0,1.0,1.0,1.3333333333333333,1.3333333333333333,1.0,1.95528380906436,116,38,0.0,0.9552838090643601
498216206375,2025-07,1,1.0,1.0,2.0,1.0,1.0,1.0,1.3333333333333333,1.5,1.0,1.4355757217057032,116,39,0.0,0.43557572170570324
498216206376,2025-07,2,1.0,2.0,1.0,5.0,1.0,2.0,2.6666666666666665,1.8333333333333333,2.0,2.1954758730160435,116,40,1.0,1.1954758730160435
498216206385,2025-07,5,7.0,4.0,6.0,5.0,1.0,7.0,5.0,3.5,4.0,4.651004128317782,116,49,3.0,2.3489958716822184
498216206386,2025-07,1,8.0,6.0,4.0,6.0,4.0,8.0,5.333333333333333,5.0,6.0,4.445949548012035,116,50,2.0,3.5540504519879654
498216206387,2025-07,1,1.0,1.0,1.0,1.0,2.0,2.0,1.0,1.5,1.0,1.56535147106867,116,51,0.0,0.56535147106867
498216206389,2025-07,9,11.0,4.0,12.0,9.0,17.0,4.0,8.333333333333334,9.166666666666666,4.0,8.263855257079008,116,53,7.0,2.7361447429209917
498216206390,2025-07,7,8.0,14.0,6.0,11.0,17.0,8.0,10.333333333333334,10.333333333333334,14.0,9.61997562460642,116,54,6.0,1.61997562460642
498216206391,2025-07,6,7.0,8.0,5.0,17.0,8.0,11.0,10.0,9.5,8.0,8.590064927894682,116,55,1.0,1.590064927894682
498216206392,2025-07,6,3.0,8.0,4.0,10.0,14.0,6.0,7.333333333333333,7.833333333333333,8.0,7.327652543017521,116,56,5.0,4.327652543017521
498216206393,2025-07,50,59.0,58.0,68.0,57.0,55.0,50.0,61.0,55.5,58.0,52.749915948633806,116,57,1.0,6.250084051366194
498216206394,2025-07,141,163.0,137.0,133.0,115.0,137.0,142.0,128.33333333333334,132.5,137.0,132.80102013197975,116,58,26.0,30.198979868020245
498216206395,2025-07,20,26.0,16.0,21.0,17.0,25.0,11.0,18.0,19.333333333333332,16.0,17.992140308011543,116,59,10.0,8.007859691988457
498216206396,2025-07,8,5.0,8.0,15.0,11.0,11.0,14.0,11.333333333333334,9.666666666666666,8.0,9.838371674951551,116,60,3.0,4.838371674951551
498216206397,2025-07,6,10.0,6.0,17.0,12.0,8.0,9.0,11.666666666666666,10.5,6.0,8.666053705536406,116,61,4.0,1.333946294463594
498216206401,2025-07,2,2.0,3.0,1.0,1.0,4.0,1.0,1.6666666666666667,2.5,3.0,2.3643379292294373,116,65,1.0,0.3643379292294373
498216206402,2025-07,2,1.0,2.0,11.0,3.0,4.0,1.0,5.333333333333333,3.8333333333333335,2.0,3.122768729733493,116,66,1.0,2.122768729733493
498216206403,2025-07,6,2.0,9.0,7.0,4.0,5.0,9.0,6.666666666666667,4.833333333333333,9.0,6.3667964562209685,116,67,7.0,4.3667964562209685
498216206405,2025-07,5,4.0,1.0,3.0,7.0,1.0,1.0,3.6666666666666665,3.1666666666666665,1.0,3.3967488029457895,116,69,3.0,0.6032511970542105
498216206408,2025-07,1,1.0,1.0,2.0,1.0,1.0,1.0,1.3333333333333333,1.1666666666666667,1.0,1.32588839093901,116,72,0.0,0.32588839093901
498216206410,2025-07,3,1.0,2.0,2.0,1.0,3.0,1.0,1.6666666666666667,1.6666666666666667,2.0,2.2560438092139616,116,74,1.0,1.2560438092139616
498216206415,2025-07,3,4.0,4.0,1.0,1.0,4.0,4.0,2.0,2.6666666666666665,4.0,3.2037295447561522,116,79,0.0,0.7962704552438478
498216206416,2025-07,8,4.0,4.0,7.0,5.0,1.0,5.0,5.333333333333333,5.166666666666667,4.0,5.838122711077015,116,80,0.0,1.8381227110770153
498216206417,2025-07,1,3.0,1.0,5.0,2.0,3.0,2.0,2.6666666666666665,2.6666666666666665,1.0,2.170288801732985,116,81,2.0,0.8297111982670149
498216206426,2025-07,2,2.0,1.0,2.0,1.0,2.0,1.0,1.3333333333333333,1.3333333333333333,1.0,1.704931206771862,116,90,1.0,0.29506879322813795
502511173660,2025-07,2,1.0,1.0,2.0,1.0,3.0,2.0,1.3333333333333333,1.8333333333333333,1.0,2.0351310273086174,117,28,0.0,1.0351310273086174
502511173661,2025-07,11,10.0,9.0,15.0,5.0,23.0,9.0,9.666666666666666,12.0,9.0,11.172325177104844,117,29,1.0,1.1723251771048435
502511173662,2025-07,14,9.0,5.0,12.0,20.0,12.0,25.0,12.333333333333334,11.166666666666666,5.0,13.375519684750433,117,30,4.0,4.375519684750433
502511173666,2025-07,2,1.0,3.0,3.0,1.0,2.0,1.0,2.3333333333333335,1.8333333333333333,3.0,2.139807520397458,117,34,2.0,1.1398075203974578
502511173667,2025-07,4,4.0,1.0,4.0,6.0,2.0,3.0,3.6666666666666665,4.166666666666667,1.0,3.7298539443807037,117,35,3.0,0.2701460556192963
502511173668,2025-07,18,6.0,14.0,3.0,3.0,3.0,7.0,6.666666666666667,6.0,14.0,10.251672768270094,117,36,8.0,4.251672768270094
502511173669,2025-07,9,10.0,5.0,2.0,6.0,1.0,6.0,4.333333333333333,3.1666666666666665,5.0,5.569673974286986,117,37,5.0,4.430326025713014
502511173670,2025-07,3,2.0,2.0,1.0,1.0,2.0,5.0,1.3333333333333333,1.3333333333333333,2.0,2.580783957605151,117,38,0.0,0.580783957605151
502511173671,2025-07,4,4.0,3.0,4.0,5.0,4.0,5.0,4.0,4.5,3.0,4.3663427421598,117,39,1.0,0.3663427421597998
502511173672,2025-07,5,1.0,3.0,1.0,1.0,3.0,4.0,1.6666666666666667,2.5,3.0,3.5646452130267647,117,40,2.0,2.5646452130267647
502511173675,2025-07,2,3.0,1.0,1.0,1.0,2.0,2.0,1.0,1.1666666666666667,1.0,1.741392342078436,117,43,2.0,1.258607657921564
502511173676,2025-07,1,5.0,5.0,4.0,3.0,5.0,3.0,4.0,5.0,5.0,3.6142397242523003,117,44,0.0,1.3857602757476997
502511173681,2025-07,1,4.0,3.0,3.0,13.0,2.0,5.0,6.333333333333333,5.0,3.0,3.872761554313362,117,49,1.0,0.127238445686638
502511173682,2025-07,14,11.0,11.0,16.0,11.0,14.0,9.0,12.666666666666666,11.0,11.0,11.858485114829312,117,50,0.0,0.8584851148293122
502511173684,2025-07,4,3.0,2.0,4.0,1.0,1.0,1.0,2.3333333333333335,2.1666666666666665,2.0,2.701147259841858,117,52,1.0,0.298852740158142
502511173685,2025-07,6,9.0,7.0,3.0,3.0,4.0,8.0,4.333333333333333,6.166666666666667,7.0,6.222863988141357,117,53,2.0,2.7771360118586426
502511173686,2025-07,37,27.0,32.0,18.0,26.0,33.0,36.0,25.333333333333332,25.333333333333332,32.0,30.43044070669668,117,54,5.0,3.430440706696679
502511173687,2025-07,7,13.0,15.0,8.0,9.0,10.0,5.0,10.666666666666666,9.0,15.0,8.641371456535023,117,55,2.0,4.358628543464977
502511173688,2025-07,5,1.0,6.0,1.0,4.0,1.0,2.0,3.6666666666666665,2.6666666666666665,6.0,3.756794865952914,117,56,5.0,2.756794865952914
502511173689,2025-07,9,8.0,12.0,13.0,13.0,6.0,11.0,12.666666666666666,10.666666666666666,12.0,10.354308681803625,117,57,4.0,2.3543086818036247
502511173690,2025-07,16,15.0,19.0,16.0,20.0,22.0,36.0,18.333333333333332,19.166666666666668,19.0,20.14809614354246,117,58,4.0,5.14809614354246
502511173691,2025-07,31,12.0,28.0,20.0,25.0,21.0,12.0,24.333333333333332,19.833333333333332,28.0,22.95572337811391,117,59,16.0,10.955723378113909
502511173692,2025-07,2,4.0,2.0,2.0,1.0,3.0,6.0,1.6666666666666667,2.1666666666666665,2.0,2.7708359821558926,117,60,2.0,1.2291640178441074
502511173698,2025-07,4,6.0,2.0,1.0,6.0,3.0,4.0,3.0,2.8333333333333335,2.0,3.46632034185531,117,66,4.0,2.53367965814469
502511173699,2025-07,8,5.0,2.0,11.0,2.0,4.0,3.0,5.0,4.666666666666667,2.0,5.326763594523453,117,67,3.0,0.32676359452345327
502511173700,2025-07,6,8.0,7.0,14.0,8.0,9.0,12.0,9.666666666666666,9.666666666666666,7.0,8.665493153737016,117,68,1.0,0.6654931537370157
502511173702,2025-07,7,2.0,2.0,2.0,1.0,3.0,2.0,1.6666666666666667,2.1666666666666665,2.0,3.690685488183492,117,70,0.0,1.690685488183492
502511173705,2025-07,24,21.0,30.0,15.0,17.0,12.0,22.0,20.666666666666668,18.5,30.0,21.185696335321524,117,73,9.0,0.18569633532152352
502511173706,2025-07,3,2.0,2.0,2.0,3.0,4.0,3.0,2.3333333333333335,2.6666666666666665,2.0,2.95594935004011,117,74,0.0,0.9559493500401102
502511173711,2025-07,1,4.0,4.0,1.0,2.0,2.0,1.0,2.3333333333333335,1.8333333333333333,4.0,1.938507714012248,117,79,0.0,2.061492285987752
502511173712,2025-07,3,1.0,2.0,2.0,1.0,1.0,3.0,1.6666666666666667,1.6666666666666667,2.0,2.433497663295203,117,80,1.0,1.4334976632952028
502511173722,2025-07,1,10.0,10.0,6.0,6.0,4.0,3.0,7.333333333333333,5.333333333333333,10.0,4.460338135161496,117,90,0.0,5.539661864838504
502511173723,2025-07,2,2.0,2.0,2.0,1.0,1.0,1.0,1.6666666666666667,1.3333333333333333,2.0,1.7836863793247169,117,91,0.0,0.21631362067528315
502511173724,2025-07,3,1.0,1.0,1.0,2.0,1.0,3.0,1.3333333333333333,1.3333333333333333,1.0,2.2096795604917006,117,92,0.0,1.2096795604917006
506806140956,2025-07,2,2.0,3.0,3.0,5.0,3.0,1.0,3.6666666666666665,2.8333333333333335,3.0,2.6632941582219534,118,28,1.0,0.6632941582219534
506806140957,2025-07,16,13.0,2.0,15.0,12.0,10.0,11.0,9.666666666666666,8.5,2.0,10.655858752523136,118,29,11.0,2.3441412474768644
506806140958,2025-07,2,3.0,1.0,7.0,3.0,2.0,1.0,3.6666666666666665,2.8333333333333335,1.0,2.4559664187664128,118,30,2.0,0.5440335812335872
506806140959,2025-07,1,1.0,3.0,1.0,1.0,1.0,7.0,1.6666666666666667,2.0,3.0,2.561853139565815,118,31,2.0,1.561853139565815
506806140963,2025-07,2,1.0,2.0,1.0,1.0,3.0,1.0,1.3333333333333333,1.6666666666666667,2.0,1.9344225324137554,118,35,1.0,0.9344225324137554
506806140964,2025-07,3,1.0,10.0,8.0,14.0,6.0,10.0,10.666666666666666,8.5,10.0,7.4248447520900065,118,36,9.0,6.4248447520900065
506806140965,2025-07,7,3.0,3.0,4.0,7.0,2.0,5.0,4.666666666666667,3.3333333333333335,3.0,4.840656640885335,118,37,0.0,1.840656640885335
506806140967,2025-07,3,2.0,4.0,11.0,4.0,7.0,5.0,6.333333333333333,5.166666666666667,4.0,4.744891270115193,118,39,2.0,2.7448912701151933
506806140968,2025-07,8,5.0,8.0,4.0,6.0,5.0,9.0,6.0,5.833333333333333,8.0,7.1203863542024814,118,40,3.0,2.1203863542024814
506806140969,2025-07,10,12.0,12.0,4.0,15.0,5.0,10.0,10.333333333333334,8.0,12.0,9.35180858627176,118,41,0.0,2.64819141372824
506806140970,2025-07,2,1.0,4.0,3.0,4.0,2.0,1.0,3.6666666666666665,2.6666666666666665,4.0,2.648217241178619,118,42,3.0,1.6482172411786191
506806140971,2025-07,2,6.0,6.0,8.0,5.0,6.0,2.0,6.333333333333333,6.0,6.0,4.479078261034804,118,43,0.0,1.5209217389651961
506806140972,2025-07,4,1.0,1.0,1.0,4.0,1.0,1.0,2.0,2.0,1.0,2.5383635207998836,118,44,0.0,1.5383635207998836
506806140976,2025-07,1,2.0,2.0,2.0,2.0,1.0,5.0,2.0,1.6666666666666667,2.0,2.155425435382476,118,48,0.0,0.155425435382476
506806140977,2025-07,4,4.0,4.0,12.0,6.0,3.0,5.0,7.333333333333333,5.5,4.0,5.100292931415579,118,49,0.0,1.100292931415579
506806140978,2025-07,1,2.0,2.0,2.0,3.0,1.0,1.0,2.3333333333333335,1.8333333333333333,2.0,1.7404660221239823,118,50,0.0,0.25953397787601773
506806140981,2025-07,9,5.0,3.0,5.0,5.0,5.0,9.0,4.333333333333333,6.666666666666667,3.0,7.091106927577051,118,53,2.0,2.0911069275770506
506806140982,2025-07,5,4.0,4.0,6.0,7.0,4.0,4.0,5.666666666666667,6.833333333333333,4.0,5.559673503288515,118,54,0.0,1.559673503288515
506806140983,2025-07,1,3.0,1.0,4.0,1.0,2.0,2.0,2.0,1.8333333333333333,1.0,1.7827180269066147,118,55,2.0,1.2172819730933853
506806140984,2025-07,3,1.0,2.0,4.0,2.0,3.0,3.0,2.6666666666666665,3.3333333333333335,2.0,3.169650788735103,118,56,1.0,2.169650788735103
506806140985,2025-07,3,1.0,2.0,1.0,1.0,2.0,1.0,1.3333333333333333,1.6666666666666667,2.0,2.1816797855171615,118,57,1.0,1.1816797855171615
506806140987,2025-07,6,3.0,2.0,2.0,3.0,1.0,4.0,2.3333333333333335,2.0,2.0,3.6055443235306175,118,59,1.0,0.6055443235306175
506806140992,2025-07,1,2.0,2.0,2.0,1.0,1.0,1.0,1.6666666666666667,1.3333333333333333,2.0,1.497958177548261,118,64,0.0,0.5020418224517389
506806140994,2025-07,1,2.0,1.0,1.0,1.0,3.0,1.0,1.0,1.5,1.0,1.4766245440280485,118,66,1.0,0.5233754559719515
506806140995,2025-07,5,5.0,8.0,6.0,1.0,3.0,5.0,5.0,6.666666666666667,8.0,5.828530704572351,118,67,3.0,0.8285307045723513
506806140996,2025-07,18,20.0,20.0,24.0,23.0,16.0,22.0,22.333333333333332,18.166666666666668,20.0,18.900230596820066,118,68,0.0,1.099769403179934
506806140997,2025-07,6,1.0,4.0,3.0,1.0,1.0,3.0,2.6666666666666665,1.8333333333333333,4.0,3.615871251483476,118,69,3.0,2.615871251483476
506806141001,2025-07,14,21.0,9.0,17.0,3.0,12.0,6.0,9.666666666666666,11.333333333333334,9.0,10.999170359978095,118,73,12.0,10.000829640021905
506806141002,2025-07,1,3.0,2.0,1.0,3.0,3.0,3.0,2.0,1.8333333333333333,2.0,2.03591059587367,118,74,1.0,0.9640894041263302
506806141015,2025-07,8,11.0,4.0,3.0,8.0,2.0,1.0,5.0,5.666666666666667,4.0,5.505726125588946,118,87,7.0,5.494273874411054
506806141016,2025-07,2,2.0,6.0,9.0,6.0,1.0,2.0,7.0,5.0,6.0,4.032543024606079,118,88,4.0,2.0325430246060794
506806141017,2025-07,12,5.0,2.0,4.0,8.0,4.0,5.0,4.666666666666667,5.333333333333333,2.0,6.926125834700798,118,89,3.0,1.9261258347007981
506806141018,2025-07,6,2.0,1.0,2.0,1.0,2.0,3.0,1.3333333333333333,1.6666666666666667,1.0,3.2119270960717152,118,90,1.0,1.2119270960717152
511101108252,2025-07,1,1.0,4.0,2.0,3.0,1.0,1.0,3.0,2.0,4.0,2.029761929959138,119,28,3.0,1.0297619299591378
511101108253,2025-07,1,2.0,2.0,1.0,1.0,2.0,1.0,1.3333333333333333,1.3333333333333333,2.0,1.5005360511975603,119,29,0.0,0.4994639488024397
511101108263,2025-07,8,6.0,3.0,1.0,6.0,8.0,4.0,3.3333333333333335,4.5,3.0,5.4672506673857395,119,39,3.0,0.5327493326142605
511101108264,2025-07,16,12.0,17.0,27.0,30.0,10.0,14.0,24.666666666666668,20.666666666666668,17.0,17.931940307153123,119,40,5.0,5.931940307153123
511101108265,2025-07,4,4.0,12.0,11.0,7.0,6.0,2.0,10.0,7.833333333333333,12.0,6.5428277846568825,119,41,8.0,2.5428277846568825
511101108266,2025-07,4,1.0,4.0,1.0,1.0,1.0,1.0,2.0,2.0,4.0,2.773076611839069,119,42,3.0,1.7730766118390688
511101108267,2025-07,3,7.0,8.0,5.0,7.0,18.0,11.0,6.666666666666667,8.0,8.0,7.2341125787172675,119,43,1.0,0.23411257871726754
511101108268,2025-07,3,5.0,3.0,9.0,3.0,1.0,6.0,5.0,4.0,3.0,4.029357100620899,119,44,2.0,0.9706428993791008
511101108269,2025-07,2,1.0,1.0,1.0,3.0,1.0,1.0,1.6666666666666667,1.5,1.0,1.7633876968840934,119,45,0.0,0.7633876968840934
511101108272,2025-07,1,2.0,3.0,3.0,2.0,3.0,3.0,2.6666666666666665,3.1666666666666665,3.0,2.6246837660009987,119,48,1.0,0.6246837660009987
511101108273,2025-07,49,45.0,45.0,46.0,45.0,25.0,41.0,45.333333333333336,45.833333333333336,45.0,44.20289749599541,119,49,0.0,0.7971025040045916
511101108274,2025-07,26,25.0,38.0,24.0,28.0,27.0,27.0,30.0,28.166666666666668,38.0,27.840858251134833,119,50,13.0,2.840858251134833
511101108275,2025-07,2,5.0,2.0,1.0,3.0,1.0,1.0,2.0,1.6666666666666667,2.0,1.9354574834933427,119,51,3.0,3.0645425165066573
511101108280,2025-07,6,3.0,1.0,2.0,3.0,2.0,6.0,2.0,2.1666666666666665,1.0,3.836028567788448,119,56,2.0,0.836028567788448
511101108284,2025-07,3,6.0,6.0,6.0,6.0,3.0,2.0,6.0,4.333333333333333,6.0,4.068159237123998,119,60,0.0,1.9318407628760017
511101108291,2025-07,5,12.0,7.0,6.0,7.0,10.0,6.0,6.666666666666667,8.666666666666666,7.0,6.999853629648665,119,67,5.0,5.000146370351335
511101108292,2025-07,14,4.0,15.0,4.0,12.0,11.0,8.0,10.333333333333334,9.5,15.0,11.199457413477832,119,68,11.0,7.199457413477832
511101108296,2025-07,1,1.0,1.0,1.0,2.0,1.0,1.0,1.3333333333333333,1.1666666666666667,1.0,1.328983740128102,119,72,0.0,0.32898374012810194
511101108297,2025-07,8,3.0,8.0,7.0,4.0,5.0,3.0,6.333333333333333,5.5,8.0,6.277214145799338,119,73,5.0,3.277214145799338
511101108301,2025-07,1,1.0,2.0,3.0,2.0,3.0,1.0,2.3333333333333335,2.8333333333333335,2.0,2.1433745625810623,119,77,1.0,1.1433745625810623
511101108306,2025-07,2,4.0,2.0,6.0,1.0,3.0,1.0,3.0,3.1666666666666665,2.0,2.6074808959826203,119,82,2.0,1.3925191040173797
511101108309,2025-07,25,12.0,20.0,24.0,15.0,9.0,13.0,19.666666666666668,13.833333333333334,20.0,17.748407793451157,119,85,8.0,5.7484077934511575
511101108310,2025-07,26,36.0,16.0,32.0,22.0,21.0,12.0,23.333333333333332,24.166666666666668,16.0,21.860055842134248,119,86,20.0,14.139944157865752
511101108311,2025-07,1,4.0,2.0,3.0,2.0,1.0,2.0,2.3333333333333335,2.6666666666666665,2.0,2.1387868755652875,119,87,2.0,1.8612131244347125
511101108312,2025-07,3,6.0,2.0,4.0,1.0,2.0,1.0,2.3333333333333335,2.5,2.0,2.5635773375051434,119,88,4.0,3.4364226624948566
511101108325,2025-07,1,1.0,1.0,1.0,1.0,1.0,3.0,1.0,1.0,1.0,1.4895474019592534,119,101,0.0,0.4895474019592534
511101108327,2025-07,3,1.0,2.0,1.0,1.0,1.0,1.0,1.3333333333333333,1.5,2.0,2.088365171460767,119,103,1.0,1.088365171460767
511101108328,2025-07,1,1.0,4.0,1.0,2.0,1.0,3.0,2.3333333333333335,1.8333333333333333,4.0,2.154432516766539,119,104,3.0,1.1544325167665388
515396075550,2025-07,2,1.0,1.0,2.0,1.0,1.0,1.0,1.3333333333333333,1.3333333333333333,1.0,1.6664602580988124,120,30,0.0,0.6664602580988124
515396075558,2025-07,3,12.0,5.0,8.0,6.0,1.0,3.0,6.333333333333333,4.166666666666667,5.0,4.018131578929822,120,38,7.0,7.981868421070178
515396075559,2025-07,12,13.0,8.0,10.0,8.0,5.0,7.0,8.666666666666666,9.333333333333334,8.0,9.453955681499414,120,39,5.0,3.546044318500586
515396075560,2025-07,5,7.0,10.0,10.0,5.0,6.0,4.0,8.333333333333334,6.333333333333333,10.0,6.241036583509323,120,40,3.0,0.7589634164906771
515396075561,2025-07,3,3.0,6.0,6.0,5.0,3.0,2.0,5.666666666666667,4.166666666666667,6.0,3.9743271475278092,120,41,3.0,0.9743271475278092
515396075562,2025-07,5,1.0,3.0,4.0,5.0,1.0,6.0,4.0,2.8333333333333335,3.0,4.115419319797322,120,42,2.0,3.115419319797322
515396075563,2025-07,1,3.0,4.0,2.0,4.0,7.0,2.0,3.3333333333333335,4.166666666666667,4.0,3.1397415719074377,120,43,1.0,0.13974157190743774
515396075564,2025-07,5,13.0,6.0,9.0,5.0,3.0,16.0,6.666666666666667,4.833333333333333,6.0,6.653607697676735,120,44,7.0,6.346392302323265
515396075565,2025-07,3,7.0,8.0,2.0,1.0,3.0,3.0,3.6666666666666665,3.0,8.0,3.652545611063493,120,45,1.0,3.347454388936507
515396075566,2025-07,8,5.0,5.0,6.0,5.0,4.0,4.0,5.333333333333333,4.833333333333333,5.0,5.797983396817955,120,46,0.0,0.7979833968179548
515396075568,2025-07,1,2.0,1.0,1.0,4.0,2.0,1.0,2.0,1.6666666666666667,1.0,1.6099625333768728,120,48,1.0,0.3900374666231272
515396075569,2025-07,25,15.0,20.0,21.0,26.0,5.0,9.0,22.333333333333332,18.833333333333332,20.0,19.052235898674663,120,49,5.0,4.052235898674663
515396075570,2025-07,9,1.0,18.0,9.0,11.0,3.0,6.0,12.666666666666666,10.166666666666666,18.0,9.920183039900827,120,50,17.0,8.920183039900827
515396075575,2025-07,6,4.0,17.0,10.0,6.0,7.0,4.0,11.0,10.5,17.0,8.795898641336642,120,55,13.0,4.795898641336642
515396075576,2025-07,1,4.0,1.0,1.0,1.0,3.0,3.0,1.0,1.5,1.0,1.731020295455389,120,56,3.0,2.268979704544611
515396075580,2025-07,5,2.0,2.0,4.0,3.0,1.0,3.0,3.0,2.5,2.0,3.4289353922380306,120,60,0.0,1.4289353922380306
515396075581,2025-07,6,2.0,8.0,5.0,5.0,3.0,5.0,6.0,4.5,8.0,5.521351878192935,120,61,6.0,3.5213518781929354
515396075582,2025-07,7,4.0,11.0,6.0,1.0,3.0,11.0,6.0,4.666666666666667,11.0,6.85672874148485,120,62,7.0,2.85672874148485
515396075583,2025-07,2,1.0,4.0,4.0,1.0,2.0,1.0,3.0,2.3333333333333335,4.0,2.457457712797151,120,63,3.0,1.4574577127971509
515396075590,2025-07,3,1.0,1.0,1.0,2.0,2.0,4.0,1.3333333333333333,1.3333333333333333,1.0,2.3753483848784196,120,70,0.0,1.3753483848784196
515396075591,2025-07,1,4.0,2.0,3.0,4.0,1.0,2.0,3.0,2.0,2.0,1.997389062457593,120,71,2.0,2.002610937542407
515396075593,2025-07,20,10.0,7.0,8.0,15.0,9.0,26.0,10.0,9.0,7.0,14.284644096412787,120,73,3.0,4.284644096412787
515396075594,2025-07,7,2.0,2.0,7.0,1.0,9.0,3.0,3.3333333333333335,4.333333333333333,2.0,4.941142081037705,120,74,0.0,2.9411420810377047
515396075595,2025-07,11,11.0,9.0,9.0,7.0,11.0,9.0,8.333333333333334,8.833333333333334,9.0,9.531262549027867,120,75,2.0,1.4687374509721334
515396075596,2025-07,23,28.0,13.0,18.0,14.0,25.0,17.0,15.0,16.5,13.0,18.10384699471856,120,76,15.0,9.896153005281441
515396075597,2025-07,9,11.0,5.0,5.0,7.0,8.0,14.0,5.666666666666667,6.5,5.0,8.100094577658698,120,77,6.0,2.899905422341302
515396075598,2025-07,5,10.0,9.0,3.0,7.0,3.0,4.0,6.333333333333333,4.5,9.0,5.231842620306898,120,78,1.0,4.768157379693102
515396075602,2025-07,8,12.0,12.0,8.0,8.0,14.0,12.0,9.333333333333334,10.5,12.0,10.074294783558917,120,82,0.0,1.9257052164410826
515396075603,2025-07,3,2.0,5.0,1.0,14.0,2.0,1.0,6.666666666666667,4.666666666666667,5.0,4.027393640862053,120,83,3.0,2.027393640862053
515396075604,2025-07,3,1.0,4.0,3.0,2.0,2.0,2.0,3.0,2.8333333333333335,4.0,3.038010135626405,120,84,3.0,2.038010135626405
515396075605,2025-07,13,16.0,19.0,26.0,9.0,15.0,9.0,18.0,15.166666666666666,19.0,14.201082367928606,120,85,3.0,1.7989176320713938
515396075606,2025-07,12,14.0,18.0,11.0,15.0,7.0,17.0,14.666666666666666,11.0,18.0,12.832386246588364,120,86,4.0,1.1676137534116364
515396075607,2025-07,1,3.0,4.0,1.0,1.0,2.0,4.0,2.0,2.0,4.0,2.3359565823237602,120,87,1.0,0.6640434176762398
515396075608,2025-07,5,2.0,2.0,8.0,4.0,4.0,6.0,4.666666666666667,3.6666666666666665,2.0,4.492408247389454,120,88,0.0,2.492408247389454
515396075622,2025-07,2,1.0,1.0,1.0,1.0,1.0,1.0,1.0,1.0,1.0,1.5208798523083704,120,102,0.0,0.5208798523083704
515396075623,2025-07,15,8.0,7.0,2.0,4.0,6.0,8.0,4.333333333333333,6.0,7.0,8.819611385281304,120,103,1.0,0.8196113852813038
515396075624,2025-07,4,3.0,5.0,1.0,3.0,2.0,1.0,3.0,2.1666666666666665,5.0,3.0615941955470527,120,104,2.0,0.0615941955470527
519691042837,2025-07,5,2.0,1.0,3.0,2.0,1.0,1.0,2.0,1.6666666666666667,1.0,2.708213693431465,121,21,1.0,0.7082136934314649
519691042853,2025-07,1,1.0,1.0,3.0,2.0,2.0,1.0,2.0,1.8333333333333333,1.0,1.6586155003820373,121,37,0.0,0.6586155003820373
519691042855,2025-07,8,10.0,11.0,13.0,9.0,8.0,6.0,11.0,7.833333333333333,11.0,8.304010869210767,121,39,1.0,1.6959891307892327
519691042856,2025-07,17,6.0,8.0,14.0,23.0,17.0,7.0,15.0,13.666666666666666,8.0,13.498582037712914,121,40,2.0,7.498582037712914
519691042857,2025-07,6,7.0,11.0,9.0,19.0,10.0,11.0,13.0,12.333333333333334,11.0,10.172576648956058,121,41,4.0,3.172576648956058
519691042858,2025-07,16,12.0,13.0,6.0,11.0,12.0,23.0,10.0,9.666666666666666,13.0,13.570542050175039,121,42,1.0,1.570542050175039
519691042859,2025-07,7,12.0,7.0,16.0,21.0,9.0,18.0,14.666666666666666,11.0,7.0,10.731793597676717,121,43,5.0,1.2682064023232833
519691042860,2025-07,5,18.0,5.0,11.0,12.0,10.0,10.0,9.333333333333334,11.166666666666666,5.0,8.471255366984689,121,44,13.0,9.528744633015311
519691042861,2025-07,1,7.0,5.0,7.0,8.0,3.0,7.0,6.666666666666667,4.166666666666667,5.0,4.074492348979622,121,45,2.0,2.9255076510203777
519691042862,2025-07,1,2.0,1.0,1.0,3.0,1.0,1.0,1.6666666666666667,1.6666666666666667,1.0,1.5325031604909825,121,46,1.0,0.46749683950901755
519691042864,2025-07,1,3.0,2.0,6.0,4.0,2.0,1.0,4.0,3.5,2.0,2.5099343489383354,121,48,1.0,0.49006565106166455
519691042866,2025-07,9,11.0,7.0,18.0,16.0,6.0,14.0,13.666666666666666,10.333333333333334,7.0,10.336515019805706,121,50,4.0,0.6634849801942941
519691042878,2025-07,2,2.0,2.0,2.0,1.0,1.0,3.0,1.6666666666666667,2.1666666666666665,2.0,2.3123004576687833,121,62,0.0,0.31230045766878334
519691042879,2025-07,3,5.0,6.0,5.0,4.0,2.0,2.0,5.0,4.5,6.0,3.970662030384857,121,63,1.0,1.0293379696151428
519691042880,2025-07,5,5.0,3.0,2.0,3.0,1.0,4.0,2.6666666666666665,1.8333333333333333,3.0,3.3821985775967214,121,64,2.0,1.6178014224032786
519691042884,2025-07,1,1.0,3.0,7.0,1.0,3.0,4.0,3.6666666666666665,3.0,3.0,2.8016218522134846,121,68,2.0,1.8016218522134846
519691042886,2025-07,3,2.0,3.0,3.0,3.0,3.0,5.0,3.0,2.8333333333333335,3.0,3.3798370144274026,121,70,1.0,1.3798370144274026
519691042887,2025-07,6,7.0,9.0,18.0,18.0,9.0,25.0,15.0,10.833333333333334,9.0,11.470879980373386,121,71,2.0,4.470879980373386
519691042888,2025-07,2,8.0,1.0,4.0,2.0,1.0,2.0,2.3333333333333335,2.1666666666666665,1.0,2.1786510349895547,121,72,7.0,5.821348965010445
519691042889,2025-07,12,2.0,7.0,2.0,3.0,5.0,6.0,4.0,4.5,7.0,7.136978667188595,121,73,5.0,5.136978667188595
519691042890,2025-07,10,13.0,14.0,16.0,23.0,17.0,9.0,17.666666666666668,15.833333333333334,14.0,13.240990904091486,121,74,1.0,0.24099090409148616
519691042891,2025-07,22,20.0,28.0,29.0,30.0,22.0,24.0,29.0,24.166666666666668,28.0,23.892930115607854,121,75,8.0,3.8929301156078537
519691042892,2025-07,17,12.0,30.0,15.0,21.0,23.0,17.0,22.0,20.166666666666668,30.0,19.67718033040635,121,76,18.0,7.677180330406351
519691042895,2025-07,1,4.0,4.0,3.0,5.0,5.0,4.0,4.0,4.166666666666667,4.0,3.3920769252252736,121,79,0.0,0.6079230747747264
519691042897,2025-07,2,5.0,2.0,1.0,1.0,5.0,2.0,1.3333333333333333,2.3333333333333335,2.0,2.357936967006907,121,81,3.0,2.642063032993093
519691042898,2025-07,10,7.0,5.0,7.0,11.0,8.0,3.0,7.666666666666667,8.0,5.0,7.707978981933767,121,82,2.0,0.707978981933767
519691042901,2025-07,5,11.0,12.0,7.0,12.0,10.0,8.0,10.333333333333334,8.666666666666666,12.0,8.071215183293493,121,85,1.0,2.928784816706507
519691042902,2025-07,3,8.0,3.0,3.0,1.0,1.0,4.0,2.3333333333333335,2.5,3.0,2.9880330621752575,121,86,5.0,5.0119669378247425
519691042903,2025-07,3,4.0,2.0,2.0,1.0,1.0,4.0,1.6666666666666667,2.0,2.0,2.6703828697755636,121,87,2.0,1.3296171302244364
519691042918,2025-07,3,3.0,1.0,7.0,5.0,4.0,4.0,4.333333333333333,4.0,1.0,3.662112651139081,121,102,2.0,0.6621126511390809
519691042919,2025-07,26,25.0,29.0,17.0,17.0,21.0,39.0,21.0,19.166666666666668,29.0,24.43968985441925,121,103,4.0,0.5603101455807504
519691042920,2025-07,1,3.0,2.0,2.0,2.0,4.0,1.0,2.0,2.3333333333333335,2.0,1.9814214400803252,121,104,1.0,1.0185785599196748
523986010133,2025-07,1,1.0,3.0,1.0,3.0,2.0,3.0,2.3333333333333335,2.1666666666666665,3.0,2.224353099193216,122,21,2.0,1.224353099193216
523986010146,2025-07,2,5.0,3.0,2.0,14.0,4.0,5.0,6.333333333333333,4.333333333333333,3.0,4.019152341091626,122,34,2.0,0.9808476589083739
523986010147,2025-07,1,1.0,3.0,1.0,4.0,1.0,2.0,2.6666666666666665,1.8333333333333333,3.0,1.9879853682526498,122,35,2.0,0.9879853682526498
523986010149,2025-07,14,10.0,11.0,13.0,15.0,4.0,13.0,13.0,11.0,11.0,12.030841602733618,122,37,1.0,2.0308416027336182
523986010150,2025-07,4,5.0,3.0,9.0,2.0,7.0,9.0,4.666666666666667,4.5,3.0,5.053047193513853,122,38,2.0,0.05304719351385323
523986010151,2025-07,6,11.0,9.0,11.0,9.0,8.0,11.0,9.666666666666666,7.833333333333333,9.0,8.062305451726894,122,39,2.0,2.9376945482731056
523986010152,2025-07,5,12.0,18.0,14.0,15.0,10.0,15.0,15.666666666666666,13.0,18.0,11.45910913841638,122,40,6.0,0.5408908615836197
523986010154,2025-07,11,14.0,11.0,8.0,13.0,6.0,6.0,10.666666666666666,8.166666666666666,11.0,9.170429229693344,122,42,3.0,4.829570770306656
523986010155,2025-07,12,25.0,16.0,6.0,22.0,12.0,14.0,14.666666666666666,13.0,16.0,13.160272699332083,122,43,9.0,11.839727300667917
523986010156,2025-07,3,2.0,6.0,1.0,2.0,1.0,6.0,3.0,2.3333333333333335,6.0,3.5064657860623063,122,44,4.0,1.5064657860623063
523986010157,2025-07,1,1.0,2.0,5.0,7.0,4.0,3.0,4.666666666666667,3.5,2.0,2.922344195326551,122,45,1.0,1.9223441953265512
523986010161,2025-07,3,1.0,2.0,1.0,1.0,2.0,2.0,1.3333333333333333,1.5,2.0,2.254033995847486,122,49,1.0,1.254033995847486
523986010170,2025-07,3,4.0,4.0,1.0,5.0,3.0,4.0,3.3333333333333335,2.6666666666666665,4.0,3.321212292934475,122,58,0.0,0.678787707065525
523986010171,2025-07,9,3.0,2.0,7.0,7.0,13.0,3.0,5.333333333333333,6.166666666666667,2.0,6.503693143776672,122,59,1.0,3.5036931437766716
523986010176,2025-07,2,4.0,3.0,8.0,5.0,3.0,6.0,5.333333333333333,3.6666666666666665,3.0,3.7529672388257858,122,64,1.0,0.24703276117421424
523986010177,2025-07,1,5.0,7.0,10.0,13.0,7.0,3.0,10.0,7.5,7.0,5.353531537071327,122,65,2.0,0.35353153707132723
523986010178,2025-07,1,2.0,1.0,3.0,2.0,1.0,1.0,2.0,2.1666666666666665,1.0,1.7298318824756773,122,66,1.0,0.2701681175243227
523986010180,2025-07,6,6.0,16.0,8.0,4.0,5.0,9.0,9.333333333333334,8.0,16.0,8.265302022109616,122,68,10.0,2.2653020221096156
523986010181,2025-07,6,5.0,8.0,8.0,7.0,9.0,9.0,7.666666666666667,7.166666666666667,8.0,7.324123792716378,122,69,3.0,2.324123792716378
523986010182,2025-07,6,10.0,1.0,1.0,5.0,2.0,4.0,2.3333333333333335,3.8333333333333335,1.0,4.172153243596498,122,70,9.0,5.827846756403502
523986010183,2025-07,10,15.0,12.0,10.0,12.0,5.0,10.0,11.333333333333334,10.5,12.0,10.272856744525921,122,71,3.0,4.727143255474079
523986010184,2025-07,7,8.0,11.0,9.0,6.0,2.0,5.0,8.666666666666666,6.166666666666667,11.0,6.851284873115358,122,72,3.0,1.1487151268846416
523986010186,2025-07,23,28.0,31.0,28.0,15.0,19.0,19.0,24.666666666666668,21.166666666666668,31.0,22.17102904135791,122,74,3.0,5.828970958642088
523986010187,2025-07,8,8.0,10.0,9.0,14.0,5.0,12.0,11.0,9.833333333333334,10.0,9.544052961817092,122,75,2.0,1.5440529618170924
523986010188,2025-07,21,18.0,25.0,15.0,21.0,16.0,13.0,20.333333333333332,18.666666666666668,25.0,18.962281399366518,122,76,7.0,0.9622813993665176
523986010189,2025-07,1,2.0,1.0,2.0,1.0,1.0,1.0,1.3333333333333333,1.8333333333333333,1.0,1.545263052472393,122,77,1.0,0.45473694752760707
523986010190,2025-07,10,30.0,21.0,17.0,24.0,15.0,17.0,20.666666666666668,17.0,21.0,15.46100201795609,122,78,9.0,14.53899798204391
523986010191,2025-07,16,20.0,24.0,28.0,22.0,26.0,32.0,24.666666666666668,26.833333333333332,24.0,23.410821397854093,122,79,4.0,3.410821397854093
523986010192,2025-07,5,3.0,1.0,1.0,3.0,6.0,1.0,1.6666666666666667,2.1666666666666665,1.0,3.0323017071120875,122,80,2.0,0.03230170711208746
523986010193,2025-07,2,2.0,2.0,2.0,2.0,1.0,2.0,2.0,1.8333333333333333,2.0,2.1144036754012667,122,81,0.0,0.11440367540126672
523986010197,2025-07,2,3.0,2.0,1.0,2.0,1.0,2.0,1.6666666666666667,2.1666666666666665,2.0,2.188197931144206,122,85,1.0,0.8118020688557941
523986010199,2025-07,3,1.0,5.0,1.0,2.0,1.0,4.0,2.6666666666666665,3.0,5.0,3.3542185749424434,122,87,4.0,2.3542185749424434
523986010200,2025-07,1,1.0,2.0,2.0,3.0,4.0,2.0,2.3333333333333335,2.5,2.0,2.202451405390182,122,88,1.0,1.2024514053901818
523986010214,2025-07,3,4.0,1.0,4.0,6.0,2.0,4.0,3.6666666666666665,3.8333333333333335,1.0,3.4616362875512277,122,102,3.0,0.5383637124487723
523986010215,2025-07,5,9.0,12.0,13.0,10.0,11.0,9.0,11.666666666666666,8.666666666666666,12.0,8.374265609397032,122,103,3.0,0.6257343906029682
523986010216,2025-07,4,14.0,12.0,4.0,4.0,1.0,3.0,6.666666666666667,4.666666666666667,12.0,5.067424476916955,122,104,2.0,8.932575523083045
528280977430,2025-07,1,1.0,5.0,1.0,1.0,6.0,3.0,2.3333333333333335,3.8333333333333335,5.0,3.0831489417449927,123,22,4.0,2.0831489417449927
528280977431,2025-07,1,1.0,2.0,4.0,1.0,1.0,1.0,2.3333333333333335,1.6666666666666667,2.0,1.6794316583624536,123,23,1.0,0.6794316583624536
528280977432,2025-07,3,4.0,6.0,2.0,1.0,2.0,4.0,3.0,2.8333333333333335,6.0,3.45197663026896,123,24,2.0,0.5480233697310402
528280977441,2025-07,10,4.0,7.0,9.0,7.0,5.0,3.0,7.666666666666667,6.0,7.0,7.084726846962413,123,33,3.0,3.084726846962413
528280977442,2025-07,1,4.0,6.0,6.0,2.0,4.0,3.0,4.666666666666667,3.8333333333333335,6.0,3.341886964956397,123,34,2.0,0.6581130350436029
528280977445,2025-07,5,2.0,4.0,6.0,7.0,6.0,2.0,5.666666666666667,6.5,4.0,5.272532318440582,123,37,2.0,3.2725323184405823
528280977446,2025-07,16,16.0,10.0,11.0,8.0,9.0,11.0,9.666666666666666,10.5,10.0,11.913794761311092,123,38,6.0,4.086205238688908
528280977447,2025-07,15,24.0,25.0,14.0,18.0,18.0,32.0,19.0,17.333333333333332,25.0,19.150006053884564,123,39,1.0,4.849993946115436
528280977448,2025-07,12,10.0,22.0,7.0,11.0,7.0,10.0,13.333333333333334,12.166666666666666,22.0,12.495285262233335,123,40,12.0,2.4952852622333346
528280977449,2025-07,5,3.0,5.0,8.0,3.0,5.0,2.0,5.333333333333333,6.166666666666667,5.0,5.157432613422878,123,41,2.0,2.157432613422878
528280977450,2025-07,25,11.0,15.0,12.0,15.0,15.0,11.0,14.0,15.833333333333334,15.0,17.36611421224772,123,42,4.0,6.3661142122477195
528280977451,2025-07,7,3.0,11.0,2.0,1.0,1.0,3.0,4.666666666666667,3.0,11.0,5.070194884500932,123,43,8.0,2.070194884500932
528280977452,2025-07,2,1.0,2.0,2.0,2.0,2.0,4.0,2.0,2.0,2.0,2.462114040885001,123,44,1.0,1.4621140408850009
528280977458,2025-07,2,1.0,8.0,3.0,10.0,1.0,5.0,7.0,5.666666666666667,8.0,4.808558802441145,123,50,7.0,3.808558802441145
528280977461,2025-07,2,1.0,2.0,1.0,1.0,5.0,1.0,1.3333333333333333,1.8333333333333333,2.0,2.0662080951431996,123,53,1.0,1.0662080951431996
528280977465,2025-07,3,1.0,4.0,1.0,1.0,1.0,3.0,2.0,2.1666666666666665,4.0,2.7965878268732975,123,57,3.0,1.7965878268732975
528280977466,2025-07,1,2.0,7.0,4.0,2.0,4.0,5.0,4.333333333333333,3.6666666666666665,7.0,3.5868790221787936,123,58,5.0,1.5868790221787936
528280977467,2025-07,1,1.0,2.0,2.0,5.0,1.0,3.0,3.0,3.1666666666666665,2.0,2.5115879450437735,123,59,1.0,1.5115879450437735
528280977473,2025-07,2,7.0,5.0,6.0,8.0,3.0,4.0,6.333333333333333,5.0,5.0,4.2169521755080455,123,65,2.0,2.7830478244919545
528280977474,2025-07,9,1.0,1.0,5.0,5.0,2.0,3.0,3.6666666666666665,4.833333333333333,1.0,5.3747742656072734,123,66,0.0,4.3747742656072734
528280977475,2025-07,12,15.0,14.0,13.0,14.0,12.0,12.0,13.666666666666666,13.333333333333334,14.0,12.720456167683139,123,67,1.0,2.279543832316861
528280977476,2025-07,14,5.0,12.0,12.0,24.0,11.0,21.0,16.0,14.666666666666666,12.0,14.956510751705663,123,68,7.0,9.956510751705663
528280977477,2025-07,11,2.0,9.0,8.0,8.0,9.0,3.0,8.333333333333334,8.833333333333334,9.0,8.694228746588841,123,69,7.0,6.694228746588841
528280977478,2025-07,3,5.0,3.0,3.0,5.0,2.0,2.0,3.6666666666666665,3.0,3.0,3.0925929524223736,123,70,2.0,1.9074070475776264
528280977479,2025-07,13,17.0,29.0,9.0,13.0,26.0,22.0,17.0,19.833333333333332,29.0,18.53149045205018,123,71,12.0,1.5314904520501784
528280977480,2025-07,16,16.0,7.0,17.0,11.0,17.0,16.0,11.666666666666666,14.333333333333334,7.0,14.099601392184105,123,72,9.0,1.9003986078158945
528280977482,2025-07,13,25.0,26.0,23.0,15.0,16.0,11.0,21.333333333333332,18.666666666666668,26.0,16.592500209866387,123,74,1.0,8.407499790133613
528280977483,2025-07,6,8.0,3.0,10.0,8.0,10.0,9.0,7.0,9.166666666666666,3.0,7.545362694120396,123,75,5.0,0.45463730587960427
528280977484,2025-07,15,12.0,23.0,20.0,12.0,16.0,23.0,18.333333333333332,15.5,23.0,17.071978618312276,123,76,11.0,5.071978618312276
528280977485,2025-07,36,48.0,36.0,45.0,40.0,33.0,24.0,40.333333333333336,41.333333333333336,36.0,35.867185322682055,123,77,12.0,12.132814677317945
528280977486,2025-07,21,14.0,19.0,19.0,21.0,14.0,25.0,19.666666666666668,18.833333333333332,19.0,19.90677324870738,123,78,5.0,5.906773248707381
528280977487,2025-07,15,13.0,12.0,10.0,8.0,5.0,5.0,10.0,8.333333333333334,12.0,10.196587028004986,123,79,1.0,2.803412971995014
528280977488,2025-07,4,3.0,3.0,2.0,4.0,2.0,4.0,3.0,3.1666666666666665,3.0,3.612679071772922,123,80,0.0,0.6126790717729218
528280977489,2025-07,1,4.0,1.0,4.0,2.0,1.0,1.0,2.3333333333333335,2.1666666666666665,1.0,1.7657249574994296,123,81,3.0,2.2342750425005704
528280977490,2025-07,5,5.0,7.0,7.0,4.0,6.0,7.0,6.0,4.666666666666667,7.0,5.575847543855067,123,82,2.0,0.5758475438550672
528280977491,2025-07,5,2.0,4.0,4.0,2.0,1.0,1.0,3.3333333333333335,2.6666666666666665,4.0,3.424847124433003,123,83,2.0,1.4248471244330032
528280977510,2025-07,6,2.0,5.0,2.0,2.0,1.0,2.0,3.0,2.3333333333333335,5.0,3.7735258423348395,123,102,3.0,1.7735258423348395
528280977511,2025-07,5,1.0,8.0,1.0,3.0,6.0,2.0,4.0,4.333333333333333,8.0,4.693050081390583,123,103,7.0,3.6930500813905827
528280977512,2025-07,2,4.0,2.0,1.0,1.0,3.0,3.0,1.3333333333333333,1.6666666666666667,2.0,2.188818283841096,123,104,2.0,1.811181716158904
532575944727,2025-07,1,1.0,3.0,7.0,2.0,1.0,3.0,4.0,2.6666666666666665,3.0,2.5267831725998686,124,23,2.0,1.5267831725998686
532575944734,2025-07,4,6.0,3.0,4.0,2.0,5.0,1.0,3.0,2.8333333333333335,3.0,3.2306202615061856,124,30,3.0,2.7693797384938144
532575944735,2025-07,7,6.0,2.0,8.0,2.0,4.0,2.0,4.0,3.5,2.0,4.422252634278655,124,31,4.0,1.5777473657213452
532575944738,2025-07,1,4.0,3.0,3.0,2.0,1.0,1.0,2.6666666666666665,2.3333333333333335,3.0,2.019127790310833,124,34,1.0,1.980872209689167
532575944739,2025-07,2,2.0,3.0,2.0,2.0,4.0,1.0,2.3333333333333335,2.3333333333333335,3.0,2.3843757630826854,124,35,1.0,0.3843757630826854
532575944740,2025-07,2,6.0,1.0,7.0,5.0,1.0,1.0,4.333333333333333,5.166666666666667,1.0,3.2632836338858873,124,36,5.0,2.7367163661141127
532575944741,2025-07,4,5.0,5.0,6.0,11.0,2.0,4.0,7.333333333333333,6.0,5.0,5.19596489532651,124,37,0.0,0.19596489532650985
532575944742,2025-07,20,14.0,29.0,24.0,17.0,24.0,14.0,23.333333333333332,22.166666666666668,29.0,20.89922409900439,124,38,15.0,6.899224099004389
532575944743,2025-07,34,12.0,27.0,22.0,16.0,22.0,23.0,21.666666666666668,20.666666666666668,27.0,25.12843810278944,124,39,15.0,13.128438102789438
532575944744,2025-07,13,31.0,13.0,21.0,14.0,8.0,19.0,16.0,13.5,13.0,13.967447849110538,124,40,18.0,17.03255215088946
532575944745,2025-07,9,4.0,7.0,5.0,3.0,10.0,5.0,5.0,6.166666666666667,7.0,7.001066808415513,124,41,3.0,3.001066808415513
532575944746,2025-07,15,21.0,14.0,11.0,14.0,9.0,11.0,13.0,12.833333333333334,14.0,13.098712905082149,124,42,7.0,7.901287094917851
532575944747,2025-07,3,1.0,5.0,10.0,4.0,2.0,1.0,6.333333333333333,4.5,5.0,3.9057034085640385,124,43,4.0,2.9057034085640385
532575944748,2025-07,4,6.0,3.0,5.0,5.0,7.0,6.0,4.333333333333333,5.666666666666667,3.0,5.028752196599786,124,44,3.0,0.9712478034002139
532575944749,2025-07,2,3.0,6.0,4.0,3.0,1.0,3.0,4.333333333333333,3.6666666666666665,6.0,3.4245609294957005,124,45,3.0,0.42456092949570046
532575944753,2025-07,7,4.0,2.0,2.0,1.0,5.0,3.0,1.6666666666666667,3.5,2.0,4.333574584310025,124,49,2.0,0.33357458431002485
532575944754,2025-07,4,13.0,7.0,3.0,16.0,9.0,8.0,8.666666666666666,7.5,7.0,6.7893611657874136,124,50,6.0,6.2106388342125864
532575944755,2025-07,17,27.0,25.0,16.0,14.0,16.0,16.0,18.333333333333332,18.166666666666668,25.0,17.799405328785518,124,51,2.0,9.200594671214482
532575944760,2025-07,2,4.0,2.0,4.0,1.0,1.0,4.0,2.3333333333333335,2.3333333333333335,2.0,2.566128148813303,124,56,2.0,1.433871851186697
532575944761,2025-07,1,1.0,1.0,2.0,1.0,2.0,1.0,1.3333333333333333,2.0,1.0,1.6385776665287892,124,57,0.0,0.6385776665287892
532575944762,2025-07,2,2.0,1.0,2.0,2.0,1.0,1.0,1.6666666666666667,1.8333333333333333,1.0,1.8699796784616929,124,58,1.0,0.13002032153830712
532575944763,2025-07,3,3.0,1.0,1.0,3.0,2.0,1.0,1.6666666666666667,1.6666666666666667,1.0,2.142430512716942,124,59,2.0,0.8575694872830582
532575944769,2025-07,10,2.0,5.0,5.0,4.0,10.0,4.0,4.666666666666667,5.666666666666667,5.0,6.799602320089296,124,65,3.0,4.799602320089296
532575944770,2025-07,21,20.0,19.0,25.0,19.0,11.0,14.0,21.0,17.0,19.0,17.92628505233788,124,66,1.0,2.0737149476621184
532575944771,2025-07,39,47.0,27.0,32.0,27.0,18.0,27.0,28.666666666666668,26.666666666666668,27.0,29.674162190213423,124,67,20.0,17.325837809786577
532575944772,2025-07,21,23.0,15.0,27.0,16.0,13.0,20.0,19.333333333333332,15.666666666666666,15.0,17.813581273404594,124,68,8.0,5.186418726595406
532575944773,2025-07,11,29.0,20.0,21.0,20.0,13.0,20.0,20.333333333333332,20.166666666666668,20.0,16.96380407382875,124,69,9.0,12.03619592617125
532575944774,2025-07,5,17.0,17.0,6.0,14.0,15.0,5.0,12.333333333333334,11.666666666666666,17.0,9.497376655949406,124,70,0.0,7.502623344050594
532575944775,2025-07,22,13.0,17.0,18.0,12.0,19.0,14.0,15.666666666666666,16.833333333333332,17.0,17.70631444100742,124,71,4.0,4.706314441007422
532575944776,2025-07,17,25.0,10.0,12.0,15.0,10.0,20.0,12.333333333333334,14.0,10.0,14.843303810747534,124,72,15.0,10.156696189252466
532575944778,2025-07,18,12.0,11.0,8.0,12.0,5.0,9.0,10.333333333333334,8.333333333333334,11.0,11.529504561766998,124,74,1.0,0.47049543823300155
532575944779,2025-07,17,14.0,21.0,11.0,5.0,5.0,8.0,12.333333333333334,9.5,21.0,12.507505609800688,124,75,7.0,1.4924943901993117
532575944780,2025-07,6,7.0,6.0,3.0,6.0,7.0,3.0,5.0,4.5,6.0,5.153589953171324,124,76,1.0,1.8464100468286757
532575944781,2025-07,25,23.0,25.0,23.0,21.0,13.0,14.0,23.0,19.333333333333332,25.0,20.623498497890253,124,77,2.0,2.376501502109747
532575944782,2025-07,11,17.0,19.0,6.0,17.0,14.0,13.0,14.0,12.833333333333334,19.0,12.926181096418208,124,78,2.0,4.073818903581792
532575944783,2025-07,5,5.0,2.0,1.0,2.0,5.0,4.0,1.6666666666666667,3.5,2.0,3.8924114056598746,124,79,3.0,1.1075885943401254
532575944786,2025-07,4,6.0,4.0,4.0,3.0,8.0,4.0,3.6666666666666665,3.6666666666666665,4.0,4.158059607021817,124,82,2.0,1.8419403929781826
532575944787,2025-07,6,8.0,5.0,6.0,7.0,7.0,4.0,6.0,6.666666666666667,5.0,6.023197006926678,124,83,3.0,1.9768029930733224
532575944788,2025-07,6,6.0,4.0,8.0,6.0,4.0,6.0,6.0,6.166666666666667,4.0,5.913220520793589,124,84,2.0,0.08677947920641138
532575944789,2025-07,4,2.0,1.0,2.0,6.0,3.0,4.0,3.0,3.1666666666666665,1.0,3.4946746264198474,124,85,1.0,1.4946746264198474
532575944793,2025-07,2,1.0,1.0,2.0,6.0,2.0,1.0,3.0,2.8333333333333335,1.0,2.3934663162861867,124,89,0.0,1.3934663162861867
532575944805,2025-07,1,3.0,2.0,1.0,3.0,2.0,3.0,2.0,1.6666666666666667,2.0,1.9425959818172753,124,101,1.0,1.0574040181827247
532575944806,2025-07,1,1.0,1.0,2.0,1.0,1.0,1.0,1.3333333333333333,1.1666666666666667,1.0,1.32588839093901,124,102,0.0,0.32588839093901
532575944807,2025-07,5,2.0,4.0,1.0,1.0,3.0,3.0,2.0,3.0,4.0,3.719204454689036,124,103,2.0,1.7192044546890362
532575944808,2025-07,3,2.0,5.0,4.0,4.0,3.0,4.0,4.333333333333333,4.5,5.0,4.110409534235591,124,104,3.0,2.1104095342355906
536870912024,2025-07,3,3.0,4.0,3.0,2.0,2.0,1.0,3.0,2.5,4.0,2.8011249291460443,125,24,1.0,0.19887507085395573
536870912026,2025-07,1,1.0,1.0,1.0,1.0,1.0,4.0,1.0,1.0,1.0,1.6167452776729245,125,26,0.0,0.6167452776729245
536870912027,2025-07,11,3.0,7.0,6.0,1.0,1.0,3.0,4.666666666666667,4.666666666666667,7.0,6.436212160631597,125,27,4.0,3.436212160631597
536870912030,2025-07,1,1.0,1.0,2.0,1.0,2.0,1.0,1.3333333333333333,2.0,1.0,1.6385776665287892,125,30,0.0,0.6385776665287892
536870912031,2025-07,5,7.0,3.0,4.0,6.0,10.0,11.0,4.333333333333333,5.5,3.0,6.014134306769487,125,31,4.0,0.9858656932305134
536870912032,2025-07,2,1.0,6.0,1.0,1.0,4.0,1.0,2.6666666666666665,2.5,6.0,2.7160162929071507,125,32,5.0,1.7160162929071507
536870912034,2025-07,1,3.0,1.0,2.0,3.0,3.0,2.0,2.0,2.3333333333333335,1.0,1.9919106701078846,125,34,2.0,1.0080893298921154
536870912035,2025-07,2,9.0,15.0,8.0,8.0,7.0,9.0,10.333333333333334,7.833333333333333,15.0,7.183215022592014,125,35,6.0,1.8167849774079858
536870912036,2025-07,14,6.0,13.0,10.0,20.0,6.0,5.0,14.333333333333334,13.0,13.0,12.070039617415274,125,36,7.0,6.070039617415274
536870912037,2025-07,8,6.0,8.0,10.0,13.0,14.0,9.0,10.333333333333334,11.333333333333334,8.0,9.764743269542734,125,37,2.0,3.764743269542734
536870912038,2025-07,24,14.0,15.0,19.0,10.0,22.0,6.0,14.666666666666666,17.5,15.0,17.318439330549758,125,38,1.0,3.318439330549758
536870912039,2025-07,12,16.0,20.0,13.0,8.0,9.0,16.0,13.666666666666666,15.166666666666666,20.0,14.186541325813842,125,39,4.0,1.8134586741861582
536870912040,2025-07,13,14.0,14.0,9.0,17.0,13.0,15.0,13.333333333333334,11.833333333333334,14.0,12.906048929367067,125,40,0.0,1.093951070632933
536870912041,2025-07,17,16.0,27.0,17.0,16.0,9.0,21.0,20.0,15.166666666666666,27.0,17.52723425564355,125,41,11.0,1.527234255643549
536870912042,2025-07,7,18.0,11.0,10.0,6.0,10.0,8.0,9.0,9.833333333333334,11.0,8.783099803098114,125,42,7.0,9.216900196901886
536870912043,2025-07,16,15.0,15.0,13.0,8.0,10.0,12.0,12.0,11.5,15.0,13.066442334174909,125,43,0.0,1.9335576658250915
536870912044,2025-07,9,11.0,13.0,14.0,13.0,12.0,18.0,13.333333333333334,13.5,13.0,12.56098101160414,125,44,2.0,1.5609810116041398
536870912045,2025-07,4,4.0,4.0,3.0,6.0,2.0,5.0,4.333333333333333,3.8333333333333335,4.0,4.190347653695316,125,45,0.0,0.1903476536953157
536870912046,2025-07,1,8.0,2.0,1.0,6.0,1.0,2.0,3.0,2.1666666666666665,2.0,2.0584234262191217,125,46,6.0,5.941576573780878
536870912048,2025-07,3,7.0,4.0,2.0,2.0,3.0,11.0,2.6666666666666665,2.6666666666666665,4.0,4.130525225315386,125,48,3.0,2.8694747746846136
536870912049,2025-07,1,2.0,1.0,1.0,3.0,5.0,3.0,1.6666666666666667,2.0,1.0,2.0504700373772096,125,49,1.0,0.050470037377209565
536870912050,2025-07,12,10.0,6.0,8.0,6.0,3.0,5.0,6.666666666666667,6.0,6.0,7.641529484134067,125,50,4.0,2.3584705158659327
536870912051,2025-07,6,5.0,2.0,2.0,11.0,5.0,6.0,5.0,4.333333333333333,2.0,5.0935425787197355,125,51,3.0,0.09354257871973548
536870912052,2025-07,8,1.0,7.0,6.0,5.0,1.0,10.0,6.0,6.833333333333333,7.0,7.338334032132782,125,52,6.0,6.338334032132782
536870912053,2025-07,1,1.0,3.0,3.0,3.0,1.0,2.0,3.0,3.5,3.0,2.569219747920764,125,53,2.0,1.569219747920764
536870912055,2025-07,4,3.0,3.0,3.0,3.0,1.0,4.0,3.0,2.6666666666666665,3.0,3.406581777760744,125,55,0.0,0.4065817777607439
536870912056,2025-07,11,7.0,9.0,3.0,6.0,7.0,11.0,6.0,5.5,9.0,8.28055432374075,125,56,2.0,1.2805543237407502
536870912061,2025-07,1,4.0,1.0,1.0,1.0,1.0,1.0,1.0,1.1666666666666667,1.0,1.2899953159152595,125,61,3.0,2.7100046840847405
536870912065,2025-07,15,25.0,29.0,32.0,15.0,11.0,25.0,25.333333333333332,20.333333333333332,29.0,19.97552482277036,125,65,4.0,5.02447517722964
536870912066,2025-07,34,15.0,28.0,24.0,24.0,24.0,28.0,25.333333333333332,29.833333333333332,28.0,29.358690639764035,125,66,13.0,14.358690639764035
536870912067,2025-07,20,17.0,13.0,16.0,9.0,12.0,21.0,12.666666666666666,14.833333333333334,13.0,16.44016663454906,125,67,4.0,0.5598333654509418
536870912068,2025-07,11,8.0,4.0,5.0,7.0,2.0,6.0,5.333333333333333,4.5,4.0,6.647792177637903,125,68,4.0,1.3522078223620966
536870912069,2025-07,22,28.0,9.0,6.0,8.0,8.0,21.0,7.666666666666667,8.333333333333334,9.0,13.852012634105325,125,69,19.0,14.147987365894675
536870912070,2025-07,14,18.0,20.0,14.0,15.0,27.0,25.0,16.333333333333332,19.0,20.0,18.16547203523527,125,70,2.0,0.16547203523526832
536870912071,2025-07,4,4.0,5.0,4.0,5.0,4.0,8.0,4.666666666666667,4.0,5.0,4.817857615602581,125,71,1.0,0.8178576156025814
536870912072,2025-07,29,25.0,27.0,30.0,15.0,16.0,34.0,24.0,22.166666666666668,27.0,25.60989719914651,125,72,2.0,0.6098971991465092
536870912073,2025-07,14,12.0,22.0,9.0,9.0,13.0,17.0,13.333333333333334,12.5,22.0,14.291449120208739,125,73,10.0,2.291449120208739
536870912074,2025-07,8,6.0,9.0,13.0,8.0,3.0,6.0,10.0,8.666666666666666,9.0,8.112433786097597,125,74,3.0,2.112433786097597
536870912075,2025-07,28,27.0,19.0,31.0,13.0,22.0,22.0,21.0,20.833333333333332,19.0,22.60997811456837,125,75,8.0,4.390021885431629
536870912076,2025-07,24,20.0,21.0,20.0,27.0,26.0,22.0,22.666666666666668,26.5,21.0,23.87110008135884,125,76,1.0,3.87110008135884
536870912077,2025-07,45,53.0,34.0,51.0,30.0,42.0,57.0,38.333333333333336,39.0,34.0,41.80571822547414,125,77,19.0,11.194281774525862
536870912078,2025-07,4,12.0,7.0,4.0,10.0,5.0,7.0,7.0,5.333333333333333,7.0,5.597274375144749,125,78,5.0,6.402725624855251
536870912079,2025-07,3,2.0,3.0,3.0,5.0,8.0,3.0,3.6666666666666665,4.166666666666667,3.0,3.8345221778577585,125,79,1.0,1.8345221778577585
536870912082,2025-07,2,1.0,1.0,2.0,1.0,2.0,1.0,1.3333333333333333,1.5,1.0,1.7597748721552087,125,82,0.0,0.7597748721552087
536870912083,2025-07,15,16.0,24.0,31.0,20.0,20.0,21.0,25.0,23.333333333333332,24.0,20.37307627478428,125,83,8.0,4.373076274784282
536870912084,2025-07,5,9.0,3.0,15.0,14.0,6.0,10.0,10.666666666666666,10.5,3.0,8.08509381682799,125,84,6.0,0.9149061831720093
536870912085,2025-07,3,5.0,4.0,14.0,8.0,4.0,8.0,8.666666666666666,6.0,4.0,5.5489233000764075,125,85,1.0,0.5489233000764075
536870912086,2025-07,4,1.0,2.0,1.0,3.0,3.0,2.0,2.0,1.8333333333333333,2.0,2.7658973254893686,125,86,1.0,1.7658973254893686
536870912102,2025-07,1,2.0,1.0,1.0,1.0,1.0,2.0,1.0,1.0,1.0,1.362349526245584,125,102,1.0,0.637650473754416
536870912104,2025-07,3,1.0,3.0,2.0,2.0,4.0,2.0,2.3333333333333335,2.3333333333333335,3.0,2.7973018405728123,125,104,2.0,1.7973018405728123
541165879320,2025-07,18,21.0,13.0,18.0,17.0,14.0,17.0,16.0,15.833333333333334,13.0,16.149616161537885,126,24,8.0,4.850383838462115
541165879321,2025-07,2,2.0,2.0,1.0,1.0,1.0,3.0,1.3333333333333333,1.5,2.0,2.0570327211116517,126,25,0.0,0.057032721111651696
541165879322,2025-07,2,1.0,2.0,2.0,3.0,1.0,1.0,2.3333333333333335,2.6666666666666665,2.0,2.3004125508171676,126,26,1.0,1.3004125508171676
541165879327,2025-07,1,1.0,2.0,2.0,5.0,1.0,2.0,3.0,2.3333333333333335,2.0,2.1101717424133764,126,31,1.0,1.1101717424133764
541165879328,2025-07,6,8.0,1.0,4.0,7.0,5.0,4.0,4.0,4.0,1.0,4.52806582849593,126,32,7.0,3.4719341715040697
541165879329,2025-07,1,3.0,1.0,5.0,8.0,1.0,1.0,4.666666666666667,3.0,1.0,2.309766904716966,126,33,2.0,0.690233095283034
541165879333,2025-07,8,5.0,14.0,15.0,12.0,7.0,6.0,13.666666666666666,11.166666666666666,14.0,9.902843014568374,126,37,9.0,4.902843014568374
541165879334,2025-07,19,10.0,9.0,12.0,9.0,13.0,21.0,10.0,10.833333333333334,9.0,14.264184627246737,126,38,1.0,4.2641846272467365
541165879335,2025-07,9,11.0,18.0,17.0,23.0,6.0,13.0,19.333333333333332,14.833333333333334,18.0,13.216609337393464,126,39,7.0,2.2166093373934643
541165879336,2025-07,76,63.0,57.0,58.0,70.0,62.0,71.0,61.666666666666664,61.0,57.0,64.95983482647401,126,40,6.0,1.9598348264740082
541165879337,2025-07,78,74.0,68.0,95.0,69.0,58.0,75.0,77.33333333333333,72.5,68.0,72.24895453479115,126,41,6.0,1.751045465208847
541165879338,2025-07,21,26.0,31.0,43.0,39.0,27.0,47.0,37.666666666666664,36.5,31.0,31.98861626890444,126,42,5.0,5.98861626890444
541165879339,2025-07,13,19.0,14.0,11.0,12.0,12.0,14.0,12.333333333333334,12.166666666666666,14.0,12.726911464730328,126,43,5.0,6.273088535269672
541165879340,2025-07,15,14.0,32.0,24.0,14.0,20.0,23.0,23.333333333333332,20.333333333333332,32.0,20.092912948675327,126,44,18.0,6.092912948675327
541165879341,2025-07,5,7.0,4.0,7.0,7.0,7.0,7.0,6.0,5.5,4.0,5.653823728405659,126,45,3.0,1.3461762715943406
541165879342,2025-07,4,2.0,1.0,2.0,5.0,3.0,4.0,2.6666666666666665,2.6666666666666665,1.0,3.2911552060569687,126,46,1.0,1.2911552060569687
541165879343,2025-07,2,5.0,4.0,6.0,1.0,4.0,3.0,3.6666666666666665,3.6666666666666665,4.0,3.2993308346848558,126,47,1.0,1.7006691653151442
541165879346,2025-07,2,1.0,1.0,2.0,2.0,2.0,1.0,1.6666666666666667,1.8333333333333333,1.0,1.9084506271347408,126,50,0.0,0.9084506271347408
541165879347,2025-07,1,6.0,3.0,8.0,6.0,7.0,1.0,5.666666666666667,5.5,3.0,3.6274021966028203,126,51,3.0,2.3725978033971797
541165879348,2025-07,25,9.0,6.0,19.0,12.0,17.0,19.0,12.333333333333334,14.666666666666666,6.0,17.15598461911435,126,52,3.0,8.15598461911435
541165879349,2025-07,4,7.0,1.0,5.0,3.0,5.0,8.0,3.0,4.166666666666667,1.0,4.400183971353424,126,53,6.0,2.5998160286465763
541165879350,2025-07,18,24.0,13.0,4.0,11.0,5.0,10.0,9.333333333333334,9.0,13.0,11.927968617158012,126,54,11.0,12.072031382841988
541165879351,2025-07,9,6.0,7.0,4.0,6.0,9.0,9.0,5.666666666666667,6.333333333333333,7.0,7.607303225595267,126,55,1.0,1.6073032255952668
541165879352,2025-07,14,11.0,13.0,9.0,16.0,12.0,7.0,12.666666666666666,11.666666666666666,13.0,11.924664965939021,126,56,2.0,0.9246649659390211
541165879353,2025-07,16,17.0,20.0,15.0,4.0,7.0,6.0,13.0,11.0,20.0,12.525274297049359,126,57,3.0,4.474725702950641
541165879354,2025-07,14,4.0,10.0,2.0,8.0,12.0,16.0,6.666666666666667,9.833333333333334,10.0,11.551328245598537,126,58,6.0,7.551328245598537
541165879361,2025-07,26,11.0,9.0,17.0,7.0,14.0,15.0,11.0,11.666666666666666,9.0,15.915272587682754,126,65,2.0,4.915272587682754
541165879362,2025-07,4,4.0,7.0,6.0,3.0,8.0,3.0,5.333333333333333,6.0,7.0,5.2221375604002,126,66,3.0,1.2221375604002
541165879363,2025-07,12,14.0,8.0,16.0,13.0,6.0,12.0,12.333333333333334,11.333333333333334,8.0,11.19684056454768,126,67,6.0,2.8031594354523204
541165879364,2025-07,8,8.0,1.0,4.0,8.0,10.0,10.0,4.333333333333333,6.833333333333333,1.0,7.026394965425824,126,68,7.0,0.9736050345741756
541165879365,2025-07,4,4.0,12.0,7.0,8.0,5.0,12.0,9.0,9.166666666666666,12.0,8.110501040305135,126,69,8.0,4.1105010403051345
541165879366,2025-07,40,37.0,41.0,43.0,34.0,36.0,40.0,39.333333333333336,38.833333333333336,41.0,38.61843591728052,126,70,4.0,1.6184359172805216
541165879367,2025-07,32,40.0,28.0,39.0,37.0,27.0,44.0,34.666666666666664,35.833333333333336,28.0,33.95743068757266,126,71,12.0,6.042569312427339
541165879368,2025-07,22,22.0,24.0,15.0,19.0,19.0,24.0,19.333333333333332,16.833333333333332,24.0,19.964115791144096,126,72,2.0,2.0358842088559044
541165879369,2025-07,8,20.0,17.0,18.0,13.0,13.0,15.0,16.0,13.0,17.0,12.38007592020831,126,73,3.0,7.619924079791691
541165879370,2025-07,8,10.0,17.0,22.0,19.0,38.0,37.0,19.333333333333332,24.666666666666668,17.0,20.356762324941528,126,74,7.0,10.356762324941528
541165879371,2025-07,23,29.0,43.0,34.0,25.0,13.0,31.0,34.0,27.5,43.0,27.562593289432577,126,75,14.0,1.4374067105674229
541165879372,2025-07,43,46.0,26.0,26.0,21.0,39.0,27.0,24.333333333333332,28.0,26.0,31.497199125874573,126,76,20.0,14.502800874125427
541165879373,2025-07,15,9.0,12.0,17.0,15.0,16.0,14.0,14.666666666666666,15.166666666666666,12.0,14.537309120204881,126,77,3.0,5.537309120204881
541165879374,2025-07,7,7.0,5.0,3.0,8.0,13.0,10.0,5.333333333333333,8.166666666666666,5.0,7.727840342615147,126,78,2.0,0.7278403426151474
541165879375,2025-07,9,4.0,8.0,13.0,5.0,4.0,2.0,8.666666666666666,7.333333333333333,8.0,7.254900716761225,126,79,4.0,3.2549007167612247
541165879376,2025-07,1,2.0,2.0,1.0,2.0,2.0,3.0,1.6666666666666667,2.0,2.0,2.0132948883711244,126,80,0.0,0.013294888371124358
541165879378,2025-07,21,7.0,19.0,26.0,9.0,13.0,21.0,18.0,15.666666666666666,19.0,18.10087158950823,126,82,12.0,11.10087158950823
541165879379,2025-07,23,16.0,20.0,13.0,19.0,18.0,19.0,17.333333333333332,15.666666666666666,20.0,18.650787373044615,126,83,4.0,2.650787373044615
541165879380,2025-07,8,8.0,8.0,10.0,8.0,5.0,5.0,8.666666666666666,7.666666666666667,8.0,7.508210469132795,126,84,0.0,0.4917895308672051
545460846610,2025-07,1,1.0,2.0,2.0,1.0,2.0,5.0,1.6666666666666667,2.0,2.0,2.264595290609371,127,18,1.0,1.2645952906093711
545460846611,2025-07,2,2.0,1.0,3.0,2.0,1.0,1.0,2.0,1.6666666666666667,1.0,1.8510290881020968,127,19,1.0,0.14897091189790324
545460846615,2025-07,7,6.0,7.0,8.0,2.0,6.0,5.0,5.666666666666667,6.0,7.0,6.28957374564547,127,23,1.0,0.28957374564546967
545460846618,2025-07,3,6.0,3.0,5.0,4.0,1.0,3.0,4.0,3.1666666666666665,3.0,3.2689612706810003,127,26,3.0,2.7310387293189997
545460846619,2025-07,1,1.0,1.0,1.0,1.0,3.0,2.0,1.0,1.5,1.0,1.603822419741718,127,27,0.0,0.6038224197417179
545460846629,2025-07,1,1.0,3.0,6.0,3.0,2.0,2.0,4.0,3.0,3.0,2.5508389255150306,127,37,2.0,1.5508389255150306
545460846630,2025-07,3,13.0,15.0,6.0,19.0,3.0,11.0,13.333333333333334,8.333333333333334,15.0,8.091072693547419,127,38,2.0,4.908927306452581
545460846631,2025-07,31,10.0,18.0,14.0,19.0,17.0,11.0,17.0,15.666666666666666,18.0,19.681999865445796,127,39,8.0,9.681999865445796
545460846632,2025-07,11,3.0,5.0,9.0,11.0,6.0,9.0,8.333333333333334,8.333333333333334,5.0,8.861426021460337,127,40,2.0,5.861426021460337
545460846633,2025-07,62,88.0,78.0,109.0,83.0,102.0,112.0,90.0,93.5,78.0,83.2072504892607,127,41,10.0,4.792749510739299
545460846634,2025-07,14,16.0,14.0,18.0,25.0,17.0,35.0,19.0,20.5,14.0,19.37643410895959,127,42,2.0,3.3764341089595895
545460846635,2025-07,13,11.0,12.0,13.0,11.0,16.0,17.0,12.0,13.0,12.0,13.334952696863112,127,43,1.0,2.3349526968631125
545460846636,2025-07,8,15.0,16.0,17.0,15.0,11.0,19.0,16.0,15.666666666666666,16.0,13.614281824026449,127,44,1.0,1.385718175973551
545460846637,2025-07,17,16.0,16.0,15.0,24.0,14.0,19.0,18.333333333333332,15.5,16.0,16.52551448851844,127,45,0.0,0.5255144885184393
545460846639,2025-07,10,7.0,5.0,12.0,6.0,5.0,20.0,7.666666666666667,6.833333333333333,5.0,9.35554761941813,127,47,2.0,2.3555476194181306
545460846640,2025-07,4,3.0,5.0,2.0,3.0,1.0,6.0,3.3333333333333335,2.5,5.0,3.8046930312327962,127,48,2.0,0.8046930312327962
545460846643,2025-07,1,2.0,3.0,1.0,2.0,1.0,2.0,2.0,1.8333333333333333,3.0,1.9100085198269632,127,51,1.0,0.08999148017303682
545460846644,2025-07,10,4.0,6.0,7.0,3.0,6.0,1.0,5.333333333333333,5.0,6.0,6.194774083783271,127,52,2.0,2.1947740837832708
545460846645,2025-07,25,26.0,42.0,26.0,36.0,30.0,47.0,34.666666666666664,31.833333333333332,42.0,32.27365907673838,127,53,16.0,6.273659076738383
545460846646,2025-07,29,17.0,14.0,11.0,17.0,9.0,15.0,14.0,14.5,14.0,18.273101159279193,127,54,3.0,1.273101159279193
545460846647,2025-07,4,2.0,1.0,4.0,7.0,6.0,2.0,4.0,4.333333333333333,1.0,3.8503719529554186,127,55,1.0,1.8503719529554186
545460846648,2025-07,6,6.0,2.0,5.0,3.0,2.0,5.0,3.3333333333333335,4.333333333333333,2.0,4.646703688355427,127,56,4.0,1.3532963116445726
545460846649,2025-07,10,9.0,8.0,4.0,5.0,10.0,8.0,5.666666666666667,6.166666666666667,8.0,7.827698531960817,127,57,1.0,1.1723014680391826
545460846650,2025-07,20,25.0,9.0,6.0,9.0,4.0,7.0,8.0,10.333333333333334,9.0,12.043014584681828,127,58,16.0,12.956985415318172
545460846651,2025-07,9,13.0,10.0,12.0,32.0,23.0,9.0,18.0,22.0,10.0,14.953723046454073,127,59,3.0,1.9537230464540727
545460846653,2025-07,13,7.0,4.0,5.0,2.0,4.0,2.0,3.6666666666666665,3.8333333333333335,4.0,6.373082193084637,127,61,3.0,0.6269178069153627
545460846655,2025-07,1,2.0,3.0,2.0,4.0,2.0,1.0,3.0,2.1666666666666665,3.0,2.0448388470024703,127,63,1.0,0.04483884700247032
545460846656,2025-07,2,1.0,1.0,1.0,2.0,2.0,2.0,1.3333333333333333,1.5,1.0,1.89006809705797,127,64,0.0,0.89006809705797
545460846657,2025-07,9,8.0,7.0,10.0,12.0,8.0,13.0,9.666666666666666,8.666666666666666,7.0,9.294724090563298,127,65,1.0,1.2947240905632977
545460846658,2025-07,4,4.0,6.0,2.0,1.0,2.0,3.0,3.0,3.6666666666666665,6.0,3.884725283248473,127,66,2.0,0.1152747167515269
545460846659,2025-07,8,4.0,12.0,18.0,13.0,8.0,6.0,14.333333333333334,11.166666666666666,12.0,9.85352937007371,127,67,8.0,5.85352937007371
545460846660,2025-07,10,10.0,10.0,19.0,17.0,16.0,11.0,15.333333333333334,16.833333333333332,10.0,13.190821894036427,127,68,0.0,3.190821894036427
545460846661,2025-07,7,5.0,11.0,21.0,13.0,4.0,11.0,15.0,10.666666666666666,11.0,9.875828859868719,127,69,6.0,4.875828859868719
545460846662,2025-07,45,35.0,30.0,25.0,50.0,37.0,46.0,35.0,35.5,30.0,38.44011392494397,127,70,5.0,3.4401139249439723
545460846663,2025-07,23,29.0,20.0,20.0,21.0,13.0,22.0,20.333333333333332,15.5,20.0,19.11441096502898,127,71,9.0,9.88558903497102
545460846664,2025-07,36,29.0,33.0,31.0,23.0,26.0,33.0,29.0,24.5,33.0,29.68647473404728,127,72,4.0,0.6864747340472803
545460846665,2025-07,30,19.0,25.0,21.0,19.0,15.0,26.0,21.666666666666668,20.166666666666668,25.0,23.77991124112621,127,73,6.0,4.779911241126211
545460846666,2025-07,2,3.0,1.0,2.0,2.0,5.0,5.0,1.6666666666666667,2.6666666666666665,1.0,2.806873302925297,127,74,2.0,0.1931266970747032
545460846667,2025-07,15,13.0,11.0,21.0,12.0,13.0,21.0,14.666666666666666,14.5,11.0,15.002287648878612,127,75,2.0,2.002287648878612
545460846668,2025-07,28,22.0,36.0,43.0,27.0,23.0,40.0,35.333333333333336,27.0,36.0,29.936625345376456,127,76,14.0,7.936625345376456
545460846669,2025-07,17,23.0,24.0,26.0,32.0,20.0,26.0,27.333333333333332,26.5,24.0,22.91094741462447,127,77,1.0,0.08905258537552996
545460846670,2025-07,10,19.0,10.0,14.0,3.0,14.0,22.0,9.0,11.5,10.0,12.032756023175084,127,78,9.0,6.967243976824916
545460846671,2025-07,4,8.0,3.0,3.0,6.0,5.0,5.0,4.0,5.0,3.0,4.572440036171977,127,79,5.0,3.427559963828023
545460846672,2025-07,19,14.0,19.0,17.0,24.0,10.0,24.0,20.0,15.0,19.0,17.838009993522682,127,80,5.0,3.8380099935226824
545460846673,2025-07,19,19.0,19.0,15.0,15.0,24.0,20.0,16.333333333333332,17.0,19.0,18.10325378872775,127,81,0.0,0.8967462112722515
545460846674,2025-07,29,37.0,37.0,43.0,33.0,58.0,67.0,37.666666666666664,41.0,37.0,39.96120395368271,127,82,0.0,2.9612039536827126
545460846675,2025-07,34,31.0,32.0,27.0,18.0,38.0,30.0,25.666666666666668,28.666666666666668,32.0,30.110427179628463,127,83,1.0,0.8895728203715372
545460846676,2025-07,11,9.0,7.0,8.0,10.0,7.0,10.0,8.333333333333334,7.666666666666667,7.0,8.96729092752889,127,84,2.0,0.032709072471110545
545460846677,2025-07,3,3.0,1.0,2.0,2.0,4.0,4.0,1.6666666666666667,2.0,1.0,2.7075580187816506,127,85,2.0,0.2924419812183494
545460846678,2025-07,4,7.0,1.0,5.0,5.0,1.0,2.0,3.6666666666666665,3.0,1.0,3.1771841131214744,127,86,6.0,3.8228158868785256
545460846679,2025-07,2,1.0,3.0,1.0,3.0,4.0,2.0,2.3333333333333335,2.1666666666666665,3.0,2.459825322602101,127,87,2.0,1.459825322602101
549755813910,2025-07,1,2.0,5.0,3.0,6.0,7.0,5.0,4.666666666666667,4.333333333333333,5.0,3.807274909107134,128,22,3.0,1.807274909107134
549755813914,2025-07,2,1.0,4.0,2.0,2.0,3.0,3.0,2.6666666666666665,2.3333333333333335,4.0,2.7175266870628807,128,26,3.0,1.7175266870628807
549755813915,2025-07,5,3.0,6.0,1.0,5.0,2.0,3.0,4.0,4.5,6.0,4.564732433769278,128,27,3.0,1.5647324337692776
549755813917,2025-07,1,1.0,7.0,6.0,3.0,3.0,9.0,5.333333333333333,4.833333333333333,7.0,4.551879808304188,128,29,6.0,3.5518798083041876
549755813918,2025-07,3,1.0,1.0,2.0,1.0,2.0,1.0,1.3333333333333333,1.8333333333333333,1.0,2.155190404698354,128,30,0.0,1.155190404698354
549755813923,2025-07,1,2.0,3.0,2.0,1.0,3.0,1.0,2.0,2.3333333333333335,3.0,2.0211881884203375,128,35,1.0,0.02118818842033754
549755813924,2025-07,1,1.0,2.0,1.0,2.0,1.0,2.0,1.6666666666666667,2.0,2.0,1.8476260639844053,128,36,1.0,0.8476260639844053
549755813925,2025-07,9,14.0,15.0,7.0,3.0,3.0,11.0,8.333333333333334,8.5,15.0,9.272363857207763,128,37,1.0,4.727636142792237
549755813926,2025-07,8,4.0,15.0,9.0,8.0,4.0,7.0,10.666666666666666,8.5,15.0,8.783043372361394,128,38,11.0,4.783043372361394
549755813927,2025-07,2,5.0,4.0,3.0,2.0,2.0,3.0,3.0,2.5,4.0,2.769792478796928,128,39,1.0,2.230207521203072
549755813928,2025-07,8,15.0,10.0,15.0,22.0,15.0,20.0,15.666666666666666,15.0,10.0,13.173764924985905,128,40,5.0,1.826235075014095
549755813929,2025-07,1,1.0,2.0,2.0,3.0,1.0,3.0,2.3333333333333335,2.0,2.0,2.0497054389346694,128,41,1.0,1.0497054389346694
549755813930,2025-07,1,1.0,1.0,1.0,1.0,1.0,1.0,1.0,1.5,1.0,1.399682646681951,128,42,0.0,0.39968264668195097
549755813931,2025-07,17,18.0,11.0,16.0,16.0,24.0,24.0,14.333333333333334,16.5,11.0,17.013130421308837,128,43,7.0,0.986869578691163
549755813932,2025-07,7,8.0,16.0,12.0,15.0,2.0,16.0,14.333333333333334,10.833333333333334,16.0,10.830789785815766,128,44,8.0,2.8307897858157656
549755813933,2025-07,11,6.0,16.0,15.0,7.0,5.0,8.0,12.666666666666666,10.833333333333334,16.0,10.867304264599886,128,45,10.0,4.867304264599886
549755813934,2025-07,13,21.0,22.0,12.0,14.0,11.0,23.0,16.0,15.5,22.0,15.98177359840389,128,46,1.0,5.0182264015961096
549755813935,2025-07,7,7.0,3.0,6.0,7.0,3.0,22.0,5.333333333333333,5.833333333333333,3.0,7.935932607488459,128,47,4.0,0.9359326074884589
549755813936,2025-07,1,1.0,4.0,2.0,2.0,3.0,3.0,2.6666666666666665,3.1666666666666665,4.0,2.706016812203152,128,48,3.0,1.7060168122031518
549755813940,2025-07,2,4.0,1.0,2.0,2.0,2.0,3.0,1.6666666666666667,1.5,1.0,2.05315904779539,128,52,3.0,1.9468409522046102
549755813941,2025-07,1,3.0,4.0,5.0,9.0,3.0,5.0,6.0,4.833333333333333,4.0,3.889447412025101,128,53,1.0,0.8894474120251008
549755813946,2025-07,2,1.0,1.0,4.0,1.0,1.0,1.0,2.0,1.8333333333333333,1.0,1.9027774042963514,128,58,0.0,0.9027774042963514
549755813948,2025-07,6,10.0,11.0,12.0,11.0,7.0,20.0,11.333333333333334,10.5,11.0,10.394436196511649,128,60,1.0,0.3944361965116485
549755813949,2025-07,29,24.0,24.0,15.0,22.0,20.0,35.0,20.333333333333332,19.333333333333332,24.0,24.34148103849142,128,61,0.0,0.34148103849141975
549755813950,2025-07,10,19.0,12.0,12.0,14.0,18.0,14.0,12.666666666666666,16.166666666666668,12.0,13.296218201637176,128,62,7.0,5.703781798362824
549755813951,2025-07,19,31.0,14.0,8.0,22.0,25.0,25.0,14.666666666666666,17.166666666666668,14.0,18.268094619546613,128,63,17.0,12.731905380453387
549755813952,2025-07,8,1.0,4.0,4.0,8.0,11.0,4.0,5.333333333333333,6.333333333333333,4.0,6.4888260273445315,128,64,3.0,5.4888260273445315
549755813953,2025-07,14,9.0,16.0,11.0,8.0,11.0,26.0,11.666666666666666,11.666666666666666,16.0,14.414510775848173,128,65,7.0,5.414510775848173
549755813954,2025-07,9,6.0,6.0,7.0,8.0,7.0,8.0,7.0,8.0,6.0,8.020030058639987,128,66,0.0,2.0200300586399873
549755813955,2025-07,21,17.0,18.0,9.0,17.0,23.0,21.0,14.666666666666666,16.166666666666668,18.0,18.234611069461828,128,67,1.0,1.2346110694618275
549755813956,2025-07,11,11.0,7.0,7.0,9.0,4.0,13.0,7.666666666666667,8.0,7.0,9.268277540180849,128,68,4.0,1.7317224598191512
549755813957,2025-07,17,13.0,7.0,7.0,9.0,11.0,22.0,7.666666666666667,9.666666666666666,7.0,12.945160926807413,128,69,6.0,0.054839073192587406
549755813958,2025-07,50,57.0,46.0,35.0,29.0,41.0,40.0,36.666666666666664,38.0,46.0,41.4978982363689,128,70,11.0,15.502101763631103
549755813959,2025-07,28,31.0,25.0,21.0,15.0,24.0,27.0,20.333333333333332,24.0,25.0,24.787341858309986,128,71,6.0,6.212658141690014
549755813960,2025-07,29,33.0,32.0,30.0,26.0,52.0,29.0,29.333333333333332,32.333333333333336,32.0,30.719328833662804,128,72,1.0,2.2806711663371964
549755813961,2025-07,36,22.0,26.0,29.0,22.0,20.0,23.0,25.666666666666668,25.5,26.0,27.58137485433068,128,73,4.0,5.581374854330679
549755813962,2025-07,7,22.0,10.0,5.0,4.0,13.0,7.0,6.333333333333333,10.0,10.0,8.451490094016592,128,74,12.0,13.548509905983408
549755813963,2025-07,35,20.0,50.0,38.0,33.0,29.0,32.0,40.333333333333336,36.666666666666664,50.0,36.02652890369559,128,75,30.0,16.026528903695592
549755813964,2025-07,34,40.0,36.0,31.0,26.0,30.0,26.0,31.0,31.333333333333332,36.0,31.095750912224283,128,76,4.0,8.904249087775717
549755813965,2025-07,43,34.0,36.0,30.0,31.0,24.0,28.0,32.333333333333336,29.333333333333332,36.0,33.19179984904174,128,77,2.0,0.8082001509582568
549755813966,2025-07,17,9.0,11.0,10.0,11.0,8.0,10.0,10.666666666666666,10.5,11.0,12.232152457541511,128,78,2.0,3.2321524575415115
549755813967,2025-07,12,10.0,9.0,10.0,10.0,7.0,20.0,9.666666666666666,9.833333333333334,9.0,11.544203928924848,128,79,1.0,1.5442039289248477
549755813968,2025-07,36,13.0,15.0,18.0,10.0,11.0,22.0,14.333333333333334,14.5,15.0,21.336084275958434,128,80,2.0,8.336084275958434
549755813969,2025-07,19,22.0,25.0,21.0,16.0,16.0,27.0,20.666666666666668,20.333333333333332,25.0,20.74044823871673,128,81,3.0,1.2595517612832694
549755813970,2025-07,22,22.0,18.0,22.0,9.0,6.0,17.0,16.333333333333332,13.333333333333334,18.0,16.579901911030916,128,82,4.0,5.420098088969084
549755813971,2025-07,19,31.0,19.0,23.0,24.0,14.0,30.0,22.0,17.666666666666668,19.0,19.847938138772932,128,83,12.0,11.152061861227068
549755813972,2025-07,12,19.0,18.0,25.0,20.0,19.0,19.0,21.0,20.5,18.0,17.37196748033972,128,84,1.0,1.6280325196602803
549755813973,2025-07,23,17.0,17.0,21.0,18.0,16.0,22.0,18.666666666666668,18.333333333333332,17.0,19.72941556127251,128,85,0.0,2.7294155612725106
549755813974,2025-07,9,10.0,4.0,12.0,11.0,9.0,10.0,9.0,7.0,4.0,8.084284120418829,128,86,6.0,1.915715879581171
549755813975,2025-07,3,7.0,7.0,6.0,8.0,2.0,13.0,7.0,7.0,7.0,6.501566537086437,128,87,0.0,0.49843346291356294
549755813977,2025-07,1,1.0,2.0,1.0,1.0,1.0,1.0,1.3333333333333333,1.1666666666666667,2.0,1.407221437141164,128,89,1.0,0.407221437141164
549755813990,2025-07,1,1.0,1.0,1.0,1.0,1.0,1.0,1.0,1.3333333333333333,1.0,1.3448389812986044,128,102,0.0,0.34483898129860435
554050781206,2025-07,1,1.0,4.0,1.0,1.0,1.0,4.0,2.0,1.8333333333333333,4.0,2.2426419682673657,129,22,3.0,1.2426419682673657
554050781209,2025-07,2,3.0,2.0,3.0,8.0,7.0,3.0,4.333333333333333,4.666666666666667,2.0,3.674593174970914,129,25,1.0,0.674593174970914
554050781221,2025-07,1,7.0,1.0,3.0,2.0,3.0,1.0,2.0,2.5,1.0,1.9164611105884681,129,37,6.0,5.083538889411532
554050781222,2025-07,1,1.0,1.0,5.0,3.0,1.0,2.0,3.0,2.5,1.0,2.077491663216385,129,38,0.0,1.0774916632163851
554050781224,2025-07,14,15.0,13.0,22.0,11.0,9.0,14.0,15.333333333333334,13.0,13.0,13.410054427226878,129,40,2.0,1.5899455727731215
554050781225,2025-07,12,8.0,32.0,18.0,14.0,12.0,19.0,21.333333333333332,17.166666666666668,32.0,17.161781158680814,129,41,24.0,9.161781158680814
554050781226,2025-07,5,8.0,11.0,9.0,7.0,9.0,8.0,9.0,9.5,11.0,8.066580469294554,129,42,3.0,0.06658046929455352
554050781227,2025-07,8,2.0,9.0,5.0,7.0,10.0,2.0,7.0,7.166666666666667,9.0,7.053212911101301,129,43,7.0,5.053212911101301
554050781228,2025-07,8,17.0,18.0,10.0,8.0,6.0,12.0,12.0,10.833333333333334,18.0,10.651357402344145,129,44,1.0,6.348642597655855
554050781230,2025-07,20,18.0,19.0,10.0,26.0,17.0,19.0,18.333333333333332,16.166666666666668,19.0,17.96767643838498,129,46,1.0,0.03232356161501926
554050781231,2025-07,1,3.0,1.0,4.0,2.0,2.0,1.0,2.3333333333333335,2.0,1.0,1.7493522407891327,129,47,2.0,1.2506477592108673
554050781232,2025-07,1,1.0,9.0,9.0,4.0,1.0,8.0,7.333333333333333,4.166666666666667,9.0,4.509485265446942,129,48,8.0,3.5094852654469424
554050781236,2025-07,3,1.0,2.0,1.0,2.0,2.0,1.0,1.6666666666666667,1.6666666666666667,2.0,2.220668209730004,129,52,1.0,1.220668209730004
554050781238,2025-07,2,2.0,2.0,2.0,2.0,2.0,8.0,2.0,1.6666666666666667,2.0,2.8612182129729895,129,54,0.0,0.8612182129729895
554050781244,2025-07,3,2.0,2.0,3.0,5.0,1.0,3.0,3.3333333333333335,2.3333333333333335,2.0,2.8447190967037095,129,60,0.0,0.8447190967037095
554050781245,2025-07,2,7.0,5.0,3.0,4.0,1.0,6.0,4.0,3.1666666666666665,5.0,3.5274927884498606,129,61,2.0,3.4725072115501394
554050781246,2025-07,16,12.0,7.0,7.0,20.0,14.0,17.0,11.333333333333334,11.0,7.0,13.006478181889792,129,62,5.0,1.0064781818897917
554050781247,2025-07,5,6.0,1.0,3.0,6.0,5.0,6.0,3.3333333333333335,3.8333333333333335,1.0,4.3670082135268755,129,63,5.0,1.6329917864731245
554050781248,2025-07,4,3.0,2.0,1.0,1.0,2.0,4.0,1.3333333333333333,2.5,2.0,3.123219941351355,129,64,1.0,0.12321994135135483
554050781249,2025-07,7,6.0,4.0,5.0,6.0,7.0,6.0,5.0,6.166666666666667,4.0,6.206682343517938,129,65,2.0,0.20668234351793835
554050781250,2025-07,6,7.0,3.0,4.0,6.0,9.0,9.0,4.333333333333333,7.5,3.0,6.665119793045699,129,66,4.0,0.3348802069543009
554050781251,2025-07,7,13.0,16.0,18.0,13.0,16.0,23.0,15.666666666666666,18.166666666666668,16.0,14.810271075818168,129,67,3.0,1.810271075818168
554050781252,2025-07,31,28.0,30.0,27.0,12.0,34.0,50.0,23.0,28.833333333333332,30.0,31.229777171534774,129,68,2.0,3.2297771715347743
554050781253,2025-07,19,23.0,21.0,29.0,36.0,26.0,35.0,28.666666666666668,25.5,21.0,24.440902957583546,129,69,2.0,1.4409029575835461
554050781254,2025-07,49,42.0,30.0,24.0,18.0,25.0,38.0,24.0,22.166666666666668,30.0,32.432776461761485,129,70,12.0,9.567223538238515
554050781255,2025-07,20,10.0,19.0,23.0,16.0,16.0,37.0,19.333333333333332,19.833333333333332,19.0,21.502053624171925,129,71,9.0,11.502053624171925
554050781256,2025-07,13,6.0,16.0,13.0,20.0,24.0,23.0,16.333333333333332,19.666666666666668,16.0,17.41945445868255,129,72,10.0,11.419454458682551
554050781257,2025-07,67,43.0,53.0,58.0,57.0,51.0,67.0,56.0,55.333333333333336,53.0,58.615870449523364,129,73,10.0,15.615870449523364
554050781258,2025-07,58,55.0,53.0,63.0,59.0,68.0,69.0,58.333333333333336,59.666666666666664,53.0,58.63609603591587,129,74,2.0,3.6360960359158696
554050781259,2025-07,33,35.0,26.0,25.0,28.0,16.0,29.0,26.333333333333332,22.666666666666668,26.0,26.491509642256315,129,75,9.0,8.508490357743685
554050781260,2025-07,33,56.0,27.0,35.0,23.0,30.0,27.0,28.333333333333332,31.0,27.0,29.799105191818143,129,76,29.0,26.200894808181857
554050781261,2025-07,19,19.0,21.0,30.0,43.0,22.0,22.0,31.333333333333332,26.5,21.0,23.271320815427362,129,77,2.0,4.271320815427362
554050781262,2025-07,19,7.0,14.0,17.0,13.0,11.0,13.0,14.666666666666666,14.0,14.0,15.133239044574495,129,78,7.0,8.133239044574495
554050781263,2025-07,25,7.0,10.0,23.0,12.0,8.0,2.0,15.0,11.333333333333334,10.0,14.16298567125623,129,79,3.0,7.16298567125623
554050781264,2025-07,18,20.0,30.0,25.0,26.0,21.0,31.0,27.0,26.0,30.0,24.14013805454691,129,80,10.0,4.1401380545469095
554050781265,2025-07,2,6.0,7.0,5.0,5.0,3.0,2.0,5.666666666666667,6.5,7.0,4.537743307320344,129,81,1.0,1.4622566926796559
554050781266,2025-07,8,8.0,4.0,11.0,4.0,4.0,6.0,6.333333333333333,5.5,4.0,6.295004639458685,129,82,4.0,1.7049953605413153
554050781267,2025-07,21,23.0,25.0,23.0,22.0,10.0,32.0,23.333333333333332,18.166666666666668,25.0,21.309817374140763,129,83,2.0,1.6901826258592365
554050781268,2025-07,4,5.0,3.0,3.0,3.0,3.0,1.0,3.0,2.3333333333333335,3.0,2.992242717199142,129,84,2.0,2.007757282800858
554050781269,2025-07,7,5.0,5.0,4.0,3.0,4.0,1.0,4.0,3.6666666666666665,5.0,4.596992911743882,129,85,0.0,0.40300708825611764
554050781270,2025-07,4,2.0,2.0,4.0,4.0,3.0,5.0,3.3333333333333335,2.8333333333333335,2.0,3.6232205942145477,129,86,0.0,1.6232205942145477
554050781271,2025-07,4,6.0,2.0,3.0,9.0,3.0,7.0,4.666666666666667,4.5,2.0,4.585102045515806,129,87,4.0,1.4148979544841938
554050781272,2025-07,4,1.0,4.0,2.0,1.0,2.0,1.0,2.3333333333333335,1.8333333333333333,4.0,2.7925969701525233,129,88,3.0,1.7925969701525233
558345748505,2025-07,7,2.0,5.0,5.0,5.0,5.0,2.0,5.0,4.666666666666667,5.0,5.205593651880113,130,25,3.0,3.205593651880113
558345748517,2025-07,3,2.0,3.0,1.0,2.0,1.0,1.0,2.0,1.6666666666666667,3.0,2.2994233822828605,130,37,1.0,0.2994233822828605
558345748518,2025-07,1,1.0,3.0,1.0,1.0,2.0,2.0,1.6666666666666667,1.8333333333333333,3.0,1.9094910442871686,130,38,2.0,0.9094910442871686
558345748520,2025-07,11,8.0,14.0,7.0,12.0,7.0,10.0,11.0,10.166666666666666,14.0,10.652612530262338,130,40,6.0,2.6526125302623385
558345748521,2025-07,7,14.0,15.0,17.0,12.0,15.0,11.0,14.666666666666666,12.333333333333334,15.0,11.133789709701487,130,41,1.0,2.866210290298513
558345748522,2025-07,5,9.0,15.0,10.0,14.0,12.0,12.0,13.0,12.5,15.0,10.455687324485872,130,42,6.0,1.4556873244858721
558345748523,2025-07,12,11.0,9.0,11.0,18.0,9.0,11.0,12.666666666666666,11.0,9.0,11.20807107125783,130,43,2.0,0.2080710712578302
558345748525,2025-07,3,3.0,2.0,3.0,6.0,2.0,7.0,3.6666666666666665,3.3333333333333335,2.0,3.7600319647443534,130,45,1.0,0.7600319647443534
558345748526,2025-07,15,11.0,7.0,13.0,12.0,14.0,17.0,10.666666666666666,12.0,7.0,12.953263028853172,130,46,4.0,1.953263028853172
558345748527,2025-07,4,5.0,5.0,8.0,10.0,2.0,10.0,7.666666666666667,6.166666666666667,5.0,6.046793540826534,130,47,0.0,1.0467935408265339
558345748528,2025-07,3,5.0,9.0,6.0,10.0,4.0,5.0,8.333333333333334,6.0,9.0,5.544292527300597,130,48,4.0,0.5442925273005974
558345748529,2025-07,2,5.0,2.0,3.0,12.0,4.0,17.0,5.666666666666667,5.833333333333333,2.0,5.8798099434779365,130,49,3.0,0.8798099434779365
558345748539,2025-07,11,8.0,7.0,4.0,6.0,6.0,10.0,5.666666666666667,6.833333333333333,7.0,8.355075654992737,130,59,1.0,0.35507565499273674
558345748540,2025-07,5,4.0,3.0,3.0,5.0,4.0,1.0,3.6666666666666665,3.5,3.0,3.7783243737577514,130,60,1.0,0.22167562624224857
558345748543,2025-07,3,3.0,1.0,1.0,1.0,1.0,1.0,1.0,1.3333333333333333,1.0,1.9162953848515176,130,63,2.0,1.0837046151484824
558345748544,2025-07,5,4.0,5.0,4.0,1.0,4.0,2.0,3.3333333333333335,3.5,5.0,4.0199138700956105,130,64,1.0,0.01991387009561052
558345748545,2025-07,7,12.0,5.0,5.0,7.0,4.0,9.0,5.666666666666667,5.166666666666667,5.0,6.300015677778475,130,65,7.0,5.699984322221525
558345748546,2025-07,6,4.0,2.0,7.0,1.0,2.0,3.0,3.3333333333333335,3.5,2.0,4.111898911633176,130,66,2.0,0.11189891163317611
558345748547,2025-07,3,2.0,1.0,2.0,3.0,1.0,2.0,2.0,1.6666666666666667,1.0,2.2670505147813156,130,67,1.0,0.2670505147813156
558345748548,2025-07,9,11.0,9.0,16.0,9.0,6.0,22.0,11.333333333333334,9.166666666666666,9.0,10.859939490746052,130,68,2.0,0.14006050925394753
558345748549,2025-07,18,18.0,26.0,17.0,25.0,17.0,14.0,22.666666666666668,20.5,26.0,19.21901190576545,130,69,8.0,1.2190119057654485
558345748550,2025-07,57,29.0,35.0,39.0,42.0,43.0,42.0,38.666666666666664,40.5,35.0,44.01292275970473,130,70,6.0,15.012922759704729
558345748551,2025-07,22,29.0,27.0,26.0,28.0,32.0,34.0,27.0,27.166666666666668,27.0,26.23392214165242,130,71,2.0,2.766077858347579
558345748552,2025-07,106,115.0,74.0,77.0,98.0,100.0,75.0,83.0,82.0,74.0,86.17915863475102,130,72,41.0,28.82084136524898
558345748553,2025-07,99,109.0,79.0,86.0,83.0,72.0,75.0,82.66666666666667,79.33333333333333,79.0,82.54871793148757,130,73,30.0,26.451282068512427
558345748554,2025-07,206,173.0,192.0,209.0,227.0,201.0,214.0,209.33333333333334,209.0,192.0,201.7089973059326,130,74,19.0,28.7089973059326
558345748555,2025-07,46,45.0,24.0,34.0,41.0,29.0,45.0,33.0,32.166666666666664,24.0,36.46278848389821,130,75,21.0,8.537211516101792
558345748556,2025-07,23,21.0,23.0,18.0,20.0,14.0,21.0,20.333333333333332,20.5,23.0,20.911897788906092,130,76,2.0,0.08810221109390781
558345748557,2025-07,7,6.0,6.0,9.0,17.0,17.0,9.0,10.666666666666666,11.0,6.0,9.370348962394546,130,77,0.0,3.370348962394546
558345748558,2025-07,13,10.0,19.0,17.0,21.0,9.0,15.0,19.0,14.666666666666666,19.0,14.713736349362648,130,78,9.0,4.713736349362648
558345748559,2025-07,1,2.0,2.0,2.0,3.0,1.0,3.0,2.3333333333333335,2.1666666666666665,2.0,2.1045491043180142,130,79,0.0,0.10454910431801423
558345748560,2025-07,1,2.0,6.0,5.0,6.0,2.0,4.0,5.666666666666667,4.333333333333333,6.0,3.6767345613016253,130,80,4.0,1.6767345613016253
558345748561,2025-07,6,7.0,7.0,11.0,4.0,5.0,13.0,7.333333333333333,6.5,7.0,7.333144670552299,130,81,0.0,0.3331446705522989
558345748562,2025-07,6,13.0,7.0,5.0,1.0,10.0,4.0,4.333333333333333,5.166666666666667,7.0,5.609645486646716,130,82,6.0,7.390354513353284
558345748563,2025-07,9,6.0,16.0,13.0,13.0,20.0,29.0,14.0,14.333333333333334,16.0,14.857928849409593,130,83,10.0,8.857928849409593
558345748564,2025-07,7,6.0,1.0,5.0,3.0,2.0,2.0,3.0,2.6666666666666665,1.0,3.885175487931514,130,84,5.0,2.114824512068486
558345748565,2025-07,2,4.0,2.0,1.0,4.0,2.0,3.0,2.3333333333333335,2.5,2.0,2.541530934723303,130,85,2.0,1.458469065276697
558345748566,2025-07,8,5.0,6.0,1.0,2.0,1.0,6.0,3.0,2.5,6.0,4.989950460327931,130,86,1.0,0.01004953967206923
558345748579,2025-07,6,4.0,1.0,1.0,1.0,1.0,1.0,1.0,1.0,1.0,2.6637926594141934,130,99,3.0,1.3362073405858066
558345748580,2025-07,6,3.0,4.0,3.0,6.0,5.0,4.0,4.333333333333333,4.0,4.0,4.80486269293705,130,100,1.0,1.80486269293705
558345748581,2025-07,6,3.0,2.0,1.0,2.0,5.0,4.0,1.6666666666666667,3.0,2.0,4.013608611286294,130,101,1.0,1.013608611286294
562640715801,2025-07,2,2.0,1.0,1.0,3.0,2.0,2.0,1.6666666666666667,1.6666666666666667,1.0,1.9839001866541572,131,25,1.0,0.01609981334584276
562640715814,2025-07,24,18.0,18.0,21.0,22.0,31.0,39.0,20.333333333333332,19.666666666666668,18.0,23.466501021421134,131,38,0.0,5.466501021421134
562640715815,2025-07,11,13.0,6.0,22.0,17.0,10.0,19.0,15.0,11.166666666666666,6.0,12.037397526617834,131,39,7.0,0.9626024733821659
562640715816,2025-07,8,8.0,11.0,8.0,4.0,2.0,1.0,7.666666666666667,5.5,11.0,6.294976987054316,131,40,3.0,1.7050230129456843
562640715817,2025-07,8,7.0,5.0,5.0,5.0,8.0,6.0,5.0,6.0,5.0,6.554275525597159,131,41,2.0,0.4457244744028408
562640715818,2025-07,17,12.0,9.0,12.0,8.0,5.0,7.0,9.666666666666666,7.0,9.0,10.303797646288261,131,42,3.0,1.6962023537117386
562640715822,2025-07,9,4.0,7.0,3.0,3.0,4.0,10.0,4.333333333333333,5.666666666666667,7.0,7.169913348748029,131,46,3.0,3.169913348748029
562640715823,2025-07,1,1.0,1.0,1.0,2.0,1.0,2.0,1.3333333333333333,1.5,1.0,1.5658689466084628,131,47,0.0,0.5658689466084628
562640715824,2025-07,24,10.0,5.0,14.0,20.0,9.0,15.0,13.0,12.333333333333334,5.0,15.301101907090064,131,48,5.0,5.3011019070900645
562640715825,2025-07,1,5.0,3.0,1.0,1.0,1.0,7.0,1.6666666666666667,1.6666666666666667,3.0,2.4521658087991245,131,49,2.0,2.5478341912008755
562640715828,2025-07,3,1.0,2.0,1.0,1.0,3.0,6.0,1.3333333333333333,1.6666666666666667,2.0,2.8561401127585615,131,52,1.0,1.8561401127585615
562640715833,2025-07,1,1.0,1.0,3.0,1.0,1.0,1.0,1.6666666666666667,2.1666666666666665,1.0,1.6908434582628349,131,57,0.0,0.6908434582628349
562640715835,2025-07,11,10.0,5.0,6.0,5.0,4.0,6.0,5.333333333333333,5.166666666666667,5.0,7.019251084341354,131,59,5.0,2.980748915658646
562640715839,2025-07,3,3.0,4.0,2.0,2.0,1.0,2.0,2.6666666666666665,2.1666666666666665,4.0,2.744271450396223,131,63,1.0,0.2557285496037771
562640715840,2025-07,4,1.0,4.0,5.0,2.0,5.0,3.0,3.6666666666666665,3.5,4.0,3.8575098707165623,131,64,3.0,2.8575098707165623
562640715841,2025-07,1,4.0,1.0,1.0,1.0,1.0,1.0,1.0,1.3333333333333333,1.0,1.3448389812986044,131,65,3.0,2.6551610187013956
562640715843,2025-07,1,3.0,2.0,1.0,2.0,1.0,2.0,1.6666666666666667,1.8333333333333333,2.0,1.7927823986010587,131,67,1.0,1.2072176013989413
562640715844,2025-07,1,2.0,9.0,3.0,7.0,1.0,7.0,6.333333333333333,4.833333333333333,9.0,4.503268873762677,131,68,7.0,2.5032688737626767
562640715845,2025-07,13,20.0,15.0,18.0,18.0,12.0,19.0,17.0,16.0,15.0,15.226713338784844,131,69,5.0,4.773286661215156
562640715846,2025-07,8,9.0,8.0,10.0,6.0,2.0,6.0,8.0,5.166666666666667,8.0,6.619363669651449,131,70,1.0,2.380636330348551
562640715847,2025-07,7,3.0,7.0,8.0,10.0,10.0,6.0,8.333333333333334,7.666666666666667,7.0,7.4309994635875345,131,71,4.0,4.4309994635875345
562640715848,2025-07,13,4.0,5.0,8.0,8.0,4.0,4.0,7.0,5.833333333333333,5.0,7.744437820686338,131,72,1.0,3.744437820686338
562640715849,2025-07,9,15.0,7.0,12.0,2.0,11.0,6.0,7.0,7.333333333333333,7.0,7.762904391439065,131,73,8.0,7.237095608560935
562640715850,2025-07,109,107.0,111.0,105.0,111.0,140.0,85.0,109.0,111.66666666666667,111.0,105.45855448316502,131,74,4.0,1.5414455168349832
562640715851,2025-07,20,8.0,13.0,11.0,13.0,9.0,12.0,12.333333333333334,12.666666666666666,13.0,14.443493578856005,131,75,5.0,6.443493578856005
562640715852,2025-07,19,20.0,24.0,6.0,10.0,23.0,11.0,13.333333333333334,15.5,24.0,16.494559780033107,131,76,4.0,3.505440219966893
562640715853,2025-07,6,6.0,21.0,3.0,9.0,2.0,4.0,11.0,8.833333333333334,21.0,8.389725476513828,131,77,15.0,2.389725476513828
562640715854,2025-07,12,16.0,14.0,11.0,12.0,15.0,13.0,12.333333333333334,13.833333333333334,14.0,12.977834887092804,131,78,2.0,3.022165112907196
562640715855,2025-07,18,10.0,8.0,11.0,11.0,3.0,11.0,10.0,8.166666666666666,8.0,11.36912718764559,131,79,2.0,1.3691271876455904
562640715856,2025-07,9,3.0,11.0,1.0,5.0,6.0,9.0,5.666666666666667,6.166666666666667,11.0,7.759283549812295,131,80,8.0,4.759283549812295
562640715857,2025-07,4,9.0,7.0,2.0,10.0,11.0,4.0,6.333333333333333,8.333333333333334,7.0,6.361906266894752,131,81,2.0,2.638093733105248
562640715858,2025-07,2,2.0,2.0,5.0,2.0,2.0,3.0,3.0,2.8333333333333335,2.0,2.7168137171593116,131,82,0.0,0.7168137171593116
562640715859,2025-07,6,3.0,3.0,5.0,5.0,1.0,1.0,4.333333333333333,2.6666666666666665,3.0,3.746207552645835,131,83,0.0,0.7462075526458349
562640715860,2025-07,6,10.0,10.0,2.0,8.0,2.0,17.0,6.666666666666667,4.5,10.0,7.25299372810301,131,84,0.0,2.74700627189699
562640715861,2025-07,1,1.0,1.0,1.0,2.0,1.0,1.0,1.3333333333333333,1.1666666666666667,1.0,1.328983740128102,131,85,0.0,0.32898374012810194
562640715862,2025-07,5,4.0,1.0,1.0,1.0,2.0,2.0,1.0,1.6666666666666667,1.0,2.7631079435578396,131,86,3.0,1.2368920564421604
562640715863,2025-07,3,1.0,3.0,3.0,2.0,1.0,4.0,2.6666666666666665,2.0,3.0,2.862490490238063,131,87,2.0,1.8624904902380628
562640715871,2025-07,6,3.0,3.0,3.0,2.0,1.0,4.0,2.6666666666666665,2.8333333333333335,3.0,3.9938934224841587,131,95,0.0,0.9938934224841587
562640715875,2025-07,3,1.0,1.0,3.0,1.0,1.0,2.0,1.6666666666666667,1.8333333333333333,1.0,2.279810406762726,131,99,0.0,1.279810406762726
562640715876,2025-07,6,5.0,7.0,9.0,11.0,6.0,5.0,9.0,7.0,7.0,6.719696429108424,131,100,2.0,1.7196964291084242
566935683109,2025-07,1,2.0,1.0,1.0,2.0,1.0,3.0,1.3333333333333333,1.3333333333333333,1.0,1.638223156938789,132,37,1.0,0.36177684306121094
566935683111,2025-07,13,11.0,13.0,27.0,12.0,19.0,18.0,17.333333333333332,16.5,13.0,15.38799798741745,132,39,2.0,4.3879979874174495
566935683112,2025-07,19,21.0,15.0,18.0,18.0,25.0,12.0,17.0,19.666666666666668,15.0,17.75738039063113,132,40,6.0,3.2426196093688695
566935683113,2025-07,6,6.0,8.0,10.0,9.0,2.0,9.0,9.0,8.0,8.0,7.478808477394949,132,41,2.0,1.4788084773949493
566935683114,2025-07,2,9.0,4.0,1.0,3.0,5.0,8.0,2.6666666666666665,5.0,4.0,4.311051958299949,132,42,5.0,4.688948041700051
566935683119,2025-07,2,3.0,2.0,2.0,1.0,2.0,2.0,1.6666666666666667,1.6666666666666667,2.0,2.0590425344781274,132,47,1.0,0.9409574655218726
566935683120,2025-07,7,6.0,9.0,10.0,10.0,2.0,9.0,9.666666666666666,7.0,9.0,7.591689232310079,132,48,3.0,1.5916892323100793
566935683128,2025-07,2,6.0,5.0,3.0,8.0,5.0,4.0,5.333333333333333,6.0,5.0,4.515276840082964,132,56,1.0,1.4847231599170359
566935683129,2025-07,12,3.0,3.0,5.0,4.0,5.0,4.0,4.0,3.5,3.0,6.231284087841661,132,57,0.0,3.2312840878416607
566935683135,2025-07,1,4.0,5.0,7.0,2.0,2.0,6.0,4.666666666666667,3.8333333333333335,5.0,3.5652056485491546,132,63,1.0,0.43479435145084544
566935683136,2025-07,1,2.0,1.0,2.0,3.0,1.0,1.0,2.0,1.5,1.0,1.513552570131388,132,64,1.0,0.4864474298686119
566935683137,2025-07,9,4.0,3.0,3.0,5.0,5.0,4.0,3.6666666666666665,4.333333333333333,3.0,5.615520083594361,132,65,1.0,1.6155200835943608
566935683138,2025-07,3,1.0,2.0,1.0,2.0,2.0,2.0,1.6666666666666667,2.0,2.0,2.4575534162103656,132,66,1.0,1.4575534162103656
566935683140,2025-07,5,5.0,3.0,6.0,3.0,3.0,2.0,4.0,4.0,3.0,4.061284673593976,132,68,2.0,0.9387153264060242
566935683141,2025-07,5,2.0,1.0,4.0,3.0,5.0,2.0,2.6666666666666665,3.6666666666666665,1.0,3.722300847674072,132,69,1.0,1.722300847674072
566935683142,2025-07,10,14.0,9.0,6.0,2.0,5.0,14.0,5.666666666666667,5.166666666666667,9.0,8.141516049212395,132,70,5.0,5.858483950787605
566935683143,2025-07,34,38.0,23.0,32.0,41.0,11.0,33.0,32.0,24.333333333333332,23.0,28.04853393361116,132,71,15.0,9.95146606638884
566935683144,2025-07,15,18.0,11.0,16.0,15.0,9.0,25.0,14.0,12.5,11.0,14.636571269960722,132,72,7.0,3.363428730039278
566935683145,2025-07,8,10.0,7.0,8.0,8.0,10.0,7.0,7.666666666666667,7.833333333333333,7.0,7.82079235803532,132,73,3.0,2.1792076419646804
566935683146,2025-07,32,21.0,16.0,28.0,30.0,18.0,9.0,24.666666666666668,21.166666666666668,16.0,22.258567696340343,132,74,5.0,1.258567696340343
566935683147,2025-07,25,40.0,22.0,32.0,36.0,27.0,49.0,30.0,31.666666666666668,22.0,30.22863434238765,132,75,18.0,9.77136565761235
566935683148,2025-07,24,32.0,31.0,18.0,18.0,15.0,30.0,22.333333333333332,20.166666666666668,31.0,23.131022611393487,132,76,1.0,8.868977388606513
566935683149,2025-07,20,10.0,11.0,10.0,5.0,11.0,9.0,8.666666666666666,8.5,11.0,12.185497503299153,132,77,1.0,2.1854975032991533
566935683150,2025-07,13,13.0,12.0,6.0,8.0,6.0,7.0,8.666666666666666,7.833333333333333,12.0,9.609894028307423,132,78,1.0,3.390105971692577
566935683151,2025-07,23,16.0,11.0,9.0,7.0,7.0,13.0,9.0,8.833333333333334,11.0,13.549360920959629,132,79,5.0,2.4506390790403714
566935683152,2025-07,17,21.0,10.0,23.0,14.0,19.0,8.0,15.666666666666666,19.333333333333332,10.0,15.774000533556414,132,80,11.0,5.225999466443586
566935683153,2025-07,10,22.0,12.0,12.0,10.0,20.0,18.0,11.333333333333334,12.333333333333334,12.0,12.464593601169636,132,81,10.0,9.535406398830364
566935683154,2025-07,2,5.0,5.0,4.0,2.0,2.0,4.0,3.6666666666666665,3.1666666666666665,5.0,3.2694842122936354,132,82,0.0,1.7305157877063646
566935683155,2025-07,2,1.0,1.0,6.0,3.0,3.0,4.0,3.3333333333333335,2.6666666666666665,1.0,2.785294254173376,132,83,0.0,1.785294254173376
566935683156,2025-07,1,6.0,5.0,7.0,2.0,7.0,2.0,4.666666666666667,4.333333333333333,5.0,3.4132998852097582,132,84,1.0,2.5867001147902418
566935683157,2025-07,8,11.0,4.0,4.0,4.0,1.0,9.0,4.0,4.166666666666667,4.0,5.871184572347525,132,85,7.0,5.128815427652475
566935683159,2025-07,1,1.0,1.0,3.0,4.0,1.0,3.0,2.6666666666666665,2.5,1.0,2.171891813095394,132,87,0.0,1.1718918130953941
566935683166,2025-07,1,1.0,6.0,2.0,2.0,2.0,1.0,3.3333333333333335,2.3333333333333335,6.0,2.3733840276378437,132,94,5.0,1.3733840276378437
566935683167,2025-07,13,5.0,7.0,5.0,5.0,11.0,5.0,5.666666666666667,6.333333333333333,7.0,8.315271078003416,132,95,2.0,3.3152710780034162
571230650401,2025-07,2,1.0,1.0,1.0,2.0,4.0,2.0,1.3333333333333333,1.8333333333333333,1.0,2.076697325170759,133,33,0.0,1.076697325170759
571230650407,2025-07,5,7.0,1.0,3.0,4.0,1.0,3.0,2.6666666666666665,2.0,1.0,3.1502736240511817,133,39,6.0,3.8497263759488183
571230650408,2025-07,7,5.0,8.0,7.0,7.0,12.0,9.0,7.333333333333333,8.0,8.0,7.963590092404958,133,40,3.0,2.9635900924049583
571230650409,2025-07,28,15.0,10.0,8.0,11.0,12.0,20.0,9.666666666666666,9.5,10.0,16.28295096533794,133,41,5.0,1.282950965337939
571230650410,2025-07,2,1.0,4.0,1.0,1.0,4.0,1.0,2.0,2.1666666666666665,4.0,2.3718767196886503,133,42,3.0,1.3718767196886503
571230650411,2025-07,1,1.0,1.0,1.0,1.0,2.0,1.0,1.0,1.3333333333333333,1.0,1.3833099299716558,133,43,0.0,0.3833099299716558
571230650412,2025-07,5,1.0,8.0,1.0,2.0,2.0,1.0,3.6666666666666665,3.6666666666666665,8.0,4.15360532523849,133,44,7.0,3.15360532523849
571230650417,2025-07,3,2.0,1.0,1.0,3.0,3.0,1.0,1.6666666666666667,1.8333333333333333,1.0,2.235745126773338,133,49,1.0,0.23574512677333814
571230650423,2025-07,8,3.0,9.0,5.0,20.0,7.0,12.0,11.333333333333334,10.833333333333334,9.0,9.923188975419412,133,55,6.0,6.9231889754194125
571230650424,2025-07,9,3.0,5.0,9.0,9.0,7.0,12.0,7.666666666666667,7.333333333333333,5.0,8.302995352995726,133,56,2.0,5.302995352995726
571230650425,2025-07,2,2.0,1.0,2.0,1.0,2.0,1.0,1.3333333333333333,1.3333333333333333,1.0,1.704931206771862,133,57,1.0,0.29506879322813795
571230650426,2025-07,4,1.0,1.0,9.0,1.0,1.0,2.0,3.6666666666666665,2.5,1.0,3.0002717202150713,133,58,0.0,2.0002717202150713
571230650427,2025-07,3,1.0,2.0,2.0,2.0,2.0,2.0,2.0,2.1666666666666665,2.0,2.5482901566174627,133,59,1.0,1.5482901566174627
571230650430,2025-07,3,1.0,2.0,2.0,2.0,4.0,3.0,2.0,2.6666666666666665,2.0,2.916960925827267,133,62,1.0,1.9169609258272668
571230650434,2025-07,3,9.0,8.0,5.0,2.0,8.0,2.0,5.0,4.833333333333333,8.0,4.467650447215966,133,66,1.0,4.532349552784034
571230650435,2025-07,13,15.0,14.0,12.0,12.0,6.0,12.0,12.666666666666666,11.166666666666666,14.0,11.94852110398837,133,67,1.0,3.0514788960116306
571230650436,2025-07,6,15.0,14.0,17.0,26.0,21.0,19.0,19.0,23.833333333333332,14.0,16.30929493487742,133,68,1.0,1.3092949348774212
571230650437,2025-07,16,14.0,12.0,28.0,21.0,12.0,19.0,20.333333333333332,16.833333333333332,12.0,16.482333930229267,133,69,2.0,2.4823339302292666
571230650438,2025-07,4,8.0,7.0,7.0,2.0,2.0,5.0,5.333333333333333,4.166666666666667,7.0,4.639331951383353,133,70,1.0,3.360668048616647
571230650439,2025-07,7,11.0,26.0,13.0,14.0,12.0,9.0,17.666666666666668,13.833333333333334,26.0,12.48146598252074,133,71,15.0,1.4814659825207404
571230650440,2025-07,10,2.0,1.0,6.0,6.0,2.0,6.0,4.333333333333333,3.5,1.0,5.678228270694569,133,72,1.0,3.678228270694569
571230650441,2025-07,25,15.0,21.0,22.0,17.0,15.0,13.0,20.0,19.166666666666668,21.0,19.857647597360597,133,73,6.0,4.857647597360597
571230650442,2025-07,24,26.0,26.0,30.0,27.0,17.0,23.0,27.666666666666668,23.833333333333332,26.0,23.719622129248574,133,74,0.0,2.280377870751426
571230650443,2025-07,32,31.0,51.0,45.0,30.0,36.0,28.0,42.0,36.5,51.0,35.12651814459318,133,75,20.0,4.126518144593177
571230650444,2025-07,37,14.0,17.0,20.0,21.0,23.0,9.0,19.333333333333332,21.333333333333332,17.0,23.413592817091523,133,76,3.0,9.413592817091523
571230650445,2025-07,18,15.0,26.0,18.0,22.0,24.0,24.0,22.0,21.5,26.0,21.008277098298787,133,77,11.0,6.008277098298787
571230650446,2025-07,12,15.0,16.0,5.0,8.0,15.0,23.0,9.666666666666666,11.0,16.0,13.180611428170561,133,78,1.0,1.819388571829439
571230650447,2025-07,13,7.0,15.0,6.0,15.0,4.0,10.0,12.0,10.0,15.0,11.25211074125344,133,79,8.0,4.252110741253439
571230650448,2025-07,10,7.0,8.0,4.0,8.0,9.0,15.0,6.666666666666667,6.333333333333333,8.0,8.851421651305332,133,80,1.0,1.8514216513053317
571230650449,2025-07,32,24.0,20.0,39.0,31.0,34.0,34.0,30.0,31.0,20.0,30.192542759945987,133,81,4.0,6.192542759945987
571230650450,2025-07,15,13.0,12.0,13.0,13.0,11.0,26.0,12.666666666666666,12.166666666666666,12.0,14.662593759982764,133,82,1.0,1.662593759982764
571230650451,2025-07,4,14.0,8.0,9.0,22.0,6.0,13.0,13.0,10.333333333333334,8.0,8.808795126498959,133,83,6.0,5.191204873501041
571230650452,2025-07,7,9.0,8.0,14.0,10.0,4.0,7.0,10.666666666666666,6.666666666666667,8.0,7.330894226331247,133,84,1.0,1.6691057736687531
571230650453,2025-07,9,1.0,6.0,23.0,7.0,1.0,3.0,12.0,8.0,6.0,7.688515764200518,133,85,5.0,6.688515764200518
571230650454,2025-07,2,1.0,5.0,1.0,1.0,2.0,1.0,2.3333333333333335,1.8333333333333333,5.0,2.3024736128017658,133,86,4.0,1.3024736128017658
571230650456,2025-07,5,3.0,2.0,3.0,1.0,7.0,1.0,2.0,2.8333333333333335,2.0,3.4011827401662407,133,88,1.0,0.40118274016624067
571230650457,2025-07,1,3.0,1.0,1.0,2.0,3.0,2.0,1.3333333333333333,1.8333333333333333,1.0,1.7524981747212536,133,89,2.0,1.2475018252787464
571230650461,2025-07,2,2.0,1.0,1.0,5.0,3.0,5.0,2.3333333333333335,2.8333333333333335,1.0,2.865847268577321,133,93,1.0,0.8658472685773209
571230650462,2025-07,4,5.0,7.0,4.0,6.0,12.0,4.0,5.666666666666667,7.5,7.0,6.041991341847204,133,94,2.0,1.0419913418472042
571230650463,2025-07,5,5.0,2.0,1.0,5.0,2.0,5.0,2.6666666666666665,2.3333333333333335,2.0,3.6372560503095075,133,95,3.0,1.3627439496904925
575525617693,2025-07,1,1.0,1.0,4.0,3.0,1.0,1.0,2.6666666666666665,1.8333333333333333,1.0,1.6950260509455823,134,29,0.0,0.6950260509455823
575525617703,2025-07,13,5.0,6.0,5.0,6.0,3.0,7.0,5.666666666666667,4.666666666666667,6.0,7.635224889199845,134,39,1.0,2.6352248891998453
575525617704,2025-07,7,1.0,4.0,3.0,2.0,2.0,15.0,3.0,3.0,4.0,5.889338992393283,134,40,3.0,4.889338992393283
575525617705,2025-07,3,1.0,2.0,1.0,1.0,1.0,1.0,1.3333333333333333,1.1666666666666667,2.0,1.9786778406940755,134,41,1.0,0.9786778406940755
575525617707,2025-07,4,3.0,6.0,1.0,1.0,1.0,2.0,2.6666666666666665,1.8333333333333333,6.0,3.0798830646212023,134,43,3.0,0.07988306462120232
575525617708,2025-07,14,16.0,6.0,11.0,7.0,13.0,8.0,8.0,9.5,6.0,10.277673623892834,134,44,10.0,5.722326376107166
575525617709,2025-07,1,2.0,2.0,2.0,3.0,2.0,2.0,2.3333333333333335,2.1666666666666665,2.0,2.0158221772773928,134,45,0.0,0.015822177277392768
575525617714,2025-07,5,3.0,9.0,9.0,4.0,2.0,5.0,7.333333333333333,5.666666666666667,9.0,5.802868382534916,134,50,6.0,2.802868382534916
575525617719,2025-07,15,9.0,10.0,13.0,12.0,6.0,12.0,11.666666666666666,8.333333333333334,10.0,11.15462378614454,134,55,1.0,2.1546237861445405
575525617720,2025-07,10,15.0,7.0,8.0,17.0,5.0,11.0,10.666666666666666,9.166666666666666,7.0,9.498330662060015,134,56,8.0,5.501669337939985
575525617722,2025-07,10,7.0,10.0,8.0,4.0,7.0,8.0,7.333333333333333,7.666666666666667,10.0,8.54491479272575,134,58,3.0,1.5449147927257503
575525617723,2025-07,27,10.0,20.0,16.0,14.0,19.0,19.0,16.666666666666668,17.5,20.0,20.34818855204733,134,59,10.0,10.34818855204733
575525617724,2025-07,7,11.0,4.0,2.0,7.0,5.0,3.0,4.333333333333333,5.0,4.0,5.295550360489001,134,60,7.0,5.704449639510999
575525617731,2025-07,29,16.0,17.0,24.0,9.0,7.0,9.0,16.666666666666668,12.333333333333334,17.0,17.22638530295132,134,67,1.0,1.2263853029513214
575525617732,2025-07,12,12.0,9.0,9.0,4.0,17.0,7.0,7.333333333333333,11.5,9.0,10.553954064910277,134,68,3.0,1.4460459350897228
575525617733,2025-07,9,8.0,11.0,23.0,9.0,12.0,18.0,14.333333333333334,12.0,11.0,12.00001975906461,134,69,3.0,4.00001975906461
575525617734,2025-07,22,18.0,15.0,23.0,20.0,10.0,10.0,19.333333333333332,16.5,15.0,16.998517595698296,134,70,3.0,1.0014824043017043
575525617735,2025-07,1,3.0,1.0,3.0,3.0,6.0,3.0,2.3333333333333335,3.3333333333333335,1.0,2.599476459164526,134,71,2.0,0.4005235408354739
575525617736,2025-07,8,5.0,2.0,6.0,5.0,3.0,1.0,4.333333333333333,4.166666666666667,2.0,4.806865795792801,134,72,3.0,0.1931342042071993
575525617737,2025-07,12,22.0,14.0,20.0,11.0,20.0,8.0,15.0,14.333333333333334,14.0,12.982780499040654,134,73,8.0,9.017219500959346
575525617738,2025-07,42,57.0,59.0,47.0,41.0,33.0,52.0,49.0,42.833333333333336,59.0,44.4436634042298,134,74,2.0,12.556336595770198
575525617739,2025-07,17,16.0,14.0,15.0,15.0,11.0,10.0,14.666666666666666,16.333333333333332,14.0,14.954191027625592,134,75,2.0,1.0458089723744077
575525617740,2025-07,20,18.0,21.0,16.0,13.0,19.0,27.0,16.666666666666668,17.5,21.0,19.443911842334558,134,76,3.0,1.4439118423345576
575525617741,2025-07,17,14.0,19.0,16.0,17.0,12.0,18.0,17.333333333333332,14.833333333333334,19.0,16.21665252313685,134,77,5.0,2.216652523136851
575525617742,2025-07,22,22.0,17.0,20.0,21.0,21.0,9.0,19.333333333333332,18.333333333333332,17.0,18.063541916198368,134,78,5.0,3.9364580838016323
575525617743,2025-07,29,45.0,40.0,33.0,36.0,23.0,13.0,36.333333333333336,27.5,40.0,27.413411451615552,134,79,5.0,17.586588548384448
575525617744,2025-07,9,17.0,25.0,19.0,16.0,12.0,31.0,20.0,18.166666666666668,25.0,17.453320129083664,134,80,8.0,0.45332012908366437
575525617745,2025-07,30,22.0,23.0,26.0,18.0,20.0,28.0,22.333333333333332,20.5,23.0,24.24237377513959,134,81,1.0,2.2423737751395905
575525617746,2025-07,25,23.0,18.0,26.0,21.0,24.0,30.0,21.666666666666668,21.333333333333332,18.0,23.02706530580258,134,82,5.0,0.027065305802580042
575525617747,2025-07,14,12.0,16.0,8.0,16.0,16.0,9.0,13.333333333333334,14.166666666666666,16.0,13.471384781462703,134,83,4.0,1.471384781462703
575525617748,2025-07,3,9.0,5.0,7.0,9.0,6.0,7.0,7.0,6.333333333333333,5.0,5.513317672748016,134,84,4.0,3.486682327251984
575525617752,2025-07,2,4.0,3.0,4.0,3.0,2.0,2.0,3.3333333333333335,3.0,3.0,2.7647809772439835,134,88,1.0,1.2352190227560165
575525617755,2025-07,1,3.0,1.0,1.0,2.0,4.0,1.0,1.3333333333333333,1.6666666666666667,1.0,1.6089275822972873,134,91,2.0,1.3910724177027127
575525617756,2025-07,10,10.0,5.0,4.0,6.0,3.0,5.0,5.0,4.833333333333333,5.0,6.425369001576828,134,92,5.0,3.5746309984231717
575525617757,2025-07,9,3.0,4.0,3.0,5.0,2.0,1.0,4.0,3.6666666666666665,4.0,5.016365070126726,134,93,1.0,2.016365070126726
579820584985,2025-07,8,3.0,3.0,1.0,2.0,3.0,6.0,2.0,3.1666666666666665,3.0,4.934588655529697,135,25,0.0,1.934588655529697
579820584997,2025-07,3,1.0,6.0,2.0,1.0,2.0,2.0,3.0,2.5,6.0,3.0878935480749288,135,37,5.0,2.0878935480749288
579820584998,2025-07,1,2.0,2.0,1.0,1.0,2.0,6.0,1.3333333333333333,1.8333333333333333,2.0,2.301056425915945,135,38,0.0,0.30105642591594517
579820585009,2025-07,5,4.0,3.0,6.0,1.0,5.0,3.0,3.3333333333333335,4.0,3.0,4.187447598228059,135,49,1.0,0.1874475982280588
579820585010,2025-07,1,1.0,3.0,2.0,2.0,1.0,1.0,2.3333333333333335,2.3333333333333335,3.0,1.9832347152870824,135,50,2.0,0.9832347152870824
579820585016,2025-07,1,5.0,3.0,2.0,2.0,4.0,2.0,2.3333333333333335,3.0,3.0,2.445220098553281,135,56,2.0,2.554779901446719
579820585017,2025-07,3,2.0,2.0,3.0,3.0,1.0,1.0,2.6666666666666665,2.8333333333333335,2.0,2.6768774930007195,135,57,0.0,0.6768774930007195
579820585018,2025-07,25,36.0,40.0,39.0,23.0,30.0,12.0,34.0,30.0,40.0,26.943761325633137,135,58,4.0,9.056238674366863
579820585019,2025-07,13,16.0,27.0,13.0,21.0,19.0,18.0,20.333333333333332,18.833333333333332,27.0,17.64536776753002,135,59,11.0,1.6453677675300185
579820585020,2025-07,5,2.0,3.0,9.0,3.0,1.0,2.0,5.0,3.5,3.0,3.9274910051690943,135,60,1.0,1.9274910051690943
579820585021,2025-07,2,1.0,3.0,1.0,1.0,1.0,1.0,1.6666666666666667,1.6666666666666667,3.0,1.9747067562935605,135,61,2.0,0.9747067562935605
579820585022,2025-07,1,1.0,1.0,1.0,3.0,1.0,1.0,1.6666666666666667,1.6666666666666667,1.0,1.5325031604909825,135,62,0.0,0.5325031604909825
579820585027,2025-07,2,1.0,1.0,1.0,1.0,2.0,3.0,1.0,2.0,1.0,2.142808544708833,135,67,0.0,1.1428085447088332
579820585028,2025-07,6,8.0,10.0,7.0,4.0,6.0,11.0,7.0,8.5,10.0,7.983449915980864,135,68,2.0,0.016550084019136158
579820585029,2025-07,16,10.0,11.0,12.0,9.0,20.0,28.0,10.666666666666666,12.833333333333334,11.0,15.459258019676358,135,69,1.0,5.4592580196763585
579820585030,2025-07,10,19.0,29.0,12.0,18.0,37.0,19.0,19.666666666666668,22.333333333333332,29.0,18.841168981868993,135,70,10.0,0.15883101813100708
579820585031,2025-07,13,12.0,7.0,9.0,13.0,9.0,10.0,9.666666666666666,8.0,7.0,9.878234906856871,135,71,5.0,2.1217650931431287
579820585032,2025-07,27,37.0,29.0,25.0,23.0,21.0,14.0,25.666666666666668,24.0,29.0,23.65701260493804,135,72,8.0,13.34298739506196
579820585033,2025-07,20,8.0,22.0,15.0,13.0,23.0,13.0,16.666666666666668,18.333333333333332,22.0,18.172576750154256,135,73,14.0,10.172576750154256
579820585034,2025-07,23,26.0,30.0,31.0,37.0,25.0,25.0,32.666666666666664,29.166666666666668,30.0,26.645736362606705,135,74,4.0,0.645736362606705
579820585035,2025-07,22,35.0,19.0,21.0,18.0,15.0,35.0,19.333333333333332,18.166666666666668,19.0,21.238397372169175,135,75,16.0,13.761602627830825
579820585036,2025-07,8,17.0,16.0,12.0,26.0,14.0,20.0,18.0,17.0,16.0,14.545049160048547,135,76,1.0,2.4549508399514526
579820585037,2025-07,32,16.0,15.0,14.0,18.0,18.0,19.0,15.666666666666666,15.166666666666666,15.0,20.468584237564066,135,77,1.0,4.468584237564066
579820585038,2025-07,10,8.0,9.0,7.0,9.0,8.0,7.0,8.333333333333334,8.333333333333334,9.0,8.71738545203307,135,78,1.0,0.7173854520330707
579820585039,2025-07,22,11.0,16.0,19.0,27.0,13.0,22.0,20.666666666666668,17.5,16.0,19.215939733202358,135,79,5.0,8.215939733202358
579820585040,2025-07,7,15.0,5.0,4.0,13.0,10.0,4.0,7.333333333333333,8.0,5.0,7.025231773018601,135,80,10.0,7.974768226981399
579820585041,2025-07,9,9.0,10.0,9.0,14.0,13.0,7.0,11.0,11.333333333333334,10.0,9.995152362859702,135,81,1.0,0.9951523628597023
579820585042,2025-07,17,24.0,13.0,23.0,18.0,24.0,25.0,18.0,19.333333333333332,13.0,18.636351224583134,135,82,11.0,5.363648775416866
579820585043,2025-07,6,3.0,3.0,5.0,4.0,6.0,1.0,4.0,4.166666666666667,3.0,4.393166860248347,135,83,0.0,1.3931668602483471
579820585044,2025-07,1,2.0,1.0,2.0,1.0,1.0,2.0,1.3333333333333333,1.3333333333333333,1.0,1.5079299320360278,135,84,1.0,0.49207006796397224
579820585051,2025-07,8,7.0,8.0,6.0,11.0,3.0,11.0,8.333333333333334,6.166666666666667,8.0,7.674255810162131,135,91,1.0,0.6742558101621308
579820585052,2025-07,5,10.0,3.0,4.0,5.0,2.0,3.0,4.0,4.333333333333333,3.0,4.265889629779471,135,92,7.0,5.734110370220529
579820585053,2025-07,1,1.0,3.0,3.0,3.0,5.0,1.0,3.0,3.6666666666666665,3.0,2.6507493322826363,135,93,2.0,1.6507493322826363
579820585057,2025-07,4,5.0,7.0,2.0,1.0,5.0,6.0,3.3333333333333335,3.6666666666666665,7.0,4.498957877634535,135,97,2.0,0.5010421223654653
579820585061,2025-07,4,5.0,5.0,5.0,3.0,9.0,4.0,4.333333333333333,6.166666666666667,5.0,5.172304732694705,135,101,0.0,0.17230473269470536
584115552281,2025-07,2,1.0,1.0,1.0,2.0,1.0,1.0,1.3333333333333333,1.1666666666666667,1.0,1.6147119419045595,136,25,0.0,0.6147119419045595
584115552290,2025-07,2,1.0,3.0,1.0,1.0,3.0,2.0,1.6666666666666667,1.6666666666666667,3.0,2.1788465293533292,136,34,2.0,1.1788465293533292
584115552291,2025-07,1,2.0,1.0,1.0,1.0,3.0,1.0,1.0,1.5,1.0,1.4766245440280485,136,35,1.0,0.5233754559719515
584115552293,2025-07,1,2.0,1.0,1.0,2.0,1.0,1.0,1.3333333333333333,1.3333333333333333,1.0,1.3838274055114486,136,37,1.0,0.6161725944885514
584115552294,2025-07,24,8.0,8.0,10.0,6.0,7.0,4.0,8.0,6.166666666666667,8.0,11.458035882312721,136,38,0.0,3.4580358823127213
584115552304,2025-07,3,2.0,6.0,1.0,1.0,1.0,2.0,2.6666666666666665,1.8333333333333333,6.0,2.7941548628447466,136,48,4.0,0.7941548628447466
584115552305,2025-07,3,3.0,6.0,3.0,6.0,6.0,3.0,5.0,4.5,6.0,4.257934399168907,136,49,3.0,1.2579343991689074
584115552307,2025-07,1,1.0,1.0,3.0,5.0,1.0,2.0,3.0,2.1666666666666665,1.0,1.9739950308278758,136,51,0.0,0.9739950308278758
584115552309,2025-07,4,2.0,5.0,3.0,1.0,5.0,1.0,3.0,3.1666666666666665,5.0,3.4998783354880914,136,53,3.0,1.4998783354880914
584115552311,2025-07,4,2.0,2.0,1.0,1.0,2.0,1.0,1.3333333333333333,1.5,2.0,2.4125643219102724,136,55,0.0,0.41256432191027237
584115552313,2025-07,3,4.0,4.0,4.0,3.0,5.0,4.0,3.6666666666666665,3.5,4.0,3.7020748938428687,136,57,0.0,0.2979251061571313
584115552314,2025-07,13,15.0,25.0,12.0,25.0,14.0,23.0,20.666666666666668,17.333333333333332,25.0,17.481017793658825,136,58,10.0,2.4810177936588254
584115552315,2025-07,1,5.0,3.0,6.0,1.0,5.0,5.0,3.3333333333333335,3.6666666666666665,3.0,3.189243211782884,136,59,2.0,1.810756788217116
584115552317,2025-07,2,2.0,2.0,1.0,1.0,1.0,2.0,1.3333333333333333,1.1666666666666667,2.0,1.8201475146312909,136,61,0.0,0.17985248536870913
584115552324,2025-07,30,25.0,20.0,27.0,16.0,27.0,29.0,21.0,25.333333333333332,20.0,25.835572450601976,136,68,5.0,0.8355724506019762
584115552325,2025-07,36,36.0,34.0,28.0,26.0,54.0,20.0,29.333333333333332,39.5,34.0,34.172530965909225,136,69,2.0,1.8274690340907753
584115552326,2025-07,31,60.0,23.0,32.0,30.0,30.0,26.0,28.333333333333332,29.333333333333332,23.0,28.248349518233134,136,70,37.0,31.751650481766866
584115552327,2025-07,36,35.0,54.0,29.0,29.0,23.0,28.0,37.333333333333336,32.5,54.0,34.191461388833915,136,71,19.0,0.8085386111660853
584115552328,2025-07,24,42.0,23.0,20.0,36.0,31.0,19.0,26.333333333333332,26.5,23.0,24.267209257950473,136,72,19.0,17.732790742049527
584115552329,2025-07,20,27.0,30.0,20.0,15.0,15.0,22.0,21.666666666666668,18.0,30.0,20.09515390477788,136,73,3.0,6.904846095222119
584115552330,2025-07,20,18.0,19.0,10.0,10.0,16.0,16.0,13.0,12.0,19.0,15.552705440581796,136,74,1.0,2.4472945594182036
584115552331,2025-07,16,24.0,20.0,18.0,26.0,26.0,32.0,21.333333333333332,25.166666666666668,20.0,22.19050320573088,136,75,4.0,1.8094967942691191
584115552332,2025-07,24,24.0,28.0,20.0,27.0,40.0,24.0,25.0,25.333333333333332,28.0,25.10076630510678,136,76,4.0,1.1007663051067809
584115552333,2025-07,7,9.0,8.0,3.0,3.0,7.0,6.0,4.666666666666667,6.0,8.0,6.43199174035218,136,77,1.0,2.5680082596478204
584115552334,2025-07,2,6.0,2.0,5.0,1.0,3.0,5.0,2.6666666666666665,2.5,2.0,2.861004662280168,136,78,4.0,3.138995337719832
584115552335,2025-07,22,29.0,16.0,23.0,13.0,15.0,23.0,17.333333333333332,17.833333333333332,16.0,19.12750119814402,136,79,13.0,9.87249880185598
584115552336,2025-07,26,20.0,12.0,23.0,29.0,12.0,18.0,21.333333333333332,20.833333333333332,12.0,20.661108060064436,136,80,8.0,0.6611080600644357
584115552337,2025-07,9,20.0,19.0,9.0,19.0,9.0,18.0,15.666666666666666,12.166666666666666,19.0,12.764640740031957,136,81,1.0,7.2353592599680425
584115552338,2025-07,7,13.0,29.0,28.0,18.0,42.0,27.0,25.0,27.666666666666668,29.0,21.523208618261307,136,82,16.0,8.523208618261307
584115552339,2025-07,2,5.0,4.0,3.0,6.0,3.0,14.0,4.333333333333333,3.5,4.0,4.692455749471792,136,83,1.0,0.307544250528208
584115552347,2025-07,12,15.0,18.0,28.0,26.0,18.0,18.0,24.0,23.833333333333332,18.0,18.644781733968223,136,91,3.0,3.644781733968223
584115552348,2025-07,12,18.0,14.0,30.0,24.0,6.0,13.0,22.666666666666668,15.833333333333334,14.0,14.439549849640894,136,92,4.0,3.560450150359106
584115552353,2025-07,1,2.0,1.0,1.0,1.0,1.0,1.0,1.0,1.6666666666666667,1.0,1.4545263120652958,136,97,1.0,0.5454736879347042
584115552354,2025-07,2,5.0,1.0,3.0,4.0,1.0,1.0,2.6666666666666665,2.0,1.0,2.038693267294475,136,98,4.0,2.961306732705525
584115552356,2025-07,6,3.0,5.0,6.0,6.0,2.0,5.0,5.666666666666667,5.0,5.0,5.370615061228804,136,100,2.0,2.370615061228804
584115552357,2025-07,1,1.0,1.0,2.0,7.0,1.0,8.0,3.3333333333333335,2.5,1.0,2.888953389278523,136,101,0.0,1.888953389278523
588410519577,2025-07,1,3.0,3.0,1.0,2.0,2.0,2.0,2.0,1.6666666666666667,3.0,1.893635803116668,137,25,0.0,1.106364196883332
588410519579,2025-07,1,1.0,2.0,1.0,1.0,1.0,1.0,1.3333333333333333,1.5,2.0,1.5169087679078554,137,27,1.0,0.5169087679078554
588410519584,2025-07,2,1.0,1.0,3.0,2.0,1.0,6.0,2.0,1.5,1.0,2.4321748012871023,137,32,0.0,1.4321748012871023
588410519585,2025-07,3,4.0,3.0,1.0,2.0,2.0,3.0,2.0,2.1666666666666665,3.0,2.756821078533285,137,33,1.0,1.2431789214667148
588410519586,2025-07,1,4.0,4.0,9.0,2.0,3.0,5.0,5.0,5.166666666666667,4.0,3.8697880733968963,137,34,0.0,0.13021192660310366
588410519590,2025-07,4,2.0,11.0,1.0,1.0,1.0,1.0,4.333333333333333,3.1666666666666665,11.0,3.9775651181038185,137,38,9.0,1.9775651181038185
588410519596,2025-07,2,1.0,2.0,4.0,1.0,1.0,1.0,2.3333333333333335,1.8333333333333333,2.0,2.020003525522256,137,44,1.0,1.020003525522256
588410519599,2025-07,4,1.0,4.0,3.0,4.0,3.0,6.0,3.6666666666666665,3.5,4.0,4.168352298889657,137,47,3.0,3.1683522988896566
588410519600,2025-07,11,12.0,8.0,6.0,8.0,6.0,11.0,7.333333333333333,6.333333333333333,8.0,8.584731654255462,137,48,4.0,3.415268345744538
588410519601,2025-07,6,2.0,11.0,5.0,3.0,5.0,13.0,6.333333333333333,6.0,11.0,7.3831712849505315,137,49,9.0,5.3831712849505315
588410519602,2025-07,12,17.0,23.0,20.0,13.0,20.0,25.0,18.666666666666668,16.666666666666668,23.0,17.045967640998708,137,50,6.0,0.04596764099870754
588410519605,2025-07,5,3.0,2.0,2.0,7.0,6.0,7.0,3.6666666666666665,3.5,2.0,4.5433111775618995,137,53,1.0,1.5433111775618995
588410519607,2025-07,3,4.0,1.0,2.0,2.0,2.0,3.0,1.6666666666666667,2.5,1.0,2.667949241871919,137,55,3.0,1.332050758128081
588410519609,2025-07,5,4.0,7.0,6.0,3.0,4.0,2.0,5.333333333333333,6.0,7.0,5.22678409177079,137,57,3.0,1.2267840917707904
588410519617,2025-07,3,1.0,1.0,1.0,1.0,1.0,2.0,1.0,1.5,1.0,2.098336925948532,137,65,0.0,1.0983369259485318
588410519618,2025-07,5,3.0,4.0,11.0,10.0,2.0,7.0,8.333333333333334,6.5,4.0,6.05106855007402,137,66,1.0,3.05106855007402
588410519619,2025-07,10,5.0,10.0,17.0,10.0,8.0,9.0,12.333333333333334,9.666666666666666,10.0,9.925675822203432,137,67,5.0,4.9256758222034325
588410519620,2025-07,8,6.0,5.0,8.0,13.0,3.0,6.0,8.666666666666666,7.166666666666667,5.0,7.165413058689328,137,68,1.0,1.165413058689328
588410519621,2025-07,25,29.0,20.0,14.0,12.0,15.0,22.0,15.333333333333334,17.5,20.0,19.85467898247004,137,69,9.0,9.145321017529959
588410519622,2025-07,48,36.0,35.0,20.0,20.0,22.0,24.0,25.0,26.333333333333332,35.0,32.14249194301834,137,70,1.0,3.8575080569816578
588410519625,2025-07,17,14.0,10.0,8.0,11.0,10.0,10.0,9.666666666666666,13.166666666666666,10.0,12.997580729747732,137,73,4.0,1.0024192702522683
588410519627,2025-07,16,22.0,18.0,9.0,11.0,18.0,14.0,12.666666666666666,13.5,18.0,14.611800995808027,137,75,4.0,7.388199004191973
588410519628,2025-07,23,28.0,19.0,22.0,14.0,8.0,21.0,18.333333333333332,15.5,19.0,18.476499405281757,137,76,9.0,9.523500594718243
588410519635,2025-07,4,3.0,2.0,2.0,2.0,3.0,4.0,2.0,1.8333333333333333,2.0,3.0171977277276163,137,83,1.0,0.017197727727616297
588410519640,2025-07,3,1.0,4.0,2.0,6.0,2.0,4.0,4.0,2.8333333333333335,4.0,3.4124665088813657,137,88,3.0,2.4124665088813657
588410519641,2025-07,9,9.0,13.0,7.0,10.0,6.0,13.0,10.0,10.5,13.0,10.33876316629249,137,89,4.0,1.3387631662924893
588410519642,2025-07,11,33.0,13.0,12.0,29.0,17.0,18.0,18.0,16.166666666666668,13.0,14.754319442013811,137,90,20.0,18.24568055798619
588410519643,2025-07,13,9.0,2.0,11.0,5.0,3.0,13.0,6.0,5.333333333333333,2.0,8.325252346041292,137,91,7.0,0.6747476539587076
588410519644,2025-07,3,5.0,2.0,9.0,1.0,6.0,8.0,4.0,3.5,2.0,4.116373629611858,137,92,3.0,0.883626370388142
588410519650,2025-07,10,4.0,6.0,5.0,3.0,6.0,5.0,4.666666666666667,5.333333333333333,6.0,6.74146676735714,137,98,2.0,2.7414667673571396
588410519652,2025-07,5,8.0,3.0,8.0,10.0,1.0,6.0,7.0,4.5,3.0,5.002370394789996,137,100,5.0,2.9976296052100038
592705486878,2025-07,1,1.0,3.0,2.0,3.0,4.0,5.0,2.6666666666666665,2.6666666666666665,3.0,2.7561148191404428,138,30,2.0,1.7561148191404428
592705486880,2025-07,2,2.0,1.0,2.0,2.0,1.0,1.0,1.6666666666666667,2.1666666666666665,1.0,1.9796670092283826,138,32,1.0,0.020332990771617432
592705486882,2025-07,3,4.0,6.0,1.0,7.0,1.0,1.0,4.666666666666667,2.8333333333333335,6.0,3.229949524708207,138,34,2.0,0.7700504752917929
592705486886,2025-07,2,1.0,1.0,6.0,1.0,4.0,1.0,2.6666666666666665,2.5,1.0,2.3093510618963844,138,38,0.0,1.3093510618963844
592705486894,2025-07,7,8.0,6.0,4.0,7.0,5.0,4.0,5.666666666666667,5.666666666666667,6.0,5.948361290235365,138,46,2.0,2.051638709764635
592705486895,2025-07,11,7.0,16.0,17.0,14.0,8.0,13.0,15.666666666666666,12.333333333333334,16.0,12.457004597174896,138,47,9.0,5.457004597174896
592705486896,2025-07,6,7.0,11.0,12.0,7.0,5.0,8.0,10.0,7.166666666666667,11.0,7.53829278608323,138,48,4.0,0.5382927860832298
592705486897,2025-07,4,3.0,5.0,4.0,5.0,4.0,8.0,4.666666666666667,3.5,5.0,4.653326619452545,138,49,2.0,1.653326619452545
592705486898,2025-07,15,20.0,13.0,11.0,21.0,6.0,9.0,15.0,15.5,13.0,13.762095802033187,138,50,7.0,6.237904197966813
592705486899,2025-07,4,4.0,2.0,4.0,4.0,7.0,3.0,3.3333333333333335,4.833333333333333,2.0,4.18083262207955,138,51,2.0,0.1808326220795502
592705486900,2025-07,1,1.0,1.0,1.0,3.0,1.0,2.0,1.6666666666666667,1.5,1.0,1.604857370821307,138,52,0.0,0.604857370821307
592705486901,2025-07,3,1.0,2.0,6.0,3.0,6.0,3.0,3.6666666666666665,4.0,2.0,3.6152128705479782,138,53,1.0,2.6152128705479782
592705486902,2025-07,3,2.0,5.0,5.0,4.0,7.0,9.0,4.666666666666667,7.833333333333333,5.0,6.033049090186799,138,54,3.0,4.033049090186799
592705486903,2025-07,9,12.0,7.0,7.0,8.0,6.0,6.0,7.333333333333333,6.833333333333333,7.0,7.460483822082084,138,55,5.0,4.539516177917916
592705486904,2025-07,6,5.0,3.0,5.0,2.0,9.0,6.0,3.3333333333333335,5.0,3.0,5.340810563326886,138,56,2.0,0.34081056332688586
592705486905,2025-07,1,1.0,1.0,3.0,1.0,4.0,1.0,1.6666666666666667,1.8333333333333333,1.0,1.6965689735152907,138,57,0.0,0.6965689735152907
592705486907,2025-07,9,15.0,13.0,8.0,9.0,4.0,4.0,10.0,7.666666666666667,13.0,8.181602726817395,138,59,2.0,6.818397273182605
592705486908,2025-07,1,3.0,7.0,2.0,3.0,6.0,5.0,4.0,4.833333333333333,7.0,4.014928851373652,138,60,4.0,1.0149288513736519
592705486911,2025-07,1,6.0,3.0,1.0,3.0,1.0,6.0,2.3333333333333335,2.6666666666666665,3.0,2.7320067738112144,138,63,3.0,3.2679932261887856
592705486912,2025-07,4,3.0,8.0,13.0,3.0,4.0,11.0,8.0,7.333333333333333,8.0,6.89306374087629,138,64,5.0,3.89306374087629
592705486913,2025-07,2,11.0,10.0,3.0,2.0,2.0,5.0,5.0,4.333333333333333,10.0,4.330825276796496,138,65,1.0,6.669174723203504
592705486914,2025-07,6,1.0,3.0,5.0,9.0,2.0,4.0,5.666666666666667,5.5,3.0,5.254568136828139,138,66,2.0,4.254568136828139
592705486915,2025-07,4,1.0,4.0,1.0,3.0,2.0,2.0,2.6666666666666665,3.3333333333333335,4.0,3.4554716077182377,138,67,3.0,2.4554716077182377
592705486917,2025-07,1,3.0,1.0,1.0,2.0,1.0,1.0,1.3333333333333333,1.3333333333333333,1.0,1.3838274055114486,138,69,2.0,1.6161725944885514
592705486922,2025-07,2,8.0,2.0,14.0,5.0,2.0,5.0,7.0,4.666666666666667,2.0,4.014492735655741,138,74,6.0,3.9855072643442586
592705486923,2025-07,13,7.0,7.0,8.0,14.0,8.0,6.0,9.666666666666666,10.166666666666666,7.0,10.047035454501726,138,75,0.0,3.047035454501726
592705486924,2025-07,9,19.0,7.0,6.0,6.0,15.0,14.0,6.333333333333333,7.666666666666667,7.0,8.984653769316179,138,76,12.0,10.015346230683821
592705486925,2025-07,14,5.0,3.0,3.0,4.0,10.0,3.0,3.3333333333333335,3.8333333333333335,3.0,6.905798539765337,138,77,2.0,1.9057985397653372
592705486926,2025-07,3,6.0,1.0,3.0,3.0,4.0,1.0,2.3333333333333335,2.3333333333333335,1.0,2.510533221643926,138,78,5.0,3.489466778356074
592705486929,2025-07,8,7.0,7.0,3.0,15.0,10.0,9.0,8.333333333333334,7.833333333333333,7.0,8.168641703833805,138,81,0.0,1.1686417038338046
592705486930,2025-07,2,7.0,1.0,5.0,2.0,4.0,10.0,2.6666666666666665,2.6666666666666665,1.0,3.51207095789185,138,82,6.0,3.48792904210815
592705486935,2025-07,4,1.0,2.0,1.0,2.0,1.0,2.0,1.6666666666666667,2.1666666666666665,2.0,2.7596543346971174,138,87,1.0,1.7596543346971174
592705486936,2025-07,3,9.0,3.0,1.0,3.0,7.0,5.0,2.3333333333333335,3.8333333333333335,3.0,3.7909966513721702,138,88,6.0,5.20900334862783
592705486937,2025-07,6,6.0,7.0,4.0,2.0,5.0,5.0,4.333333333333333,4.166666666666667,7.0,5.218521975884158,138,89,1.0,0.7814780241158417
592705486938,2025-07,8,4.0,2.0,1.0,4.0,1.0,5.0,2.3333333333333335,2.1666666666666665,2.0,4.362137617369637,138,90,2.0,0.3621376173696369
592705486939,2025-07,25,18.0,19.0,11.0,11.0,16.0,19.0,13.666666666666666,13.5,19.0,17.93141456429179,138,91,1.0,0.0685854357082114
592705486940,2025-07,1,2.0,1.0,3.0,3.0,4.0,5.0,2.3333333333333335,2.6666666666666665,1.0,2.557555651712385,138,92,1.0,0.5575556517123852
592705486943,2025-07,1,1.0,2.0,1.0,1.0,6.0,1.0,1.3333333333333333,2.3333333333333335,2.0,1.983481838189828,138,95,1.0,0.983481838189828
592705486945,2025-07,1,2.0,1.0,1.0,2.0,1.0,1.0,1.3333333333333333,1.5,1.0,1.4386710708947934,138,97,1.0,0.5613289291052066
592705486946,2025-07,15,13.0,17.0,23.0,14.0,4.0,11.0,18.0,15.333333333333334,17.0,14.511408406429814,138,98,4.0,1.5114084064298137
592705486947,2025-07,18,11.0,9.0,19.0,11.0,8.0,9.0,13.0,10.333333333333334,9.0,12.424424550982902,138,99,2.0,1.424424550982902
592705486948,2025-07,6,2.0,6.0,4.0,6.0,5.0,10.0,5.333333333333333,4.5,6.0,6.002926260844667,138,100,4.0,4.002926260844667
592705486949,2025-07,5,1.0,2.0,5.0,1.0,4.0,2.0,2.6666666666666665,3.0,2.0,3.5395975852916104,138,101,1.0,2.5395975852916104
597000454169,2025-07,2,1.0,3.0,1.0,1.0,1.0,1.0,1.6666666666666667,1.3333333333333333,3.0,1.8650194255268708,139,25,2.0,0.8650194255268708
597000454174,2025-07,2,1.0,2.0,1.0,1.0,3.0,2.0,1.3333333333333333,2.3333333333333335,2.0,2.2809950696608077,139,30,1.0,1.2809950696608077
597000454190,2025-07,1,1.0,1.0,2.0,3.0,6.0,1.0,2.0,2.3333333333333335,1.0,1.9801256404133625,139,46,0.0,0.9801256404133625
597000454191,2025-07,3,4.0,7.0,1.0,1.0,1.0,1.0,3.0,2.5,7.0,3.003557769890363,139,47,3.0,0.9964422301096372
597000454192,2025-07,1,4.0,2.0,4.0,3.0,5.0,2.0,3.0,3.8333333333333335,2.0,2.751457827177499,139,48,2.0,1.2485421728225008
597000454193,2025-07,2,3.0,6.0,2.0,3.0,4.0,1.0,3.6666666666666665,4.0,6.0,3.323479204806697,139,49,3.0,0.3234792048066968
597000454194,2025-07,6,4.0,15.0,5.0,6.0,8.0,2.0,8.666666666666666,9.833333333333334,15.0,7.946681559478403,139,50,11.0,3.946681559478403
597000454195,2025-07,2,1.0,3.0,1.0,1.0,2.0,1.0,1.6666666666666667,1.8333333333333333,3.0,2.068021370349957,139,51,2.0,1.0680213703499568
597000454197,2025-07,1,2.0,6.0,2.0,3.0,1.0,1.0,3.6666666666666665,2.8333333333333335,6.0,2.5384324993276755,139,53,4.0,0.5384324993276755
597000454198,2025-07,5,3.0,1.0,4.0,5.0,1.0,2.0,3.3333333333333335,3.1666666666666665,1.0,3.4818629052575236,139,54,2.0,0.4818629052575236
597000454199,2025-07,24,21.0,11.0,17.0,17.0,14.0,17.0,15.0,15.166666666666666,11.0,17.374265393187677,139,55,10.0,3.6257346068123226
597000454200,2025-07,15,11.0,17.0,16.0,14.0,21.0,20.0,15.666666666666666,16.666666666666668,17.0,16.497693213195184,139,56,6.0,5.497693213195184
597000454203,2025-07,13,13.0,23.0,20.0,28.0,17.0,14.0,23.666666666666668,17.666666666666668,23.0,16.730994719398364,139,59,10.0,3.730994719398364
597000454204,2025-07,2,3.0,5.0,4.0,2.0,1.0,2.0,3.6666666666666665,2.8333333333333335,5.0,2.8669301814265555,139,60,2.0,0.13306981857344446
597000454205,2025-07,2,2.0,4.0,3.0,6.0,1.0,4.0,4.333333333333333,3.6666666666666665,4.0,3.3983787603723385,139,61,2.0,1.3983787603723385
597000454207,2025-07,3,15.0,9.0,7.0,11.0,3.0,5.0,9.0,7.666666666666667,9.0,6.129139731697597,139,63,6.0,8.870860268302403
597000454208,2025-07,7,1.0,10.0,6.0,3.0,2.0,4.0,6.333333333333333,4.166666666666667,10.0,5.724092393865856,139,64,9.0,4.724092393865856
597000454209,2025-07,5,2.0,1.0,1.0,2.0,3.0,1.0,1.3333333333333333,1.6666666666666667,1.0,2.7133694407300606,139,65,1.0,0.7133694407300606
597000454210,2025-07,2,1.0,1.0,1.0,1.0,1.0,2.0,1.0,1.0,1.0,1.6480777280220398,139,66,0.0,0.6480777280220398
597000454211,2025-07,5,1.0,4.0,1.0,1.0,3.0,2.0,2.0,2.8333333333333335,4.0,3.53716291359202,139,67,3.0,2.53716291359202
597000454218,2025-07,4,3.0,2.0,4.0,4.0,1.0,2.0,3.3333333333333335,2.8333333333333335,2.0,3.1646850697274385,139,74,1.0,0.16468506972743846
597000454219,2025-07,9,6.0,12.0,11.0,8.0,11.0,15.0,10.333333333333334,9.5,12.0,10.404820999228416,139,75,6.0,4.404820999228416
597000454220,2025-07,4,11.0,3.0,3.0,2.0,3.0,5.0,2.6666666666666665,3.0,3.0,3.6814204573743607,139,76,8.0,7.318579542625639
597000454221,2025-07,2,3.0,2.0,1.0,1.0,2.0,3.0,1.3333333333333333,1.6666666666666667,2.0,2.150347335168046,139,77,1.0,0.8496526648319538
597000454222,2025-07,3,3.0,4.0,2.0,1.0,4.0,3.0,2.3333333333333335,2.1666666666666665,4.0,2.947893747916197,139,78,1.0,0.05210625208380293
597000454225,2025-07,7,6.0,5.0,3.0,4.0,7.0,4.0,4.0,5.166666666666667,5.0,5.590687722543242,139,81,1.0,0.4093122774567579
597000454231,2025-07,3,7.0,2.0,7.0,5.0,6.0,9.0,4.666666666666667,5.5,2.0,4.985863036729544,139,87,5.0,2.014136963270456
597000454233,2025-07,9,18.0,12.0,7.0,8.0,10.0,14.0,9.0,9.5,12.0,10.095579874746692,139,89,6.0,7.904420125253308
597000454234,2025-07,29,30.0,25.0,26.0,34.0,47.0,36.0,28.333333333333332,34.833333333333336,25.0,31.587766446069836,139,90,5.0,1.5877664460698355
597000454242,2025-07,7,5.0,1.0,4.0,3.0,6.0,3.0,2.6666666666666665,4.0,1.0,4.569113406380394,139,98,4.0,0.430886593619606
597000454243,2025-07,3,2.0,2.0,1.0,1.0,1.0,3.0,1.3333333333333333,2.1666666666666665,2.0,2.5621355844214886,139,99,0.0,0.5621355844214886
601295421465,2025-07,1,1.0,1.0,1.0,1.0,1.0,1.0,1.0,1.3333333333333333,1.0,1.3448389812986044,140,25,0.0,0.34483898129860435
601295421470,2025-07,2,2.0,4.0,1.0,1.0,1.0,2.0,2.0,1.5,4.0,2.1642870878497895,140,30,2.0,0.16428708784978951
601295421487,2025-07,3,3.0,5.0,1.0,3.0,4.0,5.0,3.0,2.6666666666666665,5.0,3.5261303901214127,140,47,2.0,0.5261303901214127
601295421488,2025-07,2,6.0,2.0,4.0,1.0,1.0,1.0,2.3333333333333335,2.0,2.0,2.0748471909056008,140,48,4.0,3.9251528090943992
601295421489,2025-07,1,3.0,1.0,1.0,4.0,4.0,1.0,2.0,2.3333333333333335,1.0,1.906279092256355,140,49,2.0,1.093720907743645
601295421493,2025-07,3,3.0,3.0,1.0,4.0,3.0,2.0,2.6666666666666665,2.5,3.0,2.855758330685042,140,53,0.0,0.1442416693149582
601295421494,2025-07,21,15.0,31.0,32.0,10.0,3.0,6.0,24.333333333333332,16.0,31.0,17.578941626905582,140,54,16.0,2.578941626905582
601295421495,2025-07,10,15.0,9.0,14.0,6.0,5.0,10.0,9.666666666666666,10.0,9.0,9.666289139516117,140,55,6.0,5.333710860483883
601295421496,2025-07,7,7.0,17.0,11.0,6.0,2.0,10.0,11.333333333333334,8.666666666666666,17.0,9.08507210983682,140,56,10.0,2.085072109836821
601295421497,2025-07,16,9.0,4.0,6.0,12.0,3.0,9.0,7.333333333333333,5.666666666666667,4.0,9.111238616105625,140,57,5.0,0.11123861610562535
601295421499,2025-07,1,2.0,2.0,1.0,1.0,2.0,8.0,1.3333333333333333,2.1666666666666665,2.0,2.6651395081099754,140,59,0.0,0.6651395081099754
601295421501,2025-07,1,4.0,3.0,1.0,2.0,1.0,1.0,2.0,2.1666666666666665,3.0,1.8924979748799835,140,61,1.0,2.1075020251200165
601295421506,2025-07,2,10.0,1.0,3.0,2.0,4.0,1.0,2.0,2.1666666666666665,1.0,2.1309729302712803,140,66,9.0,7.86902706972872
601295421509,2025-07,1,3.0,2.0,1.0,1.0,2.0,2.0,1.3333333333333333,1.6666666666666667,2.0,1.7374212576779193,140,69,1.0,1.2625787423220807
601295421513,2025-07,1,5.0,2.0,5.0,3.0,4.0,3.0,3.3333333333333335,3.5,2.0,2.766390498475179,140,73,3.0,2.233609501524821
601295421514,2025-07,18,18.0,12.0,15.0,9.0,9.0,10.0,12.0,10.5,12.0,12.77506625590999,140,74,6.0,5.224933744090009
601295421515,2025-07,4,1.0,1.0,6.0,5.0,3.0,5.0,4.0,4.166666666666667,1.0,4.0555183703157525,140,75,0.0,3.0555183703157525
601295421516,2025-07,1,9.0,10.0,4.0,3.0,7.0,11.0,5.666666666666667,5.333333333333333,10.0,5.404582564203973,140,76,1.0,3.595417435796027
601295421517,2025-07,5,8.0,7.0,9.0,8.0,4.0,6.0,8.0,6.5,7.0,6.202727936910974,140,77,1.0,1.797272063089026
601295421518,2025-07,3,9.0,6.0,3.0,2.0,1.0,7.0,3.6666666666666665,4.166666666666667,6.0,4.308730131040278,140,78,3.0,4.691269868959722
601295421519,2025-07,3,2.0,3.0,1.0,1.0,1.0,2.0,1.6666666666666667,1.3333333333333333,3.0,2.2779455030169977,140,79,1.0,0.2779455030169977
601295421526,2025-07,6,2.0,1.0,1.0,2.0,1.0,1.0,1.3333333333333333,1.3333333333333333,1.0,2.8124684143937273,140,86,1.0,0.8124684143937273
601295421527,2025-07,3,5.0,2.0,3.0,2.0,3.0,7.0,2.3333333333333335,2.8333333333333335,2.0,3.4780182204159953,140,87,3.0,1.5219817795840047
601295421528,2025-07,6,9.0,10.0,7.0,5.0,3.0,6.0,7.333333333333333,4.5,10.0,5.9547881464059165,140,88,1.0,3.0452118535940835
601295421529,2025-07,4,2.0,13.0,6.0,5.0,6.0,4.0,8.0,6.166666666666667,13.0,6.10857077993223,140,89,11.0,4.10857077993223
601295421530,2025-07,6,6.0,15.0,9.0,10.0,12.0,14.0,11.333333333333334,9.666666666666666,15.0,9.87162219429767,140,90,9.0,3.87162219429767
601295421531,2025-07,4,1.0,3.0,5.0,8.0,1.0,6.0,5.333333333333333,3.3333333333333335,3.0,4.147080461833183,140,91,2.0,3.147080461833183
601295421536,2025-07,2,1.0,2.0,1.0,1.0,1.0,2.0,1.3333333333333333,1.3333333333333333,2.0,1.8749911800146357,140,96,1.0,0.8749911800146357
601295421539,2025-07,3,1.0,1.0,2.0,2.0,3.0,2.0,1.6666666666666667,2.0,1.0,2.4146913186812613,140,99,0.0,1.4146913186812613
605590388782,2025-07,1,2.0,3.0,1.0,2.0,2.0,3.0,2.0,1.8333333333333333,3.0,2.075677344213684,141,46,1.0,0.075677344213684
605590388783,2025-07,4,1.0,2.0,1.0,1.0,1.0,1.0,1.3333333333333333,1.3333333333333333,2.0,2.319249707853878,141,47,1.0,1.3192497078538779
605590388784,2025-07,17,13.0,15.0,20.0,13.0,15.0,17.0,16.0,13.333333333333334,15.0,15.229988623332234,141,48,2.0,2.2299886233322344
605590388785,2025-07,4,17.0,8.0,15.0,9.0,17.0,5.0,10.666666666666666,10.833333333333334,8.0,8.087432487718726,141,49,9.0,8.912567512281274
605590388786,2025-07,3,3.0,2.0,1.0,1.0,2.0,3.0,1.3333333333333333,1.5,2.0,2.381231871561157,141,50,1.0,0.6187681284388429
605590388790,2025-07,29,22.0,23.0,32.0,52.0,47.0,43.0,35.666666666666664,40.666666666666664,23.0,35.080377708004484,141,54,1.0,13.080377708004484
605590388791,2025-07,15,21.0,13.0,28.0,22.0,26.0,9.0,21.0,21.833333333333332,13.0,17.264744759677914,141,55,8.0,3.7352552403220862
605590388792,2025-07,5,7.0,10.0,16.0,6.0,5.0,15.0,10.666666666666666,8.833333333333334,10.0,8.678744122792175,141,56,3.0,1.6787441227921747
605590388793,2025-07,8,3.0,3.0,3.0,8.0,8.0,4.0,4.666666666666667,6.166666666666667,3.0,6.165450319692383,141,57,0.0,3.1654503196923827
605590388796,2025-07,2,3.0,2.0,1.0,3.0,3.0,1.0,2.0,2.1666666666666665,2.0,2.1769303769894783,141,60,1.0,0.8230696230105217
605590388797,2025-07,6,11.0,2.0,8.0,8.0,1.0,6.0,6.0,3.8333333333333335,2.0,4.873520965381481,141,61,9.0,6.126479034618519
605590388798,2025-07,2,1.0,1.0,1.0,1.0,1.0,1.0,1.0,1.0,1.0,1.5208798523083704,141,62,0.0,0.5208798523083704
605590388800,2025-07,3,5.0,1.0,7.0,4.0,1.0,4.0,4.0,4.0,1.0,3.5077113809070912,141,64,4.0,1.4922886190929088
605590388802,2025-07,1,1.0,3.0,4.0,1.0,1.0,1.0,2.6666666666666665,2.3333333333333335,3.0,2.016032441121741,141,66,2.0,1.016032441121741
605590388804,2025-07,1,4.0,3.0,1.0,2.0,4.0,2.0,2.0,2.6666666666666665,3.0,2.299639692762838,141,68,1.0,1.7003603072371618
605590388807,2025-07,2,1.0,1.0,2.0,1.0,2.0,1.0,1.3333333333333333,1.3333333333333333,1.0,1.704931206771862,141,71,0.0,0.704931206771862
605590388808,2025-07,4,2.0,1.0,1.0,2.0,1.0,1.0,1.3333333333333333,4.833333333333333,1.0,3.3927289838910717,141,72,1.0,1.3927289838910717
605590388809,2025-07,10,11.0,11.0,12.0,6.0,6.0,4.0,9.666666666666666,11.5,11.0,9.597831914761564,141,73,0.0,1.4021680852384364
605590388810,2025-07,5,9.0,4.0,2.0,2.0,4.0,4.0,2.6666666666666665,2.6666666666666665,4.0,3.8500674475456584,141,74,5.0,5.149932552454342
605590388811,2025-07,10,9.0,22.0,15.0,12.0,12.0,14.0,16.333333333333332,17.166666666666668,22.0,14.596418090803567,141,75,13.0,5.596418090803567
605590388812,2025-07,34,30.0,38.0,49.0,56.0,30.0,37.0,47.666666666666664,43.333333333333336,38.0,38.49385177194015,141,76,8.0,8.49385177194015
605590388813,2025-07,12,8.0,9.0,13.0,19.0,5.0,5.0,13.666666666666666,9.833333333333334,9.0,10.017868938860541,141,77,1.0,2.0178689388605413
605590388814,2025-07,20,14.0,19.0,14.0,25.0,14.0,15.0,19.333333333333332,18.0,19.0,18.051336284610116,141,78,5.0,4.051336284610116
605590388816,2025-07,3,5.0,1.0,1.0,3.0,1.0,6.0,1.6666666666666667,1.8333333333333333,1.0,2.79479260799559,141,80,4.0,2.20520739200441
605590388817,2025-07,2,1.0,3.0,3.0,5.0,2.0,21.0,3.6666666666666665,2.8333333333333335,3.0,5.168780723822302,141,81,2.0,4.168780723822302
605590388822,2025-07,4,4.0,3.0,6.0,5.0,6.0,2.0,4.666666666666667,4.0,3.0,3.968946166262354,141,86,1.0,0.03105383373764603
605590388826,2025-07,23,18.0,12.0,31.0,5.0,23.0,21.0,16.0,15.166666666666666,12.0,18.09543531332765,141,90,6.0,0.09543531332764843
605590388829,2025-07,1,1.0,7.0,1.0,2.0,1.0,5.0,3.3333333333333335,2.8333333333333335,7.0,3.0895686241716653,141,93,6.0,2.0895686241716653
605590388830,2025-07,1,1.0,2.0,1.0,1.0,1.0,1.0,1.3333333333333333,1.3333333333333333,2.0,1.4620651025245088,141,94,1.0,0.46206510252450883
605590388832,2025-07,2,3.0,4.0,1.0,1.0,1.0,1.0,2.0,2.0,4.0,2.2016202082861582,141,96,1.0,0.7983797917138418
609885356057,2025-07,2,1.0,2.0,1.0,1.0,1.0,2.0,1.3333333333333333,1.1666666666666667,2.0,1.8201475146312909,142,25,1.0,0.8201475146312909
609885356071,2025-07,1,2.0,6.0,3.0,1.0,1.0,1.0,3.3333333333333335,3.0,6.0,2.551192391309085,142,39,4.0,0.551192391309085
609885356080,2025-07,54,53.0,36.0,42.0,30.0,23.0,20.0,36.0,29.0,36.0,35.56079725950583,142,48,17.0,17.439202740494167
609885356081,2025-07,25,25.0,25.0,19.0,16.0,26.0,30.0,20.0,20.5,25.0,23.204178078582814,142,49,0.0,1.7958219214171862
609885356085,2025-07,10,2.0,3.0,11.0,4.0,2.0,3.0,6.0,4.833333333333333,3.0,6.071324735765202,142,53,1.0,4.071324735765202
609885356086,2025-07,7,6.0,9.0,10.0,7.0,2.0,2.0,8.666666666666666,7.0,9.0,6.584338829675861,142,54,3.0,0.5843388296758611
609885356087,2025-07,16,12.0,12.0,10.0,17.0,13.0,21.0,13.0,14.5,12.0,15.205360267683925,142,55,0.0,3.2053602676839255
609885356088,2025-07,12,14.0,14.0,11.0,17.0,4.0,12.0,14.0,10.166666666666666,14.0,11.415838058606205,142,56,0.0,2.584161941393795
609885356089,2025-07,9,3.0,8.0,9.0,8.0,11.0,15.0,8.333333333333334,8.166666666666666,8.0,9.425381041210532,142,57,5.0,6.425381041210532
609885356090,2025-07,2,6.0,3.0,2.0,1.0,1.0,4.0,2.0,1.8333333333333333,3.0,2.4470371238416684,142,58,3.0,3.5529628761583316
609885356092,2025-07,13,26.0,24.0,20.0,20.0,20.0,40.0,21.333333333333332,19.0,24.0,20.397620384562856,142,60,2.0,5.602379615437144
609885356093,2025-07,1,5.0,4.0,7.0,1.0,5.0,3.0,4.0,3.6666666666666665,4.0,3.0879666566051993,142,61,1.0,1.9120333433948007
609885356094,2025-07,4,3.0,4.0,5.0,1.0,6.0,2.0,3.3333333333333335,3.1666666666666665,4.0,3.620107188696408,142,62,1.0,0.6201071886964078
609885356095,2025-07,1,1.0,1.0,1.0,1.0,1.0,1.0,1.0,1.0,1.0,1.2351516505319147,142,63,0.0,0.23515165053191467
609885356097,2025-07,1,10.0,10.0,8.0,4.0,3.0,9.0,7.333333333333333,6.0,10.0,5.3982384039256655,142,65,0.0,4.6017615960743345
609885356098,2025-07,3,1.0,1.0,1.0,3.0,1.0,2.0,1.6666666666666667,1.6666666666666667,1.0,2.2311574397575633,142,66,0.0,1.2311574397575633
609885356101,2025-07,3,5.0,13.0,3.0,1.0,5.0,8.0,5.666666666666667,5.5,13.0,5.810155548881399,142,69,8.0,0.810155548881399
609885356104,2025-07,16,6.0,12.0,9.0,10.0,9.0,7.0,10.333333333333334,8.666666666666666,12.0,11.042365880069603,142,72,6.0,5.042365880069603
609885356105,2025-07,6,7.0,1.0,5.0,4.0,3.0,11.0,3.3333333333333335,3.3333333333333335,1.0,5.041062201997361,142,73,6.0,1.9589377980026388
609885356106,2025-07,37,17.0,49.0,26.0,24.0,28.0,32.0,33.0,27.166666666666668,49.0,32.534586592298254,142,74,32.0,15.534586592298254
609885356107,2025-07,18,15.0,21.0,16.0,7.0,10.0,11.0,14.666666666666666,13.166666666666666,21.0,14.831185044061444,142,75,6.0,0.1688149559385561
609885356108,2025-07,13,8.0,8.0,5.0,10.0,4.0,2.0,7.666666666666667,8.0,8.0,8.524985706274636,142,76,0.0,0.5249857062746361
609885356109,2025-07,10,16.0,5.0,5.0,8.0,6.0,9.0,6.0,6.833333333333333,5.0,7.821567258500239,142,77,11.0,8.178432741499762
609885356110,2025-07,2,2.0,10.0,3.0,1.0,2.0,6.0,4.666666666666667,3.1666666666666665,10.0,4.035129070613904,142,78,8.0,2.0351290706139036
609885356111,2025-07,1,7.0,1.0,2.0,1.0,2.0,3.0,1.3333333333333333,2.0,1.0,1.892973417956128,142,79,6.0,5.107026582043872
609885356112,2025-07,2,8.0,8.0,7.0,1.0,6.0,6.0,5.333333333333333,4.5,8.0,4.53688224601606,142,80,0.0,3.4631177539839397
609885356113,2025-07,1,1.0,2.0,6.0,1.0,2.0,3.0,3.0,2.6666666666666665,2.0,2.3731465008104173,142,81,1.0,1.3731465008104173
609885356114,2025-07,1,14.0,10.0,3.0,5.0,9.0,3.0,6.0,5.333333333333333,10.0,4.5060252292426455,142,82,4.0,9.493974770757355
614180323350,2025-07,1,1.0,3.0,5.0,2.0,1.0,1.0,3.3333333333333335,2.1666666666666665,3.0,2.036070274974989,143,22,2.0,1.036070274974989
614180323352,2025-07,2,1.0,1.0,5.0,8.0,2.0,2.0,4.666666666666667,3.3333333333333335,1.0,2.8708512616468322,143,24,0.0,1.8708512616468322
614180323353,2025-07,1,1.0,5.0,2.0,1.0,6.0,2.0,2.6666666666666665,3.1666666666666665,5.0,2.772469479521691,143,25,4.0,1.7724694795216909
614180323356,2025-07,4,1.0,6.0,4.0,5.0,2.0,3.0,5.0,3.5,6.0,4.057621464764002,143,28,5.0,3.0576214647640017
614180323357,2025-07,1,2.0,1.0,3.0,4.0,1.0,1.0,2.6666666666666665,2.0,1.0,1.7529650655180191,143,29,1.0,0.24703493448198088
614180323377,2025-07,5,9.0,3.0,3.0,4.0,1.0,4.0,3.3333333333333335,2.8333333333333335,3.0,3.7861420691333887,143,49,6.0,5.213857930866611
614180323378,2025-07,20,6.0,10.0,5.0,14.0,8.0,12.0,9.666666666666666,9.5,10.0,12.834944598292013,143,50,4.0,6.834944598292013
614180323379,2025-07,13,17.0,15.0,12.0,13.0,9.0,11.0,13.333333333333334,13.5,15.0,12.860761935099433,143,51,2.0,4.139238064900567
614180323380,2025-07,41,36.0,40.0,25.0,25.0,30.0,31.0,30.0,28.333333333333332,40.0,32.95920933687587,143,52,4.0,3.0407906631241275
614180323381,2025-07,19,10.0,14.0,17.0,9.0,16.0,20.0,13.333333333333334,13.0,14.0,15.730963228783985,143,53,4.0,5.730963228783985
614180323382,2025-07,19,9.0,20.0,10.0,7.0,14.0,21.0,12.333333333333334,13.166666666666666,20.0,16.210191226298384,143,54,11.0,7.2101912262983845
614180323383,2025-07,12,16.0,24.0,17.0,28.0,25.0,15.0,23.0,21.0,24.0,17.986652186541534,143,55,8.0,1.9866521865415336
614180323384,2025-07,7,10.0,7.0,7.0,4.0,8.0,8.0,6.0,6.0,7.0,6.7901930435345115,143,56,3.0,3.2098069564654885
614180323385,2025-07,7,8.0,9.0,8.0,15.0,4.0,14.0,10.666666666666666,7.333333333333333,9.0,8.537463810007932,143,57,1.0,0.5374638100079316
614180323386,2025-07,1,1.0,2.0,2.0,4.0,1.0,1.0,2.6666666666666665,1.8333333333333333,2.0,1.7794544463368265,143,58,1.0,0.7794544463368265
614180323387,2025-07,2,14.0,3.0,5.0,3.0,5.0,4.0,3.6666666666666665,4.166666666666667,3.0,3.554388307397641,143,59,11.0,10.445611692602359
614180323388,2025-07,4,2.0,11.0,2.0,7.0,1.0,5.0,6.666666666666667,5.666666666666667,11.0,5.57883522200949,143,60,9.0,3.5788352220094897
614180323389,2025-07,6,10.0,7.0,6.0,5.0,8.0,4.0,6.0,6.5,7.0,6.163299684242505,143,61,3.0,3.8367003157574953
614180323390,2025-07,16,10.0,12.0,20.0,8.0,15.0,24.0,13.333333333333334,11.833333333333334,12.0,14.79443207835943,143,62,2.0,4.79443207835943
614180323392,2025-07,2,3.0,4.0,2.0,5.0,1.0,4.0,3.6666666666666665,2.3333333333333335,4.0,2.8847479380689816,143,64,1.0,0.11525206193101845
614180323393,2025-07,4,9.0,10.0,4.0,7.0,3.0,7.0,7.0,7.333333333333333,10.0,6.413169553437982,143,65,1.0,2.5868304465620184
614180323394,2025-07,6,4.0,2.0,2.0,5.0,4.0,3.0,3.0,2.8333333333333335,2.0,3.945954469178509,143,66,2.0,0.054045530821491106
614180323399,2025-07,1,1.0,1.0,2.0,2.0,5.0,2.0,1.6666666666666667,2.6666666666666665,1.0,2.1395514740078294,143,71,0.0,1.1395514740078294
614180323400,2025-07,4,5.0,5.0,5.0,4.0,4.0,7.0,4.666666666666667,4.5,5.0,4.852095386849857,143,72,0.0,0.1479046131501427
614180323401,2025-07,7,3.0,10.0,6.0,8.0,3.0,10.0,8.0,6.666666666666667,10.0,7.543347698635323,143,73,7.0,4.543347698635323
614180323402,2025-07,7,9.0,18.0,15.0,9.0,9.0,4.0,14.0,14.5,18.0,10.888473478642677,143,74,9.0,1.888473478642677
614180323403,2025-07,12,10.0,7.0,10.0,10.0,10.0,20.0,9.0,8.666666666666666,7.0,11.041258874808769,143,75,3.0,1.0412588748087686
614180323405,2025-07,10,21.0,7.0,18.0,18.0,16.0,14.0,14.333333333333334,16.0,7.0,12.949614179772087,143,77,14.0,8.050385820227913
614180323406,2025-07,8,7.0,16.0,12.0,10.0,3.0,4.0,12.666666666666666,10.5,16.0,9.323984975870324,143,78,9.0,2.3239849758703244
614180323407,2025-07,21,5.0,5.0,2.0,2.0,9.0,9.0,3.0,5.666666666666667,5.0,10.354474896028671,143,79,0.0,5.354474896028671
614180323408,2025-07,7,5.0,6.0,5.0,4.0,3.0,6.0,5.0,4.333333333333333,6.0,5.605993623635064,143,80,1.0,0.6059936236350643
614180323411,2025-07,2,1.0,1.0,1.0,1.0,1.0,2.0,1.0,1.1666666666666667,1.0,1.7029213934053864,143,83,0.0,0.7029213934053864
618475290649,2025-07,1,5.0,7.0,13.0,1.0,3.0,3.0,7.0,4.333333333333333,7.0,3.7974362346127037,144,25,2.0,1.2025637653872963
618475290650,2025-07,5,1.0,4.0,1.0,2.0,2.0,2.0,2.3333333333333335,2.0,4.0,3.263462062215087,144,26,3.0,2.263462062215087
618475290652,2025-07,9,8.0,6.0,2.0,5.0,4.0,3.0,4.333333333333333,3.6666666666666665,6.0,5.546261886328223,144,28,2.0,2.4537381136717773
618475290653,2025-07,9,9.0,4.0,4.0,3.0,4.0,3.0,3.6666666666666665,4.333333333333333,4.0,5.524993607031612,144,29,5.0,3.475006392968388
618475290658,2025-07,1,1.0,4.0,1.0,2.0,1.0,1.0,2.3333333333333335,1.8333333333333333,4.0,1.9000367653391983,144,34,3.0,0.9000367653391983
618475290661,2025-07,3,1.0,1.0,1.0,2.0,3.0,1.0,1.3333333333333333,1.6666666666666667,1.0,2.141913037177149,144,37,0.0,1.141913037177149
618475290664,2025-07,2,2.0,1.0,2.0,3.0,1.0,2.0,2.0,1.5,1.0,1.926478647621515,144,40,1.0,0.073521352378485
618475290671,2025-07,2,4.0,1.0,1.0,1.0,2.0,1.0,1.0,1.5,1.0,1.7238817971314564,144,47,3.0,2.2761182028685436
618475290673,2025-07,16,10.0,6.0,12.0,11.0,5.0,13.0,9.666666666666666,7.5,6.0,10.711074603904677,144,49,4.0,0.7110746039046774
618475290674,2025-07,29,10.0,12.0,12.0,22.0,11.0,12.0,15.333333333333334,12.5,12.0,17.306708398520293,144,50,2.0,7.306708398520293
618475290675,2025-07,6,2.0,5.0,5.0,5.0,8.0,6.0,5.0,5.666666666666667,5.0,5.873131791277556,144,51,3.0,3.8731317912775562
618475290676,2025-07,34,28.0,31.0,25.0,18.0,13.0,38.0,24.666666666666668,20.333333333333332,31.0,27.23504092807091,144,52,3.0,0.7649590719290913
618475290677,2025-07,12,28.0,24.0,10.0,18.0,21.0,20.0,17.333333333333332,18.666666666666668,24.0,17.059810687756162,144,53,4.0,10.940189312243838
618475290678,2025-07,10,24.0,4.0,15.0,9.0,12.0,10.0,9.333333333333334,10.166666666666666,4.0,9.557157187143563,144,54,20.0,14.442842812856437
618475290679,2025-07,14,3.0,9.0,16.0,6.0,10.0,18.0,10.333333333333334,8.833333333333334,9.0,11.70702018806063,144,55,6.0,8.70702018806063
618475290680,2025-07,12,9.0,8.0,8.0,5.0,6.0,4.0,7.0,6.833333333333333,8.0,8.099426599595239,144,56,1.0,0.9005734004047614
618475290681,2025-07,6,8.0,9.0,11.0,18.0,13.0,12.0,12.666666666666666,13.5,9.0,10.597438511755145,144,57,1.0,2.5974385117551453
618475290682,2025-07,16,14.0,17.0,15.0,17.0,9.0,15.0,16.333333333333332,13.333333333333334,17.0,14.669979542274568,144,58,3.0,0.669979542274568
618475290683,2025-07,3,2.0,3.0,4.0,4.0,1.0,3.0,3.6666666666666665,2.5,3.0,3.013693534123867,144,59,1.0,1.0136935341238669
618475290684,2025-07,6,3.0,6.0,6.0,4.0,5.0,11.0,5.333333333333333,4.833333333333333,6.0,6.233620768946844,144,60,3.0,3.233620768946844
618475290685,2025-07,3,2.0,5.0,11.0,4.0,6.0,11.0,6.666666666666667,6.166666666666667,5.0,5.91589568925014,144,61,3.0,3.9158956892501404
618475290688,2025-07,6,8.0,9.0,9.0,8.0,15.0,15.0,8.666666666666666,10.833333333333334,9.0,9.716804997932794,144,64,1.0,1.716804997932794
618475290689,2025-07,1,1.0,1.0,3.0,1.0,4.0,1.0,1.6666666666666667,2.1666666666666665,1.0,1.8062563042819821,144,65,0.0,0.8062563042819821
618475290696,2025-07,2,5.0,3.0,4.0,3.0,2.0,2.0,3.3333333333333335,2.3333333333333335,3.0,2.5454063157106024,144,72,2.0,2.4545936842893976
618475290697,2025-07,6,4.0,9.0,13.0,8.0,1.0,2.0,10.0,6.5,9.0,6.242276332360416,144,73,5.0,2.242276332360416
618475290698,2025-07,4,12.0,4.0,2.0,1.0,4.0,5.0,2.3333333333333335,3.5,4.0,3.9267670241867574,144,74,8.0,8.073232975813243
618475290699,2025-07,12,26.0,23.0,17.0,14.0,20.0,36.0,18.0,21.833333333333332,23.0,20.076607099874376,144,75,3.0,5.923392900125624
618475290700,2025-07,15,6.0,6.0,8.0,12.0,11.0,4.0,8.666666666666666,8.666666666666666,6.0,9.790712994544744,144,76,0.0,3.7907129945447444
618475290701,2025-07,16,12.0,29.0,27.0,25.0,16.0,16.0,27.0,26.0,29.0,21.383930376532454,144,77,17.0,9.383930376532454
618475290702,2025-07,13,11.0,27.0,17.0,20.0,12.0,22.0,21.333333333333332,16.166666666666668,27.0,17.11194785942199,144,78,16.0,6.1119478594219885
618475290703,2025-07,8,4.0,3.0,6.0,5.0,6.0,8.0,4.666666666666667,5.0,3.0,6.20410821995027,144,79,1.0,2.20410821995027
618475290706,2025-07,5,7.0,3.0,4.0,1.0,5.0,1.0,2.6666666666666665,4.0,3.0,3.8612656967532164,144,82,4.0,3.1387343032467836
618475290707,2025-07,5,6.0,9.0,3.0,5.0,6.0,5.0,5.666666666666667,5.666666666666667,9.0,5.780382151297449,144,83,3.0,0.2196178487025513
618475290708,2025-07,3,1.0,2.0,4.0,2.0,1.0,2.0,2.6666666666666665,3.1666666666666665,2.0,2.9106673502919884,144,84,1.0,1.9106673502919884
618475290710,2025-07,2,2.0,3.0,3.0,3.0,1.0,1.0,3.0,2.3333333333333335,3.0,2.343844416300133,144,86,1.0,0.34384441630013285
622770257948,2025-07,5,4.0,8.0,5.0,2.0,1.0,1.0,5.0,3.6666666666666665,8.0,4.258706676660445,145,28,4.0,0.2587066766604451
622770257964,2025-07,2,1.0,2.0,2.0,2.0,1.0,4.0,2.0,2.1666666666666665,2.0,2.478486757595297,145,44,1.0,1.478486757595297
622770257966,2025-07,4,2.0,2.0,1.0,4.0,2.0,2.0,2.3333333333333335,1.8333333333333333,2.0,2.7664148010291623,145,46,0.0,0.7664148010291623
622770257967,2025-07,13,14.0,22.0,10.0,3.0,14.0,14.0,11.666666666666666,10.166666666666666,22.0,12.696749454344179,145,47,8.0,1.3032505456558212
622770257969,2025-07,3,4.0,3.0,9.0,4.0,4.0,5.0,5.333333333333333,4.166666666666667,3.0,4.111404160522564,145,49,1.0,0.11140416052256441
622770257970,2025-07,8,9.0,7.0,6.0,5.0,9.0,11.0,6.0,7.166666666666667,7.0,7.882986827997538,145,50,2.0,1.117013172002462
622770257971,2025-07,21,20.0,21.0,23.0,18.0,26.0,19.0,20.666666666666668,20.833333333333332,21.0,20.524420633010383,145,51,1.0,0.5244206330103829
622770257972,2025-07,10,6.0,12.0,4.0,8.0,6.0,7.0,8.0,7.0,12.0,8.406704946013825,145,52,6.0,2.406704946013825
622770257973,2025-07,12,9.0,4.0,6.0,12.0,7.0,7.0,7.333333333333333,7.666666666666667,4.0,8.525937836864806,145,53,5.0,0.4740621631351942
622770257974,2025-07,7,10.0,6.0,12.0,12.0,6.0,13.0,10.0,8.166666666666666,6.0,8.436354822335849,145,54,4.0,1.5636451776641511
622770257975,2025-07,15,19.0,12.0,8.0,7.0,9.0,20.0,9.0,11.5,12.0,13.189694026425451,145,55,7.0,5.810305973574549
622770257976,2025-07,25,32.0,8.0,22.0,10.0,21.0,33.0,13.333333333333334,18.833333333333332,8.0,20.725884927478937,145,56,24.0,11.274115072521063
622770257977,2025-07,5,9.0,13.0,10.0,14.0,10.0,14.0,12.333333333333334,11.0,13.0,9.905095947665194,145,57,4.0,0.9050959476651936
622770257978,2025-07,4,2.0,3.0,5.0,4.0,4.0,4.0,4.0,3.6666666666666665,3.0,3.96183119034031,145,58,1.0,1.9618311903403098
622770257980,2025-07,5,2.0,3.0,3.0,3.0,1.0,3.0,3.0,2.6666666666666665,3.0,3.5651121038235303,145,60,1.0,1.5651121038235303
622770257981,2025-07,22,13.0,13.0,14.0,13.0,10.0,19.0,13.333333333333334,11.333333333333334,13.0,15.612735963082145,145,61,0.0,2.6127359630821445
622770257984,2025-07,3,16.0,5.0,4.0,10.0,4.0,17.0,6.333333333333333,6.166666666666667,5.0,6.584820066296862,145,64,11.0,9.415179933703138
622770257986,2025-07,3,1.0,4.0,5.0,1.0,2.0,1.0,3.3333333333333335,2.3333333333333335,4.0,2.779078989597358,145,66,3.0,1.779078989597358
622770257987,2025-07,3,4.0,1.0,3.0,1.0,4.0,3.0,1.6666666666666667,2.3333333333333335,1.0,2.68695212464558,145,67,3.0,1.3130478753544201
622770257991,2025-07,1,4.0,1.0,1.0,1.0,1.0,2.0,1.0,1.5,1.0,1.5268805223956203,145,71,3.0,2.4731194776043797
622770257992,2025-07,2,1.0,2.0,4.0,4.0,2.0,1.0,3.3333333333333335,2.5,2.0,2.3948144083672176,145,72,1.0,1.3948144083672176
622770257995,2025-07,18,12.0,16.0,11.0,8.0,11.0,11.0,11.666666666666666,13.0,16.0,14.088204770315713,145,75,4.0,2.0882047703157127
622770257996,2025-07,18,20.0,13.0,9.0,20.0,15.0,14.0,14.0,14.0,13.0,14.997140761277892,145,76,7.0,5.002859238722108
622770257997,2025-07,18,15.0,19.0,12.0,12.0,13.0,9.0,14.333333333333334,15.666666666666666,19.0,15.331774697920835,145,77,4.0,0.33177469792083514
622770257998,2025-07,6,5.0,3.0,5.0,10.0,2.0,7.0,6.0,4.333333333333333,3.0,5.291244530498572,145,78,2.0,0.291244530498572
622770257999,2025-07,5,3.0,5.0,6.0,4.0,3.0,7.0,5.0,3.6666666666666665,5.0,4.861027388060287,145,79,2.0,1.861027388060287
622770258001,2025-07,1,4.0,4.0,2.0,7.0,1.0,10.0,4.333333333333333,4.0,4.0,3.988620492833686,145,81,0.0,0.011379507166314085
622770258002,2025-07,12,5.0,10.0,13.0,6.0,6.0,10.0,9.666666666666666,8.166666666666666,10.0,9.75426921872743,145,82,5.0,4.75426921872743
622770258003,2025-07,14,7.0,13.0,16.0,22.0,13.0,12.0,17.0,14.0,13.0,13.852118678990573,145,83,6.0,6.852118678990573
622770258004,2025-07,10,11.0,19.0,29.0,35.0,31.0,15.0,27.666666666666668,26.0,19.0,19.408836700172674,145,84,8.0,8.408836700172674
622770258005,2025-07,4,1.0,1.0,4.0,1.0,4.0,2.0,2.0,3.1666666666666665,1.0,3.1555938526488445,145,85,0.0,2.1555938526488445
622770258006,2025-07,4,2.0,2.0,3.0,1.0,1.0,2.0,2.0,2.1666666666666665,2.0,2.792452060531777,145,86,0.0,0.7924520605317769
622770258007,2025-07,1,1.0,1.0,1.0,2.0,2.0,1.0,1.3333333333333333,1.6666666666666667,1.0,1.531985684951188,145,87,0.0,0.5319856849511879
622770258016,2025-07,2,4.0,3.0,1.0,2.0,1.0,3.0,2.0,2.0,3.0,2.377778262700435,145,96,1.0,1.622221737299565
627065225254,2025-07,9,6.0,3.0,5.0,5.0,4.0,2.0,4.333333333333333,4.833333333333333,3.0,5.558970529691511,146,38,3.0,0.4410294703084894
627065225260,2025-07,8,10.0,9.0,10.0,12.0,5.0,5.0,10.333333333333334,7.666666666666667,9.0,7.781390287210071,146,44,1.0,2.218609712789929
627065225261,2025-07,5,4.0,4.0,6.0,4.0,3.0,7.0,4.666666666666667,4.666666666666667,4.0,5.072863259134455,146,45,0.0,1.0728632591344551
627065225262,2025-07,2,2.0,4.0,1.0,2.0,4.0,2.0,2.3333333333333335,2.6666666666666665,4.0,2.7025940157652,146,46,2.0,0.7025940157652002
627065225263,2025-07,13,24.0,15.0,20.0,17.0,15.0,17.0,17.333333333333332,16.5,15.0,15.285059155361347,146,47,9.0,8.714940844638653
627065225264,2025-07,2,2.0,2.0,2.0,1.0,3.0,1.0,1.6666666666666667,2.3333333333333335,2.0,2.189690268970889,146,48,0.0,0.1896902689708888
627065225265,2025-07,3,4.0,9.0,3.0,2.0,7.0,7.0,4.666666666666667,5.333333333333333,9.0,5.275139844439706,146,49,5.0,1.275139844439706
627065225266,2025-07,21,21.0,19.0,17.0,17.0,20.0,17.0,17.666666666666668,18.5,19.0,18.782588757370753,146,50,2.0,2.2174112426292467
627065225267,2025-07,40,32.0,45.0,49.0,35.0,28.0,51.0,43.0,37.333333333333336,45.0,39.93950333155536,146,51,13.0,7.939503331555358
627065225268,2025-07,29,27.0,13.0,16.0,12.0,18.0,26.0,13.666666666666666,17.666666666666668,13.0,20.92784310529921,146,52,14.0,6.07215689470079
627065225269,2025-07,15,17.0,10.0,5.0,17.0,10.0,21.0,10.666666666666666,10.333333333333334,10.0,13.019209967734119,146,53,7.0,3.9807900322658814
627065225270,2025-07,12,5.0,6.0,10.0,6.0,6.0,6.0,7.333333333333333,7.333333333333333,6.0,8.394675678981152,146,54,1.0,3.3946756789811516
627065225271,2025-07,2,10.0,9.0,10.0,10.0,7.0,3.0,9.666666666666666,8.0,9.0,5.9212777048111,146,55,1.0,4.0787222951889
627065225272,2025-07,32,17.0,32.0,25.0,22.0,22.0,24.0,26.333333333333332,27.5,32.0,27.860510232145195,146,56,15.0,10.860510232145195
627065225273,2025-07,10,22.0,11.0,11.0,6.0,9.0,19.0,9.333333333333334,10.0,11.0,11.091726833011899,146,57,11.0,10.908273166988101
627065225275,2025-07,2,2.0,2.0,3.0,1.0,1.0,2.0,2.0,1.5,2.0,2.0016209954454833,146,59,0.0,0.0016209954454833309
627065225279,2025-07,9,6.0,2.0,3.0,16.0,5.0,10.0,7.0,7.5,2.0,7.7323835252753135,146,63,4.0,1.7323835252753135
627065225280,2025-07,3,3.0,2.0,3.0,4.0,2.0,1.0,3.0,2.8333333333333335,2.0,2.7543368658866116,146,64,1.0,0.24566313411338836
627065225281,2025-07,8,7.0,2.0,6.0,5.0,7.0,9.0,4.333333333333333,4.833333333333333,2.0,6.197707257727739,146,65,5.0,0.802292742272261
627065225282,2025-07,8,4.0,7.0,3.0,11.0,7.0,9.0,7.0,5.833333333333333,7.0,7.239151176363139,146,66,3.0,3.239151176363139
627065225283,2025-07,7,4.0,8.0,2.0,6.0,3.0,5.0,5.333333333333333,4.166666666666667,8.0,5.62870194834429,146,67,4.0,1.6287019483442897
627065225284,2025-07,1,2.0,2.0,1.0,3.0,4.0,1.0,2.0,2.5,2.0,2.039360454652762,146,68,0.0,0.039360454652761945
627065225288,2025-07,3,2.0,1.0,2.0,1.0,2.0,2.0,1.3333333333333333,1.3333333333333333,1.0,2.117857284261989,146,72,1.0,0.11785728426198894
627065225290,2025-07,4,2.0,4.0,5.0,2.0,2.0,1.0,3.6666666666666665,2.5,4.0,3.158639280970002,146,74,2.0,1.158639280970002
627065225291,2025-07,9,11.0,11.0,8.0,3.0,7.0,2.0,7.333333333333333,6.666666666666667,11.0,7.245175041380263,146,75,0.0,3.7548249586197366
627065225292,2025-07,13,9.0,18.0,31.0,17.0,27.0,29.0,22.0,24.333333333333332,18.0,20.597239509958193,146,76,9.0,11.597239509958193
627065225293,2025-07,21,13.0,20.0,21.0,19.0,16.0,25.0,20.0,16.833333333333332,20.0,19.436626584301052,146,77,7.0,6.436626584301052
627065225294,2025-07,19,10.0,11.0,14.0,14.0,8.0,28.0,13.0,10.833333333333334,11.0,15.463395527440706,146,78,1.0,5.4633955274407064
627065225295,2025-07,19,15.0,22.0,16.0,17.0,7.0,18.0,18.333333333333332,15.166666666666666,22.0,17.057119877768923,146,79,7.0,2.0571198777689226
627065225296,2025-07,2,2.0,7.0,2.0,1.0,1.0,4.0,3.3333333333333335,2.6666666666666665,7.0,3.190159935662014,146,80,5.0,1.190159935662014
627065225298,2025-07,10,19.0,10.0,9.0,7.0,10.0,8.0,8.666666666666666,7.833333333333333,10.0,8.868029651790522,146,82,9.0,10.131970348209478
627065225299,2025-07,6,2.0,6.0,9.0,8.0,6.0,9.0,7.666666666666667,7.5,6.0,7.158827534248706,146,83,4.0,5.158827534248706
627065225300,2025-07,13,9.0,11.0,6.0,9.0,8.0,12.0,8.666666666666666,8.0,11.0,10.299431272592155,146,84,2.0,1.2994312725921553
627065225301,2025-07,12,9.0,7.0,8.0,10.0,9.0,14.0,8.333333333333334,8.0,7.0,9.948439860272815,146,85,2.0,0.9484398602728152
627065225302,2025-07,4,5.0,3.0,2.0,4.0,5.0,6.0,3.0,3.6666666666666665,3.0,4.147018665369445,146,86,2.0,0.852981334630555
627065225314,2025-07,9,1.0,1.0,4.0,3.0,2.0,1.0,2.6666666666666665,2.1666666666666665,1.0,4.129009944596968,146,98,0.0,3.1290099445969677
631360192540,2025-07,2,1.0,1.0,2.0,2.0,5.0,6.0,1.6666666666666667,4.0,1.0,3.3728205017057302,147,28,0.0,2.3728205017057302
631360192545,2025-07,1,1.0,1.0,3.0,4.0,1.0,1.0,2.6666666666666665,2.1666666666666665,1.0,1.807808730901364,147,33,0.0,0.807808730901364
631360192546,2025-07,3,2.0,1.0,2.0,1.0,2.0,4.0,1.3333333333333333,1.5,1.0,2.4270967010726725,147,34,1.0,0.4270967010726725
631360192556,2025-07,5,6.0,13.0,5.0,11.0,6.0,10.0,9.666666666666666,7.333333333333333,13.0,7.739429363927432,147,44,7.0,1.7394293639274316
631360192557,2025-07,19,17.0,19.0,17.0,16.0,15.0,6.0,17.333333333333332,15.666666666666666,19.0,15.648270241872506,147,45,2.0,1.3517297581274939
631360192558,2025-07,10,5.0,5.0,6.0,3.0,10.0,9.0,4.666666666666667,6.5,5.0,7.706714676385282,147,46,0.0,2.706714676385282
631360192559,2025-07,10,5.0,4.0,10.0,12.0,11.0,14.0,8.666666666666666,9.5,4.0,9.745602977311586,147,47,1.0,4.745602977311586
631360192560,2025-07,5,4.0,2.0,2.0,4.0,2.0,1.0,2.6666666666666665,2.6666666666666665,2.0,3.235056529032427,147,48,2.0,0.7649434709675731
631360192561,2025-07,9,10.0,5.0,8.0,4.0,6.0,13.0,5.666666666666667,6.333333333333333,5.0,7.831825091648308,147,49,5.0,2.168174908351692
631360192562,2025-07,2,3.0,1.0,4.0,1.0,2.0,6.0,2.0,2.5,1.0,2.7966123930711326,147,50,2.0,0.20338760692886737
631360192563,2025-07,66,51.0,57.0,65.0,69.0,53.0,47.0,63.666666666666664,57.166666666666664,57.0,57.6544240506604,147,51,6.0,6.654424050660403
631360192564,2025-07,11,17.0,16.0,7.0,5.0,11.0,28.0,9.333333333333334,11.833333333333334,16.0,13.60602801459596,147,52,1.0,3.3939719854040398
631360192565,2025-07,1,3.0,2.0,3.0,2.0,1.0,3.0,2.3333333333333335,2.0,2.0,2.0466100897455775,147,53,1.0,0.9533899102544225
631360192566,2025-07,11,14.0,6.0,5.0,4.0,9.0,10.0,5.0,6.333333333333333,6.0,8.146647610234009,147,54,8.0,5.853352389765991
631360192567,2025-07,22,11.0,8.0,12.0,14.0,9.0,16.0,11.333333333333334,9.166666666666666,8.0,13.860775405320412,147,55,3.0,2.860775405320412
631360192568,2025-07,41,41.0,46.0,29.0,35.0,33.0,33.0,36.666666666666664,35.833333333333336,46.0,37.03379614615177,147,56,5.0,3.966203853848228
631360192569,2025-07,4,1.0,1.0,4.0,2.0,1.0,4.0,2.3333333333333335,1.6666666666666667,1.0,2.8399721938197695,147,57,0.0,1.8399721938197695
631360192570,2025-07,1,1.0,1.0,3.0,2.0,2.0,6.0,2.0,2.0,1.0,2.3494485443337325,147,58,0.0,1.3494485443337325
631360192575,2025-07,4,3.0,6.0,5.0,4.0,4.0,2.0,5.0,4.5,6.0,4.333332129507411,147,63,3.0,1.3333321295074114
631360192576,2025-07,5,3.0,2.0,1.0,2.0,1.0,1.0,1.6666666666666667,2.0,2.0,2.863340995376559,147,64,1.0,0.13665900462344105
631360192577,2025-07,4,6.0,5.0,3.0,3.0,3.0,4.0,3.6666666666666665,3.6666666666666665,5.0,4.047037909858725,147,65,1.0,1.9529620901412752
631360192578,2025-07,4,7.0,7.0,3.0,3.0,8.0,10.0,4.333333333333333,4.666666666666667,7.0,5.566094142257873,147,66,0.0,1.4339058577421273
631360192582,2025-07,9,5.0,12.0,17.0,14.0,19.0,22.0,14.333333333333334,13.333333333333334,12.0,13.31366701784501,147,70,7.0,8.31366701784501
631360192584,2025-07,5,3.0,3.0,6.0,5.0,3.0,5.0,4.666666666666667,4.166666666666667,3.0,4.575698814544017,147,72,0.0,1.5756988145440172
631360192585,2025-07,12,11.0,7.0,13.0,5.0,9.0,14.0,8.333333333333334,8.333333333333334,7.0,10.042650445094047,147,73,4.0,0.957349554905953
631360192586,2025-07,19,18.0,11.0,12.0,10.0,21.0,19.0,11.0,13.833333333333334,11.0,15.578183108768663,147,74,7.0,2.4218168912313374
631360192587,2025-07,22,9.0,13.0,17.0,24.0,11.0,27.0,18.0,15.833333333333334,13.0,18.68612077422741,147,75,4.0,9.686120774227408
631360192588,2025-07,15,16.0,15.0,12.0,7.0,15.0,7.0,11.333333333333334,10.333333333333334,15.0,11.878292340275337,147,76,1.0,4.121707659724663
631360192589,2025-07,25,18.0,16.0,19.0,28.0,9.0,37.0,21.0,19.0,16.0,22.35979009220753,147,77,2.0,4.359790092207529
631360192590,2025-07,35,37.0,34.0,26.0,30.0,36.0,39.0,30.0,33.0,34.0,33.55634992343101,147,78,3.0,3.443650076568993
631360192591,2025-07,28,13.0,25.0,23.0,21.0,17.0,21.0,23.0,22.5,25.0,23.566981670191073,147,79,12.0,10.566981670191073
631360192593,2025-07,1,4.0,3.0,5.0,3.0,4.0,3.0,3.6666666666666665,3.3333333333333335,3.0,2.8287729543177385,147,81,1.0,1.1712270456822615
631360192594,2025-07,5,3.0,5.0,3.0,1.0,1.0,3.0,3.0,2.0,5.0,3.5022128363162714,147,82,2.0,0.5022128363162714
631360192595,2025-07,5,5.0,4.0,8.0,6.0,3.0,5.0,6.0,4.333333333333333,4.0,4.858543175413612,147,83,1.0,0.1414568245863883
631360192596,2025-07,13,12.0,16.0,18.0,18.0,15.0,19.0,17.333333333333332,18.833333333333332,16.0,16.39169461754677,147,84,4.0,4.391694617546769
631360192597,2025-07,6,5.0,10.0,4.0,15.0,4.0,7.0,9.666666666666666,7.833333333333333,10.0,7.499535295516722,147,85,5.0,2.499535295516722
631360192598,2025-07,7,4.0,3.0,6.0,3.0,3.0,4.0,4.0,3.8333333333333335,3.0,4.832293163190882,147,86,1.0,0.8322931631908821
631360192599,2025-07,2,1.0,2.0,2.0,1.0,2.0,6.0,1.6666666666666667,2.3333333333333335,2.0,2.7872086988661895,147,87,1.0,1.7872086988661895
631360192600,2025-07,8,1.0,8.0,5.0,3.0,3.0,2.0,5.333333333333333,3.6666666666666665,8.0,5.3590194792624235,147,88,7.0,4.3590194792624235
631360192601,2025-07,4,2.0,3.0,3.0,1.0,3.0,3.0,2.3333333333333335,2.1666666666666665,3.0,3.11381795481745,147,89,1.0,1.11381795481745
631360192606,2025-07,1,1.0,3.0,3.0,1.0,1.0,1.0,2.3333333333333335,1.6666666666666667,3.0,1.7607647045646075,147,94,2.0,0.7607647045646075
631360192609,2025-07,6,2.0,1.0,2.0,1.0,3.0,1.0,1.3333333333333333,1.6666666666666667,1.0,2.9960022933174244,147,97,1.0,0.9960022933174244
631360192610,2025-07,5,1.0,5.0,3.0,3.0,1.0,1.0,3.6666666666666665,2.5,5.0,3.490324929464654,147,98,4.0,2.490324929464654
635655159836,2025-07,3,1.0,1.0,2.0,1.0,1.0,6.0,1.3333333333333333,1.3333333333333333,1.0,2.5881778384436185,148,28,0.0,1.5881778384436185
635655159837,2025-07,6,13.0,2.0,3.0,7.0,8.0,10.0,4.0,6.666666666666667,2.0,6.36549762113278,148,29,11.0,6.63450237886722
635655159838,2025-07,3,2.0,4.0,9.0,4.0,5.0,1.0,5.666666666666667,5.166666666666667,4.0,4.087371719866912,148,30,2.0,2.087371719866912
635655159852,2025-07,5,9.0,3.0,10.0,2.0,12.0,6.0,5.0,9.5,3.0,6.830739548038663,148,44,6.0,2.169260451961337
635655159853,2025-07,8,6.0,6.0,5.0,3.0,6.0,4.0,4.666666666666667,5.0,6.0,5.933125157323867,148,45,0.0,0.06687484267613275
635655159854,2025-07,1,2.0,3.0,4.0,2.0,3.0,2.0,3.0,3.0,3.0,2.478535299927735,148,46,1.0,0.478535299927735
635655159858,2025-07,2,1.0,1.0,2.0,1.0,2.0,1.0,1.3333333333333333,1.6666666666666667,1.0,1.8146185375385535,148,50,0.0,0.8146185375385535
635655159859,2025-07,1,4.0,1.0,5.0,6.0,2.0,7.0,4.0,3.5,1.0,3.197979255396385,148,51,3.0,0.8020207446036149
635655159860,2025-07,2,8.0,5.0,8.0,6.0,3.0,2.0,6.333333333333333,4.166666666666667,5.0,3.6821473987857942,148,52,3.0,4.317852601214206
635655159861,2025-07,6,5.0,5.0,2.0,2.0,4.0,5.0,3.0,3.3333333333333335,5.0,4.599594307795071,148,53,0.0,0.40040569220492905
635655159862,2025-07,5,5.0,3.0,4.0,4.0,1.0,9.0,3.6666666666666665,2.6666666666666665,3.0,4.403180857342143,148,54,2.0,0.5968191426578571
635655159864,2025-07,22,15.0,13.0,16.0,5.0,8.0,13.0,11.333333333333334,10.166666666666666,13.0,14.148579910115368,148,56,2.0,0.8514200898846322
635655159865,2025-07,7,1.0,2.0,3.0,12.0,7.0,6.0,5.666666666666667,6.666666666666667,2.0,6.298905492445721,148,57,1.0,5.298905492445721
635655159869,2025-07,1,7.0,4.0,1.0,4.0,2.0,1.0,3.0,2.3333333333333335,4.0,2.181015558587969,148,61,3.0,4.818984441412031
635655159870,2025-07,3,3.0,17.0,1.0,6.0,2.0,3.0,8.0,6.166666666666667,17.0,5.870188441747613,148,62,14.0,2.8701884417476133
635655159871,2025-07,3,4.0,3.0,2.0,9.0,3.0,7.0,4.666666666666667,4.666666666666667,3.0,4.435550555324849,148,63,1.0,0.4355505553248493
635655159872,2025-07,1,1.0,1.0,1.0,1.0,1.0,1.0,1.0,1.0,1.0,1.2351516505319147,148,64,0.0,0.23515165053191467
635655159873,2025-07,1,1.0,2.0,1.0,1.0,1.0,1.0,1.3333333333333333,1.1666666666666667,2.0,1.407221437141164,148,65,1.0,0.407221437141164
635655159874,2025-07,4,2.0,1.0,1.0,2.0,2.0,3.0,1.3333333333333333,1.3333333333333333,1.0,2.533878710941205,148,66,1.0,0.5338787109412051
635655159878,2025-07,4,3.0,4.0,2.0,6.0,2.0,4.0,4.0,3.6666666666666665,4.0,3.9724130375745483,148,70,1.0,0.9724130375745483
635655159880,2025-07,19,16.0,32.0,22.0,13.0,12.0,16.0,22.333333333333332,17.5,32.0,18.994556150623847,148,72,16.0,2.994556150623847
635655159881,2025-07,50,26.0,57.0,56.0,53.0,29.0,13.0,55.333333333333336,46.5,57.0,43.37789523266579,148,73,31.0,17.377895232665793
635655159882,2025-07,27,22.0,35.0,26.0,25.0,24.0,30.0,28.666666666666668,24.333333333333332,35.0,26.734505443947462,148,74,13.0,4.734505443947462
635655159883,2025-07,13,8.0,11.0,14.0,6.0,16.0,13.0,10.333333333333334,11.5,11.0,12.056293038291955,148,75,3.0,4.056293038291955
635655159884,2025-07,11,11.0,12.0,8.0,3.0,10.0,5.0,7.666666666666667,7.666666666666667,12.0,8.75992603161931,148,76,1.0,2.24007396838069
635655159885,2025-07,13,8.0,6.0,13.0,6.0,2.0,8.0,8.333333333333334,6.833333333333333,6.0,8.724064066413966,148,77,2.0,0.7240640664139661
635655159886,2025-07,26,26.0,31.0,34.0,25.0,28.0,33.0,30.0,27.166666666666668,31.0,27.73483709080748,148,78,5.0,1.7348370908074813
635655159887,2025-07,38,31.0,27.0,26.0,23.0,22.0,32.0,25.333333333333332,23.0,27.0,28.60043437627003,148,79,4.0,2.39956562372997
635655159889,2025-07,8,17.0,13.0,11.0,13.0,7.0,16.0,12.333333333333334,8.833333333333334,13.0,10.18520045923017,148,81,4.0,6.81479954076983
635655159890,2025-07,7,8.0,15.0,18.0,15.0,11.0,13.0,16.0,14.333333333333334,15.0,12.045283998699055,148,82,7.0,4.045283998699055
635655159891,2025-07,8,13.0,6.0,4.0,7.0,15.0,12.0,5.666666666666667,7.833333333333333,6.0,8.349349634435164,148,83,7.0,4.650650365564836
635655159893,2025-07,8,2.0,3.0,6.0,2.0,13.0,10.0,3.6666666666666665,5.666666666666667,3.0,6.830210000983808,148,85,1.0,4.830210000983808
635655159894,2025-07,7,6.0,11.0,7.0,8.0,3.0,9.0,8.666666666666666,8.666666666666666,11.0,8.227393003771454,148,86,5.0,2.2273930037714536
635655159895,2025-07,6,3.0,4.0,2.0,3.0,7.0,5.0,3.0,3.5,4.0,4.691613122184502,148,87,1.0,1.6916131221845019
635655159896,2025-07,3,1.0,3.0,3.0,3.0,7.0,4.0,3.0,3.6666666666666665,3.0,3.680741260322657,148,88,2.0,2.680741260322657
635655159897,2025-07,4,5.0,1.0,3.0,5.0,4.0,2.0,3.0,2.6666666666666665,1.0,3.1111234783264283,148,89,4.0,1.8888765216735717
635655159902,2025-07,3,5.0,2.0,2.0,1.0,2.0,3.0,1.6666666666666667,2.5,2.0,2.74618693888498,148,94,3.0,2.25381306111502
639950127133,2025-07,9,5.0,5.0,4.0,2.0,3.0,6.0,3.6666666666666665,3.3333333333333335,5.0,5.617291990212561,149,29,0.0,0.6172919902125606
639950127134,2025-07,3,1.0,4.0,2.0,3.0,1.0,1.0,3.0,2.1666666666666665,4.0,2.656061998895395,149,30,3.0,1.656061998895395
639950127143,2025-07,8,7.0,9.0,9.0,9.0,9.0,14.0,9.0,10.666666666666666,9.0,9.914382592563237,149,39,2.0,2.9143825925632374
639950127148,2025-07,11,7.0,10.0,11.0,4.0,8.0,5.0,8.333333333333334,8.833333333333334,10.0,8.979105198788918,149,44,3.0,1.9791051987889183
639950127153,2025-07,4,3.0,3.0,4.0,2.0,4.0,4.0,3.0,3.0,3.0,3.6285866053574907,149,49,0.0,0.6285866053574907
639950127154,2025-07,17,5.0,12.0,10.0,7.0,7.0,9.0,9.666666666666666,9.166666666666666,12.0,11.589006734462561,149,50,7.0,6.589006734462561
639950127155,2025-07,7,6.0,9.0,11.0,13.0,6.0,14.0,11.0,10.5,9.0,9.686137726283162,149,51,3.0,3.686137726283162
639950127156,2025-07,3,5.0,10.0,5.0,4.0,6.0,4.0,6.333333333333333,5.666666666666667,10.0,5.231751719091431,149,52,5.0,0.23175171909143089
639950127157,2025-07,5,2.0,5.0,3.0,1.0,7.0,5.0,3.0,3.1666666666666665,5.0,4.371339937465325,149,53,3.0,2.371339937465325
639950127158,2025-07,1,2.0,3.0,1.0,8.0,1.0,5.0,4.0,3.1666666666666665,3.0,2.9642820153117952,149,54,1.0,0.9642820153117952
639950127159,2025-07,8,6.0,5.0,6.0,10.0,16.0,4.0,7.0,7.666666666666667,5.0,7.386919213475634,149,55,1.0,1.3869192134756343
639950127160,2025-07,10,1.0,10.0,2.0,5.0,7.0,8.0,5.666666666666667,5.166666666666667,10.0,7.545889786045903,149,56,9.0,6.545889786045903
639950127164,2025-07,1,1.0,2.0,1.0,2.0,1.0,1.0,1.6666666666666667,1.5,2.0,1.5558971921206997,149,60,1.0,0.5558971921206997
639950127165,2025-07,19,16.0,5.0,6.0,17.0,5.0,20.0,9.333333333333334,11.333333333333334,5.0,13.621394616955328,149,61,11.0,2.378605383044672
639950127166,2025-07,9,5.0,5.0,8.0,6.0,4.0,9.0,6.333333333333333,6.166666666666667,5.0,7.26922487448987,149,62,0.0,2.26922487448987
639950127167,2025-07,7,8.0,5.0,5.0,5.0,4.0,4.0,5.0,5.166666666666667,5.0,5.58604945078444,149,63,3.0,2.41395054921556
639950127168,2025-07,13,17.0,5.0,3.0,11.0,3.0,8.0,6.333333333333333,6.0,5.0,8.207101937771087,149,64,12.0,8.792898062228913
639950127169,2025-07,9,5.0,9.0,8.0,17.0,2.0,13.0,11.333333333333334,8.166666666666666,9.0,9.256975615843487,149,65,4.0,4.256975615843487
639950127175,2025-07,3,4.0,2.0,2.0,10.0,1.0,7.0,4.666666666666667,5.5,2.0,4.554589287882417,149,71,2.0,0.5545892878824166
639950127176,2025-07,23,24.0,30.0,15.0,27.0,6.0,25.0,24.0,20.666666666666668,30.0,22.1535879607597,149,72,6.0,1.846412039240299
639950127177,2025-07,4,2.0,4.0,6.0,5.0,5.0,8.0,5.0,5.0,4.0,5.139950585397302,149,73,2.0,3.139950585397302
639950127178,2025-07,22,13.0,23.0,12.0,19.0,8.0,12.0,18.0,16.333333333333332,23.0,17.62512450472932,149,74,10.0,4.625124504729321
639950127179,2025-07,14,14.0,19.0,22.0,19.0,4.0,7.0,20.0,18.0,19.0,14.98788863642448,149,75,5.0,0.9878886364244792
639950127180,2025-07,18,22.0,22.0,15.0,18.0,13.0,23.0,18.333333333333332,16.333333333333332,22.0,18.02520775347162,149,76,0.0,3.9747922465283807
639950127181,2025-07,30,36.0,26.0,31.0,25.0,18.0,26.0,27.333333333333332,22.166666666666668,26.0,25.263535488485978,149,77,10.0,10.736464511514022
639950127182,2025-07,11,12.0,12.0,13.0,13.0,11.0,19.0,12.666666666666666,12.666666666666666,12.0,12.793826819031288,149,78,0.0,0.7938268190312883
639950127183,2025-07,4,1.0,3.0,2.0,3.0,2.0,7.0,2.6666666666666665,2.0,3.0,3.57137861701767,149,79,2.0,2.57137861701767
639950127184,2025-07,2,1.0,2.0,2.0,1.0,1.0,3.0,1.6666666666666667,1.3333333333333333,2.0,2.0380821307520574,149,80,1.0,1.0380821307520574
639950127185,2025-07,10,6.0,3.0,20.0,7.0,10.0,16.0,10.0,8.666666666666666,3.0,9.734071961096541,149,81,3.0,3.734071961096541
639950127186,2025-07,6,9.0,9.0,9.0,10.0,7.0,2.0,9.333333333333334,7.333333333333333,9.0,6.68172489964612,149,82,0.0,2.3182751003538797
639950127187,2025-07,25,16.0,29.0,19.0,18.0,35.0,28.0,22.0,24.666666666666668,29.0,25.21399383312586,149,83,13.0,9.213993833125858
639950127188,2025-07,1,1.0,1.0,3.0,4.0,1.0,4.0,2.6666666666666665,2.0,1.0,2.134558692659027,149,84,0.0,1.1345586926590272
639950127189,2025-07,18,6.0,10.0,16.0,9.0,9.0,10.0,11.666666666666666,10.166666666666666,10.0,12.466819757715243,149,85,4.0,6.466819757715243
639950127190,2025-07,20,13.0,7.0,2.0,10.0,3.0,8.0,6.333333333333333,6.0,7.0,10.366770093421493,149,86,6.0,2.6332299065785065
639950127191,2025-07,3,1.0,3.0,4.0,1.0,6.0,1.0,2.6666666666666665,3.0,3.0,2.999218249573281,149,87,2.0,1.999218249573281
639950127192,2025-07,30,44.0,19.0,29.0,14.0,20.0,49.0,20.666666666666668,22.833333333333332,19.0,27.16416152380976,149,88,25.0,16.83583847619024
639950127193,2025-07,4,1.0,2.0,2.0,1.0,1.0,2.0,1.6666666666666667,1.3333333333333333,2.0,2.4823406585912986,149,89,1.0,1.4823406585912986
639950127197,2025-07,1,1.0,1.0,1.0,5.0,1.0,4.0,2.3333333333333335,2.1666666666666665,1.0,2.1566046322077135,149,93,0.0,1.1566046322077135
639950127198,2025-07,2,1.0,2.0,2.0,3.0,1.0,1.0,2.3333333333333335,2.3333333333333335,2.0,2.190725220050478,149,94,1.0,1.1907252200504779
644245094441,2025-07,1,4.0,1.0,3.0,3.0,3.0,1.0,2.3333333333333335,2.1666666666666665,1.0,1.845762204034619,150,41,3.0,2.154237795965381
644245094442,2025-07,3,1.0,7.0,2.0,4.0,2.0,4.0,4.333333333333333,5.0,7.0,4.399135674116885,150,42,6.0,3.399135674116885
644245094449,2025-07,7,7.0,5.0,5.0,3.0,5.0,10.0,4.333333333333333,5.833333333333333,5.0,6.529105466847204,150,49,2.0,0.47089453315279606
644245094450,2025-07,29,22.0,29.0,16.0,22.0,19.0,22.0,22.333333333333332,21.0,29.0,23.81989804052739,150,50,7.0,1.8198980405273915
644245094451,2025-07,5,5.0,8.0,21.0,17.0,3.0,7.0,15.333333333333334,10.666666666666666,8.0,8.561385337961736,150,51,3.0,3.5613853379617364
644245094453,2025-07,7,4.0,7.0,5.0,4.0,2.0,5.0,5.333333333333333,5.5,7.0,5.941456578157668,150,53,3.0,1.941456578157668
644245094454,2025-07,17,6.0,20.0,6.0,8.0,7.0,8.0,11.333333333333334,8.333333333333334,20.0,12.020815625757239,150,54,14.0,6.020815625757239
644245094460,2025-07,3,3.0,2.0,1.0,1.0,2.0,1.0,1.3333333333333333,1.3333333333333333,2.0,2.071992454750472,150,60,1.0,0.9280075452495282
644245094461,2025-07,10,7.0,7.0,10.0,7.0,9.0,6.0,8.0,7.5,7.0,8.149690332269481,150,61,0.0,1.149690332269481
644245094462,2025-07,20,20.0,12.0,12.0,18.0,10.0,12.0,14.0,13.833333333333334,12.0,14.979479260074534,150,62,8.0,5.020520739925466
644245094463,2025-07,54,49.0,35.0,58.0,53.0,49.0,51.0,48.666666666666664,50.333333333333336,35.0,48.87796207724661,150,63,14.0,0.12203792275339254
644245094464,2025-07,14,17.0,21.0,19.0,14.0,21.0,19.0,18.0,18.5,21.0,17.264631164896734,150,64,4.0,0.2646311648967341
644245094465,2025-07,11,8.0,4.0,8.0,5.0,14.0,7.0,5.666666666666667,7.166666666666667,4.0,8.14384246020726,150,65,4.0,0.1438424602072601
644245094466,2025-07,16,6.0,8.0,1.0,1.0,1.0,1.0,3.3333333333333335,2.8333333333333335,8.0,6.944937844976884,150,66,2.0,0.9449378449768844
644245094468,2025-07,2,3.0,1.0,4.0,5.0,7.0,5.0,3.3333333333333335,3.6666666666666665,1.0,3.401628615257499,150,68,2.0,0.4016286152574988
644245094470,2025-07,3,4.0,1.0,6.0,1.0,1.0,3.0,2.6666666666666665,2.1666666666666665,1.0,2.62437483831434,150,70,3.0,1.3756251616856598
644245094471,2025-07,14,26.0,22.0,16.0,17.0,14.0,15.0,18.333333333333332,16.666666666666668,22.0,16.009774870907087,150,71,4.0,9.990225129092913
644245094472,2025-07,7,7.0,8.0,6.0,5.0,1.0,7.0,6.333333333333333,5.666666666666667,8.0,6.404332666757803,150,72,1.0,0.5956673332421971
644245094474,2025-07,36,31.0,19.0,33.0,36.0,24.0,38.0,29.333333333333332,28.333333333333332,19.0,30.444396486738274,150,74,12.0,0.5556035132617261
644245094475,2025-07,36,28.0,18.0,22.0,18.0,21.0,24.0,19.333333333333332,20.5,18.0,24.756719525392167,150,75,10.0,3.2432804746078325
644245094476,2025-07,2,4.0,3.0,1.0,2.0,3.0,7.0,2.0,2.0,3.0,2.9635116629012135,150,76,1.0,1.0364883370987865
644245094478,2025-07,27,20.0,19.0,17.0,25.0,23.0,36.0,20.333333333333332,22.166666666666668,19.0,24.547598484744707,150,78,1.0,4.547598484744707
644245094479,2025-07,22,20.0,19.0,11.0,21.0,22.0,27.0,17.0,19.0,19.0,20.52236385648891,150,79,1.0,0.5223638564889086
644245094480,2025-07,10,10.0,12.0,14.0,6.0,5.0,13.0,10.666666666666666,9.0,12.0,10.070499138034767,150,80,2.0,0.07049913803476748
644245094481,2025-07,4,5.0,1.0,3.0,8.0,7.0,6.0,4.0,6.0,1.0,4.949166407505695,150,81,4.0,0.05083359249430508
644245094482,2025-07,20,34.0,20.0,21.0,26.0,9.0,39.0,22.333333333333332,19.166666666666668,20.0,21.70310228666137,150,82,14.0,12.29689771333863
644245094483,2025-07,13,13.0,12.0,8.0,5.0,10.0,8.0,8.333333333333334,8.5,12.0,10.065171237655646,150,83,1.0,2.9348287623443543
644245094484,2025-07,8,10.0,15.0,7.0,12.0,7.0,10.0,11.333333333333334,8.833333333333334,15.0,9.473904723092112,150,84,5.0,0.5260952769078884
644245094485,2025-07,20,16.0,20.0,14.0,3.0,16.0,20.0,12.333333333333334,14.833333333333334,20.0,16.981718706784356,150,85,4.0,0.9817187067843562
644245094486,2025-07,4,7.0,5.0,4.0,5.0,4.0,2.0,4.666666666666667,5.166666666666667,5.0,4.438576019003981,150,86,2.0,2.561423980996019
644245094487,2025-07,6,7.0,2.0,5.0,5.0,3.0,6.0,4.0,4.833333333333333,2.0,5.0548803573178684,150,87,5.0,1.9451196426821316
644245094488,2025-07,18,7.0,10.0,13.0,17.0,19.0,20.0,13.333333333333334,13.5,10.0,15.424609477880834,150,88,3.0,8.424609477880834
644245094493,2025-07,2,8.0,6.0,1.0,2.0,3.0,4.0,3.0,4.166666666666667,6.0,3.6465640494214098,150,93,2.0,4.35343595057859
648540061738,2025-07,2,2.0,8.0,1.0,4.0,4.0,1.0,4.333333333333333,4.333333333333333,8.0,3.670714127214289,151,42,6.0,1.6707141272142891
648540061746,2025-07,15,15.0,20.0,12.0,5.0,12.0,13.0,12.333333333333334,14.5,20.0,14.405312140825684,151,50,5.0,0.5946878591743161
648540061747,2025-07,15,8.0,5.0,9.0,7.0,12.0,7.0,7.0,7.666666666666667,5.0,9.605440410792363,151,51,3.0,1.6054404107923634
648540061749,2025-07,12,14.0,20.0,21.0,11.0,8.0,12.0,17.333333333333332,13.833333333333334,20.0,13.604639424047885,151,53,6.0,0.3953605759521146
648540061750,2025-07,5,15.0,12.0,5.0,9.0,12.0,12.0,8.666666666666666,8.833333333333334,12.0,8.523040826191586,151,54,3.0,6.476959173808414
648540061751,2025-07,3,2.0,7.0,5.0,4.0,1.0,1.0,5.333333333333333,4.0,7.0,3.7576883310740055,151,55,5.0,1.7576883310740055
648540061753,2025-07,1,1.0,2.0,4.0,1.0,3.0,3.0,2.3333333333333335,2.1666666666666665,2.0,2.1753003032859297,151,57,1.0,1.1753003032859297
648540061756,2025-07,2,3.0,2.0,2.0,14.0,3.0,2.0,6.0,4.333333333333333,2.0,3.481861644051664,151,60,1.0,0.4818616440516639
648540061757,2025-07,9,12.0,10.0,19.0,11.0,8.0,4.0,13.333333333333334,12.166666666666666,10.0,9.937387796869155,151,61,2.0,2.062612203130845
648540061758,2025-07,16,14.0,8.0,15.0,21.0,7.0,12.0,14.666666666666666,13.0,8.0,13.202675292839,151,62,6.0,0.7973247071609997
648540061759,2025-07,18,34.0,27.0,35.0,35.0,13.0,37.0,32.333333333333336,31.833333333333332,27.0,26.87323421233701,151,63,7.0,7.12676578766299
648540061760,2025-07,11,10.0,4.0,8.0,9.0,4.0,2.0,7.0,6.0,4.0,6.895191634076371,151,64,6.0,3.1048083659236294
648540061761,2025-07,4,2.0,7.0,3.0,5.0,1.0,2.0,5.0,3.5,7.0,3.9732856865794357,151,65,5.0,1.9732856865794357
648540061762,2025-07,6,4.0,3.0,6.0,3.0,6.0,4.0,4.0,3.5,3.0,4.552290476666883,151,66,1.0,0.552290476666883
648540061763,2025-07,6,4.0,2.0,4.0,3.0,4.0,4.0,3.0,2.6666666666666665,2.0,4.0121179811306495,151,67,2.0,0.012117981130649547
648540061767,2025-07,8,4.0,14.0,10.0,6.0,3.0,3.0,10.0,9.0,14.0,8.241002022355863,151,71,10.0,4.241002022355863
648540061768,2025-07,11,4.0,6.0,11.0,5.0,4.0,9.0,7.333333333333333,5.666666666666667,6.0,7.86206720397706,151,72,2.0,3.86206720397706
648540061769,2025-07,9,11.0,10.0,8.0,6.0,3.0,12.0,8.0,7.166666666666667,10.0,8.527540151387427,151,73,1.0,2.472459848612573
648540061770,2025-07,45,26.0,54.0,36.0,34.0,34.0,23.0,41.333333333333336,35.166666666666664,54.0,37.87389855402121,151,74,28.0,11.87389855402121
648540061771,2025-07,38,22.0,30.0,20.0,20.0,21.0,43.0,23.333333333333332,24.333333333333332,30.0,30.419244024410794,151,75,8.0,8.419244024410794
648540061774,2025-07,14,18.0,16.0,16.0,9.0,19.0,13.0,13.666666666666666,13.333333333333334,16.0,13.835596434119912,151,78,2.0,4.164403565880088
648540061775,2025-07,6,11.0,8.0,4.0,7.0,7.0,11.0,6.333333333333333,7.5,8.0,7.467692677469307,151,79,3.0,3.532307322530693
648540061776,2025-07,18,4.0,3.0,10.0,11.0,11.0,5.0,8.0,8.333333333333334,3.0,10.346527506978038,151,80,1.0,6.346527506978038
648540061778,2025-07,2,1.0,2.0,3.0,4.0,3.0,7.0,3.0,2.5,2.0,3.1605795362985347,151,82,1.0,2.1605795362985347
648540061779,2025-07,3,7.0,8.0,3.0,7.0,10.0,8.0,6.0,7.333333333333333,8.0,6.25359055061098,151,83,1.0,0.7464094493890201
648540061782,2025-07,3,1.0,2.0,2.0,1.0,5.0,5.0,1.6666666666666667,2.6666666666666665,2.0,3.1708392017148137,151,86,1.0,2.1708392017148137
648540061783,2025-07,13,1.0,11.0,9.0,6.0,5.0,11.0,8.666666666666666,7.166666666666667,11.0,9.773316176375333,151,87,10.0,8.773316176375333
648540061784,2025-07,22,4.0,15.0,16.0,6.0,3.0,8.0,12.333333333333334,8.0,15.0,12.88070880486293,151,88,11.0,8.88070880486293
648540061787,2025-07,8,4.0,4.0,5.0,2.0,3.0,3.0,3.6666666666666665,3.0,4.0,4.7589497843262505,151,91,0.0,0.7589497843262505
652835029029,2025-07,3,1.0,6.0,3.0,2.0,3.0,1.0,3.6666666666666665,2.8333333333333335,6.0,3.1837354510375935,152,37,5.0,2.1837354510375935
652835029040,2025-07,8,8.0,9.0,10.0,4.0,2.0,5.0,7.666666666666667,4.833333333333333,9.0,6.421727735971306,152,48,1.0,1.5782722640286941
652835029041,2025-07,6,14.0,7.0,7.0,2.0,8.0,19.0,5.333333333333333,6.0,7.0,7.825664626182739,152,49,7.0,6.174335373817261
652835029042,2025-07,6,3.0,4.0,3.0,10.0,6.0,1.0,5.666666666666667,4.5,4.0,4.7822247074704975,152,50,1.0,1.7822247074704975
652835029043,2025-07,4,7.0,10.0,11.0,13.0,7.0,5.0,11.333333333333334,9.0,10.0,7.346276320979609,152,51,3.0,0.3462763209796087
652835029044,2025-07,5,2.0,2.0,3.0,5.0,3.0,2.0,3.3333333333333335,3.1666666666666665,2.0,3.640137848805776,152,52,0.0,1.640137848805776
652835029050,2025-07,4,2.0,1.0,7.0,4.0,1.0,4.0,4.0,3.0,1.0,3.4643775903834735,152,58,1.0,1.4643775903834735
652835029051,2025-07,3,2.0,4.0,2.0,3.0,1.0,3.0,3.0,3.0,4.0,3.1846760772394624,152,59,2.0,1.1846760772394624
652835029052,2025-07,2,1.0,6.0,1.0,4.0,3.0,3.0,3.6666666666666665,2.8333333333333335,6.0,3.158593699066661,152,60,5.0,2.158593699066661
652835029053,2025-07,1,2.0,6.0,8.0,2.0,3.0,1.0,5.333333333333333,5.0,6.0,3.50471207258693,152,61,4.0,1.5047120725869298
652835029054,2025-07,7,2.0,8.0,2.0,4.0,7.0,6.0,4.666666666666667,4.333333333333333,8.0,5.886650435707817,152,62,6.0,3.886650435707817
652835029055,2025-07,15,10.0,13.0,13.0,2.0,4.0,16.0,9.333333333333334,9.833333333333334,13.0,12.041860501652517,152,63,3.0,2.0418605016525166
652835029056,2025-07,3,2.0,4.0,13.0,3.0,1.0,7.0,6.666666666666667,4.166666666666667,4.0,4.4721970630388235,152,64,2.0,2.4721970630388235
652835029058,2025-07,2,2.0,1.0,3.0,3.0,7.0,4.0,2.3333333333333335,3.1666666666666665,1.0,2.996029819944355,152,66,1.0,0.9960298199443551
652835029059,2025-07,7,13.0,8.0,9.0,6.0,2.0,17.0,7.666666666666667,6.166666666666667,8.0,8.025981018001684,152,67,5.0,4.9740189819983165
652835029060,2025-07,3,7.0,15.0,8.0,8.0,8.0,9.0,10.333333333333334,8.5,15.0,7.726788834574901,152,68,8.0,0.7267888345749007
652835029061,2025-07,7,5.0,10.0,5.0,2.0,4.0,12.0,5.666666666666667,5.5,10.0,7.182485120751483,152,69,5.0,2.1824851207514833
652835029062,2025-07,1,2.0,7.0,2.0,1.0,2.0,1.0,3.3333333333333335,2.8333333333333335,7.0,2.616152720800943,152,70,5.0,0.616152720800943
652835029063,2025-07,6,5.0,8.0,1.0,3.0,4.0,5.0,4.0,3.8333333333333335,8.0,5.118899016811913,152,71,3.0,0.11889901681191262
652835029064,2025-07,7,14.0,8.0,11.0,14.0,5.0,10.0,11.0,8.0,8.0,8.23798259699219,152,72,6.0,5.76201740300781
652835029065,2025-07,11,13.0,8.0,15.0,14.0,7.0,17.0,12.333333333333334,9.666666666666666,8.0,11.040231385368259,152,73,5.0,1.9597686146317415
652835029066,2025-07,51,59.0,47.0,40.0,47.0,33.0,38.0,44.666666666666664,40.333333333333336,47.0,42.987757544876295,152,74,12.0,16.012242455123705
652835029067,2025-07,58,56.0,49.0,57.0,51.0,36.0,37.0,52.333333333333336,46.833333333333336,49.0,48.11556109227438,152,75,7.0,7.884438907725617
652835029068,2025-07,5,3.0,2.0,3.0,3.0,3.0,3.0,2.6666666666666665,2.3333333333333335,2.0,3.4151405491770337,152,76,1.0,0.4151405491770337
652835029069,2025-07,32,21.0,44.0,17.0,33.0,19.0,30.0,31.333333333333332,27.666666666666668,44.0,30.11156982665353,152,77,23.0,9.111569826653529
652835029070,2025-07,14,8.0,9.0,8.0,16.0,14.0,23.0,11.0,11.333333333333334,9.0,13.42228798400978,152,78,1.0,5.422287984009779
652835029071,2025-07,13,13.0,12.0,10.0,12.0,22.0,15.0,11.333333333333334,16.166666666666668,12.0,14.284721478899222,152,79,1.0,1.2847214788992218
652835029072,2025-07,10,11.0,9.0,8.0,6.0,4.0,10.0,7.666666666666667,7.166666666666667,9.0,8.480117429183688,152,80,2.0,2.5198825708163124
652835029073,2025-07,5,3.0,3.0,4.0,9.0,4.0,5.0,5.333333333333333,4.5,3.0,4.808024640787627,152,81,0.0,1.808024640787627
652835029074,2025-07,3,7.0,3.0,5.0,7.0,7.0,15.0,5.0,5.333333333333333,3.0,5.856094393905355,152,82,4.0,1.1439056060946449
652835029075,2025-07,4,1.0,2.0,1.0,1.0,1.0,1.0,1.3333333333333333,1.8333333333333333,2.0,2.483780704003914,152,83,1.0,1.4837807040039142
652835029077,2025-07,7,3.0,2.0,2.0,6.0,3.0,1.0,3.3333333333333335,4.166666666666667,2.0,4.416553718134184,152,85,1.0,1.4165537181341836
657129996328,2025-07,6,8.0,3.0,2.0,6.0,5.0,2.0,3.6666666666666665,3.6666666666666665,3.0,4.287660414493363,153,40,5.0,3.712339585506637
657129996329,2025-07,3,3.0,2.0,1.0,1.0,3.0,1.0,1.3333333333333333,2.1666666666666665,2.0,2.3846817303402474,153,41,1.0,0.6153182696597526
657129996331,2025-07,2,1.0,2.0,1.0,1.0,3.0,2.0,1.3333333333333333,1.8333333333333333,2.0,2.1164640735107714,153,43,1.0,1.1164640735107714
657129996335,2025-07,6,2.0,1.0,6.0,1.0,1.0,5.0,2.6666666666666665,2.0,1.0,3.6811115296877013,153,47,1.0,1.6811115296877013
657129996336,2025-07,10,9.0,13.0,8.0,7.0,14.0,10.0,9.333333333333334,10.5,13.0,10.46959313269755,153,48,4.0,1.4695931326975504
657129996337,2025-07,14,14.0,26.0,26.0,12.0,23.0,20.0,21.333333333333332,21.166666666666668,26.0,19.105674866960122,153,49,12.0,5.105674866960122
657129996338,2025-07,11,12.0,14.0,6.0,18.0,11.0,9.0,12.666666666666666,10.0,14.0,10.822492254110827,153,50,2.0,1.177507745889173
657129996339,2025-07,14,13.0,8.0,11.0,10.0,8.0,10.0,9.666666666666666,9.0,8.0,10.526601150895228,153,51,5.0,2.473398849104772
657129996340,2025-07,4,2.0,6.0,5.0,3.0,5.0,1.0,4.666666666666667,4.333333333333333,6.0,4.150773112870602,153,52,4.0,2.150773112870602
657129996344,2025-07,2,2.0,1.0,1.0,2.0,3.0,1.0,1.3333333333333333,1.6666666666666667,1.0,1.8561848354006933,153,56,1.0,0.14381516459930666
657129996346,2025-07,4,8.0,1.0,5.0,7.0,1.0,5.0,4.333333333333333,3.3333333333333335,1.0,3.7464419194548606,153,58,7.0,4.253558080545139
657129996347,2025-07,9,3.0,3.0,4.0,1.0,2.0,1.0,2.6666666666666665,2.6666666666666665,3.0,4.450016334773128,153,59,0.0,1.450016334773128
657129996348,2025-07,6,3.0,2.0,4.0,2.0,1.0,1.0,2.6666666666666665,2.5,2.0,3.4212794183743043,153,60,1.0,0.42127941837430427
657129996350,2025-07,1,2.0,1.0,2.0,1.0,1.0,1.0,1.3333333333333333,1.3333333333333333,1.0,1.3807320563223566,153,62,1.0,0.6192679436776434
657129996351,2025-07,11,10.0,3.0,4.0,11.0,6.0,15.0,6.0,6.833333333333333,3.0,8.717102669721683,153,63,7.0,1.2828973302783169
657129996352,2025-07,14,9.0,12.0,8.0,8.0,8.0,13.0,9.333333333333334,8.5,12.0,11.026912193292882,153,64,3.0,2.0269121932928815
657129996355,2025-07,7,2.0,7.0,3.0,7.0,1.0,4.0,5.666666666666667,4.166666666666667,7.0,5.382217553295211,153,67,5.0,3.3822175532952112
657129996356,2025-07,21,29.0,35.0,41.0,16.0,13.0,28.0,30.666666666666668,23.166666666666668,35.0,24.146154696215106,153,68,6.0,4.853845303784894
657129996357,2025-07,9,5.0,6.0,10.0,5.0,10.0,15.0,7.0,6.833333333333333,6.0,8.63263632940413,153,69,1.0,3.6326363294041304
657129996358,2025-07,2,2.0,1.0,2.0,2.0,3.0,1.0,1.6666666666666667,1.8333333333333333,1.0,1.9469215758077905,153,70,1.0,0.05307842419220954
657129996359,2025-07,4,4.0,6.0,2.0,1.0,11.0,7.0,3.0,5.5,6.0,5.343035643377396,153,71,2.0,1.3430356433773962
657129996360,2025-07,10,4.0,5.0,4.0,5.0,6.0,5.0,4.666666666666667,4.166666666666667,5.0,6.282418761849751,153,72,1.0,2.282418761849751
657129996361,2025-07,18,19.0,29.0,31.0,26.0,14.0,29.0,28.666666666666668,22.5,29.0,22.562861018274567,153,73,10.0,3.5628610182745675
657129996362,2025-07,17,23.0,15.0,14.0,9.0,10.0,18.0,12.666666666666666,12.333333333333334,15.0,14.464457616386706,153,74,8.0,8.535542383613294
657129996363,2025-07,33,19.0,17.0,16.0,15.0,16.0,16.0,16.0,14.5,17.0,20.265675373180816,153,75,2.0,1.265675373180816
657129996364,2025-07,14,20.0,18.0,19.0,13.0,23.0,10.0,16.666666666666668,15.5,18.0,14.818939416029025,153,76,2.0,5.181060583970975
657129996365,2025-07,26,21.0,26.0,20.0,25.0,24.0,25.0,23.666666666666668,22.333333333333332,26.0,23.884270337826862,153,77,5.0,2.8842703378268624
657129996366,2025-07,12,18.0,23.0,23.0,21.0,22.0,26.0,22.333333333333332,22.333333333333332,23.0,19.53437865586622,153,78,5.0,1.5343786558662202
657129996367,2025-07,13,5.0,20.0,10.0,12.0,13.0,13.0,14.0,14.0,20.0,13.908928509238184,153,79,15.0,8.908928509238184
657129996368,2025-07,43,45.0,50.0,45.0,33.0,36.0,55.0,42.666666666666664,38.833333333333336,50.0,42.471421475182744,153,80,5.0,2.528578524817256
657129996369,2025-07,3,16.0,9.0,6.0,11.0,5.0,7.0,8.666666666666666,6.666666666666667,9.0,6.095522313147212,153,81,7.0,9.904477686852788
657129996373,2025-07,1,2.0,7.0,1.0,2.0,1.0,4.0,3.3333333333333335,3.0,7.0,3.017214413841341,153,85,5.0,1.0172144138413408
657129996374,2025-07,3,6.0,8.0,5.0,2.0,2.0,5.0,5.0,4.0,8.0,4.344200055401954,153,86,2.0,1.655799944598046
657129996375,2025-07,2,4.0,1.0,4.0,5.0,3.0,7.0,3.3333333333333335,2.6666666666666665,1.0,3.17307857969257,153,87,3.0,0.8269214203074302
661424963626,2025-07,3,1.0,1.0,1.0,1.0,2.0,2.0,1.0,1.3333333333333333,1.0,2.0819642092382367,154,42,0.0,1.0819642092382367
661424963627,2025-07,1,1.0,2.0,1.0,3.0,2.0,1.0,2.0,1.6666666666666667,2.0,1.6882002303899348,154,43,1.0,0.6882002303899348
661424963628,2025-07,2,4.0,8.0,3.0,11.0,4.0,2.0,7.333333333333333,5.666666666666667,8.0,4.581366445532126,154,44,4.0,0.5813664455321259
661424963630,2025-07,3,8.0,10.0,5.0,3.0,8.0,6.0,6.0,5.333333333333333,10.0,5.414413612885335,154,46,2.0,2.585586387114665
661424963631,2025-07,4,4.0,3.0,2.0,7.0,2.0,3.0,4.0,3.0,3.0,3.547602803314435,154,47,1.0,0.4523971966855651
661424963632,2025-07,17,7.0,12.0,9.0,10.0,10.0,5.0,10.333333333333334,9.166666666666666,12.0,11.276700275241806,154,48,5.0,4.276700275241806
661424963633,2025-07,5,6.0,7.0,6.0,2.0,5.0,6.0,5.0,6.5,7.0,5.899589115235713,154,49,1.0,0.10041088476428683
661424963634,2025-07,3,1.0,5.0,1.0,4.0,1.0,1.0,3.3333333333333335,3.5,5.0,3.2151327923771564,154,50,4.0,2.2151327923771564
661424963640,2025-07,2,2.0,3.0,3.0,4.0,1.0,2.0,3.3333333333333335,2.6666666666666665,3.0,2.619718046993335,154,56,1.0,0.6197180469933352
661424963642,2025-07,2,4.0,3.0,4.0,2.0,3.0,1.0,3.0,2.8333333333333335,3.0,2.5822219606071757,154,58,1.0,1.4177780393928243
661424963643,2025-07,1,5.0,3.0,1.0,3.0,1.0,2.0,2.3333333333333335,2.3333333333333335,3.0,2.1135279401898437,154,59,2.0,2.8864720598101563
661424963644,2025-07,3,4.0,1.0,2.0,2.0,1.0,2.0,1.6666666666666667,1.6666666666666667,1.0,2.2280620905684714,154,60,3.0,1.7719379094315286
661424963645,2025-07,1,1.0,1.0,4.0,1.0,1.0,1.0,2.0,1.5,1.0,1.5073618717532042,154,61,0.0,0.5073618717532042
661424963647,2025-07,11,3.0,2.0,3.0,13.0,1.0,8.0,6.0,5.0,2.0,6.955940129319977,154,63,1.0,3.955940129319977
661424963650,2025-07,58,59.0,49.0,53.0,53.0,63.0,71.0,51.666666666666664,51.666666666666664,49.0,55.00387532515919,154,66,10.0,3.9961246748408072
661424963651,2025-07,7,9.0,4.0,3.0,4.0,3.0,4.0,3.6666666666666665,4.666666666666667,4.0,5.1550468104751035,154,67,5.0,3.8449531895248965
661424963652,2025-07,8,4.0,9.0,2.0,5.0,7.0,4.0,5.333333333333333,6.0,9.0,6.6226340853291354,154,68,5.0,2.6226340853291354
661424963653,2025-07,15,3.0,7.0,17.0,16.0,4.0,14.0,13.333333333333334,9.833333333333334,7.0,11.773518261944554,154,69,4.0,8.773518261944554
661424963654,2025-07,48,34.0,52.0,69.0,63.0,65.0,44.0,61.333333333333336,62.833333333333336,52.0,53.779569947341955,154,70,18.0,19.779569947341955
661424963655,2025-07,3,1.0,4.0,7.0,3.0,1.0,4.0,4.666666666666667,3.1666666666666665,4.0,3.5461829934552336,154,71,3.0,2.5461829934552336
661424963657,2025-07,31,47.0,33.0,29.0,42.0,32.0,23.0,34.666666666666664,31.166666666666668,33.0,30.07942118539693,154,73,14.0,16.92057881460307
661424963658,2025-07,32,25.0,31.0,25.0,23.0,16.0,33.0,26.333333333333332,23.666666666666668,31.0,27.43482342069992,154,74,6.0,2.434823420699921
661424963659,2025-07,10,20.0,12.0,7.0,3.0,12.0,6.0,7.333333333333333,7.833333333333333,12.0,8.697288193262217,154,75,8.0,11.302711806737783
661424963660,2025-07,11,17.0,15.0,12.0,17.0,9.0,16.0,14.666666666666666,11.333333333333334,15.0,12.368280956982751,154,76,2.0,4.631719043017249
661424963661,2025-07,25,21.0,44.0,31.0,37.0,37.0,52.0,37.333333333333336,38.333333333333336,44.0,35.77075408775197,154,77,23.0,14.770754087751968
661424963662,2025-07,24,23.0,31.0,31.0,18.0,16.0,32.0,26.666666666666668,23.5,31.0,24.987372594469548,154,78,8.0,1.987372594469548
661424963663,2025-07,7,7.0,3.0,7.0,8.0,4.0,7.0,6.0,4.833333333333333,3.0,5.8122549273929796,154,79,4.0,1.1877450726070204
661424963664,2025-07,6,7.0,5.0,8.0,4.0,6.0,11.0,5.666666666666667,5.666666666666667,5.0,6.500870073358218,154,80,2.0,0.4991299266417819
661424963665,2025-07,8,5.0,7.0,7.0,7.0,7.0,6.0,7.0,8.166666666666666,7.0,7.612987467832599,154,81,2.0,2.612987467832599
661424963666,2025-07,18,9.0,14.0,6.0,10.0,6.0,6.0,10.0,8.166666666666666,14.0,11.333453583120217,154,82,5.0,2.3334535831202174
661424963667,2025-07,1,1.0,1.0,1.0,2.0,1.0,2.0,1.3333333333333333,1.5,1.0,1.5658689466084628,154,83,0.0,0.5658689466084628
661424963668,2025-07,1,1.0,2.0,2.0,3.0,2.0,1.0,2.3333333333333335,2.5,2.0,1.9983116323304149,154,84,1.0,0.9983116323304149
665719930915,2025-07,1,1.0,3.0,2.0,4.0,2.0,2.0,3.0,2.5,3.0,2.281724053482833,155,35,2.0,1.281724053482833
665719930924,2025-07,3,2.0,3.0,4.0,5.0,2.0,20.0,4.0,3.0,3.0,5.418047790292185,155,44,1.0,3.418047790292185
665719930926,2025-07,3,1.0,3.0,9.0,3.0,1.0,2.0,5.0,4.0,3.0,3.52056559776622,155,46,2.0,2.52056559776622
665719930927,2025-07,1,7.0,8.0,6.0,14.0,10.0,5.0,9.333333333333334,8.166666666666666,8.0,5.955357041394939,155,47,1.0,1.0446429586050607
665719930928,2025-07,5,10.0,2.0,4.0,3.0,6.0,1.0,3.0,4.0,2.0,3.8604873726260465,155,48,8.0,6.1395126273739535
665719930929,2025-07,1,1.0,1.0,1.0,1.0,2.0,2.0,1.0,1.5,1.0,1.56535147106867,155,49,0.0,0.56535147106867
665719930937,2025-07,3,3.0,2.0,1.0,1.0,3.0,1.0,1.3333333333333333,1.5,2.0,2.1653070688068663,155,57,1.0,0.8346929311931337
665719930938,2025-07,8,13.0,7.0,9.0,14.0,6.0,7.0,10.0,7.666666666666667,7.0,7.8818885182605865,155,58,6.0,5.1181114817394135
665719930939,2025-07,16,15.0,8.0,21.0,14.0,5.0,14.0,14.333333333333334,10.166666666666666,8.0,12.390226316055973,155,59,7.0,2.6097736839440273
665719930940,2025-07,2,2.0,1.0,1.0,1.0,1.0,2.0,1.0,1.1666666666666667,1.0,1.7029213934053864,155,60,1.0,0.2970786065946136
665719930945,2025-07,1,2.0,4.0,1.0,1.0,1.0,5.0,2.0,1.5,4.0,2.2601525132143436,155,65,2.0,0.26015251321434363
665719930946,2025-07,11,3.0,7.0,9.0,4.0,6.0,10.0,6.666666666666667,7.166666666666667,7.0,8.566251512452498,155,66,4.0,5.566251512452498
665719930947,2025-07,15,22.0,20.0,25.0,17.0,17.0,15.0,20.666666666666668,17.0,20.0,16.609188682231334,155,67,2.0,5.390811317768666
665719930948,2025-07,16,20.0,12.0,16.0,11.0,6.0,17.0,13.0,10.0,12.0,12.92792106363302,155,68,8.0,7.07207893636698
665719930949,2025-07,27,18.0,24.0,29.0,22.0,14.0,21.0,25.0,20.666666666666668,24.0,22.699681056308116,155,69,6.0,4.6996810563081155
665719930950,2025-07,21,18.0,10.0,18.0,19.0,15.0,19.0,15.666666666666666,16.0,10.0,17.080809617098957,155,70,8.0,0.9191903829010428
665719930951,2025-07,20,13.0,24.0,22.0,13.0,16.0,23.0,19.666666666666668,18.5,24.0,19.715806299581025,155,71,11.0,6.7158062995810255
665719930952,2025-07,20,10.0,19.0,17.0,10.0,7.0,21.0,15.333333333333334,11.0,19.0,15.764645813958886,155,72,9.0,5.764645813958886
665719930953,2025-07,4,8.0,9.0,10.0,8.0,19.0,6.0,9.0,11.0,9.0,8.245188248056145,155,73,1.0,0.24518824805614514
665719930954,2025-07,14,7.0,7.0,20.0,21.0,7.0,9.0,16.0,11.833333333333334,7.0,11.927958858354511,155,74,0.0,4.927958858354511
665719930955,2025-07,81,55.0,37.0,28.0,49.0,25.0,25.0,38.0,36.333333333333336,37.0,46.7570143911892,155,75,18.0,8.242985608810798
665719930956,2025-07,19,31.0,15.0,36.0,26.0,42.0,48.0,25.666666666666668,27.5,15.0,26.52614506091259,155,76,16.0,4.47385493908741
665719930957,2025-07,19,19.0,21.0,30.0,25.0,22.0,41.0,25.333333333333332,23.833333333333332,21.0,24.10879017202239,155,77,2.0,5.108790172022388
665719930958,2025-07,45,15.0,36.0,39.0,21.0,18.0,34.0,32.0,27.666666666666668,36.0,33.680334594090255,155,78,21.0,18.680334594090255
665719930959,2025-07,6,11.0,13.0,13.0,9.0,6.0,10.0,11.666666666666666,11.166666666666666,13.0,9.495729621285157,155,79,2.0,1.5042703787148426
665719930960,2025-07,6,2.0,5.0,12.0,2.0,3.0,2.0,6.333333333333333,5.166666666666667,5.0,5.141740801435324,155,80,3.0,3.141740801435324
665719930961,2025-07,12,19.0,16.0,14.0,14.0,14.0,34.0,14.666666666666666,15.166666666666666,16.0,16.469376967422335,155,81,3.0,2.5306230325776653
665719930962,2025-07,20,15.0,20.0,26.0,11.0,11.0,19.0,19.0,15.166666666666666,20.0,17.51447771245989,155,82,5.0,2.5144777124598896
665719930963,2025-07,1,2.0,3.0,3.0,4.0,3.0,1.0,3.3333333333333335,2.8333333333333335,3.0,2.3385775322326534,155,83,1.0,0.3385775322326534
665719930964,2025-07,6,4.0,5.0,6.0,2.0,2.0,5.0,4.333333333333333,4.333333333333333,5.0,4.99528670284405,155,84,1.0,0.9952867028440497
665719930965,2025-07,3,7.0,2.0,2.0,4.0,5.0,8.0,2.6666666666666665,3.0,2.0,3.779085432261043,155,85,5.0,3.220914567738957
665719930967,2025-07,2,4.0,2.0,1.0,2.0,1.0,3.0,1.6666666666666667,1.3333333333333333,2.0,2.0411774799411493,155,87,2.0,1.9588225200588507
665719930968,2025-07,7,5.0,6.0,1.0,4.0,7.0,5.0,3.6666666666666665,4.5,6.0,5.543950907901932,155,88,1.0,0.543950907901932
670014898219,2025-07,1,1.0,5.0,5.0,5.0,1.0,2.0,5.0,3.3333333333333335,5.0,2.8985913234624157,156,43,4.0,1.8985913234624157
670014898220,2025-07,7,11.0,12.0,20.0,14.0,15.0,16.0,15.333333333333334,14.666666666666666,12.0,12.371568113455899,156,44,1.0,1.3715681134558988
670014898221,2025-07,7,12.0,9.0,6.0,5.0,8.0,19.0,6.666666666666667,7.5,9.0,8.920510256475891,156,45,3.0,3.0794897435241086
670014898223,2025-07,6,4.0,3.0,5.0,8.0,1.0,7.0,5.333333333333333,3.8333333333333335,3.0,5.010265737249801,156,47,1.0,1.0102657372498012
670014898224,2025-07,11,7.0,4.0,7.0,7.0,3.0,5.0,6.0,4.5,4.0,6.630851400644785,156,48,3.0,0.36914859935521527
670014898226,2025-07,3,4.0,3.0,6.0,2.0,2.0,4.0,3.6666666666666665,3.0,3.0,3.3377026562824392,156,50,1.0,0.6622973437175608
670014898235,2025-07,25,20.0,20.0,20.0,13.0,21.0,26.0,17.666666666666668,16.666666666666668,20.0,20.574424724801638,156,59,0.0,0.5744247248016379
670014898237,2025-07,1,1.0,2.0,4.0,1.0,3.0,2.0,2.3333333333333335,2.1666666666666665,2.0,2.0481024275722586,156,61,1.0,1.0481024275722586
670014898238,2025-07,6,4.0,5.0,1.0,7.0,3.0,14.0,4.333333333333333,5.333333333333333,5.0,6.52307727118566,156,62,1.0,2.5230772711856604
670014898239,2025-07,13,15.0,16.0,10.0,12.0,8.0,19.0,12.666666666666666,12.5,16.0,13.517263546801228,156,63,1.0,1.482736453198772
670014898240,2025-07,15,28.0,15.0,21.0,14.0,19.0,27.0,16.666666666666668,15.833333333333334,15.0,16.981931251594997,156,64,13.0,11.018068748405003
670014898241,2025-07,3,3.0,1.0,1.0,1.0,2.0,1.0,1.0,1.1666666666666667,1.0,1.8999226681412207,156,65,2.0,1.1000773318587793
670014898242,2025-07,3,1.0,2.0,1.0,1.0,2.0,1.0,1.3333333333333333,1.6666666666666667,2.0,2.1816797855171615,156,66,1.0,1.1816797855171615
670014898243,2025-07,2,3.0,2.0,3.0,1.0,3.0,3.0,2.0,2.1666666666666665,2.0,2.425135430038634,156,67,1.0,0.5748645699613659
670014898244,2025-07,21,13.0,20.0,15.0,14.0,16.0,20.0,16.333333333333332,16.333333333333332,20.0,18.225805638375945,156,68,7.0,5.225805638375945
670014898245,2025-07,22,9.0,21.0,13.0,9.0,8.0,12.0,14.333333333333334,12.166666666666666,21.0,15.665589460589198,156,69,12.0,6.665589460589198
670014898246,2025-07,13,27.0,14.0,24.0,10.0,23.0,18.0,16.0,18.0,14.0,15.96704481828872,156,70,13.0,11.03295518171128
670014898247,2025-07,30,36.0,37.0,37.0,26.0,28.0,44.0,33.333333333333336,31.0,37.0,32.388355211220144,156,71,1.0,3.6116447887798557
670014898248,2025-07,23,26.0,30.0,34.0,28.0,27.0,33.0,30.666666666666668,28.666666666666668,30.0,27.332513676667794,156,72,4.0,1.3325136766677943
670014898249,2025-07,2,3.0,2.0,4.0,3.0,1.0,1.0,3.0,2.5,2.0,2.3173550354813237,156,73,1.0,0.6826449645186763
670014898250,2025-07,19,14.0,12.0,10.0,8.0,7.0,21.0,10.0,9.666666666666666,12.0,13.890357066942391,156,74,2.0,0.10964293305760897
670014898251,2025-07,22,17.0,22.0,20.0,27.0,16.0,33.0,23.0,20.666666666666668,22.0,22.51180865673462,156,75,5.0,5.511808656734619
670014898252,2025-07,19,15.0,15.0,23.0,13.0,14.0,13.0,17.0,15.666666666666666,15.0,16.12967311579551,156,76,0.0,1.1296731157955087
670014898253,2025-07,8,9.0,8.0,16.0,9.0,6.0,14.0,11.0,11.333333333333334,8.0,10.152369812017826,156,77,1.0,1.1523698120178256
670014898254,2025-07,19,9.0,20.0,25.0,13.0,19.0,34.0,19.333333333333332,17.666666666666668,20.0,20.309223989924995,156,78,11.0,11.309223989924995
670014898255,2025-07,22,5.0,16.0,26.0,13.0,19.0,18.0,18.333333333333332,18.333333333333332,16.0,18.917605835489155,156,79,11.0,13.917605835489155
670014898256,2025-07,22,7.0,4.0,12.0,5.0,4.0,5.0,7.0,5.333333333333333,4.0,10.188039422468645,156,80,3.0,3.188039422468645
670014898257,2025-07,9,21.0,16.0,15.0,11.0,12.0,18.0,14.0,14.5,16.0,13.199637594179991,156,81,5.0,7.8003624058200085
670014898258,2025-07,11,8.0,13.0,8.0,20.0,9.0,11.0,13.666666666666666,12.333333333333334,13.0,11.80029430080619,156,82,5.0,3.80029430080619
670014898259,2025-07,7,8.0,1.0,6.0,3.0,3.0,1.0,3.3333333333333335,2.6666666666666665,1.0,3.832341635914645,156,83,7.0,4.167658364085355
670014898260,2025-07,5,7.0,9.0,9.0,5.0,4.0,1.0,7.666666666666667,5.0,9.0,5.1906325397057955,156,84,2.0,1.8093674602942045
670014898261,2025-07,30,19.0,28.0,24.0,23.0,13.0,10.0,25.0,19.833333333333332,28.0,22.17342728719504,156,85,9.0,3.1734272871950395
670014898262,2025-07,13,11.0,25.0,7.0,19.0,10.0,13.0,17.0,18.666666666666668,25.0,16.08050864450088,156,86,14.0,5.080508644500881
670014898263,2025-07,7,7.0,3.0,3.0,2.0,4.0,6.0,2.6666666666666665,3.1666666666666665,3.0,4.759117552473793,156,87,4.0,2.2408824475262072
670014898265,2025-07,7,2.0,5.0,3.0,3.0,3.0,2.0,3.6666666666666665,3.0,5.0,4.43045210222737,156,89,3.0,2.4304521022273704
674309865508,2025-07,2,3.0,5.0,5.0,1.0,7.0,4.0,3.6666666666666665,3.6666666666666665,5.0,3.6232746026198264,157,36,2.0,0.6232746026198264
674309865515,2025-07,4,2.0,1.0,8.0,10.0,3.0,6.0,6.333333333333333,5.333333333333333,1.0,4.833350174824558,157,43,1.0,2.8333501748245578
674309865516,2025-07,6,5.0,9.0,16.0,9.0,5.0,11.0,11.333333333333334,9.333333333333334,9.0,8.619950969276612,157,44,4.0,3.619950969276612
674309865517,2025-07,4,6.0,4.0,9.0,6.0,15.0,15.0,6.333333333333333,8.0,4.0,7.548898828307799,157,45,2.0,1.5488988283077987
674309865519,2025-07,2,1.0,4.0,3.0,3.0,2.0,1.0,3.3333333333333335,2.5,4.0,2.554385151582432,157,47,3.0,1.5543851515824318
674309865525,2025-07,2,1.0,1.0,2.0,5.0,1.0,3.0,2.6666666666666665,3.3333333333333335,1.0,2.7349336909776705,157,53,0.0,1.7349336909776705
674309865530,2025-07,1,2.0,1.0,2.0,2.0,3.0,3.0,1.6666666666666667,2.0,1.0,1.97043279084202,157,58,1.0,0.029567209157979946
674309865531,2025-07,8,14.0,7.0,7.0,3.0,5.0,15.0,5.666666666666667,5.833333333333333,7.0,7.757061439691322,157,59,7.0,6.242938560308678
674309865532,2025-07,1,1.0,1.0,2.0,1.0,3.0,3.0,1.3333333333333333,1.6666666666666667,1.0,1.8217570358624862,157,60,0.0,0.8217570358624862
674309865534,2025-07,29,12.0,17.0,17.0,14.0,15.0,20.0,16.0,14.666666666666666,17.0,19.64483143645088,157,62,5.0,7.644831436450879
674309865535,2025-07,25,21.0,20.0,17.0,18.0,39.0,27.0,18.333333333333332,22.5,20.0,23.40089086104025,157,63,1.0,2.4008908610402493
674309865536,2025-07,5,8.0,9.0,11.0,6.0,10.0,4.0,8.666666666666666,7.833333333333333,9.0,6.846168744662319,157,64,1.0,1.153831255337681
674309865539,2025-07,1,5.0,1.0,1.0,3.0,2.0,5.0,1.6666666666666667,1.8333333333333333,1.0,2.134609277402056,157,67,4.0,2.865390722597944
674309865540,2025-07,1,1.0,1.0,1.0,3.0,3.0,4.0,1.6666666666666667,2.6666666666666665,1.0,2.3201006772781625,157,68,0.0,1.3201006772781625
674309865541,2025-07,85,76.0,77.0,60.0,77.0,53.0,84.0,71.33333333333333,67.16666666666667,77.0,73.55716565192166,157,69,1.0,2.4428343480783354
674309865542,2025-07,75,61.0,49.0,51.0,49.0,51.0,49.0,49.666666666666664,45.0,49.0,54.17976364334891,157,70,12.0,6.820236356651087
674309865543,2025-07,37,34.0,37.0,49.0,37.0,33.0,54.0,41.0,34.833333333333336,37.0,37.97377999460051,157,71,3.0,3.9737799946005126
674309865544,2025-07,4,1.0,2.0,7.0,5.0,2.0,12.0,4.666666666666667,4.166666666666667,2.0,5.060551747888049,157,72,1.0,4.060551747888049
674309865545,2025-07,35,29.0,20.0,29.0,27.0,17.0,35.0,25.333333333333332,23.0,20.0,27.37553872805772,157,73,9.0,1.6244612719422804
674309865546,2025-07,74,56.0,45.0,57.0,63.0,62.0,55.0,55.0,55.833333333333336,45.0,58.937533285394174,157,74,11.0,2.9375332853941742
674309865547,2025-07,87,87.0,82.0,106.0,89.0,103.0,101.0,92.33333333333333,102.5,82.0,92.54646358530485,157,75,5.0,5.546463585304849
674309865548,2025-07,38,34.0,33.0,35.0,43.0,33.0,54.0,37.0,42.833333333333336,33.0,40.15452714481847,157,76,1.0,6.1545271448184735
674309865549,2025-07,26,17.0,32.0,26.0,31.0,24.0,24.0,29.666666666666668,26.333333333333332,32.0,26.22596615408848,157,77,15.0,9.225966154088479
674309865550,2025-07,29,15.0,17.0,14.0,9.0,9.0,34.0,13.333333333333334,13.833333333333334,17.0,20.617936331351764,157,78,2.0,5.617936331351764
674309865551,2025-07,23,8.0,17.0,17.0,12.0,13.0,15.0,15.333333333333334,14.833333333333334,17.0,17.194397766835355,157,79,9.0,9.194397766835355
674309865552,2025-07,3,1.0,2.0,5.0,4.0,4.0,2.0,3.6666666666666665,3.8333333333333335,2.0,3.3593247812939557,157,80,1.0,2.3593247812939557
674309865553,2025-07,10,13.0,14.0,13.0,7.0,12.0,20.0,11.333333333333334,11.0,14.0,12.125852484982849,157,81,1.0,0.8741475150171514
674309865554,2025-07,6,1.0,6.0,6.0,4.0,5.0,10.0,5.333333333333333,4.833333333333333,6.0,6.106422893233174,157,82,5.0,5.106422893233174
674309865555,2025-07,4,5.0,4.0,7.0,5.0,14.0,9.0,5.333333333333333,7.0,4.0,6.307404058792312,157,83,1.0,1.3074040587923124
674309865556,2025-07,5,6.0,4.0,6.0,2.0,10.0,4.0,4.0,4.666666666666667,4.0,4.882589424279104,157,84,2.0,1.1174105757208963
674309865557,2025-07,15,20.0,16.0,14.0,12.0,10.0,9.0,14.0,15.666666666666666,16.0,14.07928503294211,157,85,4.0,5.92071496705789
674309865558,2025-07,17,12.0,13.0,15.0,10.0,5.0,20.0,12.666666666666666,10.5,13.0,13.763647562016784,157,86,1.0,1.763647562016784
674309865559,2025-07,4,2.0,4.0,8.0,4.0,3.0,5.0,5.333333333333333,4.666666666666667,4.0,4.6045254559781625,157,87,2.0,2.6045254559781625
674309865561,2025-07,2,4.0,4.0,4.0,4.0,5.0,2.0,4.0,3.8333333333333335,4.0,3.3106266956186072,157,89,0.0,0.6893733043813928
678604832804,2025-07,2,3.0,3.0,4.0,2.0,1.0,1.0,3.0,2.3333333333333335,3.0,2.340749067111041,158,36,0.0,0.6592509328889591
678604832811,2025-07,7,7.0,12.0,8.0,4.0,5.0,2.0,8.0,6.5,12.0,6.6981476205366555,158,43,5.0,0.30185237946334453
678604832812,2025-07,11,7.0,9.0,13.0,15.0,4.0,9.0,12.333333333333334,10.333333333333334,9.0,10.21103859056438,158,44,2.0,3.21103859056438
678604832813,2025-07,1,4.0,3.0,1.0,1.0,1.0,7.0,1.6666666666666667,1.8333333333333333,3.0,2.50700947418247,158,45,1.0,1.4929905258175298
678604832815,2025-07,22,18.0,21.0,10.0,14.0,15.0,13.0,15.0,13.333333333333334,21.0,16.533252530690593,158,47,3.0,1.4667474693094071
678604832816,2025-07,20,17.0,21.0,11.0,21.0,15.0,21.0,17.666666666666668,17.5,21.0,18.65928281194433,158,48,4.0,1.6592828119443297
678604832817,2025-07,16,12.0,20.0,18.0,18.0,20.0,22.0,18.666666666666668,17.166666666666668,20.0,17.74329542445256,158,49,8.0,5.743295424452558
678604832826,2025-07,12,8.0,16.0,15.0,7.0,15.0,24.0,12.666666666666666,11.0,16.0,13.627751629908898,158,58,8.0,5.627751629908898
678604832830,2025-07,11,20.0,10.0,16.0,23.0,28.0,20.0,16.333333333333332,18.833333333333332,10.0,15.867357666118453,158,62,10.0,4.132642333881547
678604832831,2025-07,36,17.0,15.0,19.0,38.0,14.0,16.0,24.0,21.0,15.0,23.954781770629392,158,63,2.0,6.954781770629392
678604832832,2025-07,14,18.0,19.0,11.0,6.0,9.0,19.0,12.0,11.833333333333334,19.0,13.77572892914176,158,64,1.0,4.22427107085824
678604832833,2025-07,9,19.0,9.0,9.0,4.0,4.0,4.0,7.333333333333333,5.166666666666667,9.0,6.730994215123131,158,65,10.0,12.26900578487687
678604832837,2025-07,20,9.0,14.0,20.0,18.0,3.0,14.0,17.333333333333332,14.666666666666666,14.0,15.760393540349076,158,69,5.0,6.760393540349076
678604832838,2025-07,63,59.0,65.0,55.0,52.0,51.0,78.0,57.333333333333336,55.5,65.0,60.03107004922665,158,70,6.0,1.0310700492266491
678604832839,2025-07,14,9.0,13.0,9.0,14.0,12.0,7.0,12.0,12.0,13.0,11.956375448280028,158,71,4.0,2.9563754482800277
678604832840,2025-07,1,2.0,4.0,2.0,2.0,3.0,7.0,2.6666666666666665,3.1666666666666665,4.0,3.214808315057832,158,72,2.0,1.214808315057832
678604832841,2025-07,50,27.0,28.0,26.0,35.0,22.0,25.0,29.666666666666668,29.5,28.0,33.862777829322305,158,73,1.0,6.8627778293223045
678604832842,2025-07,276,306.0,236.0,259.0,290.0,273.0,315.0,261.6666666666667,265.8333333333333,236.0,265.437428888082,158,74,70.0,40.562571111917975
678604832843,2025-07,296,261.0,227.0,275.0,281.0,284.0,251.0,261.0,272.0,227.0,264.63208322395485,158,75,34.0,3.632083223954851
678604832844,2025-07,47,33.0,46.0,61.0,73.0,105.0,49.0,60.0,68.16666666666667,46.0,56.823049277905874,158,76,13.0,23.823049277905874
678604832845,2025-07,29,27.0,32.0,35.0,30.0,19.0,35.0,32.333333333333336,30.166666666666668,32.0,29.83542620372083,158,77,5.0,2.8354262037208287
678604832846,2025-07,3,7.0,4.0,5.0,3.0,2.0,4.0,4.0,4.0,4.0,3.7870861189975082,158,78,3.0,3.2129138810024918
678604832847,2025-07,10,14.0,17.0,9.0,14.0,6.0,16.0,13.333333333333334,11.666666666666666,17.0,12.086634984695865,158,79,3.0,1.9133650153041355
678604832848,2025-07,12,17.0,9.0,17.0,8.0,4.0,14.0,11.333333333333334,10.833333333333334,9.0,11.167940497664326,158,80,8.0,5.8320595023356745
678604832849,2025-07,5,5.0,10.0,4.0,13.0,2.0,8.0,9.0,6.0,10.0,6.582805904465351,158,81,5.0,1.582805904465351
678604832850,2025-07,23,28.0,5.0,15.0,6.0,12.0,6.0,8.666666666666666,9.333333333333334,5.0,12.488874829053458,158,82,23.0,15.511125170946542
678604832851,2025-07,2,4.0,3.0,2.0,4.0,2.0,2.0,3.0,2.8333333333333335,3.0,2.67713958602598,158,83,1.0,1.3228604139740199
678604832852,2025-07,4,3.0,8.0,6.0,5.0,1.0,2.0,6.333333333333333,5.166666666666667,8.0,4.746627686710049,158,84,5.0,1.746627686710049
678604832853,2025-07,33,17.0,12.0,19.0,14.0,6.0,23.0,15.0,12.666666666666666,12.0,19.6506308919581,158,85,5.0,2.6506308919581016
678604832854,2025-07,12,10.0,8.0,15.0,5.0,12.0,5.0,9.333333333333334,9.5,8.0,9.586200338646991,158,86,2.0,0.41379966135300883
678604832855,2025-07,5,7.0,6.0,10.0,10.0,7.0,8.0,8.666666666666666,8.333333333333334,6.0,7.172460655797795,158,87,1.0,0.1724606557977948
682899800094,2025-07,2,1.0,1.0,1.0,1.0,1.0,2.0,1.0,1.1666666666666667,1.0,1.7029213934053864,159,30,0.0,0.7029213934053864
682899800105,2025-07,8,11.0,17.0,8.0,6.0,4.0,11.0,10.333333333333334,7.833333333333333,17.0,9.193042532685064,159,41,6.0,1.8069574673149358
682899800106,2025-07,1,3.0,3.0,2.0,1.0,1.0,2.0,2.0,1.5,3.0,1.7972258398711816,159,42,0.0,1.2027741601288184
682899800109,2025-07,2,1.0,1.0,3.0,1.0,3.0,1.0,1.6666666666666667,2.1666666666666665,1.0,2.05351355738539,159,45,0.0,1.05351355738539
682899800110,2025-07,33,27.0,33.0,29.0,29.0,22.0,33.0,30.333333333333332,27.0,33.0,29.660205710005453,159,46,6.0,2.660205710005453
682899800111,2025-07,42,16.0,27.0,20.0,21.0,10.0,27.0,22.666666666666668,20.666666666666668,27.0,27.584559806795884,159,47,11.0,11.584559806795884
682899800112,2025-07,23,20.0,11.0,10.0,10.0,26.0,15.0,10.333333333333334,13.666666666666666,11.0,16.278029340954205,159,48,9.0,3.7219706590457946
682899800113,2025-07,4,5.0,13.0,12.0,7.0,1.0,5.0,10.666666666666666,7.5,13.0,6.775498533915611,159,49,8.0,1.775498533915611
682899800114,2025-07,5,3.0,6.0,9.0,7.0,4.0,10.0,7.333333333333333,6.166666666666667,6.0,6.445617563560216,159,50,3.0,3.4456175635602158
682899800115,2025-07,13,1.0,5.0,5.0,13.0,4.0,15.0,7.666666666666667,6.166666666666667,5.0,9.34056468029636,159,51,4.0,8.34056468029636
682899800116,2025-07,9,1.0,6.0,11.0,9.0,5.0,5.0,8.666666666666666,7.666666666666667,6.0,7.634367927694036,159,52,5.0,6.634367927694036
682899800120,2025-07,1,2.0,1.0,3.0,3.0,2.0,1.0,2.3333333333333335,1.8333333333333333,1.0,1.6976039245948797,159,56,1.0,0.30239607540512026
682899800121,2025-07,1,3.0,1.0,2.0,2.0,1.0,3.0,1.6666666666666667,2.1666666666666665,1.0,1.9483345588792655,159,57,2.0,1.0516654411207345
682899800122,2025-07,1,3.0,2.0,7.0,3.0,3.0,2.0,4.0,2.8333333333333335,2.0,2.4531331626025805,159,58,1.0,0.5468668373974195
682899800123,2025-07,3,4.0,3.0,2.0,2.0,5.0,5.0,2.3333333333333335,3.6666666666666665,3.0,3.656115739453634,159,59,1.0,0.3438842605463659
682899800124,2025-07,1,2.0,1.0,1.0,3.0,3.0,2.0,1.6666666666666667,1.8333333333333333,1.0,1.791486598934096,159,60,1.0,0.208513401065904
682899800125,2025-07,3,1.0,6.0,7.0,7.0,2.0,1.0,6.666666666666667,4.0,6.0,3.8676845812071807,159,61,5.0,2.8676845812071807
682899800126,2025-07,11,10.0,6.0,6.0,7.0,6.0,7.0,6.333333333333333,6.166666666666667,6.0,7.747655819352786,159,62,4.0,2.2523441806472144
682899800127,2025-07,4,4.0,5.0,4.0,4.0,6.0,5.0,4.333333333333333,4.833333333333333,5.0,4.748435788511555,159,63,1.0,0.7484357885115553
682899800128,2025-07,10,12.0,14.0,16.0,12.0,7.0,22.0,14.0,11.166666666666666,14.0,12.545358504563755,159,64,2.0,0.5453585045637546
682899800129,2025-07,10,6.0,9.0,12.0,4.0,6.0,5.0,8.333333333333334,6.333333333333333,9.0,7.712447072714027,159,65,3.0,1.7124470727140269
682899800130,2025-07,9,7.0,4.0,3.0,7.0,5.0,2.0,4.666666666666667,5.333333333333333,4.0,5.885389294118685,159,66,3.0,1.114610705881315
682899800131,2025-07,9,6.0,18.0,16.0,12.0,6.0,13.0,15.333333333333334,12.833333333333334,18.0,12.093719611428295,159,67,12.0,6.093719611428295
682899800132,2025-07,26,28.0,36.0,14.0,22.0,23.0,13.0,24.0,22.0,36.0,23.049675039301093,159,68,8.0,4.950324960698907
682899800133,2025-07,39,43.0,42.0,48.0,47.0,57.0,35.0,45.666666666666664,42.5,42.0,40.51470990861497,159,69,1.0,2.485290091385032
682899800134,2025-07,4,1.0,5.0,3.0,1.0,3.0,3.0,3.0,2.8333333333333335,5.0,3.567644858802641,159,70,4.0,2.567644858802641
682899800135,2025-07,9,12.0,14.0,12.0,12.0,6.0,10.0,12.666666666666666,9.5,14.0,10.002775891621752,159,71,2.0,1.9972241083782478
682899800136,2025-07,13,7.0,12.0,20.0,9.0,12.0,7.0,13.666666666666666,12.333333333333334,12.0,11.862990160241406,159,72,5.0,4.862990160241406
682899800137,2025-07,14,12.0,8.0,19.0,13.0,10.0,17.0,13.333333333333334,10.333333333333334,8.0,12.336787374132319,159,73,4.0,0.3367873741323191
682899800138,2025-07,121,110.0,111.0,110.0,110.0,87.0,82.0,110.33333333333333,101.66666666666667,111.0,103.31659602557505,159,74,1.0,6.683403974424948
682899800139,2025-07,123,146.0,104.0,143.0,134.0,132.0,108.0,127.0,127.5,104.0,118.72676883069985,159,75,42.0,27.273231169300146
682899800140,2025-07,34,25.0,26.0,29.0,35.0,32.0,50.0,30.0,30.166666666666668,26.0,32.94838462462408,159,76,1.0,7.948384624624083
682899800141,2025-07,6,2.0,4.0,8.0,7.0,3.0,6.0,6.333333333333333,4.666666666666667,4.0,5.4201450078832725,159,77,2.0,3.4201450078832725
682899800142,2025-07,11,21.0,19.0,16.0,20.0,12.0,20.0,18.333333333333332,14.833333333333334,19.0,14.873644336543986,159,78,2.0,6.126355663456014
682899800143,2025-07,20,30.0,21.0,23.0,16.0,25.0,25.0,20.0,20.833333333333332,21.0,20.88543188841721,159,79,9.0,9.114568111582791
682899800144,2025-07,19,14.0,15.0,14.0,15.0,14.0,21.0,14.666666666666666,14.333333333333334,15.0,16.463445971650028,159,80,1.0,2.463445971650028
682899800145,2025-07,18,19.0,22.0,27.0,23.0,11.0,26.0,24.0,19.333333333333332,22.0,19.94270448151598,159,81,3.0,0.9427044815159817
682899800146,2025-07,14,11.0,17.0,19.0,8.0,6.0,11.0,14.666666666666666,10.833333333333334,17.0,12.444340291277065,159,82,6.0,1.444340291277065
682899800147,2025-07,6,4.0,1.0,4.0,3.0,4.0,1.0,2.6666666666666665,2.8333333333333335,1.0,3.568141898147081,159,83,3.0,0.43185810185291906
682899800148,2025-07,2,6.0,2.0,5.0,8.0,10.0,8.0,5.0,7.166666666666667,2.0,5.320436530356097,159,84,4.0,0.6795634696439032
682899800149,2025-07,15,7.0,12.0,4.0,8.0,2.0,10.0,8.0,6.5,12.0,9.89852479119488,159,85,5.0,2.8985247911948804
682899800150,2025-07,8,7.0,11.0,12.0,5.0,9.0,6.0,9.333333333333334,7.666666666666667,11.0,8.09579138062535,159,86,4.0,1.09579138062535
682899800161,2025-07,1,2.0,2.0,1.0,4.0,1.0,1.0,2.3333333333333335,1.8333333333333333,2.0,1.7435613713130742,159,97,0.0,0.2564386286869258
687194767390,2025-07,1,1.0,1.0,1.0,3.0,2.0,1.0,1.6666666666666667,1.6666666666666667,1.0,1.5709741091640304,160,30,0.0,0.5709741091640304
687194767399,2025-07,10,7.0,9.0,5.0,18.0,2.0,18.0,10.666666666666666,9.666666666666666,9.0,10.603595383779993,160,39,2.0,3.603595383779993
687194767400,2025-07,2,1.0,4.0,2.0,4.0,2.0,4.0,3.3333333333333335,2.5,4.0,2.9390741279125336,160,40,3.0,1.9390741279125336
687194767401,2025-07,3,7.0,2.0,4.0,2.0,1.0,6.0,2.6666666666666665,2.5,2.0,3.2000841916132865,160,41,5.0,3.7999158083867135
687194767402,2025-07,4,3.0,2.0,1.0,2.0,2.0,2.0,1.6666666666666667,1.6666666666666667,2.0,2.633594287220131,160,42,1.0,0.3664057127798692
687194767406,2025-07,9,6.0,6.0,3.0,6.0,4.0,8.0,5.0,4.166666666666667,6.0,6.421663760283203,160,46,0.0,0.4216637602832032
687194767407,2025-07,20,24.0,16.0,22.0,22.0,16.0,18.0,20.0,21.166666666666668,16.0,19.370402415254553,160,47,8.0,4.629597584745447
687194767408,2025-07,28,18.0,23.0,20.0,24.0,18.0,27.0,22.333333333333332,20.0,23.0,23.320818697511424,160,48,5.0,5.320818697511424
687194767409,2025-07,16,16.0,22.0,9.0,8.0,9.0,14.0,13.0,10.5,22.0,13.630315693115454,160,49,6.0,2.3696843068845457
687194767410,2025-07,19,13.0,13.0,21.0,21.0,15.0,23.0,18.333333333333332,16.833333333333332,13.0,17.829697480492108,160,50,0.0,4.829697480492108
687194767412,2025-07,4,2.0,8.0,2.0,3.0,1.0,4.0,4.333333333333333,3.0,8.0,4.066506639633207,160,52,6.0,2.0665066396332072
687194767413,2025-07,2,4.0,1.0,2.0,2.0,2.0,6.0,1.6666666666666667,1.6666666666666667,1.0,2.4895963403197454,160,53,3.0,1.5104036596802546
687194767416,2025-07,7,4.0,2.0,1.0,1.0,2.0,1.0,1.3333333333333333,1.6666666666666667,2.0,3.3245925926229853,160,56,2.0,0.6754074073770147
687194767419,2025-07,6,8.0,1.0,2.0,5.0,7.0,6.0,2.6666666666666665,5.0,1.0,5.038702471096254,160,59,7.0,2.9612975289037458
687194767420,2025-07,6,4.0,4.0,6.0,2.0,5.0,7.0,4.0,3.6666666666666665,4.0,5.02849451753125,160,60,0.0,1.02849451753125
687194767423,2025-07,6,13.0,9.0,8.0,3.0,9.0,21.0,6.666666666666667,7.166666666666667,9.0,8.81177072565495,160,63,4.0,4.1882292743450495
687194767424,2025-07,37,54.0,30.0,30.0,44.0,29.0,39.0,34.666666666666664,33.833333333333336,30.0,34.35323376736049,160,64,24.0,19.646766232639507
687194767425,2025-07,8,9.0,9.0,14.0,7.0,9.0,17.0,10.0,9.5,9.0,10.013559088713897,160,65,0.0,1.0135590887138974
687194767426,2025-07,32,19.0,30.0,18.0,25.0,16.0,18.0,24.333333333333332,21.833333333333332,30.0,24.633074167811593,160,66,11.0,5.633074167811593
687194767427,2025-07,11,17.0,15.0,8.0,18.0,15.0,10.0,13.666666666666666,13.666666666666666,15.0,12.499146834223701,160,67,2.0,4.500853165776299
687194767428,2025-07,15,21.0,12.0,16.0,16.0,18.0,20.0,14.666666666666666,16.5,12.0,15.819282944088856,160,68,9.0,5.180717055911144
687194767429,2025-07,24,21.0,11.0,16.0,10.0,21.0,17.0,12.333333333333334,16.333333333333332,11.0,17.71865564706879,160,69,10.0,3.2813443529312103
687194767430,2025-07,11,10.0,18.0,10.0,14.0,10.0,4.0,14.0,12.666666666666666,18.0,11.482053661150207,160,70,8.0,1.482053661150207
687194767431,2025-07,32,27.0,35.0,31.0,54.0,20.0,21.0,40.0,31.166666666666668,35.0,30.42320173472288,160,71,8.0,3.4232017347228805
687194767432,2025-07,19,14.0,12.0,16.0,12.0,7.0,3.0,13.333333333333334,10.166666666666666,12.0,12.136638447240248,160,72,2.0,1.863361552759752
687194767433,2025-07,11,14.0,17.0,9.0,17.0,5.0,5.0,14.333333333333334,10.666666666666666,17.0,10.722618885287357,160,73,3.0,3.277381114712643
687194767434,2025-07,28,17.0,20.0,18.0,31.0,18.0,20.0,23.0,22.0,20.0,22.938012007880566,160,74,3.0,5.938012007880566
687194767435,2025-07,15,6.0,18.0,7.0,13.0,8.0,12.0,12.666666666666666,12.0,18.0,13.199565265801812,160,75,12.0,7.199565265801812
687194767436,2025-07,51,46.0,69.0,43.0,36.0,42.0,54.0,49.333333333333336,45.833333333333336,69.0,49.436784277702735,160,76,23.0,3.436784277702735
687194767437,2025-07,26,25.0,14.0,28.0,11.0,17.0,26.0,17.666666666666668,19.666666666666668,14.0,21.199266133195014,160,77,11.0,3.800733866804986
687194767438,2025-07,21,18.0,27.0,19.0,20.0,21.0,21.0,22.0,20.5,27.0,21.114535585991895,160,78,9.0,3.114535585991895
687194767439,2025-07,43,34.0,42.0,30.0,26.0,24.0,31.0,32.666666666666664,26.166666666666668,42.0,33.0397784401904,160,79,8.0,0.9602215598095967
687194767440,2025-07,5,7.0,7.0,10.0,10.0,6.0,9.0,9.0,6.666666666666667,7.0,6.829977050230864,160,80,0.0,0.17002294976913568
687194767441,2025-07,5,3.0,2.0,5.0,7.0,3.0,1.0,4.666666666666667,4.166666666666667,2.0,3.991764963865368,160,81,1.0,0.9917649638653678
687194767442,2025-07,4,1.0,4.0,3.0,3.0,1.0,2.0,3.3333333333333335,2.3333333333333335,4.0,3.159724816792618,160,82,3.0,2.159724816792618
687194767443,2025-07,20,9.0,15.0,16.0,23.0,12.0,6.0,18.0,16.5,15.0,15.860925334109075,160,83,6.0,6.860925334109075
687194767444,2025-07,11,11.0,21.0,11.0,9.0,11.0,11.0,13.666666666666666,12.5,21.0,12.548695392072851,160,84,10.0,1.548695392072851
687194767445,2025-07,8,6.0,1.0,3.0,5.0,6.0,10.0,3.0,4.5,1.0,5.951841507704511,160,85,5.0,0.04815849229548874
687194767446,2025-07,6,6.0,7.0,2.0,3.0,9.0,5.0,4.0,4.833333333333333,7.0,5.558982706275078,160,86,1.0,0.44101729372492215
687194767447,2025-07,3,3.0,2.0,4.0,1.0,1.0,2.0,2.3333333333333335,3.1666666666666665,2.0,2.871678926079145,160,87,1.0,0.1283210739208549
687194767449,2025-07,3,1.0,1.0,4.0,4.0,4.0,2.0,3.0,2.8333333333333335,1.0,2.8771435927442273,160,89,0.0,1.8771435927442273
691489734690,2025-07,1,1.0,1.0,1.0,1.0,1.0,1.0,1.0,1.0,1.0,1.2351516505319147,161,34,0.0,0.23515165053191467
691489734693,2025-07,2,1.0,3.0,2.0,1.0,1.0,1.0,2.0,1.6666666666666667,3.0,2.010599831317313,161,37,2.0,1.0105998313173128
691489734694,2025-07,15,21.0,8.0,8.0,12.0,4.0,5.0,9.333333333333334,8.166666666666666,8.0,9.718535475848842,161,38,13.0,11.281464524151158
691489734696,2025-07,4,1.0,2.0,1.0,3.0,1.0,3.0,2.0,2.3333333333333335,2.0,2.9806843000069767,161,40,1.0,1.9806843000069767
691489734697,2025-07,1,2.0,2.0,1.0,1.0,1.0,3.0,1.3333333333333333,1.6666666666666667,2.0,1.8261481847185408,161,41,0.0,0.1738518152814592
691489734698,2025-07,4,4.0,5.0,6.0,6.0,5.0,7.0,5.666666666666667,6.833333333333333,5.0,5.77224757433918,161,42,1.0,1.77224757433918
691489734699,2025-07,1,4.0,1.0,2.0,2.0,1.0,5.0,1.6666666666666667,1.6666666666666667,1.0,2.0381993141565697,161,43,3.0,1.9618006858434303
691489734702,2025-07,3,4.0,4.0,4.0,1.0,2.0,1.0,3.0,3.5,4.0,3.127091572257026,161,46,0.0,0.8729084277429742
691489734703,2025-07,21,32.0,21.0,25.0,17.0,27.0,20.0,21.0,22.0,21.0,21.10679284091518,161,47,11.0,10.89320715908482
691489734704,2025-07,17,12.0,38.0,18.0,22.0,21.0,18.0,26.0,22.833333333333332,38.0,21.689411573998783,161,48,26.0,9.689411573998783
691489734705,2025-07,18,29.0,29.0,20.0,19.0,13.0,20.0,22.666666666666668,20.166666666666668,29.0,19.94405507806049,161,49,0.0,9.05594492193951
691489734706,2025-07,25,23.0,15.0,26.0,8.0,9.0,23.0,16.333333333333332,14.833333333333334,15.0,18.562185117316005,161,50,8.0,4.437814882683995
691489734707,2025-07,2,5.0,4.0,7.0,2.0,2.0,4.0,4.333333333333333,3.6666666666666665,4.0,3.4244683122890205,161,51,1.0,1.5755316877109795
691489734708,2025-07,15,4.0,6.0,9.0,10.0,9.0,7.0,8.333333333333334,6.833333333333333,6.0,9.45000063172092,161,52,2.0,5.45000063172092
691489734709,2025-07,4,6.0,2.0,5.0,6.0,2.0,5.0,4.333333333333333,3.6666666666666665,2.0,3.972837895907663,161,53,4.0,2.027162104092337
691489734710,2025-07,15,11.0,13.0,9.0,9.0,3.0,1.0,10.333333333333334,8.5,13.0,9.78601876360255,161,54,2.0,1.2139812363974496
691489734711,2025-07,5,5.0,8.0,5.0,3.0,2.0,9.0,5.333333333333333,4.0,8.0,5.463436386022388,161,55,3.0,0.463436386022388
691489734712,2025-07,1,1.0,1.0,6.0,2.0,1.0,3.0,3.0,2.1666666666666665,1.0,2.091906858974271,161,56,0.0,1.091906858974271
691489734715,2025-07,2,1.0,1.0,1.0,3.0,1.0,1.0,1.6666666666666667,1.6666666666666667,1.0,1.8182313622674382,161,59,0.0,0.8182313622674382
691489734717,2025-07,1,2.0,3.0,2.0,3.0,1.0,2.0,2.6666666666666665,1.8333333333333333,3.0,1.9848900190635579,161,61,1.0,0.015109980936442113
691489734719,2025-07,3,3.0,1.0,1.0,2.0,3.0,5.0,1.3333333333333333,2.0,1.0,2.7603918707985207,161,63,2.0,0.23960812920147934
691489734720,2025-07,5,11.0,5.0,6.0,11.0,6.0,15.0,7.333333333333333,8.0,5.0,7.692877509245678,161,64,6.0,3.307122490754322
691489734721,2025-07,13,13.0,15.0,12.0,8.0,8.0,13.0,11.666666666666666,10.833333333333334,15.0,12.00424597065598,161,65,2.0,0.9957540293440204
691489734722,2025-07,9,9.0,19.0,17.0,24.0,6.0,5.0,20.0,14.5,19.0,12.245553546356161,161,66,10.0,3.2455535463561613
691489734723,2025-07,2,3.0,7.0,6.0,6.0,5.0,3.0,6.333333333333333,4.833333333333333,7.0,4.268327925783251,161,67,4.0,1.2683279257832512
691489734724,2025-07,5,2.0,9.0,7.0,8.0,11.0,1.0,8.0,7.0,9.0,6.163232287608312,161,68,7.0,4.163232287608312
691489734725,2025-07,4,5.0,6.0,3.0,7.0,4.0,7.0,5.333333333333333,4.166666666666667,6.0,4.904813299900097,161,69,1.0,0.09518670009990338
691489734726,2025-07,21,17.0,26.0,10.0,30.0,17.0,16.0,22.0,18.666666666666668,26.0,19.67100253920331,161,70,9.0,2.671002539203311
691489734728,2025-07,4,1.0,2.0,2.0,2.0,3.0,1.0,2.0,2.0,2.0,2.690447765969952,161,72,1.0,1.6904477659699522
691489734729,2025-07,25,36.0,29.0,39.0,24.0,38.0,28.0,30.666666666666668,29.0,29.0,27.707134024864068,161,73,7.0,8.292865975135932
691489734730,2025-07,43,44.0,32.0,25.0,25.0,26.0,37.0,27.333333333333332,26.833333333333332,32.0,32.70856724176126,161,74,12.0,11.291432758238741
691489734731,2025-07,32,26.0,28.0,30.0,20.0,19.0,34.0,26.0,23.833333333333332,28.0,27.443099546618598,161,75,2.0,1.4430995466185976
691489734732,2025-07,22,14.0,40.0,28.0,31.0,25.0,37.0,33.0,31.166666666666668,40.0,29.37515809590517,161,76,26.0,15.37515809590517
691489734733,2025-07,62,69.0,44.0,69.0,52.0,63.0,63.0,55.0,58.333333333333336,44.0,57.27212191192713,161,77,25.0,11.72787808807287
691489734734,2025-07,79,59.0,94.0,72.0,77.0,47.0,48.0,81.0,71.0,94.0,70.71781248847486,161,78,35.0,11.717812488474863
691489734735,2025-07,74,102.0,55.0,77.0,76.0,57.0,60.0,69.33333333333333,64.33333333333333,55.0,64.57516708264892,161,79,47.0,37.42483291735108
691489734736,2025-07,12,24.0,11.0,9.0,9.0,12.0,9.0,9.666666666666666,10.5,11.0,10.716327444188321,161,80,13.0,13.283672555811679
691489734737,2025-07,2,1.0,6.0,5.0,2.0,1.0,3.0,4.333333333333333,3.0,6.0,3.2020909187732265,161,81,5.0,2.2020909187732265
691489734738,2025-07,8,7.0,3.0,8.0,9.0,3.0,5.0,6.666666666666667,4.666666666666667,3.0,5.825154262922295,161,82,4.0,1.174845737077705
691489734739,2025-07,9,8.0,4.0,5.0,4.0,4.0,4.0,4.333333333333333,4.166666666666667,4.0,5.67222931659853,161,83,4.0,2.3277706834014698
691489734740,2025-07,5,4.0,5.0,3.0,11.0,11.0,5.0,6.333333333333333,6.0,5.0,5.847450285802825,161,84,1.0,1.8474502858028252
691489734741,2025-07,6,5.0,7.0,11.0,4.0,3.0,4.0,7.333333333333333,5.833333333333333,7.0,5.892047230249789,161,85,2.0,0.8920472302497888
691489734742,2025-07,4,1.0,2.0,1.0,8.0,1.0,4.0,3.6666666666666665,3.0,2.0,3.522198958318243,161,86,1.0,2.522198958318243
691489734743,2025-07,3,4.0,2.0,3.0,2.0,5.0,6.0,2.3333333333333335,3.0,2.0,3.4826059074317683,161,87,2.0,0.5173940925682317
691489734744,2025-07,2,1.0,4.0,3.0,4.0,3.0,1.0,3.6666666666666665,4.0,4.0,3.125437512918433,161,88,3.0,2.125437512918433
691489734745,2025-07,3,1.0,1.0,2.0,1.0,1.0,1.0,1.3333333333333333,1.1666666666666667,1.0,1.8973447944919233,161,89,0.0,0.8973447944919233
695784701986,2025-07,1,3.0,1.0,1.0,1.0,1.0,1.0,1.0,1.1666666666666667,1.0,1.2899953159152595,162,34,2.0,1.7100046840847405
695784701991,2025-07,11,31.0,20.0,10.0,9.0,6.0,3.0,13.0,10.5,20.0,10.527514462148442,162,39,11.0,20.472485537851558
695784701992,2025-07,11,13.0,13.0,22.0,7.0,5.0,8.0,14.0,11.0,13.0,10.821721091471776,162,40,0.0,2.178278908528224
695784701995,2025-07,1,3.0,3.0,2.0,4.0,2.0,4.0,3.0,2.6666666666666665,3.0,2.5909634702935174,162,43,0.0,0.40903652970648263
695784701997,2025-07,1,2.0,1.0,2.0,5.0,2.0,3.0,2.6666666666666665,2.1666666666666665,1.0,2.1037707801908443,162,45,1.0,0.10377078019084429
695784701998,2025-07,14,1.0,11.0,9.0,5.0,5.0,6.0,8.333333333333334,7.166666666666667,11.0,9.384066575370596,162,46,10.0,8.384066575370596
695784702000,2025-07,28,19.0,26.0,16.0,19.0,10.0,18.0,20.333333333333332,19.0,26.0,21.55237217692242,162,48,7.0,2.5523721769224217
695784702001,2025-07,25,19.0,16.0,17.0,11.0,8.0,14.0,14.666666666666666,11.833333333333334,16.0,16.302901028970382,162,49,3.0,2.697098971029618
695784702002,2025-07,25,21.0,19.0,29.0,26.0,22.0,30.0,24.666666666666668,23.333333333333332,19.0,24.028094860418,162,50,2.0,3.028094860418001
695784702003,2025-07,13,9.0,11.0,11.0,8.0,14.0,3.0,10.0,9.833333333333334,11.0,10.129233353330134,162,51,2.0,1.1292333533301342
695784702004,2025-07,7,6.0,8.0,3.0,8.0,12.0,11.0,6.333333333333333,7.666666666666667,8.0,8.003714637183446,162,52,2.0,2.003714637183446
695784702005,2025-07,3,4.0,1.0,3.0,1.0,1.0,2.0,1.6666666666666667,2.5,1.0,2.499185068296108,162,53,3.0,1.500814931703892
695784702006,2025-07,9,5.0,2.0,5.0,10.0,2.0,11.0,5.666666666666667,5.0,2.0,6.759369178990097,162,54,3.0,1.759369178990097
695784702007,2025-07,1,1.0,2.0,1.0,3.0,2.0,3.0,2.0,1.6666666666666667,2.0,1.9425959818172753,162,55,1.0,0.9425959818172753
695784702008,2025-07,7,4.0,7.0,13.0,7.0,5.0,6.0,9.0,6.833333333333333,7.0,7.026926495785787,162,56,3.0,3.026926495785787
695784702009,2025-07,2,3.0,6.0,2.0,1.0,3.0,1.0,3.0,2.3333333333333335,6.0,2.6585947538745076,162,57,3.0,0.3414052461254924
695784702012,2025-07,2,1.0,1.0,1.0,1.0,1.0,1.0,1.0,1.1666666666666667,1.0,1.5757235176917153,162,60,0.0,0.5757235176917153
695784702014,2025-07,3,3.0,1.0,5.0,1.0,2.0,2.0,2.3333333333333335,3.0,1.0,2.773973163166696,162,62,2.0,0.22602683683330405
695784702018,2025-07,2,4.0,1.0,2.0,3.0,1.0,1.0,2.0,1.5,1.0,1.7992807719078456,162,66,3.0,2.2007192280921544
695784702024,2025-07,1,1.0,1.0,6.0,1.0,2.0,1.0,2.6666666666666665,2.1666666666666665,1.0,1.836993632007136,162,72,0.0,0.8369936320071361
695784702025,2025-07,6,4.0,15.0,6.0,2.0,8.0,6.0,7.666666666666667,6.666666666666667,15.0,7.293382798221898,162,73,11.0,3.2933827982218977
695784702026,2025-07,58,29.0,58.0,73.0,57.0,43.0,33.0,62.666666666666664,61.666666666666664,58.0,54.62040728593902,162,74,29.0,25.620407285939017
695784702027,2025-07,20,16.0,15.0,17.0,15.0,19.0,16.0,15.666666666666666,15.333333333333334,15.0,16.742280755594706,162,75,1.0,0.742280755594706
695784702028,2025-07,15,7.0,5.0,10.0,15.0,7.0,5.0,10.0,10.5,5.0,10.438832696243145,162,76,2.0,3.4388326962431446
695784702029,2025-07,116,95.0,93.0,92.0,95.0,60.0,71.0,93.33333333333333,77.83333333333333,93.0,88.26644672416523,162,77,2.0,6.733553275834765
695784702030,2025-07,72,56.0,75.0,54.0,108.0,85.0,94.0,79.0,83.33333333333333,75.0,78.42441414369034,162,78,19.0,22.424414143690342
695784702031,2025-07,33,32.0,19.0,32.0,20.0,21.0,15.0,23.666666666666668,25.0,19.0,24.7896667238792,162,79,13.0,7.210333276120799
695784702032,2025-07,19,23.0,10.0,15.0,18.0,14.0,9.0,14.333333333333334,15.5,10.0,14.887704862302165,162,80,13.0,8.112295137697835
695784702033,2025-07,13,15.0,11.0,15.0,10.0,5.0,15.0,12.0,11.0,11.0,11.91482413004084,162,81,4.0,3.0851758699591603
695784702034,2025-07,6,5.0,11.0,8.0,1.0,3.0,3.0,6.666666666666667,5.5,11.0,5.899422010963264,162,82,6.0,0.8994220109632636
695784702035,2025-07,12,4.0,1.0,2.0,4.0,2.0,4.0,2.3333333333333335,3.1666666666666665,1.0,5.664052443532759,162,83,3.0,1.6640524435327588
695784702036,2025-07,9,2.0,4.0,2.0,1.0,2.0,5.0,2.3333333333333335,2.0,4.0,4.784873147272828,162,84,2.0,2.784873147272828
695784702037,2025-07,8,6.0,15.0,16.0,5.0,3.0,12.0,12.0,8.833333333333334,15.0,9.624535385551114,162,85,9.0,3.6245353855511144
695784702038,2025-07,10,4.0,6.0,10.0,3.0,9.0,11.0,6.333333333333333,6.5,6.0,8.183437900460481,162,86,2.0,4.183437900460481
695784702039,2025-07,1,8.0,8.0,8.0,11.0,13.0,8.0,9.0,7.833333333333333,8.0,6.2974970611973795,162,87,0.0,1.7025029388026205
695784702040,2025-07,1,4.0,1.0,2.0,1.0,6.0,3.0,1.3333333333333333,2.5,1.0,2.211388208798361,162,88,3.0,1.7886117912016388
695784702050,2025-07,3,1.0,5.0,1.0,1.0,1.0,3.0,2.3333333333333335,1.8333333333333333,5.0,2.8041266173325123,162,98,4.0,1.8041266173325123
700079669286,2025-07,1,2.0,6.0,1.0,3.0,1.0,6.0,3.3333333333333335,2.3333333333333335,6.0,2.9739978067222372,163,38,4.0,0.9739978067222372
700079669288,2025-07,8,8.0,6.0,10.0,12.0,19.0,8.0,9.333333333333334,9.833333333333334,6.0,9.06286648207955,163,40,2.0,1.0628664820795493
700079669289,2025-07,1,1.0,5.0,3.0,2.0,1.0,1.0,3.3333333333333335,2.6666666666666665,5.0,2.3632673635293333,163,41,4.0,1.3632673635293333
700079669293,2025-07,2,3.0,5.0,6.0,12.0,18.0,18.0,7.666666666666667,10.833333333333334,5.0,8.650268650863628,163,45,2.0,5.650268650863628
700079669294,2025-07,10,9.0,7.0,7.0,6.0,2.0,8.0,6.666666666666667,5.166666666666667,7.0,7.220310478334542,163,46,2.0,1.7796895216654578
700079669296,2025-07,23,14.0,26.0,29.0,29.0,18.0,23.0,28.0,22.333333333333332,26.0,23.02085566109699,163,48,12.0,9.020855661096991
700079669297,2025-07,29,26.0,31.0,32.0,20.0,26.0,23.0,27.666666666666668,28.666666666666668,31.0,27.469965758992437,163,49,5.0,1.469965758992437
700079669298,2025-07,14,5.0,11.0,18.0,17.0,18.0,10.0,15.333333333333334,15.0,11.0,13.761531449760032,163,50,6.0,8.761531449760032
700079669299,2025-07,8,5.0,7.0,12.0,8.0,13.0,13.0,9.0,9.333333333333334,7.0,9.336557746881601,163,51,2.0,4.336557746881601
700079669300,2025-07,13,15.0,6.0,15.0,20.0,5.0,9.0,13.666666666666666,11.0,6.0,10.955390511757725,163,52,9.0,4.0446094882422745
700079669301,2025-07,1,6.0,2.0,4.0,7.0,4.0,5.0,4.333333333333333,3.3333333333333335,2.0,3.0860032063467937,163,53,4.0,2.9139967936532063
700079669302,2025-07,3,3.0,4.0,3.0,7.0,3.0,6.0,4.666666666666667,5.333333333333333,4.0,4.602869688968531,163,54,1.0,1.6028696889685312
700079669303,2025-07,15,23.0,14.0,18.0,14.0,6.0,19.0,15.333333333333334,13.0,14.0,14.306978255321965,163,55,9.0,8.693021744678035
700079669304,2025-07,7,8.0,4.0,8.0,9.0,8.0,5.0,7.0,5.833333333333333,4.0,6.232912583420409,163,56,4.0,1.7670874165795913
700079669305,2025-07,1,3.0,1.0,5.0,1.0,1.0,1.0,2.3333333333333335,1.8333333333333333,1.0,1.6529422775436462,163,57,2.0,1.3470577224563538
700079669308,2025-07,10,4.0,4.0,4.0,9.0,4.0,4.0,5.666666666666667,5.333333333333333,4.0,6.500912222098869,163,60,0.0,2.5009122220988687
700079669309,2025-07,6,5.0,3.0,4.0,8.0,3.0,4.0,5.0,4.666666666666667,3.0,4.943939259347866,163,61,2.0,0.056060740652133845
700079669310,2025-07,4,1.0,1.0,3.0,1.0,4.0,2.0,1.6666666666666667,3.0,1.0,3.0648571122417474,163,62,0.0,2.0648571122417474
700079669311,2025-07,1,4.0,6.0,4.0,9.0,3.0,9.0,6.333333333333333,5.166666666666667,6.0,4.70648541307453,163,63,2.0,0.7064854130745299
700079669312,2025-07,1,1.0,5.0,6.0,2.0,2.0,1.0,4.333333333333333,2.8333333333333335,5.0,2.564261202656981,163,64,4.0,1.564261202656981
700079669314,2025-07,3,4.0,4.0,2.0,1.0,1.0,4.0,2.3333333333333335,2.8333333333333335,4.0,3.179053439144102,163,66,0.0,0.8209465608558979
700079669322,2025-07,3,2.0,5.0,5.0,4.0,4.0,2.0,4.666666666666667,4.333333333333333,5.0,3.8755341411217064,163,74,3.0,1.8755341411217064
700079669323,2025-07,20,20.0,26.0,32.0,20.0,16.0,24.0,26.0,21.333333333333332,26.0,21.64164844899079,163,75,6.0,1.6416484489907894
700079669324,2025-07,36,29.0,40.0,44.0,42.0,29.0,44.0,42.0,39.666666666666664,40.0,38.21981064673535,163,76,11.0,9.219810646735347
700079669325,2025-07,56,52.0,47.0,48.0,49.0,37.0,59.0,48.0,46.666666666666664,47.0,49.69061847162066,163,77,5.0,2.3093815283793404
700079669326,2025-07,28,35.0,23.0,17.0,15.0,18.0,31.0,18.333333333333332,18.833333333333332,23.0,22.987129499695847,163,78,12.0,12.012870500304153
700079669327,2025-07,25,21.0,25.0,24.0,21.0,15.0,15.0,23.333333333333332,20.0,25.0,21.082906007507155,163,79,4.0,0.08290600750715527
700079669328,2025-07,14,8.0,10.0,17.0,18.0,4.0,5.0,15.0,12.166666666666666,10.0,11.540475706215306,163,80,2.0,3.5404757062153056
700079669329,2025-07,11,7.0,19.0,13.0,6.0,6.0,12.0,12.666666666666666,10.0,19.0,11.381252178628255,163,81,12.0,4.381252178628255
700079669330,2025-07,4,7.0,12.0,3.0,4.0,2.0,6.0,6.333333333333333,4.0,12.0,5.232221316173881,163,82,5.0,1.7677786838261191
700079669332,2025-07,4,2.0,6.0,2.0,3.0,2.0,6.0,3.6666666666666665,3.1666666666666665,6.0,4.1797647626651315,163,84,4.0,2.1797647626651315
700079669333,2025-07,4,10.0,2.0,8.0,6.0,4.0,9.0,5.333333333333333,4.0,2.0,4.775937851946385,163,85,8.0,5.224062148053615
700079669334,2025-07,2,3.0,1.0,2.0,3.0,1.0,3.0,2.0,1.5,1.0,2.0536765233351844,163,86,2.0,0.9463234766648156
700079669336,2025-07,5,7.0,7.0,4.0,8.0,5.0,1.0,6.333333333333333,6.0,7.0,5.261213135746882,163,88,0.0,1.7387868642531181
704374636583,2025-07,1,1.0,2.0,1.0,2.0,2.0,2.0,1.6666666666666667,1.8333333333333333,2.0,1.8312533472741084,164,39,1.0,0.8312533472741084
704374636584,2025-07,4,4.0,4.0,2.0,3.0,1.0,2.0,3.0,2.5,4.0,3.1786754071522125,164,40,0.0,0.8213245928477875
704374636585,2025-07,6,3.0,9.0,9.0,3.0,14.0,8.0,7.0,10.5,9.0,8.483319467433148,164,41,6.0,5.483319467433148
704374636586,2025-07,8,9.0,13.0,11.0,13.0,11.0,9.0,12.333333333333334,10.333333333333334,13.0,9.942292112376787,164,42,4.0,0.9422921123767871
704374636589,2025-07,12,12.0,8.0,12.0,17.0,12.0,8.0,12.333333333333334,10.166666666666666,8.0,10.547350492804243,164,45,4.0,1.4526495071957566
704374636590,2025-07,1,3.0,2.0,1.0,4.0,2.0,1.0,2.3333333333333335,2.1666666666666665,2.0,1.8917196507528153,164,46,1.0,1.1082803492471847
704374636591,2025-07,2,2.0,9.0,5.0,6.0,8.0,9.0,6.666666666666667,7.5,9.0,6.222985839646006,164,47,7.0,4.222985839646006
704374636592,2025-07,27,27.0,25.0,17.0,10.0,19.0,30.0,17.333333333333332,18.666666666666668,25.0,22.59734082688302,164,48,2.0,4.40265917311698
704374636593,2025-07,97,111.0,89.0,104.0,107.0,100.0,118.0,100.0,104.83333333333333,89.0,99.66909629391449,164,49,22.0,11.330903706085508
704374636594,2025-07,68,63.0,78.0,95.0,108.0,80.0,103.0,93.66666666666667,91.33333333333333,78.0,82.6897178526944,164,50,15.0,19.6897178526944
704374636595,2025-07,11,11.0,3.0,5.0,13.0,9.0,8.0,7.0,7.333333333333333,3.0,8.220531305344615,164,51,8.0,2.7794686946553853
704374636596,2025-07,12,10.0,15.0,12.0,16.0,15.0,15.0,14.333333333333334,15.833333333333334,15.0,14.199427516221318,164,52,5.0,4.199427516221318
704374636597,2025-07,1,1.0,3.0,4.0,2.0,3.0,2.0,3.0,2.5,3.0,2.3140043037776987,164,53,2.0,1.3140043037776987
704374636599,2025-07,6,9.0,3.0,6.0,8.0,4.0,5.0,5.666666666666667,5.166666666666667,3.0,5.345925229932124,164,55,6.0,3.6540747700678757
704374636600,2025-07,10,11.0,9.0,10.0,17.0,7.0,15.0,12.0,9.666666666666666,9.0,10.554833450910142,164,56,2.0,0.4451665490898584
704374636601,2025-07,9,3.0,6.0,9.0,3.0,2.0,7.0,6.0,4.0,6.0,6.261073499344067,164,57,3.0,3.261073499344067
704374636602,2025-07,4,1.0,2.0,3.0,1.0,1.0,2.0,2.0,3.0,2.0,3.0666703874485046,164,58,1.0,2.0666703874485046
704374636603,2025-07,1,4.0,4.0,3.0,2.0,4.0,1.0,3.0,3.0,4.0,2.4711414190892675,164,59,0.0,1.5288585809107325
704374636604,2025-07,4,2.0,5.0,2.0,3.0,3.0,4.0,3.3333333333333335,3.5,5.0,3.9563011694516286,164,60,3.0,1.9563011694516286
704374636607,2025-07,5,3.0,8.0,4.0,5.0,7.0,9.0,5.666666666666667,5.666666666666667,8.0,6.246311556623024,164,63,5.0,3.2463115566230236
704374636609,2025-07,2,2.0,7.0,4.0,7.0,2.0,4.0,6.0,4.166666666666667,7.0,4.027940568109733,164,65,5.0,2.0279405681097327
704374636610,2025-07,5,4.0,3.0,4.0,8.0,3.0,10.0,5.0,4.333333333333333,3.0,5.311710981086739,164,66,1.0,1.3117109810867387
704374636611,2025-07,3,3.0,1.0,1.0,4.0,4.0,2.0,2.0,2.3333333333333335,1.0,2.604933371522937,164,67,2.0,0.3950666284770632
704374636616,2025-07,1,1.0,3.0,3.0,2.0,2.0,1.0,2.6666666666666665,2.1666666666666665,3.0,2.002755073600536,164,72,2.0,1.002755073600536
704374636617,2025-07,11,10.0,6.0,9.0,18.0,12.0,26.0,11.0,10.666666666666666,6.0,12.412572006713663,164,73,4.0,2.4125720067136633
704374636618,2025-07,7,8.0,2.0,7.0,3.0,10.0,5.0,4.0,5.666666666666667,2.0,5.750734952630545,164,74,6.0,2.2492650473694553
704374636619,2025-07,23,13.0,21.0,19.0,9.0,7.0,14.0,16.333333333333332,13.833333333333334,21.0,16.931037569095906,164,75,8.0,3.9310375690959063
704374636620,2025-07,14,15.0,9.0,12.0,5.0,9.0,10.0,8.666666666666666,8.166666666666666,9.0,10.249030847836991,164,76,6.0,4.750969152163009
704374636621,2025-07,12,40.0,8.0,8.0,7.0,16.0,17.0,7.666666666666667,10.0,8.0,11.257714961312692,164,77,32.0,28.742285038687307
704374636622,2025-07,29,28.0,16.0,19.0,15.0,20.0,13.0,16.666666666666668,19.0,16.0,20.36628480282186,164,78,12.0,7.633715197178141
704374636623,2025-07,29,20.0,14.0,16.0,13.0,12.0,28.0,14.333333333333334,14.0,14.0,19.901067071693397,164,79,6.0,0.09893292830660272
704374636624,2025-07,30,23.0,17.0,19.0,12.0,16.0,16.0,16.0,14.5,17.0,19.399204720284175,164,80,6.0,3.6007952797158254
704374636625,2025-07,6,4.0,7.0,4.0,2.0,3.0,1.0,4.333333333333333,4.5,7.0,4.742475906450071,164,81,3.0,0.7424759064500712
704374636626,2025-07,4,2.0,4.0,2.0,3.0,5.0,4.0,3.0,3.1666666666666665,4.0,3.806329614805131,164,82,2.0,1.806329614805131
704374636627,2025-07,8,9.0,12.0,3.0,6.0,1.0,9.0,7.0,6.833333333333333,12.0,7.7285759616902245,164,83,3.0,1.2714240383097755
704374636628,2025-07,6,2.0,5.0,3.0,3.0,2.0,7.0,3.6666666666666665,3.3333333333333335,5.0,4.851929661112906,164,84,3.0,2.851929661112906
704374636632,2025-07,1,4.0,2.0,3.0,2.0,1.0,2.0,2.3333333333333335,1.6666666666666667,2.0,1.8097248832652149,164,88,2.0,2.190275116734785
708669603881,2025-07,2,1.0,1.0,1.0,3.0,3.0,4.0,1.6666666666666667,1.8333333333333333,1.0,2.3316105521378923,165,41,0.0,1.3316105521378923
708669603882,2025-07,4,3.0,4.0,2.0,3.0,7.0,2.0,3.0,4.0,4.0,3.9030940876406177,165,42,1.0,0.9030940876406177
708669603883,2025-07,1,1.0,1.0,1.0,2.0,2.0,1.0,1.3333333333333333,1.3333333333333333,1.0,1.4222983541844982,165,43,0.0,0.42229835418449824
708669603884,2025-07,4,2.0,1.0,3.0,7.0,1.0,2.0,3.6666666666666665,2.3333333333333335,1.0,2.9640001499662763,165,44,1.0,0.9640001499662763
708669603885,2025-07,25,20.0,23.0,17.0,26.0,10.0,17.0,22.0,17.333333333333332,23.0,19.976686722881865,165,45,3.0,0.02331327711813458
708669603886,2025-07,14,6.0,12.0,10.0,14.0,12.0,8.0,12.0,10.5,12.0,11.508647289341434,165,46,6.0,5.508647289341434
708669603887,2025-07,13,7.0,10.0,6.0,11.0,12.0,11.0,9.0,12.0,10.0,11.603115887970755,165,47,3.0,4.603115887970755
708669603888,2025-07,16,24.0,19.0,26.0,20.0,19.0,22.0,21.666666666666668,20.333333333333332,19.0,18.99474944545286,165,48,5.0,5.005250554547139
708669603889,2025-07,40,40.0,52.0,45.0,25.0,34.0,45.0,40.666666666666664,36.666666666666664,52.0,39.47489341413615,165,49,12.0,0.5251065858638526
708669603890,2025-07,12,19.0,26.0,20.0,15.0,21.0,31.0,20.333333333333332,19.0,26.0,19.045092371424012,165,50,7.0,0.0450923714240119
708669603891,2025-07,25,29.0,24.0,23.0,36.0,30.0,35.0,27.666666666666668,27.833333333333332,24.0,27.21328719183652,165,51,5.0,1.7867128081634789
708669603892,2025-07,1,1.0,5.0,5.0,4.0,3.0,4.0,4.666666666666667,4.833333333333333,5.0,3.68453353647312,165,52,4.0,2.68453353647312
708669603895,2025-07,1,1.0,3.0,1.0,1.0,1.0,4.0,1.6666666666666667,1.3333333333333333,3.0,1.960884850891425,165,55,2.0,0.960884850891425
708669603896,2025-07,1,3.0,1.0,2.0,3.0,2.0,1.0,2.0,2.0,1.0,1.716554514954474,165,56,2.0,1.283445485045526
708669603900,2025-07,1,2.0,5.0,1.0,1.0,2.0,1.0,2.3333333333333335,1.8333333333333333,5.0,2.01674541102531,165,60,3.0,0.01674541102531002
708669603901,2025-07,1,2.0,2.0,1.0,1.0,1.0,1.0,1.3333333333333333,1.1666666666666667,2.0,1.407221437141164,165,61,0.0,0.592778562858836
708669603902,2025-07,2,8.0,6.0,14.0,7.0,7.0,7.0,9.0,7.333333333333333,6.0,5.88562320991116,165,62,2.0,2.1143767900888397
708669603903,2025-07,3,4.0,1.0,2.0,3.0,2.0,3.0,2.0,1.8333333333333333,1.0,2.4875630045513804,165,63,3.0,1.5124369954486196
708669603904,2025-07,12,9.0,17.0,13.0,15.0,4.0,4.0,15.0,10.166666666666666,17.0,10.743742718196376,165,64,8.0,1.7437427181963763
708669603905,2025-07,17,9.0,12.0,19.0,21.0,13.0,18.0,17.333333333333332,15.5,12.0,15.917548206684577,165,65,3.0,6.917548206684577
708669603906,2025-07,3,1.0,2.0,4.0,2.0,2.0,3.0,2.6666666666666665,2.1666666666666665,2.0,2.747274182378635,165,66,1.0,1.7472741823786349
708669603912,2025-07,4,1.0,7.0,7.0,5.0,1.0,3.0,6.333333333333333,4.333333333333333,7.0,4.5182741893048375,165,72,6.0,3.5182741893048375
708669603914,2025-07,7,9.0,15.0,4.0,6.0,7.0,10.0,8.333333333333334,7.0,15.0,8.243286431750544,165,74,6.0,0.7567135682494559
708669603915,2025-07,12,18.0,17.0,15.0,18.0,16.0,14.0,16.666666666666668,18.666666666666668,17.0,15.46315121664632,165,75,1.0,2.5368487833536797
708669603916,2025-07,16,20.0,22.0,25.0,18.0,17.0,17.0,21.666666666666668,17.666666666666668,22.0,17.642127963633165,165,76,2.0,2.3578720363668353
708669603917,2025-07,11,14.0,15.0,16.0,20.0,21.0,20.0,17.0,18.0,15.0,15.793008031981376,165,77,1.0,1.7930080319813761
708669603918,2025-07,13,16.0,22.0,7.0,11.0,7.0,13.0,13.333333333333334,11.666666666666666,22.0,12.998076095000764,165,78,6.0,3.001923904999236
708669603919,2025-07,8,17.0,12.0,3.0,5.0,7.0,10.0,6.666666666666667,7.0,12.0,8.102454770612692,165,79,5.0,8.897545229387308
708669603920,2025-07,17,9.0,23.0,11.0,7.0,8.0,12.0,13.666666666666666,11.5,23.0,14.102263034152159,165,80,14.0,5.102263034152159
708669603921,2025-07,11,6.0,28.0,11.0,8.0,12.0,12.0,15.666666666666666,12.166666666666666,28.0,13.386271310061368,165,81,22.0,7.3862713100613675
708669603922,2025-07,1,2.0,1.0,1.0,1.0,1.0,1.0,1.0,1.3333333333333333,1.0,1.3448389812986044,165,82,1.0,0.6551610187013956
708669603923,2025-07,1,1.0,1.0,2.0,1.0,1.0,4.0,1.3333333333333333,1.1666666666666667,1.0,1.7074820180800216,165,83,0.0,0.7074820180800216
708669603928,2025-07,2,1.0,1.0,1.0,1.0,1.0,3.0,1.0,1.0,1.0,1.775275603735711,165,88,0.0,0.7752756037357109
712964571169,2025-07,1,2.0,1.0,1.0,1.0,1.0,1.0,1.0,1.0,1.0,1.2351516505319147,166,33,1.0,0.7648483494680853
712964571180,2025-07,6,8.0,9.0,8.0,4.0,4.0,9.0,7.0,6.833333333333333,9.0,7.022342567171817,166,44,1.0,0.9776574328281828
712964571181,2025-07,13,14.0,10.0,12.0,6.0,8.0,13.0,9.333333333333334,9.333333333333334,10.0,10.846545527650662,166,45,4.0,3.1534544723493383
712964571182,2025-07,40,20.0,26.0,26.0,27.0,15.0,24.0,26.333333333333332,21.0,26.0,27.265614724427557,166,46,6.0,7.265614724427557
712964571183,2025-07,17,11.0,12.0,12.0,13.0,14.0,20.0,12.333333333333334,12.166666666666666,12.0,14.550382680249054,166,47,1.0,3.5503826802490543
712964571184,2025-07,1,2.0,1.0,1.0,2.0,2.0,1.0,1.3333333333333333,1.3333333333333333,1.0,1.4222983541844982,166,48,1.0,0.5777016458155018
712964571185,2025-07,16,16.0,22.0,17.0,18.0,24.0,18.0,19.0,19.166666666666668,22.0,18.24507086831828,166,49,6.0,2.2450708683182796
712964571186,2025-07,9,12.0,16.0,7.0,12.0,17.0,14.0,11.666666666666666,12.833333333333334,16.0,12.086608004879936,166,50,4.0,0.08660800487993647
712964571187,2025-07,22,16.0,26.0,16.0,16.0,7.0,13.0,19.333333333333332,15.666666666666666,26.0,17.87276216137075,166,51,10.0,1.8727621613707512
712964571188,2025-07,6,8.0,1.0,12.0,4.0,8.0,3.0,5.666666666666667,5.166666666666667,1.0,5.070365784036308,166,52,7.0,2.9296342159636923
712964571189,2025-07,3,1.0,6.0,7.0,2.0,3.0,9.0,5.0,4.833333333333333,6.0,5.003014741442103,166,53,5.0,4.003014741442103
712964571192,2025-07,1,2.0,10.0,5.0,2.0,6.0,12.0,5.666666666666667,4.5,10.0,5.215995815138774,166,56,8.0,3.2159958151387738
712964571193,2025-07,2,2.0,5.0,6.0,3.0,2.0,1.0,4.666666666666667,4.5,5.0,3.437414482479735,166,57,3.0,1.4374144824797348
712964571199,2025-07,4,3.0,6.0,8.0,5.0,3.0,9.0,6.333333333333333,5.0,6.0,5.496444956264185,166,63,3.0,2.4964449562641846
712964571200,2025-07,15,9.0,19.0,17.0,11.0,12.0,12.0,15.666666666666666,16.0,19.0,15.067877052732033,166,64,10.0,6.067877052732033
712964571201,2025-07,24,9.0,17.0,6.0,6.0,8.0,11.0,9.666666666666666,9.166666666666666,17.0,14.285540728819814,166,65,8.0,5.285540728819814
712964571202,2025-07,1,4.0,1.0,2.0,1.0,1.0,1.0,1.3333333333333333,1.1666666666666667,1.0,1.32588839093901,166,66,3.0,2.67411160906099
712964571206,2025-07,9,2.0,11.0,9.0,4.0,4.0,4.0,8.0,6.333333333333333,11.0,7.349352115258358,166,70,9.0,5.349352115258358
712964571209,2025-07,10,14.0,20.0,19.0,12.0,14.0,18.0,17.0,13.0,20.0,13.720179914063902,166,73,6.0,0.2798200859360982
712964571210,2025-07,14,18.0,12.0,31.0,17.0,15.0,20.0,20.0,17.833333333333332,12.0,16.434275768929126,166,74,6.0,1.5657242310708739
712964571211,2025-07,13,23.0,34.0,28.0,7.0,31.0,39.0,23.0,22.5,34.0,22.79787621498508,166,75,11.0,0.20212378501491912
712964571212,2025-07,3,8.0,11.0,7.0,5.0,6.0,20.0,7.666666666666667,6.833333333333333,11.0,7.878824083679818,166,76,3.0,0.12117591632018243
712964571213,2025-07,5,9.0,14.0,13.0,9.0,6.0,5.0,12.0,8.333333333333334,14.0,7.758895850649383,166,77,5.0,1.2411041493506172
712964571214,2025-07,11,16.0,16.0,11.0,8.0,7.0,4.0,11.666666666666666,9.666666666666666,16.0,9.946965125525724,166,78,0.0,6.053034874474276
712964571215,2025-07,11,5.0,7.0,18.0,4.0,6.0,14.0,9.666666666666666,8.666666666666666,7.0,9.891673678971047,166,79,2.0,4.891673678971047
712964571216,2025-07,20,9.0,20.0,10.0,14.0,7.0,20.0,14.666666666666666,14.666666666666666,20.0,16.865936869589838,166,80,11.0,7.865936869589838
712964571217,2025-07,11,9.0,16.0,7.0,13.0,9.0,12.0,12.0,11.666666666666666,16.0,11.750983834150539,166,81,7.0,2.7509838341505386
712964571223,2025-07,2,1.0,1.0,1.0,3.0,2.0,1.0,1.6666666666666667,1.6666666666666667,1.0,1.8567023109404879,166,87,0.0,0.8567023109404879
717259538477,2025-07,8,8.0,5.0,3.0,2.0,5.0,4.0,3.3333333333333335,3.8333333333333335,5.0,5.28274785548115,167,45,3.0,2.7172521445188504
717259538478,2025-07,45,33.0,34.0,36.0,48.0,53.0,34.0,39.333333333333336,41.166666666666664,34.0,40.17971067992167,167,46,1.0,7.179710679921669
717259538479,2025-07,5,14.0,12.0,5.0,11.0,9.0,9.0,9.333333333333334,8.666666666666666,12.0,8.049167536073767,167,47,2.0,5.950832463926233
717259538481,2025-07,8,11.0,8.0,5.0,11.0,7.0,3.0,8.0,7.5,8.0,7.213412847187981,167,49,3.0,3.786587152812019
717259538482,2025-07,16,12.0,9.0,19.0,14.0,23.0,13.0,14.0,16.333333333333332,9.0,15.030161106819376,167,50,3.0,3.030161106819376
717259538483,2025-07,13,16.0,29.0,21.0,27.0,17.0,14.0,25.666666666666668,21.666666666666668,29.0,18.747504066764993,167,51,13.0,2.747504066764993
717259538484,2025-07,12,10.0,13.0,5.0,8.0,14.0,7.0,8.666666666666666,8.833333333333334,13.0,10.042328454417587,167,52,3.0,0.04232845441758748
717259538485,2025-07,6,9.0,4.0,7.0,10.0,2.0,5.0,7.0,5.666666666666667,4.0,5.664610373411404,167,53,5.0,3.3353896265885963
717259538486,2025-07,1,4.0,3.0,2.0,3.0,3.0,2.0,2.6666666666666665,2.6666666666666665,3.0,2.3360502433263832,167,54,1.0,1.6639497566736168
717259538487,2025-07,1,1.0,4.0,7.0,2.0,2.0,4.0,4.333333333333333,4.0,4.0,3.248427441279256,167,55,3.0,2.248427441279256
717259538488,2025-07,13,7.0,8.0,8.0,9.0,6.0,15.0,8.333333333333334,7.0,8.0,9.99512879645678,167,56,1.0,2.9951287964567808
717259538489,2025-07,4,2.0,1.0,1.0,4.0,2.0,1.0,2.0,1.8333333333333333,1.0,2.5219908040895875,167,57,1.0,0.5219908040895875
717259538495,2025-07,3,5.0,3.0,5.0,1.0,7.0,2.0,3.0,3.8333333333333335,3.0,3.4749984759004793,167,63,2.0,1.5250015240995207
717259538496,2025-07,17,9.0,13.0,17.0,12.0,10.0,8.0,14.0,14.0,13.0,13.731107768341435,167,64,4.0,4.731107768341435
717259538497,2025-07,7,4.0,6.0,4.0,6.0,6.0,9.0,5.333333333333333,4.5,6.0,6.1999275355805015,167,65,2.0,2.1999275355805015
717259538498,2025-07,4,11.0,6.0,7.0,13.0,10.0,4.0,8.666666666666666,8.333333333333334,6.0,6.502639844753082,167,66,5.0,4.497360155246918
717259538501,2025-07,5,3.0,6.0,4.0,3.0,2.0,2.0,4.333333333333333,3.5,6.0,4.138174942401102,167,69,3.0,1.1381749424011023
717259538505,2025-07,1,3.0,2.0,2.0,2.0,4.0,1.0,2.0,2.5,2.0,2.03626510546367,167,73,1.0,0.96373489453633
717259538506,2025-07,11,26.0,7.0,26.0,11.0,10.0,9.0,14.666666666666666,10.166666666666666,7.0,10.463224653224913,167,74,19.0,15.536775346775087
717259538507,2025-07,2,6.0,7.0,3.0,1.0,7.0,2.0,3.6666666666666665,4.0,7.0,3.6412322743634853,167,75,1.0,2.3587677256365147
717259538508,2025-07,12,20.0,7.0,11.0,7.0,13.0,9.0,8.333333333333334,9.666666666666666,7.0,10.005484882662842,167,76,13.0,9.994515117337158
717259538509,2025-07,30,20.0,15.0,27.0,41.0,18.0,29.0,27.666666666666668,25.666666666666668,15.0,25.987601242502777,167,77,5.0,5.987601242502777
717259538510,2025-07,29,17.0,22.0,17.0,12.0,30.0,24.0,17.0,22.833333333333332,22.0,23.926180530889063,167,78,5.0,6.926180530889063
717259538511,2025-07,21,26.0,20.0,24.0,25.0,24.0,13.0,23.0,23.833333333333332,20.0,20.863063381570228,167,79,6.0,5.136936618429772
717259538512,2025-07,9,5.0,12.0,10.0,14.0,9.0,5.0,12.0,10.166666666666666,12.0,9.473312476532307,167,80,7.0,4.473312476532307
717259538513,2025-07,17,24.0,29.0,27.0,24.0,15.0,23.0,26.666666666666668,21.5,29.0,21.00180537006838,167,81,5.0,2.9981946299316213
717259538514,2025-07,11,13.0,9.0,11.0,5.0,18.0,15.0,8.333333333333334,10.166666666666666,9.0,10.99630506870981,167,82,4.0,2.0036949312901893
717259538515,2025-07,9,14.0,22.0,12.0,6.0,8.0,26.0,13.333333333333334,13.666666666666666,22.0,14.189853859500385,167,83,8.0,0.1898538595003849
717259538516,2025-07,6,4.0,9.0,1.0,14.0,4.0,3.0,8.0,6.166666666666667,9.0,6.178413368318587,167,84,5.0,2.178413368318587
717259538519,2025-07,1,1.0,2.0,1.0,1.0,2.0,2.0,1.3333333333333333,1.3333333333333333,2.0,1.6277339269112296,167,87,1.0,0.6277339269112296
721554505769,2025-07,3,2.0,3.0,1.0,4.0,2.0,4.0,2.6666666666666665,2.3333333333333335,3.0,3.016839468055988,168,41,1.0,1.0168394680559878
721554505770,2025-07,1,1.0,1.0,2.0,3.0,2.0,4.0,2.0,2.0,1.0,2.098148142095482,168,42,0.0,1.0981481420954822
721554505773,2025-07,3,2.0,1.0,2.0,3.0,1.0,2.0,2.0,2.0,1.0,2.376737845548007,168,45,1.0,0.37673784554800704
721554505775,2025-07,4,1.0,4.0,1.0,2.0,2.0,1.0,2.3333333333333335,2.1666666666666665,4.0,2.905379650108305,168,47,3.0,1.905379650108305
721554505776,2025-07,2,2.0,1.0,2.0,1.0,1.0,1.0,1.3333333333333333,1.3333333333333333,1.0,1.6664602580988124,168,48,1.0,0.3335397419011876
721554505785,2025-07,2,1.0,1.0,1.0,3.0,2.0,1.0,1.6666666666666667,2.0,1.0,1.9663896417071776,168,57,0.0,0.9663896417071776
721554505789,2025-07,2,2.0,8.0,3.0,4.0,1.0,6.0,5.0,3.6666666666666665,8.0,4.04370214827761,168,61,6.0,2.0437021482776103
721554505791,2025-07,3,1.0,2.0,1.0,1.0,1.0,1.0,1.3333333333333333,1.1666666666666667,2.0,1.9786778406940755,168,63,1.0,0.9786778406940755
721554505793,2025-07,7,4.0,5.0,10.0,9.0,2.0,13.0,8.0,8.166666666666666,5.0,7.976493483731717,168,65,1.0,3.9764934837317174
721554505794,2025-07,8,14.0,5.0,26.0,7.0,13.0,21.0,12.666666666666666,11.833333333333334,5.0,11.405858117009007,168,66,9.0,2.594141882990993
721554505797,2025-07,4,1.0,7.0,1.0,5.0,1.0,3.0,4.333333333333333,3.0,7.0,3.864166416095566,168,69,6.0,2.864166416095566
721554505798,2025-07,5,2.0,1.0,1.0,4.0,1.0,1.0,2.0,1.8333333333333333,1.0,2.7692480571929945,168,70,1.0,0.7692480571929945
721554505800,2025-07,5,14.0,14.0,43.0,6.0,14.0,21.0,21.0,15.666666666666666,14.0,13.474777706393702,168,72,0.0,0.5252222936062978
721554505801,2025-07,1,2.0,2.0,1.0,1.0,2.0,4.0,1.3333333333333333,1.5,2.0,1.9369733437219132,168,73,0.0,0.06302665627808679
721554505802,2025-07,10,5.0,18.0,5.0,11.0,10.0,16.0,11.333333333333334,11.833333333333334,18.0,12.15205099326378,168,74,13.0,7.15205099326378
721554505803,2025-07,8,5.0,9.0,11.0,7.0,11.0,8.0,9.0,8.0,9.0,8.344447891115603,168,75,4.0,3.3444478911156033
721554505804,2025-07,4,4.0,1.0,8.0,2.0,3.0,4.0,3.6666666666666665,3.3333333333333335,1.0,3.6089230450943273,168,76,3.0,0.39107695490567274
721554505805,2025-07,16,14.0,20.0,22.0,13.0,17.0,14.0,18.333333333333332,17.666666666666668,20.0,16.723460747904877,168,77,6.0,2.723460747904877
721554505806,2025-07,31,34.0,36.0,31.0,27.0,32.0,38.0,31.333333333333332,28.333333333333332,36.0,30.893685160117677,168,78,2.0,3.106314839882323
721554505807,2025-07,23,15.0,33.0,24.0,15.0,27.0,14.0,24.0,21.0,33.0,21.878843529147417,168,79,18.0,6.878843529147417
721554505808,2025-07,17,23.0,23.0,18.0,5.0,17.0,39.0,15.333333333333334,15.166666666666666,23.0,19.262679531652864,168,80,0.0,3.7373204683471357
721554505809,2025-07,7,13.0,8.0,8.0,11.0,8.0,13.0,9.0,10.0,8.0,9.16846855704271,168,81,5.0,3.8315314429572904
721554505810,2025-07,8,14.0,17.0,12.0,9.0,18.0,9.0,12.666666666666666,12.833333333333334,17.0,11.383087596914311,168,82,3.0,2.6169124030856885
721554505811,2025-07,4,14.0,5.0,4.0,8.0,3.0,8.0,5.666666666666667,4.5,5.0,5.060882935718098,168,83,9.0,8.939117064281902
721554505812,2025-07,7,4.0,6.0,6.0,5.0,6.0,5.0,5.666666666666667,6.333333333333333,6.0,6.327214077777282,168,84,2.0,2.327214077777282
721554505813,2025-07,2,3.0,1.0,2.0,3.0,1.0,1.0,2.0,1.5,1.0,1.7992807719078456,168,85,2.0,1.2007192280921544
721554505815,2025-07,1,1.0,3.0,2.0,2.0,1.0,4.0,2.3333333333333335,1.6666666666666667,3.0,2.1454536808947093,168,87,2.0,1.1454536808947093
725849473057,2025-07,3,2.0,1.0,3.0,2.0,3.0,3.0,2.0,2.3333333333333335,1.0,2.6874696001853735,169,33,1.0,0.6874696001853735
725849473065,2025-07,1,1.0,2.0,1.0,3.0,1.0,3.0,2.0,2.3333333333333335,2.0,2.1234996946776086,169,41,1.0,1.1234996946776086
725849473066,2025-07,2,5.0,5.0,5.0,1.0,1.0,7.0,3.6666666666666665,3.1666666666666665,5.0,3.6095115415725036,169,42,0.0,1.3904884584274964
725849473077,2025-07,1,3.0,1.0,1.0,3.0,1.0,2.0,1.6666666666666667,1.6666666666666667,1.0,1.6597010362046518,169,53,2.0,1.3402989637953482
725849473081,2025-07,11,6.0,10.0,5.0,4.0,5.0,6.0,6.333333333333333,5.0,10.0,7.514127474523986,169,57,4.0,1.5141274745239857
725849473082,2025-07,1,2.0,1.0,3.0,3.0,2.0,4.0,2.3333333333333335,2.8333333333333335,1.0,2.408259544035962,169,58,1.0,0.4082595440359622
725849473089,2025-07,10,7.0,6.0,11.0,6.0,7.0,12.0,7.666666666666667,6.833333333333333,6.0,8.496239557257024,169,65,1.0,1.4962395572570237
725849473097,2025-07,6,1.0,4.0,8.0,2.0,3.0,9.0,4.666666666666667,3.6666666666666665,4.0,5.277734521659994,169,73,3.0,4.277734521659994
725849473098,2025-07,2,1.0,3.0,5.0,1.0,1.0,2.0,3.0,2.0,3.0,2.355164262868927,169,74,2.0,1.3551642628689269
725849473099,2025-07,6,8.0,7.0,7.0,6.0,9.0,17.0,6.666666666666667,7.333333333333333,7.0,8.204442843346584,169,75,1.0,0.2044428433465839
725849473100,2025-07,8,5.0,6.0,7.0,10.0,5.0,7.0,7.666666666666667,7.333333333333333,6.0,7.388764270696067,169,76,1.0,2.3887642706960666
725849473101,2025-07,10,22.0,18.0,13.0,20.0,20.0,31.0,17.0,17.666666666666668,18.0,17.00229732222201,169,77,4.0,4.9977026777779905
725849473102,2025-07,18,28.0,14.0,13.0,11.0,14.0,18.0,12.666666666666666,14.833333333333334,14.0,15.651582245781572,169,78,14.0,12.348417754218428
725849473103,2025-07,10,8.0,12.0,8.0,6.0,12.0,12.0,8.666666666666666,8.333333333333334,12.0,9.777864791356553,169,79,4.0,1.7778647913565528
725849473104,2025-07,36,51.0,45.0,38.0,22.0,42.0,37.0,35.0,37.333333333333336,45.0,36.65274020585262,169,80,6.0,14.347259794147377
725849473105,2025-07,9,17.0,10.0,11.0,13.0,10.0,8.0,11.333333333333334,11.0,10.0,9.930047787622192,169,81,7.0,7.0699522123778085
725849473106,2025-07,6,5.0,14.0,7.0,10.0,5.0,2.0,10.333333333333334,7.333333333333333,14.0,7.119127458382042,169,82,9.0,2.1191274583820423
725849473107,2025-07,16,13.0,21.0,12.0,7.0,17.0,17.0,13.333333333333334,13.666666666666666,21.0,15.313171231556929,169,83,8.0,2.313171231556929
725849473108,2025-07,2,3.0,5.0,1.0,2.0,4.0,11.0,2.6666666666666665,3.8333333333333335,5.0,4.348506676097552,169,84,2.0,1.3485066760975517
730144440362,2025-07,1,1.0,3.0,1.0,3.0,4.0,4.0,2.3333333333333335,2.5,3.0,2.5381802030196763,170,42,2.0,1.5381802030196763
730144440365,2025-07,4,2.0,1.0,2.0,1.0,1.0,2.0,1.3333333333333333,2.0,1.0,2.584489198898776,170,45,1.0,0.5844891988987762
730144440367,2025-07,1,4.0,1.0,1.0,2.0,1.0,1.0,1.3333333333333333,1.3333333333333333,1.0,1.3838274055114486,170,47,3.0,2.6161725944885514
730144440370,2025-07,1,1.0,1.0,1.0,2.0,1.0,3.0,1.3333333333333333,1.1666666666666667,1.0,1.5833794915554424,170,50,0.0,0.5833794915554424
730144440377,2025-07,2,1.0,1.0,4.0,3.0,1.0,1.0,2.6666666666666665,1.8333333333333333,1.0,1.9807542527220363,170,57,0.0,0.9807542527220363
730144440382,2025-07,6,9.0,2.0,5.0,12.0,6.0,4.0,6.333333333333333,5.333333333333333,2.0,5.353347417549614,170,62,7.0,3.646652582450386
730144440384,2025-07,6,19.0,11.0,13.0,7.0,2.0,6.0,10.333333333333334,8.833333333333334,11.0,7.752813917493949,170,64,8.0,11.247186082506051
730144440385,2025-07,12,7.0,2.0,7.0,16.0,9.0,5.0,8.333333333333334,10.5,2.0,9.238220823723752,170,65,5.0,2.2382208237237524
730144440386,2025-07,1,4.0,1.0,1.0,3.0,4.0,4.0,1.6666666666666667,2.6666666666666665,1.0,2.358571625951212,170,66,3.0,1.6414283740487878
730144440394,2025-07,2,1.0,3.0,2.0,1.0,4.0,2.0,2.0,2.3333333333333335,3.0,2.472585214583513,170,74,2.0,1.4725852145835132
730144440395,2025-07,10,6.0,5.0,4.0,6.0,5.0,19.0,5.0,5.666666666666667,5.0,8.557299485831035,170,75,1.0,2.5572994858310345
730144440396,2025-07,4,5.0,3.0,12.0,7.0,5.0,3.0,7.333333333333333,5.833333333333333,3.0,4.954288711087967,170,76,2.0,0.0457112889120328
730144440397,2025-07,35,38.0,35.0,28.0,27.0,18.0,37.0,30.0,26.333333333333332,35.0,30.487777479189837,170,77,3.0,7.5122225208101625
730144440398,2025-07,5,5.0,7.0,3.0,1.0,3.0,7.0,3.6666666666666665,4.333333333333333,7.0,5.090209794335696,170,78,2.0,0.09020979433569565
730144440399,2025-07,11,7.0,14.0,3.0,10.0,14.0,26.0,9.0,9.666666666666666,14.0,12.570995037721676,170,79,7.0,5.570995037721676
730144440400,2025-07,10,25.0,16.0,16.0,14.0,4.0,27.0,15.333333333333334,11.333333333333334,16.0,13.433207793373798,170,80,9.0,11.566792206626202
730144440401,2025-07,21,23.0,28.0,15.0,21.0,27.0,23.0,21.333333333333332,21.166666666666668,28.0,21.831773936334656,170,81,5.0,1.1682260636653439
730144440402,2025-07,9,11.0,9.0,11.0,10.0,9.0,11.0,10.0,10.5,9.0,9.874448076075684,170,82,2.0,1.1255519239243164
730144440403,2025-07,4,4.0,2.0,6.0,7.0,6.0,4.0,5.0,6.5,2.0,5.006747625639658,170,83,2.0,1.0067476256396581
730144440404,2025-07,3,1.0,2.0,1.0,1.0,2.0,1.0,1.3333333333333333,1.5,2.0,2.1268361201338166,170,84,1.0,1.1268361201338166
730144440411,2025-07,1,5.0,1.0,2.0,1.0,1.0,3.0,1.3333333333333333,1.6666666666666667,1.0,1.7448151385163868,170,91,4.0,3.255184861483613
734439407666,2025-07,4,2.0,3.0,5.0,2.0,3.0,4.0,3.3333333333333335,2.6666666666666665,3.0,3.516321400941502,171,50,1.0,1.5163214009415018
734439407681,2025-07,5,12.0,5.0,8.0,4.0,2.0,6.0,5.666666666666667,4.666666666666667,5.0,5.0962067060211425,171,65,7.0,6.9037932939788575
734439407682,2025-07,8,9.0,3.0,5.0,3.0,2.0,7.0,3.6666666666666665,4.5,3.0,5.64462562994493,171,66,6.0,3.3553743700550704
734439407686,2025-07,1,1.0,37.0,3.0,2.0,8.0,1.0,14.0,9.0,37.0,8.467859168036753,171,70,36.0,7.467859168036753
734439407690,2025-07,1,3.0,6.0,2.0,12.0,3.0,2.0,6.666666666666667,4.833333333333333,6.0,3.7515920749031757,171,74,3.0,0.7515920749031757
734439407691,2025-07,4,5.0,2.0,9.0,3.0,7.0,1.0,4.666666666666667,5.833333333333333,2.0,4.395975813858197,171,75,3.0,0.6040241861418032
734439407692,2025-07,2,5.0,6.0,4.0,4.0,3.0,4.0,4.666666666666667,4.666666666666667,6.0,3.996751119068385,171,76,1.0,1.003248880931615
734439407693,2025-07,8,6.0,6.0,8.0,8.0,8.0,11.0,7.333333333333333,7.0,6.0,7.861197515401269,171,77,0.0,1.861197515401269
734439407694,2025-07,9,5.0,10.0,4.0,4.0,2.0,2.0,6.0,6.666666666666667,10.0,6.831010300906951,171,78,5.0,1.831010300906951
734439407695,2025-07,27,11.0,22.0,24.0,23.0,16.0,15.0,23.0,18.666666666666668,22.0,20.980382521414324,171,79,11.0,9.980382521414324
734439407696,2025-07,22,71.0,27.0,34.0,41.0,42.0,31.0,34.0,43.0,27.0,32.241180327616696,171,80,44.0,38.758819672383304
734439407697,2025-07,4,9.0,10.0,11.0,8.0,6.0,12.0,9.666666666666666,7.5,10.0,7.509655392787925,171,81,1.0,1.4903446072120747
738734374956,2025-07,2,4.0,4.0,4.0,3.0,1.0,2.0,3.6666666666666665,3.6666666666666665,4.0,3.0629108113302213,172,44,0.0,0.9370891886697787
738734374957,2025-07,1,1.0,2.0,4.0,2.0,2.0,2.0,2.6666666666666665,2.1666666666666665,2.0,2.0486199031120513,172,45,1.0,1.0486199031120513
738734374966,2025-07,4,6.0,3.0,2.0,2.0,5.0,2.0,2.3333333333333335,2.5,3.0,3.1763446564056617,172,54,3.0,2.8236553435943383
738734374977,2025-07,1,1.0,4.0,1.0,1.0,2.0,1.0,2.0,2.0,4.0,1.9543629551827504,172,65,3.0,0.9543629551827504
738734374985,2025-07,4,3.0,2.0,3.0,3.0,7.0,6.0,2.6666666666666665,4.5,2.0,4.377857419217275,172,73,1.0,1.3778574192172748
738734374986,2025-07,6,12.0,6.0,8.0,12.0,9.0,14.0,8.666666666666666,11.0,6.0,9.18200735371408,172,74,6.0,2.8179926462859193
738734374988,2025-07,1,3.0,4.0,6.0,2.0,3.0,1.0,4.0,3.0,4.0,2.540349695487471,172,76,1.0,0.45965030451252886
738734374989,2025-07,7,6.0,1.0,7.0,5.0,1.0,2.0,4.333333333333333,3.8333333333333335,1.0,4.380373195415072,172,77,5.0,1.6196268045849278
738734374990,2025-07,4,5.0,2.0,3.0,9.0,3.0,4.0,4.666666666666667,3.6666666666666665,2.0,3.9292900914580686,172,78,3.0,1.0707099085419314
738734374991,2025-07,9,8.0,7.0,15.0,8.0,9.0,7.0,10.0,10.666666666666666,7.0,9.251643447821857,172,79,1.0,1.2516434478218574
738734374992,2025-07,2,1.0,2.0,3.0,4.0,3.0,1.0,3.0,3.1666666666666665,2.0,2.616766943549896,172,80,1.0,1.6167669435498961
743029342251,2025-07,2,5.0,4.0,5.0,1.0,3.0,3.0,3.3333333333333335,3.6666666666666665,4.0,3.2249668109880547,173,43,1.0,1.7750331890119453
743029342252,2025-07,4,3.0,3.0,2.0,3.0,1.0,9.0,2.6666666666666665,3.0,3.0,4.116365412072033,173,44,0.0,1.1163654120720334
743029342253,2025-07,5,2.0,2.0,3.0,2.0,8.0,3.0,2.3333333333333335,4.666666666666667,2.0,4.336318183696274,173,45,0.0,2.3363181836962736
743029342257,2025-07,2,1.0,1.0,1.0,1.0,1.0,5.0,1.0,1.3333333333333333,1.0,2.139358685929741,173,49,0.0,1.139358685929741
743029342260,2025-07,2,1.0,8.0,4.0,3.0,2.0,6.0,5.0,3.3333333333333335,8.0,3.9693904169948784,173,52,7.0,2.9693904169948784
743029342262,2025-07,16,7.0,7.0,7.0,9.0,11.0,18.0,7.666666666666667,7.166666666666667,7.0,11.327986241426094,173,54,0.0,4.327986241426094
743029342263,2025-07,8,2.0,5.0,3.0,2.0,6.0,1.0,3.3333333333333335,4.666666666666667,5.0,5.213843503929915,173,55,3.0,3.2138435039299154
743029342264,2025-07,2,1.0,1.0,1.0,1.0,1.0,1.0,1.0,1.3333333333333333,1.0,1.6305671830750619,173,56,0.0,0.6305671830750619
743029342268,2025-07,2,1.0,1.0,3.0,1.0,4.0,3.0,1.6666666666666667,1.8333333333333333,1.0,2.236692926719087,173,60,0.0,1.236692926719087
743029342281,2025-07,1,6.0,2.0,1.0,3.0,2.0,2.0,2.0,1.6666666666666667,2.0,1.815398106103606,173,73,4.0,4.184601893896394
743029342282,2025-07,1,1.0,4.0,8.0,3.0,2.0,5.0,5.0,5.166666666666667,4.0,3.8344124739129395,173,74,3.0,2.8344124739129395
743029342283,2025-07,5,11.0,16.0,9.0,10.0,10.0,9.0,11.666666666666666,11.666666666666666,16.0,9.648312822432818,173,75,5.0,1.3516871775671824
743029342284,2025-07,4,1.0,6.0,3.0,3.0,1.0,2.0,4.0,2.8333333333333335,6.0,3.5587080553944634,173,76,5.0,2.5587080553944634
743029342285,2025-07,1,5.0,11.0,1.0,3.0,1.0,12.0,5.0,3.8333333333333335,11.0,4.816908655583889,173,77,6.0,0.18309134441611086
743029342289,2025-07,2,1.0,3.0,3.0,4.0,3.0,1.0,3.3333333333333335,3.6666666666666665,3.0,2.898524060925837,173,81,2.0,1.898524060925837
743029342290,2025-07,4,2.0,1.0,1.0,3.0,1.0,2.0,1.6666666666666667,1.5,1.0,2.462041976150674,173,82,1.0,0.4620419761506742
743029342291,2025-07,3,1.0,1.0,2.0,5.0,1.0,4.0,2.6666666666666665,2.6666666666666665,1.0,2.9284851069344144,173,83,0.0,1.9284851069344144
743029342296,2025-07,2,6.0,2.0,1.0,2.0,5.0,1.0,1.6666666666666667,2.1666666666666665,2.0,2.2148838501227317,173,88,4.0,3.7851161498772683
747324309540,2025-07,5,1.0,1.0,1.0,2.0,5.0,6.0,1.3333333333333333,2.5,1.0,3.7005190435612363,174,36,0.0,2.7005190435612363
747324309546,2025-07,1,5.0,4.0,2.0,3.0,3.0,4.0,3.0,2.6666666666666665,4.0,2.707672115979628,174,42,1.0,2.292327884020372
747324309547,2025-07,5,4.0,2.0,4.0,4.0,3.0,3.0,3.3333333333333335,3.5,2.0,3.873927706097046,174,43,2.0,0.12607229390295416
747324309548,2025-07,1,3.0,3.0,1.0,2.0,3.0,1.0,2.0,2.0,3.0,1.914596206842738,174,44,0.0,1.085403793157262
747324309552,2025-07,4,2.0,2.0,1.0,5.0,4.0,3.0,2.6666666666666665,2.3333333333333335,2.0,3.1740739944518097,174,48,0.0,1.1740739944518097
747324309555,2025-07,6,4.0,7.0,7.0,9.0,8.0,11.0,7.666666666666667,7.166666666666667,7.0,7.4649062476467,174,51,3.0,3.4649062476466996
747324309556,2025-07,16,19.0,18.0,17.0,15.0,20.0,14.0,16.666666666666668,16.5,18.0,16.119027167095727,174,52,1.0,2.8809728329042734
747324309557,2025-07,25,25.0,16.0,25.0,37.0,29.0,35.0,26.0,27.333333333333332,16.0,26.183250851466543,174,53,9.0,1.1832508514665427
747324309559,2025-07,2,2.0,7.0,5.0,1.0,2.0,6.0,4.333333333333333,3.6666666666666665,7.0,3.919767853133729,174,55,5.0,1.9197678531337292
747324309572,2025-07,5,9.0,6.0,6.0,6.0,14.0,10.0,6.0,8.5,6.0,7.451470716373448,174,68,3.0,1.5485292836265518
747324309573,2025-07,3,4.0,2.0,2.0,4.0,3.0,3.0,2.6666666666666665,3.3333333333333335,2.0,3.1758414871132867,174,69,2.0,0.8241585128867133
747324309577,2025-07,4,7.0,8.0,3.0,7.0,2.0,8.0,6.0,4.666666666666667,8.0,5.354052516869514,174,73,1.0,1.6459474831304863
747324309580,2025-07,9,8.0,10.0,13.0,10.0,3.0,7.0,11.0,9.0,10.0,8.830250164006005,174,76,2.0,0.8302501640060047
747324309584,2025-07,2,1.0,1.0,1.0,1.0,1.0,2.0,1.0,1.0,1.0,1.6480777280220398,174,80,0.0,0.6480777280220398
747324309593,2025-07,1,1.0,1.0,2.0,2.0,2.0,2.0,1.6666666666666667,2.0,1.0,1.804763966455301,174,89,0.0,0.804763966455301
747324309603,2025-07,1,1.0,3.0,1.0,3.0,2.0,1.0,2.3333333333333335,1.8333333333333333,3.0,1.860270016999186,174,99,2.0,0.8602700169991859
751619276835,2025-07,4,3.0,2.0,1.0,1.0,4.0,5.0,1.3333333333333333,1.6666666666666667,2.0,3.053141387494396,175,35,1.0,0.053141387494395786
751619276836,2025-07,8,7.0,5.0,5.0,12.0,7.0,11.0,7.333333333333333,7.0,5.0,7.753774917282433,175,36,2.0,0.7537749172824331
751619276842,2025-07,4,5.0,4.0,4.0,1.0,9.0,16.0,3.0,3.8333333333333335,4.0,5.699771881216566,175,42,1.0,0.6997718812165656
751619276845,2025-07,1,1.0,1.0,1.0,1.0,3.0,1.0,1.0,1.6666666666666667,1.0,1.5314682094113934,175,45,0.0,0.5314682094113934
751619276846,2025-07,7,4.0,6.0,6.0,3.0,8.0,6.0,5.0,6.333333333333333,6.0,6.453377002411365,175,46,2.0,2.453377002411365
751619276847,2025-07,1,2.0,3.0,1.0,2.0,1.0,1.0,2.0,1.6666666666666667,3.0,1.727966978729949,175,47,1.0,0.272033021270051
751619276850,2025-07,12,8.0,18.0,10.0,9.0,5.0,4.0,12.333333333333334,9.666666666666666,18.0,10.393299021596983,175,50,10.0,2.3932990215969827
751619276851,2025-07,9,23.0,21.0,12.0,14.0,13.0,6.0,15.666666666666666,15.166666666666666,21.0,12.526525349519181,175,51,2.0,10.473474650480819
751619276852,2025-07,2,2.0,9.0,6.0,4.0,10.0,3.0,6.333333333333333,6.5,9.0,5.1655947170080765,175,52,7.0,3.1655947170080765
751619276853,2025-07,15,12.0,17.0,20.0,13.0,20.0,29.0,16.666666666666668,20.333333333333332,17.0,18.915147660260928,175,53,5.0,6.915147660260928
751619276856,2025-07,1,4.0,6.0,1.0,2.0,1.0,1.0,3.0,2.1666666666666665,6.0,2.244176338557697,175,56,2.0,1.755823661442303
751619276862,2025-07,1,5.0,4.0,2.0,4.0,1.0,2.0,3.3333333333333335,2.5,4.0,2.3604792260356877,175,62,1.0,2.6395207739643123
751619276867,2025-07,4,3.0,3.0,3.0,2.0,4.0,1.0,2.6666666666666665,2.5,3.0,3.046568907042694,175,67,0.0,0.04656890704269401
751619276868,2025-07,3,2.0,1.0,2.0,3.0,5.0,1.0,2.0,2.6666666666666665,1.0,2.6227984260599158,175,68,1.0,0.6227984260599158
751619276899,2025-07,1,2.0,1.0,1.0,3.0,2.0,3.0,1.6666666666666667,3.0,1.0,2.264119183658135,175,99,1.0,0.2641191836581349
755914244130,2025-07,4,2.0,3.0,1.0,1.0,2.0,1.0,1.6666666666666667,1.5,3.0,2.529790443136177,176,34,1.0,0.5297904431361768
755914244131,2025-07,1,1.0,3.0,2.0,3.0,3.0,4.0,2.6666666666666665,2.5,3.0,2.535602329370379,176,35,2.0,1.5356023293703789
755914244132,2025-07,13,11.0,21.0,17.0,17.0,11.0,11.0,18.333333333333332,15.833333333333334,21.0,14.744290947137923,176,36,10.0,3.744290947137923
755914244142,2025-07,3,4.0,7.0,6.0,8.0,3.0,1.0,7.0,5.0,7.0,4.355538992595301,176,46,3.0,0.3555389925953012
755914244143,2025-07,5,3.0,4.0,5.0,6.0,1.0,6.0,5.0,3.6666666666666665,4.0,4.581745267176548,176,47,1.0,1.5817452671765482
755914244144,2025-07,5,5.0,7.0,7.0,1.0,2.0,7.0,5.0,4.166666666666667,7.0,5.140467480374306,176,48,2.0,0.1404674803743058
755914244147,2025-07,1,1.0,1.0,4.0,2.0,2.0,1.0,2.3333333333333335,3.0,1.0,2.0784142330892053,176,51,0.0,1.0784142330892053
755914244148,2025-07,5,1.0,1.0,1.0,4.0,1.0,5.0,2.0,2.5,1.0,3.4974142215810566,176,52,0.0,2.4974142215810566
755914244149,2025-07,6,12.0,6.0,1.0,5.0,13.0,20.0,4.0,6.5,6.0,8.09412894268181,176,53,6.0,3.9058710573181905
755914244150,2025-07,17,10.0,20.0,19.0,11.0,19.0,22.0,16.666666666666668,16.666666666666668,20.0,17.588995786939776,176,54,10.0,7.588995786939776
755914244152,2025-07,7,2.0,1.0,7.0,6.0,4.0,4.0,4.666666666666667,3.5,1.0,4.679482886307712,176,56,1.0,2.679482886307712
755914244155,2025-07,1,4.0,3.0,2.0,2.0,2.0,3.0,2.3333333333333335,2.5,3.0,2.3309450807708174,176,59,1.0,1.6690549192291826
755914244157,2025-07,1,2.0,1.0,4.0,1.0,1.0,1.0,2.0,2.0,1.0,1.6718928679032405,176,61,1.0,0.32810713209675946
755914244158,2025-07,1,3.0,2.0,1.0,2.0,6.0,4.0,1.6666666666666667,2.5,2.0,2.458907554927028,176,62,1.0,0.5410924450729722
755914244169,2025-07,6,3.0,2.0,3.0,3.0,1.0,6.0,2.6666666666666665,2.5,2.0,4.060364146131745,176,73,1.0,1.0603641461317448
755914244195,2025-07,1,1.0,1.0,1.0,1.0,3.0,1.0,1.0,1.5,1.0,1.4766245440280485,176,99,0.0,0.47662454402804855
755914244201,2025-07,1,1.0,1.0,1.0,1.0,1.0,2.0,1.0,1.0,1.0,1.362349526245584,176,105,0.0,0.36234952624558403
760209211425,2025-07,4,3.0,1.0,3.0,1.0,1.0,2.0,1.6666666666666667,1.5,1.0,2.4558512777724903,177,33,2.0,0.5441487222275097
760209211428,2025-07,3,4.0,1.0,1.0,1.0,1.0,4.0,1.0,2.6666666666666665,1.0,2.7366383350592915,177,36,3.0,1.2633616649407085
760209211429,2025-07,8,6.0,6.0,3.0,4.0,5.0,6.0,4.333333333333333,4.0,6.0,5.787190241943425,177,37,0.0,0.21280975805657487
760209211440,2025-07,15,10.0,11.0,12.0,22.0,19.0,14.0,15.0,14.5,11.0,14.409574777835887,177,48,1.0,4.409574777835887
760209211444,2025-07,4,3.0,3.0,5.0,1.0,4.0,4.0,3.0,3.3333333333333335,3.0,3.73517858693509,177,52,0.0,0.7351785869350902
760209211446,2025-07,6,3.0,3.0,4.0,6.0,6.0,3.0,4.333333333333333,4.833333333333333,3.0,4.909021046611003,177,54,0.0,1.9090210466110031
760209211447,2025-07,2,3.0,1.0,1.0,1.0,1.0,1.0,1.0,1.1666666666666667,1.0,1.5757235176917153,177,55,2.0,1.4242764823082847
760209211454,2025-07,1,3.0,1.0,3.0,10.0,1.0,1.0,4.666666666666667,3.1666666666666665,1.0,2.3708012684784947,177,62,2.0,0.6291987315215053
760209211464,2025-07,1,3.0,2.0,2.0,1.0,2.0,2.0,1.6666666666666667,1.6666666666666667,2.0,1.7733143327016716,177,72,1.0,1.2266856672983284
760209211465,2025-07,5,5.0,5.0,7.0,6.0,1.0,3.0,6.0,4.5,5.0,4.663382238225673,177,73,0.0,0.3366177617743267
760209211466,2025-07,1,1.0,1.0,1.0,1.0,1.0,1.0,1.0,1.1666666666666667,1.0,1.2899953159152595,177,74,0.0,0.2899953159152595
760209211474,2025-07,6,2.0,2.0,7.0,7.0,6.0,1.0,5.333333333333333,4.333333333333333,2.0,4.5195358270918184,177,82,0.0,2.5195358270918184
760209211498,2025-07,6,10.0,2.0,3.0,4.0,1.0,1.0,3.0,4.166666666666667,2.0,4.011799845609694,177,106,8.0,5.988200154390306
764504178720,2025-07,4,9.0,3.0,3.0,2.0,2.0,7.0,2.6666666666666665,3.1666666666666665,3.0,3.9521889255119964,178,32,6.0,5.047811074488004
764504178721,2025-07,5,2.0,3.0,4.0,1.0,3.0,2.0,2.6666666666666665,3.1666666666666665,3.0,3.6373033482040595,178,33,1.0,1.6373033482040595
764504178736,2025-07,5,2.0,5.0,3.0,1.0,3.0,2.0,3.0,2.6666666666666665,5.0,3.6713315194820817,178,48,3.0,1.6713315194820817
764504178744,2025-07,5,1.0,1.0,3.0,9.0,3.0,1.0,4.333333333333333,4.5,1.0,3.990416871784338,178,56,0.0,2.990416871784338
764504178745,2025-07,8,4.0,2.0,2.0,1.0,5.0,1.0,1.6666666666666667,2.1666666666666665,2.0,3.926157711592376,178,57,2.0,0.07384228840762397
764504178749,2025-07,2,3.0,4.0,1.0,1.0,1.0,1.0,2.0,1.5,4.0,2.03708921213612,178,61,1.0,0.9629107878638798
764504178750,2025-07,2,6.0,5.0,3.0,6.0,2.0,1.0,4.666666666666667,3.0,5.0,2.9531075415969,178,62,1.0,3.0468924584031
764504178753,2025-07,1,4.0,3.0,5.0,4.0,2.0,3.0,4.0,3.5,3.0,2.845663146567828,178,65,1.0,1.1543368534321718
764504178755,2025-07,6,1.0,9.0,1.0,3.0,1.0,3.0,4.333333333333333,3.1666666666666665,9.0,4.646941879057946,178,67,8.0,3.6469418790579464
764504178760,2025-07,1,2.0,1.0,1.0,2.0,2.0,3.0,1.3333333333333333,2.3333333333333335,1.0,2.0057560979119113,178,72,1.0,0.00575609791191134
764504178761,2025-07,3,1.0,4.0,7.0,10.0,13.0,14.0,7.0,6.5,4.0,6.649605411825335,178,73,3.0,5.649605411825335
764504178762,2025-07,15,16.0,16.0,19.0,7.0,4.0,19.0,14.0,13.5,16.0,14.391993702111563,178,74,0.0,1.608006297888437
764504178763,2025-07,4,2.0,1.0,9.0,3.0,1.0,4.0,4.333333333333333,2.8333333333333335,1.0,3.442331650834787,178,75,1.0,1.4423316508347872
764504178769,2025-07,2,1.0,1.0,3.0,3.0,1.0,1.0,2.3333333333333335,1.8333333333333333,1.0,1.9448611776982858,178,81,0.0,0.9448611776982858
764504178770,2025-07,2,1.0,1.0,1.0,2.0,1.0,4.0,1.3333333333333333,1.1666666666666667,1.0,1.9963055690455676,178,82,0.0,0.9963055690455676
764504178792,2025-07,14,7.0,13.0,10.0,18.0,11.0,17.0,13.666666666666666,13.0,13.0,13.710792020918873,178,104,6.0,6.710792020918873
764504178793,2025-07,3,6.0,7.0,5.0,3.0,3.0,5.0,5.0,3.5,7.0,4.139902310911905,178,105,1.0,1.8600976890880947
764504178794,2025-07,8,4.0,7.0,7.0,6.0,3.0,3.0,6.666666666666667,5.833333333333333,7.0,6.270710306419712,178,106,3.0,2.270710306419712
768799146037,2025-07,28,32.0,37.0,49.0,37.0,31.0,43.0,41.0,38.333333333333336,37.0,35.07782462146619,179,53,5.0,3.077824621466192
768799146039,2025-07,1,1.0,1.0,1.0,2.0,1.0,1.0,1.3333333333333333,1.6666666666666667,1.0,1.4935147362781382,179,55,0.0,0.49351473627813824
768799146040,2025-07,7,12.0,8.0,11.0,5.0,11.0,26.0,8.0,9.0,8.0,10.48214047483369,179,56,4.0,1.51785952516631
768799146041,2025-07,1,4.0,2.0,1.0,1.0,3.0,9.0,1.3333333333333333,1.6666666666666667,2.0,2.666277336346658,179,57,2.0,1.333722663653342
768799146042,2025-07,6,4.0,1.0,6.0,2.0,3.0,1.0,3.0,3.3333333333333335,1.0,3.726999671458728,179,58,3.0,0.2730003285412721
768799146046,2025-07,4,1.0,1.0,2.0,1.0,2.0,3.0,1.3333333333333333,1.6666666666666667,1.0,2.6404706925188037,179,62,0.0,1.6404706925188037
768799146048,2025-07,2,9.0,2.0,3.0,2.0,2.0,2.0,2.3333333333333335,2.1666666666666665,2.0,2.2984550298647584,179,64,7.0,6.701544970135242
768799146049,2025-07,7,9.0,10.0,9.0,17.0,14.0,8.0,12.0,9.833333333333334,10.0,9.212737067881928,179,65,1.0,0.21273706788192825
768799146050,2025-07,2,1.0,5.0,6.0,1.0,3.0,2.0,4.0,3.5,5.0,3.1960444661406955,179,66,4.0,2.1960444661406955
768799146051,2025-07,11,2.0,8.0,8.0,3.0,9.0,2.0,6.333333333333333,6.333333333333333,8.0,7.432207647834868,179,67,6.0,5.432207647834868
768799146053,2025-07,2,1.0,3.0,3.0,1.0,1.0,3.0,2.3333333333333335,2.5,3.0,2.5751069846851307,179,69,2.0,1.5751069846851307
768799146054,2025-07,4,1.0,3.0,1.0,3.0,5.0,5.0,2.3333333333333335,2.6666666666666665,3.0,3.615877298119109,179,70,2.0,2.615877298119109
768799146056,2025-07,3,4.0,2.0,1.0,1.0,3.0,1.0,1.3333333333333333,2.0,2.0,2.3298380649569026,179,72,2.0,1.6701619350430974
768799146058,2025-07,3,2.0,6.0,6.0,6.0,8.0,1.0,6.0,6.333333333333333,6.0,4.79144008937572,179,74,4.0,2.79144008937572
768799146077,2025-07,1,50.0,3.0,3.0,4.0,5.0,3.0,3.3333333333333335,3.1666666666666665,3.0,2.779602511772783,179,93,47.0,47.22039748822722
768799146087,2025-07,1,3.0,1.0,1.0,4.0,3.0,4.0,2.0,1.8333333333333333,1.0,2.084870774574279,179,103,2.0,0.9151292254257211
768799146088,2025-07,8,7.0,16.0,20.0,26.0,10.0,16.0,20.666666666666668,17.166666666666668,16.0,14.224362128075025,179,104,9.0,7.224362128075025
768799146089,2025-07,13,6.0,4.0,15.0,7.0,2.0,5.0,8.666666666666666,8.833333333333334,4.0,8.87691675568164,179,105,2.0,2.8769167556816395
768799146090,2025-07,3,2.0,6.0,7.0,2.0,1.0,2.0,5.0,3.8333333333333335,6.0,3.7066257218002425,179,106,4.0,1.7066257218002425
773094113317,2025-07,10,1.0,5.0,3.0,6.0,3.0,2.0,4.666666666666667,4.666666666666667,5.0,5.953038634028722,180,37,4.0,4.953038634028722
773094113318,2025-07,5,11.0,10.0,7.0,14.0,6.0,10.0,10.333333333333334,9.666666666666666,10.0,8.344313738302585,180,38,1.0,2.655686261697415
773094113319,2025-07,11,13.0,3.0,11.0,9.0,11.0,19.0,7.666666666666667,9.5,3.0,10.46902223881571,180,39,10.0,2.5309777611842907
773094113331,2025-07,1,1.0,3.0,8.0,1.0,1.0,2.0,4.0,2.8333333333333335,3.0,2.451333613080452,180,51,2.0,1.4513336130804522
773094113336,2025-07,9,5.0,5.0,13.0,6.0,3.0,11.0,8.0,6.166666666666667,5.0,7.664615052362916,180,56,0.0,2.664615052362916
773094113337,2025-07,3,3.0,5.0,1.0,6.0,6.0,5.0,4.0,4.5,5.0,4.323317879322841,180,57,2.0,1.3233178793228406
773094113338,2025-07,12,4.0,4.0,6.0,8.0,5.0,3.0,6.0,5.666666666666667,4.0,7.12612675521251,180,58,0.0,3.1261267552125096
773094113339,2025-07,3,4.0,1.0,1.0,1.0,2.0,4.0,1.0,1.8333333333333333,1.0,2.5008909568156135,180,59,3.0,1.4991090431843865
773094113344,2025-07,2,5.0,4.0,6.0,2.0,4.0,7.0,4.0,3.6666666666666665,4.0,3.8471107617523783,180,64,1.0,1.1528892382476217
773094113348,2025-07,14,9.0,5.0,11.0,12.0,7.0,5.0,9.333333333333334,7.333333333333333,5.0,9.030002654568346,180,68,4.0,0.030002654568345832
773094113349,2025-07,5,7.0,5.0,4.0,2.0,4.0,2.0,3.6666666666666665,3.5,5.0,4.058902294308453,180,69,2.0,2.941097705691547
773094113350,2025-07,2,3.0,3.0,4.0,2.0,1.0,7.0,3.0,2.3333333333333335,3.0,3.1039363213930606,180,70,0.0,0.10393632139306064
773094113352,2025-07,2,4.0,5.0,4.0,4.0,7.0,3.0,4.333333333333333,5.666666666666667,5.0,4.235272909121081,180,72,1.0,0.2352729091210808
773094113353,2025-07,4,15.0,2.0,6.0,1.0,6.0,6.0,3.0,3.1666666666666665,2.0,3.9303395241230286,180,73,13.0,11.069660475876972
773094113354,2025-07,8,4.0,1.0,6.0,5.0,1.0,8.0,4.0,3.3333333333333335,1.0,5.228864580299759,180,74,3.0,1.228864580299759
773094113355,2025-07,4,5.0,4.0,3.0,5.0,4.0,1.0,4.0,3.8333333333333335,4.0,3.7195096239738916,180,75,1.0,1.2804903760261084
773094113384,2025-07,2,5.0,6.0,5.0,2.0,1.0,3.0,4.333333333333333,4.666666666666667,6.0,3.750527572606682,180,104,1.0,1.249472427393318
773094113385,2025-07,1,1.0,2.0,1.0,1.0,2.0,1.0,1.3333333333333333,1.8333333333333333,2.0,1.6650670473475948,180,105,1.0,0.6650670473475948
773094113386,2025-07,26,19.0,14.0,24.0,26.0,26.0,25.0,21.333333333333332,20.666666666666668,14.0,22.188622850936497,180,106,5.0,3.188622850936497
777389080612,2025-07,33,24.0,14.0,18.0,16.0,11.0,21.0,16.0,13.5,14.0,20.139344226666477,181,36,10.0,3.860655773333523
777389080620,2025-07,1,1.0,1.0,1.0,1.0,2.0,1.0,1.0,1.1666666666666667,1.0,1.3284662645883092,181,44,0.0,0.3284662645883092
777389080623,2025-07,8,13.0,6.0,8.0,7.0,11.0,12.0,7.0,7.0,6.0,8.064819812921243,181,47,7.0,4.935180187078757
777389080624,2025-07,7,7.0,3.0,3.0,3.0,3.0,10.0,3.0,3.0,3.0,5.213582865484922,181,48,4.0,1.7864171345150783
777389080625,2025-07,2,1.0,3.0,1.0,1.0,2.0,2.0,1.6666666666666667,1.5,3.0,2.0855319152969347,181,49,2.0,1.0855319152969347
777389080631,2025-07,8,5.0,5.0,4.0,5.0,4.0,3.0,4.666666666666667,4.333333333333333,5.0,5.434468374906746,181,55,0.0,0.4344683749067464
777389080632,2025-07,16,3.0,8.0,4.0,1.0,1.0,6.0,4.333333333333333,3.3333333333333335,8.0,7.853137444766524,181,56,5.0,4.853137444766524
777389080633,2025-07,5,4.0,4.0,6.0,3.0,4.0,6.0,4.333333333333333,5.333333333333333,4.0,5.164522569414373,181,57,0.0,1.1645225694143733
777389080634,2025-07,2,11.0,10.0,8.0,9.0,7.0,6.0,9.0,8.0,10.0,6.309322878917669,181,58,1.0,4.690677121082331
777389080635,2025-07,10,8.0,8.0,2.0,9.0,2.0,4.0,6.333333333333333,5.666666666666667,8.0,6.930775990375577,181,59,0.0,1.0692240096244232
777389080639,2025-07,8,5.0,3.0,1.0,2.0,2.0,3.0,2.0,2.8333333333333335,3.0,4.404836748948948,181,63,2.0,0.5951632510510523
777389080643,2025-07,1,2.0,2.0,2.0,1.0,3.0,2.0,1.6666666666666667,2.6666666666666665,2.0,2.140847273674794,181,67,0.0,0.14084727367479388
777389080644,2025-07,14,19.0,14.0,21.0,21.0,8.0,11.0,18.666666666666668,14.5,14.0,13.954800128193511,181,68,5.0,5.0451998718064885
777389080645,2025-07,4,2.0,4.0,2.0,3.0,4.0,1.0,3.0,3.3333333333333335,4.0,3.4411087043744173,181,69,2.0,1.4411087043744173
777389080646,2025-07,1,3.0,1.0,1.0,1.0,1.0,3.0,1.0,1.5,1.0,1.6540783981092915,181,70,2.0,1.3459216018907085
777389080649,2025-07,1,3.0,3.0,2.0,3.0,3.0,1.0,2.6666666666666665,2.5,3.0,2.154008702229369,181,73,0.0,0.845991297770631
777389080650,2025-07,5,1.0,3.0,1.0,4.0,2.0,2.0,2.6666666666666665,2.3333333333333335,3.0,3.3339001201815597,181,74,2.0,2.3339001201815597
777389080651,2025-07,1,1.0,1.0,3.0,4.0,1.0,1.0,2.6666666666666665,1.8333333333333333,1.0,1.6981214001346725,181,75,0.0,0.6981214001346725
777389080674,2025-07,4,2.0,3.0,5.0,5.0,2.0,4.0,4.333333333333333,3.3333333333333335,3.0,3.8141903864403632,181,98,1.0,1.8141903864403632
777389080675,2025-07,5,3.0,3.0,2.0,3.0,4.0,1.0,2.6666666666666665,2.6666666666666665,3.0,3.3902361233915865,181,99,0.0,0.39023612339158653
781684047905,2025-07,6,17.0,13.0,14.0,17.0,12.0,9.0,14.666666666666666,13.166666666666666,13.0,10.605281890936423,182,33,4.0,6.394718109063577
781684047906,2025-07,14,20.0,8.0,11.0,7.0,14.0,15.0,8.666666666666666,10.0,8.0,11.605512941163418,182,34,12.0,8.394487058836582
781684047908,2025-07,3,7.0,4.0,11.0,4.0,2.0,3.0,6.333333333333333,4.5,4.0,4.078766113789224,182,36,3.0,2.921233886210776
781684047919,2025-07,30,29.0,24.0,32.0,41.0,28.0,30.0,32.333333333333336,31.166666666666668,24.0,29.543850028749237,182,47,5.0,0.5438500287492367
781684047920,2025-07,11,12.0,18.0,14.0,14.0,9.0,11.0,15.333333333333334,12.333333333333334,18.0,12.36785281180116,182,48,6.0,0.3678528118011606
781684047921,2025-07,5,2.0,3.0,5.0,4.0,6.0,6.0,4.0,3.3333333333333335,3.0,4.469209710123513,182,49,1.0,2.469209710123513
781684047924,2025-07,10,6.0,2.0,8.0,4.0,5.0,1.0,4.666666666666667,6.666666666666667,2.0,6.3107168032766525,182,52,4.0,0.3107168032766525
781684047927,2025-07,10,3.0,12.0,7.0,1.0,2.0,9.0,6.666666666666667,5.0,12.0,7.683853173730174,182,55,9.0,4.683853173730174
781684047928,2025-07,11,9.0,11.0,12.0,9.0,9.0,27.0,10.666666666666666,9.666666666666666,11.0,12.438209057393303,182,56,2.0,3.438209057393303
781684047929,2025-07,18,11.0,15.0,18.0,15.0,12.0,10.0,16.0,14.166666666666666,15.0,14.790327874388765,182,57,4.0,3.7903278743887654
781684047930,2025-07,17,8.0,16.0,25.0,17.0,15.0,17.0,19.333333333333332,19.833333333333332,16.0,17.821536766478744,182,58,8.0,9.821536766478744
781684047931,2025-07,27,26.0,18.0,33.0,41.0,25.0,46.0,30.666666666666668,33.833333333333336,18.0,30.816453582621293,182,59,8.0,4.816453582621293
781684047935,2025-07,7,14.0,7.0,8.0,10.0,10.0,14.0,8.333333333333334,8.666666666666666,7.0,8.777644461596967,182,63,7.0,5.222355538403033
781684047936,2025-07,2,2.0,1.0,2.0,2.0,1.0,1.0,1.6666666666666667,1.6666666666666667,1.0,1.8151360130783463,182,64,1.0,0.18486398692165373
781684047940,2025-07,5,2.0,7.0,2.0,4.0,4.0,5.0,4.333333333333333,3.8333333333333335,7.0,4.790826193046146,182,68,5.0,2.790826193046146
781684047941,2025-07,6,2.0,2.0,1.0,1.0,3.0,1.0,1.3333333333333333,1.6666666666666667,2.0,3.0773353395195784,182,69,0.0,1.0773353395195784
781684047966,2025-07,1,1.0,7.0,1.0,1.0,5.0,3.0,3.0,2.8333333333333335,7.0,2.9500682432236793,182,94,6.0,1.9500682432236793
781684047972,2025-07,2,3.0,2.0,1.0,1.0,1.0,1.0,1.3333333333333333,1.1666666666666667,2.0,1.6929496389176197,182,100,1.0,1.3070503610823803
785979015200,2025-07,1,5.0,6.0,4.0,4.0,3.0,2.0,4.666666666666667,4.666666666666667,6.0,3.456627165864589,183,32,1.0,1.5433728341354112
785979015201,2025-07,21,18.0,29.0,42.0,32.0,29.0,18.0,34.333333333333336,30.0,29.0,25.694652533638173,183,33,11.0,7.694652533638173
785979015202,2025-07,21,16.0,25.0,34.0,19.0,20.0,36.0,26.0,26.833333333333332,25.0,25.333047516282637,183,34,9.0,9.333047516282637
785979015203,2025-07,2,5.0,4.0,1.0,1.0,1.0,1.0,2.0,1.6666666666666667,4.0,2.091932877519465,183,35,1.0,2.908067122480535
785979015208,2025-07,5,3.0,8.0,4.0,2.0,3.0,1.0,4.666666666666667,4.0,8.0,4.409442829749484,183,40,5.0,1.4094428297494836
785979015209,2025-07,1,1.0,3.0,3.0,3.0,2.0,1.0,3.0,2.6666666666666665,3.0,2.2062744939634165,183,41,2.0,1.2062744939634165
785979015215,2025-07,3,7.0,7.0,11.0,7.0,4.0,3.0,8.333333333333334,5.333333333333333,7.0,4.898569974368293,183,47,0.0,2.101430025631707
785979015216,2025-07,17,13.0,12.0,20.0,10.0,12.0,26.0,14.0,15.333333333333334,12.0,16.44883700702002,183,48,1.0,3.448837007020021
785979015217,2025-07,5,4.0,6.0,10.0,13.0,5.0,5.0,9.666666666666666,7.166666666666667,6.0,6.446984746265796,183,49,2.0,2.4469847462657963
785979015218,2025-07,9,9.0,7.0,9.0,7.0,6.0,7.0,7.666666666666667,8.333333333333334,7.0,8.114072412080525,183,50,2.0,0.8859275879194755
785979015219,2025-07,2,2.0,3.0,4.0,3.0,5.0,1.0,3.3333333333333335,3.0,3.0,2.7529959475494614,183,51,1.0,0.7529959475494614
785979015220,2025-07,2,6.0,1.0,1.0,2.0,1.0,1.0,1.3333333333333333,1.1666666666666667,1.0,1.6147119419045595,183,52,5.0,4.3852880580954405
785979015223,2025-07,4,1.0,4.0,8.0,6.0,2.0,2.0,6.0,4.333333333333333,4.0,4.152750397823097,183,55,3.0,3.1527503978230973
785979015224,2025-07,34,34.0,14.0,16.0,26.0,25.0,32.0,18.666666666666668,25.333333333333332,14.0,26.57484067701445,183,56,20.0,7.42515932298555
785979015225,2025-07,13,14.0,19.0,13.0,9.0,14.0,11.0,13.666666666666666,13.0,19.0,13.23742954539064,183,57,5.0,0.7625704546093601
785979015226,2025-07,59,36.0,38.0,29.0,50.0,50.0,58.0,39.0,42.666666666666664,38.0,47.90646447251414,183,58,2.0,11.906464472514138
785979015227,2025-07,41,36.0,36.0,63.0,61.0,41.0,70.0,53.333333333333336,47.833333333333336,36.0,47.05843141262524,183,59,0.0,11.05843141262524
785979015228,2025-07,8,17.0,10.0,5.0,5.0,9.0,6.0,6.666666666666667,8.0,10.0,7.837001064999877,183,60,7.0,9.162998935000122
785979015231,2025-07,1,3.0,2.0,3.0,1.0,2.0,1.0,2.0,2.3333333333333335,2.0,1.9013841935451339,183,63,1.0,1.0986158064548661
785979015239,2025-07,1,1.0,1.0,2.0,1.0,1.0,1.0,1.3333333333333333,1.1666666666666667,1.0,1.32588839093901,183,71,0.0,0.32588839093901
785979015261,2025-07,3,2.0,1.0,1.0,2.0,1.0,1.0,1.3333333333333333,1.6666666666666667,1.0,2.0649711398310515,183,93,1.0,0.06497113983105152
785979015264,2025-07,4,2.0,2.0,3.0,2.0,6.0,1.0,2.3333333333333335,3.3333333333333335,2.0,3.280503010079615,183,96,0.0,1.2805030100796149
785979015266,2025-07,1,3.0,1.0,1.0,1.0,3.0,2.0,1.0,1.5,1.0,1.603822419741718,183,98,2.0,1.396177580258282
785979015267,2025-07,5,2.0,5.0,4.0,3.0,4.0,2.0,4.0,3.3333333333333335,5.0,4.0430470531379505,183,99,3.0,2.0430470531379505
790273982496,2025-07,5,7.0,3.0,2.0,4.0,1.0,3.0,3.0,2.3333333333333335,3.0,3.4585201222459308,184,32,4.0,3.5414798777540692
790273982497,2025-07,19,21.0,9.0,19.0,15.0,11.0,21.0,14.333333333333334,13.166666666666666,9.0,15.44023611571079,184,33,12.0,5.559763884289209
790273982498,2025-07,6,4.0,7.0,12.0,1.0,7.0,7.0,6.666666666666667,4.833333333333333,7.0,6.017390462168144,184,34,3.0,2.0173904621681444
790273982499,2025-07,2,1.0,4.0,4.0,2.0,5.0,3.0,3.3333333333333335,3.0,4.0,3.085629395989863,184,35,3.0,2.085629395989863
790273982504,2025-07,7,5.0,5.0,4.0,4.0,1.0,6.0,4.333333333333333,4.166666666666667,5.0,5.321088864655964,184,40,0.0,0.3210888646559642
790273982511,2025-07,13,12.0,21.0,4.0,9.0,4.0,6.0,11.333333333333334,10.166666666666666,21.0,11.195802935812972,184,47,9.0,0.8041970641870275
790273982512,2025-07,5,1.0,1.0,6.0,2.0,7.0,3.0,3.0,4.0,1.0,4.068925677335191,184,48,0.0,3.0689256773351907
790273982513,2025-07,2,2.0,2.0,1.0,2.0,6.0,1.0,1.6666666666666667,2.1666666666666665,2.0,2.2533547987957814,184,49,0.0,0.2533547987957814
790273982519,2025-07,10,8.0,8.0,9.0,9.0,15.0,12.0,8.666666666666666,11.833333333333334,8.0,10.72894847318462,184,55,0.0,2.7289484731846194
790273982520,2025-07,12,10.0,14.0,10.0,11.0,7.0,5.0,11.666666666666666,10.833333333333334,14.0,10.590416815862238,184,56,4.0,0.5904168158622376
790273982521,2025-07,13,15.0,11.0,15.0,9.0,11.0,25.0,11.666666666666666,12.666666666666666,11.0,13.927076808836446,184,57,4.0,1.0729231911635537
790273982522,2025-07,23,13.0,17.0,25.0,13.0,17.0,25.0,18.333333333333332,15.833333333333334,17.0,19.275455335367177,184,58,4.0,6.275455335367177
790273982523,2025-07,27,8.0,12.0,16.0,6.0,11.0,15.0,11.333333333333334,11.0,12.0,16.143010146347798,184,59,4.0,8.143010146347798
790273982524,2025-07,8,8.0,5.0,4.0,7.0,1.0,5.0,5.333333333333333,3.8333333333333335,5.0,5.486897132590588,184,60,3.0,2.513102867409412
790273982545,2025-07,1,4.0,1.0,1.0,1.0,1.0,1.0,1.0,1.5,1.0,1.399682646681951,184,81,3.0,2.600317353318049
790273982546,2025-07,1,3.0,1.0,1.0,1.0,2.0,1.0,1.0,1.1666666666666667,1.0,1.3284662645883092,184,82,2.0,1.6715337354116908
790273982547,2025-07,2,3.0,1.0,2.0,1.0,1.0,4.0,1.3333333333333333,1.3333333333333333,1.0,2.0480538852398222,184,83,2.0,0.9519461147601778
790273982548,2025-07,2,1.0,1.0,1.0,1.0,1.0,1.0,1.0,1.3333333333333333,1.0,1.6305671830750619,184,84,0.0,0.6305671830750619
790273982564,2025-07,4,1.0,1.0,2.0,2.0,1.0,3.0,1.6666666666666667,1.3333333333333333,1.0,2.5313008372919077,184,100,0.0,1.5313008372919077
794568949788,2025-07,3,6.0,9.0,2.0,4.0,3.0,7.0,5.0,5.166666666666667,9.0,5.1084961577660986,185,28,3.0,0.8915038422339014
794568949789,2025-07,7,7.0,8.0,8.0,1.0,5.0,20.0,5.666666666666667,4.166666666666667,8.0,7.634028310473729,185,29,1.0,0.6340283104737292
794568949792,2025-07,1,1.0,1.0,2.0,2.0,1.0,2.0,1.6666666666666667,1.5,1.0,1.601762021632215,185,32,0.0,0.601762021632215
794568949793,2025-07,3,3.0,3.0,3.0,2.0,2.0,12.0,2.6666666666666665,2.8333333333333335,3.0,4.1927627715372,185,33,0.0,1.1927627715371996
794568949794,2025-07,3,1.0,2.0,1.0,1.0,4.0,3.0,1.3333333333333333,2.0,2.0,2.622704765057291,185,34,1.0,1.622704765057291
794568949800,2025-07,4,6.0,10.0,11.0,2.0,7.0,13.0,7.666666666666667,7.833333333333333,10.0,7.551081002664278,185,40,4.0,1.5510810026642776
794568949801,2025-07,2,3.0,5.0,5.0,2.0,1.0,7.0,4.0,2.8333333333333335,5.0,3.5388126350186564,185,41,2.0,0.5388126350186564
794568949807,2025-07,3,2.0,10.0,6.0,5.0,5.0,4.0,7.0,6.833333333333333,10.0,5.652067927338394,185,47,8.0,3.6520679273383942
794568949808,2025-07,6,1.0,1.0,3.0,1.0,1.0,2.0,1.6666666666666667,1.6666666666666667,1.0,3.0821513467087476,185,48,0.0,2.0821513467087476
794568949815,2025-07,12,12.0,10.0,12.0,13.0,7.0,18.0,11.666666666666666,11.0,10.0,11.979691379092863,185,55,2.0,0.020308620907137254
794568949816,2025-07,16,13.0,19.0,12.0,20.0,13.0,18.0,17.0,17.166666666666668,19.0,16.71059955794381,185,56,6.0,3.7105995579438087
794568949817,2025-07,9,13.0,14.0,18.0,13.0,11.0,19.0,15.0,14.166666666666666,14.0,13.129881021499052,185,57,1.0,0.12988102149905245
794568949818,2025-07,3,6.0,6.0,3.0,1.0,4.0,4.0,3.3333333333333335,3.1666666666666665,6.0,3.6744989334055003,185,58,0.0,2.3255010665944997
794568949819,2025-07,2,1.0,1.0,3.0,2.0,3.0,3.0,2.0,2.5,1.0,2.4565850637922644,185,59,0.0,1.4565850637922644
794568949820,2025-07,5,4.0,5.0,8.0,9.0,3.0,3.0,7.333333333333333,5.5,5.0,5.222244475534124,185,60,1.0,1.222244475534124
794568949832,2025-07,1,3.0,1.0,3.0,2.0,2.0,6.0,2.0,2.0,1.0,2.3494485443337325,185,72,2.0,0.6505514556662675
794568949834,2025-07,4,1.0,1.0,1.0,4.0,1.0,4.0,2.0,3.5,1.0,3.4135501363910032,185,74,0.0,2.4135501363910032
794568949835,2025-07,1,1.0,2.0,4.0,1.0,1.0,1.0,2.3333333333333335,2.1666666666666665,2.0,1.8439626545124899,185,75,1.0,0.8439626545124899
794568949858,2025-07,1,2.0,3.0,1.0,2.0,3.0,4.0,2.0,2.0,3.0,2.296189833983748,185,98,1.0,0.2961898339837479
798863917084,2025-07,11,14.0,9.0,11.0,11.0,19.0,3.0,10.333333333333334,11.0,9.0,10.016550381012607,186,28,5.0,3.983449618987393
798863917085,2025-07,17,23.0,16.0,20.0,21.0,15.0,13.0,19.0,16.166666666666668,16.0,16.082672946923076,186,29,7.0,6.917327053076924
798863917096,2025-07,5,7.0,5.0,3.0,1.0,3.0,7.0,3.0,3.6666666666666665,5.0,4.6363828903505055,186,40,2.0,2.3636171096494945
798863917097,2025-07,4,3.0,1.0,12.0,1.0,5.0,3.0,4.666666666666667,5.166666666666667,1.0,4.266531261825719,186,41,2.0,1.266531261825719
798863917098,2025-07,1,2.0,3.0,2.0,2.0,2.0,4.0,2.3333333333333335,2.0,3.0,2.2936119603344487,186,42,1.0,0.2936119603344487
798863917099,2025-07,3,2.0,1.0,3.0,1.0,1.0,1.0,1.6666666666666667,1.8333333333333333,1.0,2.152612531049055,186,43,1.0,0.15261253104905492
798863917106,2025-07,2,5.0,3.0,16.0,7.0,4.0,9.0,8.666666666666666,7.0,3.0,5.6350265709224505,186,50,2.0,0.6350265709224505
798863917107,2025-07,4,4.0,3.0,4.0,1.0,4.0,2.0,2.6666666666666665,2.5,3.0,3.1706714335672714,186,51,1.0,0.8293285664327286
798863917108,2025-07,3,2.0,2.0,3.0,2.0,2.0,1.0,2.3333333333333335,2.1666666666666665,2.0,2.456985355927543,186,52,0.0,0.45698535592754297
798863917112,2025-07,5,11.0,7.0,14.0,9.0,7.0,13.0,10.0,9.166666666666666,7.0,8.304478358390938,186,56,4.0,2.695521641609062
798863917113,2025-07,2,3.0,1.0,3.0,4.0,4.0,3.0,2.6666666666666665,3.0,1.0,2.737563857041035,186,57,2.0,0.2624361429589648
798863917114,2025-07,6,10.0,4.0,7.0,6.0,1.0,4.0,5.666666666666667,4.5,4.0,4.959082194489895,186,58,6.0,5.040917805510105
798863917115,2025-07,2,1.0,5.0,1.0,1.0,4.0,3.0,2.3333333333333335,2.8333333333333335,5.0,2.9628732538752764,186,59,4.0,1.9628732538752764
798863917116,2025-07,1,3.0,1.0,1.0,3.0,1.0,1.0,1.6666666666666667,1.5,1.0,1.4776594951076376,186,60,2.0,1.5223405048923624
798863917129,2025-07,2,4.0,4.0,2.0,4.0,1.0,3.0,3.3333333333333335,3.0,4.0,2.937936299675849,186,73,0.0,1.0620637003241509
798863917130,2025-07,3,5.0,3.0,2.0,2.0,1.0,2.0,2.3333333333333335,2.6666666666666665,3.0,2.7915763253203547,186,74,2.0,2.2084236746796453
798863917158,2025-07,23,18.0,22.0,15.0,28.0,19.0,25.0,21.666666666666668,20.333333333333332,22.0,21.64520241714826,186,102,4.0,3.6452024171482584
803158884380,2025-07,3,3.0,4.0,2.0,6.0,4.0,1.0,4.0,4.0,4.0,3.4917204367698726,187,28,1.0,0.49172043676987265
803158884381,2025-07,13,12.0,12.0,11.0,17.0,14.0,9.0,13.333333333333334,11.833333333333334,12.0,12.01866653135379,187,29,0.0,0.018666531353790816
803158884382,2025-07,3,5.0,2.0,6.0,8.0,3.0,5.0,5.333333333333333,4.5,2.0,4.113668893170422,187,30,3.0,0.8863311068295783
803158884383,2025-07,4,4.0,4.0,2.0,6.0,2.0,3.0,4.0,3.5,4.0,3.7903714964775332,187,31,0.0,0.20962850352246676
803158884394,2025-07,3,4.0,1.0,1.0,2.0,1.0,3.0,1.3333333333333333,1.1666666666666667,1.0,2.154835895108354,187,42,3.0,1.845164104891646
803158884400,2025-07,1,1.0,1.0,2.0,1.0,2.0,1.0,1.3333333333333333,1.3333333333333333,1.0,1.4192030049954063,187,48,0.0,0.4192030049954063
803158884402,2025-07,7,6.0,10.0,11.0,12.0,5.0,6.0,11.0,7.833333333333333,10.0,7.830822822780286,187,50,4.0,1.830822822780286
803158884403,2025-07,7,4.0,8.0,12.0,6.0,6.0,8.0,8.666666666666666,8.0,8.0,7.746043475558906,187,51,4.0,3.7460434755589063
803158884404,2025-07,6,2.0,5.0,1.0,3.0,3.0,4.0,3.0,3.0,5.0,4.327333501830752,187,52,3.0,2.3273335018307524
803158884405,2025-07,4,5.0,2.0,5.0,7.0,5.0,5.0,4.666666666666667,4.0,2.0,4.236926496906344,187,53,3.0,0.763073503093656
803158884409,2025-07,10,8.0,8.0,13.0,15.0,11.0,17.0,12.0,10.666666666666666,8.0,11.204651244749414,187,57,0.0,3.2046512447494138
803158884410,2025-07,16,23.0,14.0,20.0,11.0,15.0,36.0,15.0,15.5,14.0,17.878784740447408,187,58,9.0,5.121215259552592
803158884411,2025-07,22,19.0,34.0,25.0,15.0,10.0,26.0,24.666666666666668,19.5,34.0,22.125009916292708,187,59,15.0,3.125009916292708
803158884425,2025-07,5,2.0,8.0,6.0,6.0,11.0,5.0,6.666666666666667,6.5,8.0,6.276396749637614,187,73,6.0,4.276396749637614
803158884426,2025-07,2,3.0,1.0,3.0,2.0,5.0,1.0,2.0,2.6666666666666665,1.0,2.333974875094368,187,74,2.0,0.6660251249056319
803158884432,2025-07,1,2.0,2.0,4.0,1.0,1.0,4.0,2.3333333333333335,1.8333333333333333,2.0,2.11586895088681,187,80,0.0,0.11586895088681004
807453851676,2025-07,1,1.0,1.0,2.0,1.0,1.0,1.0,1.3333333333333333,1.1666666666666667,1.0,1.32588839093901,188,28,0.0,0.32588839093901
807453851677,2025-07,6,14.0,9.0,13.0,8.0,5.0,7.0,10.0,8.5,9.0,7.690273490221109,188,29,5.0,6.309726509778891
807453851678,2025-07,22,14.0,13.0,20.0,12.0,11.0,21.0,15.0,12.833333333333334,13.0,16.57556567756231,188,30,1.0,2.5755656775623095
807453851690,2025-07,2,1.0,1.0,3.0,1.0,2.0,2.0,1.6666666666666667,1.6666666666666667,1.0,1.9777094882759734,188,42,0.0,0.9777094882759734
807453851696,2025-07,5,5.0,3.0,2.0,3.0,2.0,3.0,2.6666666666666665,2.3333333333333335,3.0,3.458002646706137,188,48,2.0,1.541997353293863
807453851697,2025-07,3,1.0,3.0,1.0,2.0,1.0,1.0,2.0,2.0,3.0,2.409110713049552,188,49,2.0,1.409110713049552
807453851698,2025-07,12,9.0,11.0,6.0,4.0,6.0,7.0,7.0,7.333333333333333,11.0,8.886455012303653,188,50,2.0,0.11354498769634702
807453851699,2025-07,44,51.0,35.0,44.0,40.0,44.0,65.0,39.666666666666664,44.666666666666664,35.0,44.73505838797496,188,51,16.0,6.264941612025041
807453851700,2025-07,8,4.0,3.0,6.0,4.0,2.0,7.0,4.333333333333333,3.5,3.0,5.390445136881451,188,52,1.0,1.3904451368814508
807453851701,2025-07,3,2.0,1.0,1.0,2.0,2.0,2.0,1.3333333333333333,1.3333333333333333,1.0,2.120952633451079,188,53,1.0,0.1209526334510791
807453851702,2025-07,2,2.0,1.0,6.0,5.0,1.0,9.0,4.0,2.6666666666666665,1.0,3.422318583821312,188,54,1.0,1.422318583821312
807453851704,2025-07,1,1.0,4.0,1.0,1.0,1.0,3.0,2.0,1.5,4.0,2.005756761787005,188,56,3.0,1.005756761787005
807453851705,2025-07,2,2.0,1.0,2.0,4.0,3.0,2.0,2.3333333333333335,2.3333333333333335,1.0,2.3166272960971828,188,57,1.0,0.31662729609718276
807453851706,2025-07,15,15.0,15.0,8.0,17.0,15.0,16.0,13.333333333333334,14.5,15.0,14.64047679831543,188,58,0.0,0.35952320168457064
807453851707,2025-07,17,13.0,18.0,9.0,17.0,9.0,12.0,14.666666666666666,12.666666666666666,18.0,14.256607126460029,188,59,5.0,1.256607126460029
807453851708,2025-07,5,3.0,10.0,8.0,4.0,4.0,7.0,7.333333333333333,6.666666666666667,10.0,6.5446010698105805,188,60,7.0,3.5446010698105805
807453851709,2025-07,5,4.0,2.0,2.0,5.0,1.0,10.0,3.0,3.6666666666666665,2.0,4.709416878295324,188,61,2.0,0.7094168782953236
811748818974,2025-07,21,19.0,17.0,11.0,6.0,6.0,14.0,11.333333333333334,8.333333333333334,17.0,13.638254901487388,189,30,2.0,5.361745098512612
811748818975,2025-07,1,1.0,4.0,2.0,2.0,1.0,2.0,2.6666666666666665,1.8333333333333333,4.0,2.06312771607662,189,31,3.0,1.06312771607662
811748818993,2025-07,1,14.0,7.0,9.0,4.0,6.0,9.0,6.666666666666667,5.0,7.0,4.868803968990777,189,49,7.0,9.131196031009223
811748818994,2025-07,13,12.0,3.0,14.0,6.0,11.0,8.0,7.666666666666667,7.833333333333333,3.0,9.083579308117521,189,50,9.0,2.916420691882479
811748818995,2025-07,22,33.0,25.0,24.0,18.0,26.0,46.0,22.333333333333332,23.833333333333332,25.0,25.736475015883514,189,51,8.0,7.263524984116486
811748818996,2025-07,29,43.0,43.0,50.0,36.0,36.0,55.0,43.0,42.166666666666664,43.0,39.04394775715522,189,52,0.0,3.956052242844777
811748818997,2025-07,11,13.0,18.0,14.0,9.0,8.0,6.0,13.666666666666666,11.0,18.0,11.059701040428784,189,53,5.0,1.9402989595712157
811748818998,2025-07,5,6.0,6.0,6.0,5.0,8.0,13.0,5.666666666666667,6.0,6.0,6.740595246513138,189,54,0.0,0.7405952465131378
811748819000,2025-07,2,3.0,2.0,2.0,2.0,2.0,1.0,2.0,1.6666666666666667,2.0,1.9708330829773004,189,56,1.0,1.0291669170226996
811748819001,2025-07,6,2.0,6.0,3.0,1.0,3.0,3.0,3.3333333333333335,2.8333333333333335,6.0,4.256327383581458,189,57,4.0,2.256327383581458
811748819002,2025-07,9,6.0,8.0,6.0,6.0,2.0,6.0,6.666666666666667,5.5,8.0,6.8712069020995905,189,58,2.0,0.8712069020995905
811748819003,2025-07,15,14.0,23.0,18.0,8.0,8.0,24.0,16.333333333333332,13.833333333333334,23.0,16.115232403909225,189,59,9.0,2.115232403909225
811748819004,2025-07,20,8.0,18.0,19.0,12.0,10.0,20.0,16.333333333333332,12.666666666666666,18.0,16.3338343153451,189,60,10.0,8.3338343153451
811748819006,2025-07,2,1.0,3.0,4.0,3.0,2.0,4.0,3.3333333333333335,3.1666666666666665,3.0,3.074020394054669,189,62,2.0,2.074020394054669
816043786268,2025-07,13,10.0,14.0,5.0,14.0,9.0,5.0,11.0,10.166666666666666,14.0,10.671212150971183,190,28,4.0,0.6712121509711828
816043786269,2025-07,6,2.0,1.0,4.0,1.0,6.0,1.0,2.0,2.8333333333333335,1.0,3.5671069470674936,190,29,1.0,1.5671069470674936
816043786270,2025-07,12,26.0,15.0,19.0,13.0,9.0,15.0,15.666666666666666,13.0,15.0,13.170545765193879,190,30,11.0,12.829454234806121
816043786277,2025-07,1,2.0,1.0,2.0,2.0,1.0,1.0,1.6666666666666667,2.0,1.0,1.639095142068582,190,37,1.0,0.360904857931418
816043786285,2025-07,3,1.0,2.0,1.0,1.0,1.0,1.0,1.3333333333333333,1.1666666666666667,2.0,1.9786778406940755,190,45,1.0,0.9786778406940755
816043786288,2025-07,13,8.0,3.0,2.0,6.0,3.0,5.0,3.6666666666666665,3.6666666666666665,3.0,6.5924095567234655,190,48,5.0,1.4075904432765345
816043786289,2025-07,8,6.0,12.0,11.0,6.0,7.0,8.0,9.666666666666666,8.0,12.0,8.503254035888277,190,49,6.0,2.5032540358882773
816043786290,2025-07,12,11.0,13.0,15.0,7.0,5.0,22.0,11.666666666666666,10.666666666666666,13.0,12.527280697306661,190,50,2.0,1.5272806973066615
816043786291,2025-07,14,6.0,18.0,15.0,12.0,2.0,11.0,15.0,11.5,18.0,12.639438676100522,190,51,12.0,6.6394386761005215
816043786292,2025-07,19,17.0,7.0,11.0,8.0,5.0,13.0,8.666666666666666,6.833333333333333,7.0,11.313252321264287,190,52,10.0,5.686747678735713
816043786293,2025-07,8,9.0,5.0,11.0,6.0,10.0,2.0,7.333333333333333,7.5,5.0,6.870365782894037,190,53,4.0,2.129634217105963
816043786294,2025-07,6,3.0,3.0,5.0,7.0,2.0,9.0,5.0,5.0,3.0,5.648049670820766,190,54,0.0,2.6480496708207664
816043786295,2025-07,4,4.0,1.0,2.0,1.0,1.0,3.0,1.3333333333333333,1.1666666666666667,1.0,2.4374687476957178,190,55,3.0,1.5625312523042822
816043786298,2025-07,1,2.0,2.0,9.0,4.0,1.0,2.0,5.0,3.5,2.0,2.7063405010502093,190,58,0.0,0.7063405010502093
816043786300,2025-07,21,13.0,14.0,4.0,15.0,10.0,19.0,11.0,11.666666666666666,14.0,15.27296731148646,190,60,1.0,2.2729673114864593
816043786301,2025-07,15,12.0,8.0,6.0,6.0,3.0,8.0,6.666666666666667,5.5,8.0,8.878442812858715,190,61,4.0,3.121557187141285
820338753564,2025-07,3,1.0,4.0,4.0,7.0,6.0,3.0,5.0,5.0,4.0,4.262894652103729,191,28,3.0,3.2628946521037294
820338753565,2025-07,24,22.0,20.0,22.0,22.0,35.0,34.0,21.333333333333332,21.0,20.0,23.693490078087304,191,29,2.0,1.6934900780873043
820338753566,2025-07,21,15.0,18.0,7.0,17.0,30.0,38.0,14.0,20.666666666666668,18.0,22.07526441260839,191,30,3.0,7.075264412608391
820338753567,2025-07,3,3.0,5.0,8.0,7.0,2.0,2.0,6.666666666666667,5.0,5.0,4.242611403018771,191,31,2.0,1.2426114030187714
820338753586,2025-07,22,15.0,20.0,32.0,13.0,22.0,24.0,21.666666666666668,19.0,20.0,20.699843532369833,191,50,5.0,5.699843532369833
820338753587,2025-07,28,22.0,31.0,21.0,15.0,16.0,26.0,22.333333333333332,17.666666666666668,31.0,22.97167383600022,191,51,9.0,0.9716738360002211
820338753588,2025-07,13,8.0,12.0,10.0,19.0,17.0,9.0,13.666666666666666,11.833333333333334,12.0,12.176163150774872,191,52,4.0,4.176163150774872
820338753589,2025-07,6,7.0,3.0,6.0,3.0,3.0,7.0,4.0,4.833333333333333,3.0,5.257220580855509,191,53,4.0,1.7427794191444912
820338753590,2025-07,4,3.0,6.0,3.0,7.0,1.0,1.0,5.333333333333333,3.5,6.0,3.8068385380655467,191,54,3.0,0.8068385380655467
820338753591,2025-07,14,33.0,13.0,9.0,11.0,13.0,10.0,11.0,11.333333333333334,13.0,12.040100089922175,191,55,20.0,20.959899910077823
820338753594,2025-07,1,3.0,2.0,3.0,2.0,2.0,5.0,2.3333333333333335,2.1666666666666665,2.0,2.3943204552293125,191,58,1.0,0.6056795447706875
824633720860,2025-07,1,1.0,2.0,1.0,4.0,2.0,1.0,2.3333333333333335,2.1666666666666665,2.0,1.8917196507528153,192,28,1.0,0.8917196507528153
824633720861,2025-07,4,4.0,4.0,9.0,5.0,3.0,9.0,6.0,6.333333333333333,4.0,5.73663511190289,192,29,0.0,1.7366351119028902
824633720862,2025-07,27,22.0,17.0,19.0,35.0,34.0,30.0,23.666666666666668,25.166666666666668,17.0,25.42199579249057,192,30,5.0,3.42199579249057
824633720863,2025-07,15,13.0,13.0,18.0,21.0,12.0,15.0,17.333333333333332,15.666666666666666,13.0,15.062203938903103,192,31,0.0,2.062203938903103
824633720864,2025-07,3,2.0,4.0,1.0,6.0,3.0,3.0,3.6666666666666665,3.0,4.0,3.3426901722003386,192,32,2.0,1.3426901722003386
824633720866,2025-07,5,6.0,18.0,4.0,5.0,8.0,13.0,9.0,10.333333333333334,18.0,9.501457851143474,192,34,12.0,3.501457851143474
824633720867,2025-07,4,6.0,3.0,3.0,4.0,5.0,4.0,3.3333333333333335,4.166666666666667,3.0,4.093046985115894,192,35,3.0,1.906953014884106
824633720882,2025-07,3,2.0,3.0,2.0,4.0,2.0,2.0,3.0,2.8333333333333335,3.0,2.962867787802436,192,50,1.0,0.9628677878024359
824633720883,2025-07,11,12.0,7.0,2.0,4.0,4.0,6.0,4.333333333333333,3.8333333333333335,7.0,6.632393279418551,192,51,5.0,5.367606720581449
824633720884,2025-07,4,1.0,4.0,5.0,3.0,3.0,4.0,4.0,5.0,4.0,4.440347261747087,192,52,3.0,3.440347261747087
824633720886,2025-07,5,2.0,5.0,8.0,2.0,4.0,2.0,5.0,4.333333333333333,5.0,4.4766929213201845,192,54,3.0,2.4766929213201845
824633720887,2025-07,7,5.0,4.0,3.0,2.0,5.0,4.0,3.0,3.0,4.0,4.605575205562062,192,55,1.0,0.39442479443793843
828928688157,2025-07,1,2.0,2.0,3.0,2.0,5.0,3.0,2.3333333333333335,2.8333333333333335,2.0,2.4747122113545013,193,29,0.0,0.47471221135450126
828928688158,2025-07,5,3.0,1.0,5.0,2.0,3.0,3.0,2.6666666666666665,2.5,1.0,3.3855558191691326,193,30,2.0,0.3855558191691326
828928688159,2025-07,8,2.0,1.0,5.0,2.0,2.0,3.0,2.6666666666666665,2.0,1.0,4.039738479675414,193,31,1.0,2.039738479675414
828928688160,2025-07,3,1.0,1.0,5.0,2.0,2.0,1.0,2.6666666666666665,2.1666666666666665,1.0,2.4115453847491395,193,32,0.0,1.4115453847491395
828928688162,2025-07,6,3.0,2.0,6.0,10.0,2.0,5.0,6.0,5.333333333333333,2.0,5.284577725169153,193,34,1.0,2.284577725169153
828928688163,2025-07,1,1.0,1.0,2.0,3.0,1.0,2.0,2.0,1.6666666666666667,1.0,1.6955941112284023,193,35,0.0,0.6955941112284023
828928688168,2025-07,1,1.0,1.0,1.0,1.0,1.0,2.0,1.0,1.0,1.0,1.362349526245584,193,40,0.0,0.36234952624558403
828928688181,2025-07,9,3.0,5.0,4.0,2.0,6.0,11.0,3.6666666666666665,5.333333333333333,5.0,7.026818199400205,193,53,2.0,4.026818199400205
828928688183,2025-07,5,3.0,3.0,13.0,8.0,7.0,15.0,8.0,6.833333333333333,3.0,7.247276810311228,193,55,0.0,4.247276810311228
828928688184,2025-07,4,7.0,7.0,19.0,13.0,3.0,22.0,13.0,9.333333333333334,7.0,9.399909980698787,193,56,0.0,2.399909980698787
833223655456,2025-07,3,3.0,3.0,2.0,1.0,3.0,2.0,2.0,2.8333333333333335,3.0,2.8843734638369556,194,32,0.0,0.11562653616304441
833223655459,2025-07,6,5.0,3.0,3.0,1.0,4.0,3.0,2.3333333333333335,2.6666666666666665,3.0,3.8882763031934466,194,35,2.0,1.1117236968065534
833223655478,2025-07,3,7.0,4.0,1.0,3.0,4.0,5.0,2.6666666666666665,3.6666666666666665,4.0,3.737966261195581,194,54,3.0,3.262033738804419
833223655480,2025-07,26,12.0,17.0,14.0,14.0,15.0,12.0,15.0,14.0,17.0,17.443009938807513,194,56,5.0,5.4430099388075135
837518622751,2025-07,1,1.0,2.0,3.0,2.0,3.0,3.0,2.3333333333333335,2.1666666666666665,2.0,2.1783956524750216,195,31,1.0,1.1783956524750216
837518622755,2025-07,7,13.0,7.0,13.0,16.0,14.0,25.0,12.0,12.166666666666666,7.0,11.895817782585603,195,35,6.0,1.1041822174143974
837518622756,2025-07,2,2.0,1.0,4.0,3.0,1.0,6.0,2.6666666666666665,2.1666666666666665,1.0,2.7264309620570772,195,36,1.0,0.7264309620570772
837518622762,2025-07,1,5.0,1.0,1.0,3.0,1.0,2.0,1.6666666666666667,1.8333333333333333,1.0,1.7145447015879967,195,42,4.0,3.2854552984120033
837518622765,2025-07,3,5.0,2.0,1.0,1.0,1.0,2.0,1.3333333333333333,1.8333333333333333,2.0,2.3252503779411278,195,45,3.0,2.6747496220588722
837518622767,2025-07,1,1.0,1.0,2.0,1.0,3.0,4.0,1.3333333333333333,1.5,1.0,1.8941112461928107,195,47,0.0,0.8941112461928107
837518622773,2025-07,24,19.0,23.0,17.0,19.0,11.0,18.0,19.666666666666668,19.666666666666668,23.0,20.35151969136907,195,53,4.0,1.3515196913690701
837518622774,2025-07,12,10.0,17.0,13.0,14.0,12.0,14.0,14.666666666666666,14.833333333333334,17.0,13.820123271238302,195,54,7.0,3.8201232712383018
837518622775,2025-07,13,12.0,9.0,11.0,1.0,7.0,8.0,7.0,8.166666666666666,9.0,9.440118225411974,195,55,3.0,2.5598817745880265
837518622776,2025-07,1,6.0,2.0,4.0,2.0,9.0,6.0,2.6666666666666665,3.5,2.0,3.2654573697448406,195,56,4.0,2.7345426302551594
841813590050,2025-07,3,1.0,5.0,7.0,5.0,7.0,7.0,5.666666666666667,6.0,5.0,5.286147593803003,196,34,4.0,4.286147593803003
841813590051,2025-07,3,4.0,1.0,3.0,3.0,2.0,6.0,2.3333333333333335,5.166666666666667,1.0,4.001923014383051,196,35,3.0,0.0019230143830508695
841813590063,2025-07,2,1.0,1.0,1.0,1.0,1.0,1.0,1.0,1.0,1.0,1.5208798523083704,196,47,0.0,0.5208798523083704
841813590069,2025-07,20,31.0,25.0,18.0,16.0,18.0,20.0,19.666666666666668,16.333333333333332,25.0,18.78880601357205,196,53,6.0,12.21119398642795
841813590070,2025-07,10,11.0,13.0,4.0,21.0,13.0,6.0,12.666666666666666,12.0,13.0,10.818189308504728,196,54,2.0,0.18181069149527218
841813590071,2025-07,37,21.0,18.0,28.0,27.0,47.0,12.0,24.333333333333332,30.0,18.0,28.208661079012654,196,55,3.0,7.2086610790126535
841813590072,2025-07,2,2.0,2.0,3.0,3.0,1.0,2.0,2.6666666666666665,2.1666666666666665,2.0,2.298972505404551,196,56,0.0,0.2989725054045511
846108557366,2025-07,10,12.0,7.0,8.0,14.0,7.0,6.0,9.666666666666666,8.333333333333334,7.0,8.548099581282507,197,54,5.0,3.451900418717493
846108557367,2025-07,15,11.0,18.0,21.0,11.0,21.0,5.0,16.666666666666668,15.833333333333334,18.0,14.49523297427954,197,55,7.0,3.4952329742795403
850403524663,2025-07,24,18.0,11.0,7.0,15.0,10.0,5.0,11.0,10.833333333333334,11.0,13.83116419130126,198,55,7.0,4.16883580869874
850403524664,2025-07,10,22.0,15.0,4.0,7.0,11.0,9.0,8.666666666666666,7.666666666666667,15.0,9.385520041804664,198,56,7.0,12.614479958195336
854698491941,2025-07,2,2.0,1.0,2.0,4.0,1.0,3.0,2.3333333333333335,2.6666666666666665,1.0,2.476570605231445,199,37,1.0,0.4765706052314451
854698491957,2025-07,2,1.0,4.0,3.0,1.0,2.0,3.0,2.6666666666666665,3.0,4.0,2.895335050734122,199,53,3.0,1.895335050734122
854698491958,2025-07,12,8.0,8.0,14.0,16.0,12.0,9.0,12.666666666666666,11.333333333333334,8.0,11.091251752035992,199,54,0.0,3.0912517520359923
854698491959,2025-07,11,7.0,8.0,7.0,5.0,3.0,4.0,6.666666666666667,5.333333333333333,8.0,7.168799488325774,199,55,1.0,0.1687994883257744
